date,expiration,option_type,S,strike,bid,ask,market_price,volume,open_interest,days_to_expiration,T,moneyness,moneyness_category,sigma,r,market_price_over_K
2023-08-25,2023-08-28,CALL,440.79,402.0,38.75,38.96,38.855,1,2,3,0.0082191780821917,1.0964925373134329,ITM,17.2,0.0556,0.09665422885572139
2023-08-25,2023-08-29,CALL,440.79,441.0,2.0,2.01,2.005,11194,2120,4,0.010958904109589,0.9995238095238096,ATM,17.2,0.0556,0.0045464852607709745
2023-08-25,2023-08-29,CALL,440.79,440.0,2.56,2.58,2.5700000000000003,26162,3328,4,0.010958904109589,1.0017954545454544,ATM,17.2,0.0556,0.005840909090909092
2023-08-25,2023-08-29,CALL,440.79,439.0,3.19,3.22,3.205,19647,2816,4,0.010958904109589,1.0040774487471524,ATM,17.2,0.0556,0.007300683371298406
2023-08-25,2023-08-29,CALL,440.79,438.0,3.89,3.94,3.915,9332,1763,4,0.010958904109589,1.0063698630136986,ATM,17.2,0.0556,0.008938356164383562
2023-08-25,2023-08-29,CALL,440.79,437.0,4.64,4.72,4.68,6308,2353,4,0.010958904109589,1.0086727688787185,ATM,17.2,0.0556,0.010709382151029748
2023-08-25,2023-08-29,CALL,440.79,436.0,5.41,5.57,5.49,3016,994,4,0.010958904109589,1.01098623853211,ATM,17.2,0.0556,0.012591743119266056
2023-08-25,2023-08-29,CALL,440.79,435.0,6.27,6.43,6.35,7554,519,4,0.010958904109589,1.0133103448275862,ATM,17.2,0.0556,0.014597701149425286
2023-08-25,2023-08-29,CALL,440.79,434.0,7.16,7.33,7.245,648,222,4,0.010958904109589,1.0156451612903226,ATM,17.2,0.0556,0.016693548387096774
2023-08-25,2023-08-29,CALL,440.79,433.0,8.07,8.26,8.165,183,97,4,0.010958904109589,1.0179907621247113,ATM,17.2,0.0556,0.0188568129330254
2023-08-25,2023-08-29,CALL,440.79,432.0,9.01,9.2,9.105,203,86,4,0.010958904109589,1.020347222222222,ATM,17.2,0.0556,0.02107638888888889
2023-08-25,2023-08-28,CALL,440.79,434.0,6.89,7.08,6.984999999999999,1434,902,3,0.0082191780821917,1.0156451612903226,ATM,17.2,0.0556,0.01609447004608295
2023-08-25,2023-08-28,CALL,440.79,433.0,7.85,8.05,7.95,617,270,3,0.0082191780821917,1.0179907621247113,ATM,17.2,0.0556,0.018360277136258662
2023-08-25,2023-08-28,CALL,440.79,432.0,8.82,9.03,8.925,672,666,3,0.0082191780821917,1.020347222222222,ATM,17.2,0.0556,0.020659722222222225
2023-08-25,2023-08-28,CALL,440.79,431.0,9.81,10.02,9.915,382,653,3,0.0082191780821917,1.0227146171693735,ATM,17.2,0.0556,0.023004640371229696
2023-08-25,2023-08-28,CALL,440.79,430.0,10.79,11.01,10.9,464,1228,3,0.0082191780821917,1.025093023255814,ATM,17.2,0.0556,0.025348837209302328
2023-08-25,2023-08-28,CALL,440.79,429.0,11.79,12.0,11.895,67,173,3,0.0082191780821917,1.0274825174825173,ATM,17.2,0.0556,0.027727272727272725
2023-08-25,2023-08-28,CALL,440.79,428.0,12.78,13.0,12.89,16,84,3,0.0082191780821917,1.0298831775700934,ATM,17.2,0.0556,0.030116822429906542
2023-08-25,2023-08-29,CALL,440.79,431.0,9.96,10.17,10.065,18,46,4,0.010958904109589,1.0227146171693735,ATM,17.2,0.0556,0.023352668213457075
2023-08-25,2023-08-28,CALL,440.79,427.0,13.78,13.99,13.885,72,131,3,0.0082191780821917,1.032295081967213,ITM,17.2,0.0556,0.032517564402810305
2023-08-25,2023-08-29,CALL,440.79,430.0,10.93,11.14,11.035,2237,2063,4,0.010958904109589,1.025093023255814,ATM,17.2,0.0556,0.02566279069767442
2023-08-25,2023-08-29,CALL,440.79,408.0,32.82,33.04,32.93,4,3,4,0.010958904109589,1.0803676470588237,ITM,17.2,0.0556,0.08071078431372548
2023-08-25,2023-09-01,CALL,440.79,452.5,0.17,0.18,0.175,895,5453,7,0.0191780821917808,0.974121546961326,ATM,17.2,0.0556,0.00038674033149171266
2023-08-25,2023-09-01,CALL,440.79,452.0,0.2,0.21,0.205,3033,6091,7,0.0191780821917808,0.9751991150442476,ATM,17.2,0.0556,0.00045353982300884953
2023-08-25,2023-09-01,CALL,440.79,451.0,0.28,0.29,0.285,2933,6925,7,0.0191780821917808,0.977361419068736,ATM,17.2,0.0556,0.0006319290465631929
2023-08-25,2023-09-01,CALL,440.79,450.0,0.38,0.39,0.385,14039,19126,7,0.0191780821917808,0.9795333333333331,ATM,17.2,0.0556,0.0008555555555555556
2023-08-25,2023-09-01,CALL,440.79,449.0,0.52,0.53,0.525,5852,6249,7,0.0191780821917808,0.9817149220489976,ATM,17.2,0.0556,0.0011692650334075723
2023-08-25,2023-09-01,CALL,440.79,448.0,0.69,0.7,0.695,10748,4689,7,0.0191780821917808,0.98390625,ATM,17.2,0.0556,0.0015513392857142857
2023-08-25,2023-09-01,CALL,440.79,447.5,0.8,0.81,0.805,4122,3170,7,0.0191780821917808,0.9850055865921789,ATM,17.2,0.0556,0.001798882681564246
2023-08-25,2023-09-05,CALL,440.79,438.0,5.59,5.63,5.609999999999999,1119,255,11,0.0301369863013698,1.0063698630136986,ATM,17.2,0.0556,0.01280821917808219
2023-08-25,2023-08-31,CALL,440.79,430.0,11.45,11.65,11.55,57,1955,6,0.0164383561643835,1.025093023255814,ATM,17.2,0.0556,0.02686046511627907
2023-08-25,2023-08-31,CALL,440.79,429.0,12.39,12.6,12.495,3,158,6,0.0164383561643835,1.0274825174825173,ATM,17.2,0.0556,0.029125874125874123
2023-08-25,2023-08-29,CALL,440.79,428.0,12.89,13.1,12.995,11,11,4,0.010958904109589,1.0298831775700934,ATM,17.2,0.0556,0.03036214953271028
2023-08-25,2023-08-29,CALL,440.79,427.0,13.87,14.09,13.98,4,42,4,0.010958904109589,1.032295081967213,ITM,17.2,0.0556,0.0327400468384075
2023-08-25,2023-08-29,CALL,440.79,426.0,14.86,15.08,14.97,2,4,4,0.010958904109589,1.0347183098591548,ITM,17.2,0.0556,0.03514084507042254
2023-08-25,2023-08-29,CALL,440.79,425.0,15.86,16.07,15.965,8,10,4,0.010958904109589,1.0371529411764706,ITM,17.2,0.0556,0.03756470588235294
2023-08-25,2023-08-29,CALL,440.79,421.0,19.84,20.06,19.95,51,1,4,0.010958904109589,1.0470071258907363,ITM,17.2,0.0556,0.04738717339667458
2023-08-25,2023-08-29,CALL,440.79,420.0,20.84,21.06,20.95,1,110,4,0.010958904109589,1.0495,ITM,17.2,0.0556,0.04988095238095238
2023-08-25,2023-08-29,CALL,440.79,415.0,25.83,26.05,25.94,1,3,4,0.010958904109589,1.0621445783132528,ITM,17.2,0.0556,0.06250602409638555
2023-08-25,2023-08-29,CALL,440.79,429.0,11.91,12.12,12.015,2,26,4,0.010958904109589,1.0274825174825173,ATM,17.2,0.0556,0.028006993006993008
2023-08-25,2023-09-01,CALL,440.79,453.0,0.14,0.15,0.145,1117,5938,7,0.0191780821917808,0.973046357615894,ATM,17.2,0.0556,0.00032008830022075055
2023-08-25,2023-08-28,CALL,440.79,426.0,14.77,14.99,14.88,75,36,3,0.0082191780821917,1.0347183098591548,ITM,17.2,0.0556,0.03492957746478873
2023-08-25,2023-08-28,CALL,440.79,424.0,16.77,16.98,16.875,41,11,3,0.0082191780821917,1.0395990566037736,ITM,17.2,0.0556,0.039799528301886794
2023-08-25,2023-08-30,CALL,440.79,446.0,0.61,0.62,0.615,3092,1662,5,0.0136986301369863,0.988318385650224,ATM,17.2,0.0556,0.0013789237668161436
2023-08-25,2023-08-30,CALL,440.79,445.0,0.85,0.86,0.855,6283,2146,5,0.0136986301369863,0.9905393258426964,ATM,17.2,0.0556,0.0019213483146067415
2023-08-25,2023-08-30,CALL,440.79,444.0,1.15,1.16,1.1549999999999998,5792,1857,5,0.0136986301369863,0.9927702702702702,ATM,17.2,0.0556,0.002601351351351351
2023-08-25,2023-08-30,CALL,440.79,443.0,1.51,1.52,1.515,3435,3984,5,0.0136986301369863,0.9950112866817156,ATM,17.2,0.0556,0.003419864559819413
2023-08-25,2023-08-30,CALL,440.79,447.0,0.43,0.44,0.435,2031,2443,5,0.0136986301369863,0.9861073825503356,ATM,17.2,0.0556,0.0009731543624161074
2023-08-25,2023-08-30,CALL,440.79,441.0,2.44,2.46,2.45,8354,2214,5,0.0136986301369863,0.9995238095238096,ATM,17.2,0.0556,0.005555555555555556
2023-08-25,2023-08-30,CALL,440.79,440.0,3.01,3.02,3.015,13708,1922,5,0.0136986301369863,1.0017954545454544,ATM,17.2,0.0556,0.006852272727272728
2023-08-25,2023-08-30,CALL,440.79,439.0,3.63,3.65,3.64,8235,2683,5,0.0136986301369863,1.0040774487471524,ATM,17.2,0.0556,0.008291571753986333
2023-08-25,2023-08-30,CALL,440.79,438.0,4.3,4.34,4.32,7708,1890,5,0.0136986301369863,1.0063698630136986,ATM,17.2,0.0556,0.009863013698630138
2023-08-25,2023-08-30,CALL,440.79,442.0,1.94,1.96,1.95,7988,2703,5,0.0136986301369863,0.997262443438914,ATM,17.2,0.0556,0.004411764705882353
2023-08-25,2023-08-30,CALL,440.79,448.0,0.3,0.31,0.305,2384,3516,5,0.0136986301369863,0.98390625,ATM,17.2,0.0556,0.0006808035714285715
2023-08-25,2023-08-31,CALL,440.79,428.0,13.35,13.56,13.455,1,16,6,0.0164383561643835,1.0298831775700934,ATM,17.2,0.0556,0.03143691588785047
2023-08-25,2023-08-31,CALL,440.79,427.0,14.31,14.53,14.42,15,280,6,0.0164383561643835,1.032295081967213,ITM,17.2,0.0556,0.033770491803278686
2023-08-25,2023-08-31,CALL,440.79,426.0,15.28,15.5,15.39,40,161,6,0.0164383561643835,1.0347183098591548,ITM,17.2,0.0556,0.03612676056338028
2023-08-25,2023-08-31,CALL,440.79,425.0,16.26,16.48,16.37,602,10214,6,0.0164383561643835,1.0371529411764706,ITM,17.2,0.0556,0.03851764705882353
2023-08-25,2023-08-31,CALL,440.79,421.0,20.2,20.43,20.315,6,12,6,0.0164383561643835,1.0470071258907363,ITM,17.2,0.0556,0.048254156769596206
2023-08-25,2023-08-31,CALL,440.79,420.0,21.19,21.42,21.305,12,26,6,0.0164383561643835,1.0495,ITM,17.2,0.0556,0.05072619047619047
2023-08-25,2023-08-29,CALL,440.79,443.0,1.12,1.13,1.125,7008,2267,4,0.010958904109589,0.9950112866817156,ATM,17.2,0.0556,0.0025395033860045146
2023-08-25,2023-08-28,CALL,440.79,425.0,15.77,15.99,15.88,76,61,3,0.0082191780821917,1.0371529411764706,ITM,17.2,0.0556,0.037364705882352946
2023-08-25,2023-08-29,CALL,440.79,442.0,1.52,1.53,1.525,6938,1928,4,0.010958904109589,0.997262443438914,ATM,17.2,0.0556,0.0034502262443438913
2023-08-25,2023-08-28,CALL,440.79,437.0,4.22,4.31,4.265,34872,1478,3,0.0082191780821917,1.0086727688787185,ATM,17.2,0.0556,0.009759725400457666
2023-08-25,2023-08-28,CALL,440.79,423.0,17.77,17.98,17.875,24,15,3,0.0082191780821917,1.0420567375886525,ITM,17.2,0.0556,0.04225768321513002
2023-08-25,2023-08-28,CALL,440.79,420.0,20.76,20.98,20.87,66,58,3,0.0082191780821917,1.0495,ITM,17.2,0.0556,0.049690476190476195
2023-08-25,2023-08-28,CALL,440.79,419.0,21.76,21.98,21.87,2,8,3,0.0082191780821917,1.0520047732696896,ITM,17.2,0.0556,0.05219570405727924
2023-08-25,2023-08-28,CALL,440.79,417.0,23.76,23.98,23.87,5,7,3,0.0082191780821917,1.05705035971223,ITM,17.2,0.0556,0.05724220623501199
2023-08-25,2023-08-28,CALL,440.79,413.0,27.76,27.97,27.865,1,17,3,0.0082191780821917,1.0672881355932202,ITM,17.2,0.0556,0.06746973365617433
2023-08-25,2023-08-28,CALL,440.79,412.0,28.75,28.97,28.86,2,3,3,0.0082191780821917,1.069878640776699,ITM,17.2,0.0556,0.07004854368932038
2023-08-25,2023-08-28,CALL,440.79,410.0,30.75,30.97,30.86,1,33,3,0.0082191780821917,1.0750975609756095,ITM,17.2,0.0556,0.07526829268292683
2023-08-25,2023-08-28,CALL,440.79,435.0,5.95,6.12,6.035,8767,2553,3,0.0082191780821917,1.0133103448275862,ATM,17.2,0.0556,0.013873563218390806
2023-08-25,2023-08-28,CALL,440.79,446.0,0.13,0.14,0.135,23694,8116,3,0.0082191780821917,0.988318385650224,ATM,17.2,0.0556,0.00030269058295964127
2023-08-25,2023-08-28,CALL,440.79,445.0,0.24,0.25,0.245,37569,8554,3,0.0082191780821917,0.9905393258426964,ATM,17.2,0.0556,0.000550561797752809
2023-08-25,2023-08-28,CALL,440.79,444.0,0.41,0.42,0.415,32685,6090,3,0.0082191780821917,0.9927702702702702,ATM,17.2,0.0556,0.0009346846846846847
2023-08-25,2023-08-28,CALL,440.79,443.0,0.66,0.67,0.665,31439,4727,3,0.0082191780821917,0.9950112866817156,ATM,17.2,0.0556,0.0015011286681715576
2023-08-25,2023-08-28,CALL,440.79,442.0,1.0,1.01,1.005,58390,3173,3,0.0082191780821917,0.997262443438914,ATM,17.2,0.0556,0.002273755656108597
2023-08-25,2023-08-28,CALL,440.79,441.0,1.45,1.46,1.455,80998,3114,3,0.0082191780821917,0.9995238095238096,ATM,17.2,0.0556,0.0032993197278911564
2023-08-25,2023-08-28,CALL,440.79,440.0,2.0,2.02,2.01,128228,4661,3,0.0082191780821917,1.0017954545454544,ATM,17.2,0.0556,0.004568181818181818
2023-08-25,2023-08-28,CALL,440.79,439.0,2.65,2.69,2.67,79074,4035,3,0.0082191780821917,1.0040774487471524,ATM,17.2,0.0556,0.006082004555808656
2023-08-25,2023-08-28,CALL,440.79,438.0,3.39,3.46,3.425,65807,3687,3,0.0082191780821917,1.0063698630136986,ATM,17.2,0.0556,0.007819634703196347
2023-08-25,2023-08-28,CALL,440.79,436.0,5.05,5.2,5.125,15804,1799,3,0.0082191780821917,1.01098623853211,ATM,17.2,0.0556,0.011754587155963303
2023-08-25,2023-09-01,CALL,440.79,447.0,0.91,0.92,0.915,4927,4922,7,0.0191780821917808,0.9861073825503356,ATM,17.2,0.0556,0.0020469798657718123
2023-08-25,2023-09-01,CALL,440.79,439.0,4.53,4.55,4.54,15578,3717,7,0.0191780821917808,1.0040774487471524,ATM,17.2,0.0556,0.010341685649202733
2023-08-25,2023-09-01,CALL,440.79,440.0,3.91,3.92,3.915,25466,18471,7,0.0191780821917808,1.0017954545454544,ATM,17.2,0.0556,0.008897727272727272
2023-08-25,2023-09-01,CALL,440.79,419.0,22.28,22.51,22.395000000000003,5,37,7,0.0191780821917808,1.0520047732696896,ITM,17.2,0.0556,0.05344868735083533
2023-08-25,2023-09-01,CALL,440.79,418.0,23.27,23.5,23.385,8,395,7,0.0191780821917808,1.0545215311004783,ITM,17.2,0.0556,0.05594497607655503
2023-08-25,2023-09-01,CALL,440.79,417.0,24.26,24.5,24.380000000000003,2,18,7,0.0191780821917808,1.05705035971223,ITM,17.2,0.0556,0.05846522781774581
2023-08-25,2023-09-01,CALL,440.79,415.0,26.25,26.48,26.365,10,129,7,0.0191780821917808,1.0621445783132528,ITM,17.2,0.0556,0.0635301204819277
2023-08-25,2023-09-01,CALL,440.79,414.0,27.24,27.48,27.36,20,101,7,0.0191780821917808,1.0647101449275362,ITM,17.2,0.0556,0.06608695652173913
2023-08-25,2023-09-01,CALL,440.79,405.0,36.2,36.43,36.315,2,258,7,0.0191780821917808,1.0883703703703702,ITM,17.2,0.0556,0.08966666666666666
2023-08-25,2023-09-01,CALL,440.79,421.0,20.31,20.53,20.42,14,50,7,0.0191780821917808,1.0470071258907363,ITM,17.2,0.0556,0.04850356294536817
2023-08-25,2023-09-01,CALL,440.79,427.0,14.48,14.69,14.585,13,379,7,0.0191780821917808,1.032295081967213,ITM,17.2,0.0556,0.03415690866510539
2023-08-25,2023-09-01,CALL,440.79,437.0,5.9,5.95,5.925000000000001,11059,4541,7,0.0191780821917808,1.0086727688787185,ATM,17.2,0.0556,0.013558352402745997
2023-08-25,2023-09-01,CALL,440.79,436.0,6.65,6.7,6.675000000000001,4340,2857,7,0.0191780821917808,1.01098623853211,ATM,17.2,0.0556,0.015309633027522937
2023-08-25,2023-09-01,CALL,440.79,435.0,7.4,7.5,7.45,4988,6112,7,0.0191780821917808,1.0133103448275862,ATM,17.2,0.0556,0.017126436781609196
2023-08-25,2023-09-01,CALL,440.79,434.0,8.19,8.34,8.265,791,1928,7,0.0191780821917808,1.0156451612903226,ATM,17.2,0.0556,0.019043778801843318
2023-08-25,2023-09-01,CALL,440.79,433.0,9.03,9.19,9.11,393,1813,7,0.0191780821917808,1.0179907621247113,ATM,17.2,0.0556,0.021039260969976905
2023-08-25,2023-09-01,CALL,440.79,432.0,9.89,10.06,9.975,100,2973,7,0.0191780821917808,1.020347222222222,ATM,17.2,0.0556,0.023090277777777776
2023-08-25,2023-09-01,CALL,440.79,431.0,10.77,10.95,10.86,155,1624,7,0.0191780821917808,1.0227146171693735,ATM,17.2,0.0556,0.02519721577726218
2023-08-25,2023-09-01,CALL,440.79,430.0,11.68,11.87,11.775,312,2907,7,0.0191780821917808,1.025093023255814,ATM,17.2,0.0556,0.027383720930232558
2023-08-25,2023-09-01,CALL,440.79,429.0,12.6,12.8,12.7,144,564,7,0.0191780821917808,1.0274825174825173,ATM,17.2,0.0556,0.029603729603729603
2023-08-25,2023-09-01,CALL,440.79,420.0,21.29,21.53,21.41,267,2690,7,0.0191780821917808,1.0495,ITM,17.2,0.0556,0.050976190476190474
2023-08-25,2023-09-01,CALL,440.79,428.0,13.53,13.74,13.635,163,695,7,0.0191780821917808,1.0298831775700934,ATM,17.2,0.0556,0.03185747663551402
2023-08-25,2023-09-01,CALL,440.79,426.0,15.43,15.65,15.54,61,198,7,0.0191780821917808,1.0347183098591548,ITM,17.2,0.0556,0.03647887323943662
2023-08-25,2023-09-01,CALL,440.79,423.0,18.35,18.57,18.46,16,64,7,0.0191780821917808,1.0420567375886525,ITM,17.2,0.0556,0.04364066193853428
2023-08-25,2023-11-17,CALL,440.79,418.0,31.32,31.94,31.630000000000003,1,1603,84,0.2301369863013698,1.0545215311004783,ITM,17.2,0.055919354838709676,0.07566985645933015
2023-08-25,2023-11-17,CALL,440.79,417.0,32.16,32.78,32.47,1,22,84,0.2301369863013698,1.05705035971223,ITM,17.2,0.055919354838709676,0.07786570743405276
2023-08-25,2023-11-17,CALL,440.79,439.0,15.55,15.61,15.58,299,2308,84,0.2301369863013698,1.0040774487471524,ATM,17.2,0.055919354838709676,0.035489749430523916
2023-08-25,2023-11-17,CALL,440.79,438.0,16.22,16.3,16.259999999999998,314,3886,84,0.2301369863013698,1.0063698630136986,ATM,17.2,0.055919354838709676,0.03712328767123287
2023-08-25,2023-11-17,CALL,440.79,437.0,16.91,16.99,16.95,584,3247,84,0.2301369863013698,1.0086727688787185,ATM,17.2,0.055919354838709676,0.03878718535469108
2023-08-25,2023-11-17,CALL,440.79,436.0,17.61,17.69,17.65,185,2665,84,0.2301369863013698,1.01098623853211,ATM,17.2,0.055919354838709676,0.04048165137614679
2023-08-25,2023-11-17,CALL,440.79,435.0,18.32,18.39,18.355,845,3998,84,0.2301369863013698,1.0133103448275862,ATM,17.2,0.055919354838709676,0.042195402298850576
2023-08-25,2023-11-17,CALL,440.79,434.0,19.02,19.12,19.07,12,1160,84,0.2301369863013698,1.0156451612903226,ATM,17.2,0.055919354838709676,0.04394009216589862
2023-08-25,2023-11-17,CALL,440.79,433.0,19.76,19.86,19.81,100,2561,84,0.2301369863013698,1.0179907621247113,ATM,17.2,0.055919354838709676,0.04575057736720554
2023-08-25,2023-11-17,CALL,440.79,432.0,20.5,20.6,20.55,148,1495,84,0.2301369863013698,1.020347222222222,ATM,17.2,0.055919354838709676,0.04756944444444445
2023-08-25,2023-11-17,CALL,440.79,431.0,21.23,21.34,21.285,60,82,84,0.2301369863013698,1.0227146171693735,ATM,17.2,0.055919354838709676,0.04938515081206497
2023-08-25,2023-11-17,CALL,440.79,430.0,21.98,22.08,22.03,93,3066,84,0.2301369863013698,1.025093023255814,ATM,17.2,0.055919354838709676,0.05123255813953489
2023-08-25,2023-11-17,CALL,440.79,429.0,22.67,22.88,22.775,1,739,84,0.2301369863013698,1.0274825174825173,ATM,17.2,0.055919354838709676,0.05308857808857809
2023-08-25,2023-09-15,CALL,440.79,461.0,0.23,0.24,0.235,7190,12035,21,0.0575342465753424,0.9561605206073752,OTM,17.2,0.0556,0.000509761388286334
2023-08-25,2023-09-15,CALL,440.79,460.0,0.28,0.29,0.285,3373,80427,21,0.0575342465753424,0.9582391304347824,OTM,17.2,0.0556,0.0006195652173913043
2023-08-25,2023-09-01,CALL,440.79,425.0,16.4,16.62,16.509999999999998,118,944,7,0.0191780821917808,1.0371529411764706,ITM,17.2,0.0556,0.03884705882352941
2023-08-25,2023-09-01,CALL,440.79,424.0,17.37,17.59,17.48,16,172,7,0.0191780821917808,1.0395990566037736,ITM,17.2,0.0556,0.04122641509433962
2023-08-25,2023-09-01,CALL,440.79,422.0,19.33,19.55,19.44,1,885,7,0.0191780821917808,1.0445260663507108,ITM,17.2,0.0556,0.046066350710900476
2023-08-25,2023-08-31,CALL,440.79,452.0,0.12,0.13,0.125,656,1977,6,0.0164383561643835,0.9751991150442476,ATM,17.2,0.0556,0.0002765486725663717
2023-08-25,2023-08-31,CALL,440.79,440.0,3.5,3.52,3.51,11965,3696,6,0.0164383561643835,1.0017954545454544,ATM,17.2,0.0556,0.007977272727272727
2023-08-25,2023-08-31,CALL,440.79,439.0,4.13,4.15,4.140000000000001,8272,3134,6,0.0164383561643835,1.0040774487471524,ATM,17.2,0.0556,0.009430523917995445
2023-08-25,2023-09-05,CALL,440.79,427.0,14.72,14.93,14.825,5,8,11,0.0301369863013698,1.032295081967213,ITM,17.2,0.0556,0.034718969555035124
2023-08-25,2023-09-05,CALL,440.79,437.0,6.29,6.35,6.32,1339,295,11,0.0301369863013698,1.0086727688787185,ATM,17.2,0.0556,0.014462242562929063
2023-08-25,2023-09-05,CALL,440.79,436.0,7.03,7.1,7.065,414,191,11,0.0301369863013698,1.01098623853211,ATM,17.2,0.0556,0.016204128440366974
2023-08-25,2023-09-05,CALL,440.79,435.0,7.82,7.88,7.85,223,199,11,0.0301369863013698,1.0133103448275862,ATM,17.2,0.0556,0.01804597701149425
2023-08-25,2023-09-05,CALL,440.79,434.0,8.56,8.7,8.629999999999999,29,28,11,0.0301369863013698,1.0156451612903226,ATM,17.2,0.0556,0.01988479262672811
2023-08-25,2023-09-05,CALL,440.79,433.0,9.38,9.53,9.455,25,44,11,0.0301369863013698,1.0179907621247113,ATM,17.2,0.0556,0.021836027713625868
2023-08-25,2023-09-05,CALL,440.79,432.0,10.23,10.39,10.31,7,14,11,0.0301369863013698,1.020347222222222,ATM,17.2,0.0556,0.023865740740740743
2023-08-25,2023-09-05,CALL,440.79,431.0,11.09,11.27,11.18,99,8,11,0.0301369863013698,1.0227146171693735,ATM,17.2,0.0556,0.02593967517401392
2023-08-25,2023-09-05,CALL,440.79,430.0,11.98,12.16,12.07,56,12,11,0.0301369863013698,1.025093023255814,ATM,17.2,0.0556,0.028069767441860467
2023-08-25,2023-09-05,CALL,440.79,429.0,12.88,13.07,12.975,2,3,11,0.0301369863013698,1.0274825174825173,ATM,17.2,0.0556,0.030244755244755245
2023-08-25,2023-09-01,CALL,440.79,446.0,1.18,1.19,1.185,6092,5837,7,0.0191780821917808,0.988318385650224,ATM,17.2,0.0556,0.00265695067264574
2023-08-25,2023-09-01,CALL,440.79,445.0,1.5,1.52,1.51,17939,11037,7,0.0191780821917808,0.9905393258426964,ATM,17.2,0.0556,0.0033932584269662923
2023-08-25,2023-09-01,CALL,440.79,444.0,1.88,1.89,1.885,10049,6899,7,0.0191780821917808,0.9927702702702702,ATM,17.2,0.0556,0.0042454954954954955
2023-08-25,2023-09-01,CALL,440.79,443.0,2.31,2.32,2.315,6862,5383,7,0.0191780821917808,0.9950112866817156,ATM,17.2,0.0556,0.005225733634311512
2023-08-25,2023-09-01,CALL,440.79,442.5,2.54,2.56,2.55,5385,5390,7,0.0191780821917808,0.996135593220339,ATM,17.2,0.0556,0.005762711864406779
2023-08-25,2023-09-01,CALL,440.79,442.0,2.79,2.8,2.795,9169,6700,7,0.0191780821917808,0.997262443438914,ATM,17.2,0.0556,0.006323529411764706
2023-08-25,2023-09-01,CALL,440.79,441.0,3.32,3.34,3.33,11967,4540,7,0.0191780821917808,0.9995238095238096,ATM,17.2,0.0556,0.007551020408163266
2023-08-25,2023-09-05,CALL,440.79,425.0,16.61,16.82,16.715,1,17,11,0.0301369863013698,1.0371529411764706,ITM,17.2,0.0556,0.039329411764705884
2023-08-25,2023-09-01,CALL,440.79,438.0,5.2,5.23,5.215,16513,4069,7,0.0191780821917808,1.0063698630136986,ATM,17.2,0.0556,0.011906392694063926
2023-08-25,2023-09-01,CALL,440.79,437.5,5.55,5.58,5.565,7212,2786,7,0.0191780821917808,1.00752,ATM,17.2,0.0556,0.01272
2023-08-25,2023-08-31,CALL,440.79,443.0,1.94,1.95,1.945,3431,1749,6,0.0164383561643835,0.9950112866817156,ATM,17.2,0.0556,0.004390519187358916
2023-08-25,2023-08-31,CALL,440.79,438.0,4.81,4.84,4.824999999999999,8049,2439,6,0.0164383561643835,1.0063698630136986,ATM,17.2,0.0556,0.011015981735159816
2023-08-25,2023-08-31,CALL,440.79,437.0,5.53,5.58,5.555,7094,1755,6,0.0164383561643835,1.0086727688787185,ATM,17.2,0.0556,0.012711670480549199
2023-08-25,2023-08-31,CALL,440.79,436.0,6.26,6.36,6.3100000000000005,3247,2566,6,0.0164383561643835,1.01098623853211,ATM,17.2,0.0556,0.014472477064220184
2023-08-25,2023-08-31,CALL,440.79,435.0,7.06,7.17,7.115,2367,3622,6,0.0164383561643835,1.0133103448275862,ATM,17.2,0.0556,0.01635632183908046
2023-08-25,2023-08-31,CALL,440.79,434.0,7.88,8.03,7.955,624,2411,6,0.0164383561643835,1.0156451612903226,ATM,17.2,0.0556,0.018329493087557602
2023-08-25,2023-08-31,CALL,440.79,433.0,8.74,8.9,8.82,191,3119,6,0.0164383561643835,1.0179907621247113,ATM,17.2,0.0556,0.020369515011547344
2023-08-25,2023-08-31,CALL,440.79,432.0,9.62,9.8,9.71,98,1328,6,0.0164383561643835,1.020347222222222,ATM,17.2,0.0556,0.022476851851851855
2023-08-25,2023-08-31,CALL,440.79,431.0,10.53,10.72,10.625,36,976,6,0.0164383561643835,1.0227146171693735,ATM,17.2,0.0556,0.024651972157772623
2023-08-25,2023-08-30,CALL,440.79,450.0,0.13,0.14,0.135,1750,1765,5,0.0136986301369863,0.9795333333333331,ATM,17.2,0.0556,0.00030000000000000003
2023-08-25,2023-08-31,CALL,440.79,441.0,2.92,2.94,2.93,6771,3722,6,0.0164383561643835,0.9995238095238096,ATM,17.2,0.0556,0.006643990929705215
2023-08-25,2023-08-31,CALL,440.79,451.0,0.17,0.18,0.175,1274,1460,6,0.0164383561643835,0.977361419068736,ATM,17.2,0.0556,0.00038802660753880266
2023-08-25,2023-08-31,CALL,440.79,450.0,0.25,0.26,0.255,3442,5248,6,0.0164383561643835,0.9795333333333331,ATM,17.2,0.0556,0.0005666666666666667
2023-08-25,2023-08-31,CALL,440.79,449.0,0.35,0.36,0.355,953,2551,6,0.0164383561643835,0.9817149220489976,ATM,17.2,0.0556,0.0007906458797327394
2023-08-25,2023-08-31,CALL,440.79,448.0,0.49,0.5,0.495,1206,2181,6,0.0164383561643835,0.98390625,ATM,17.2,0.0556,0.0011049107142857143
2023-08-25,2023-08-31,CALL,440.79,447.0,0.67,0.68,0.675,1933,1787,6,0.0164383561643835,0.9861073825503356,ATM,17.2,0.0556,0.00151006711409396
2023-08-25,2023-08-31,CALL,440.79,446.0,0.9,0.91,0.905,4833,1781,6,0.0164383561643835,0.988318385650224,ATM,17.2,0.0556,0.0020291479820627803
2023-08-25,2023-08-31,CALL,440.79,445.0,1.18,1.2,1.19,7008,3333,6,0.0164383561643835,0.9905393258426964,ATM,17.2,0.0556,0.0026741573033707863
2023-08-25,2023-08-31,CALL,440.79,444.0,1.53,1.54,1.535,2908,2062,6,0.0164383561643835,0.9927702702702702,ATM,17.2,0.0556,0.003457207207207207
2023-08-25,2023-08-31,CALL,440.79,442.0,2.4,2.42,2.41,5340,4007,6,0.0164383561643835,0.997262443438914,ATM,17.2,0.0556,0.005452488687782806
2023-08-25,2023-08-30,CALL,440.79,449.0,0.2,0.21,0.205,1966,6802,5,0.0136986301369863,0.9817149220489976,ATM,17.2,0.0556,0.0004565701559020044
2023-08-25,2023-08-30,CALL,440.79,437.0,5.03,5.09,5.0600000000000005,5887,976,5,0.0136986301369863,1.0086727688787185,ATM,17.2,0.0556,0.011578947368421053
2023-08-25,2023-08-30,CALL,440.79,436.0,5.79,5.89,5.84,5090,957,5,0.0136986301369863,1.01098623853211,ATM,17.2,0.0556,0.013394495412844036
2023-08-25,2023-09-15,CALL,440.79,430.0,13.87,14.12,13.995,389,36626,21,0.0575342465753424,1.025093023255814,ATM,17.2,0.0556,0.03254651162790698
2023-08-25,2023-09-15,CALL,440.79,429.0,14.57,15.21,14.89,12,4214,21,0.0575342465753424,1.0274825174825173,ATM,17.2,0.0556,0.03470862470862471
2023-08-25,2023-09-15,CALL,440.79,428.0,15.42,16.06,15.739999999999998,22,5775,21,0.0575342465753424,1.0298831775700934,ATM,17.2,0.0556,0.036775700934579436
2023-08-25,2023-09-08,CALL,440.79,430.0,12.77,12.97,12.87,453,6834,14,0.0383561643835616,1.025093023255814,ATM,17.2,0.0556,0.029930232558139532
2023-08-25,2023-09-06,CALL,440.79,437.0,6.6,6.64,6.619999999999999,1910,161,12,0.0328767123287671,1.0086727688787185,ATM,17.2,0.0556,0.0151487414187643
2023-08-25,2023-09-06,CALL,440.79,436.0,7.34,7.39,7.365,765,116,12,0.0328767123287671,1.01098623853211,ATM,17.2,0.0556,0.016892201834862387
2023-08-25,2023-09-06,CALL,440.79,435.0,8.09,8.16,8.125,984,183,12,0.0328767123287671,1.0133103448275862,ATM,17.2,0.0556,0.01867816091954023
2023-08-25,2023-09-06,CALL,440.79,434.0,8.85,8.98,8.915,169,16,12,0.0328767123287671,1.0156451612903226,ATM,17.2,0.0556,0.02054147465437788
2023-08-25,2023-09-06,CALL,440.79,433.0,9.67,9.8,9.735,112,5,12,0.0328767123287671,1.0179907621247113,ATM,17.2,0.0556,0.02248267898383372
2023-08-25,2023-09-06,CALL,440.79,432.0,10.49,10.65,10.57,89,1,12,0.0328767123287671,1.020347222222222,ATM,17.2,0.0556,0.024467592592592593
2023-08-25,2023-09-06,CALL,440.79,431.0,11.34,11.51,11.425,6,1,12,0.0328767123287671,1.0227146171693735,ATM,17.2,0.0556,0.026508120649651974
2023-08-25,2023-09-06,CALL,440.79,430.0,12.22,12.4,12.31,22,21,12,0.0328767123287671,1.025093023255814,ATM,17.2,0.0556,0.028627906976744187
2023-08-25,2023-09-06,CALL,440.79,429.0,13.11,13.3,13.205,8,1,12,0.0328767123287671,1.0274825174825173,ATM,17.2,0.0556,0.03078088578088578
2023-08-25,2023-09-06,CALL,440.79,438.0,5.89,5.92,5.904999999999999,2028,336,12,0.0328767123287671,1.0063698630136986,ATM,17.2,0.0556,0.01348173515981735
2023-08-25,2023-09-06,CALL,440.79,439.0,5.22,5.24,5.23,3413,403,12,0.0328767123287671,1.0040774487471524,ATM,17.2,0.0556,0.011913439635535308
2023-08-25,2023-09-06,CALL,440.79,448.0,1.11,1.12,1.1150000000000002,659,231,12,0.0328767123287671,0.98390625,ATM,17.2,0.0556,0.002488839285714286
2023-08-25,2023-09-06,CALL,440.79,447.0,1.37,1.39,1.38,156,531,12,0.0328767123287671,0.9861073825503356,ATM,17.2,0.0556,0.003087248322147651
2023-08-25,2023-09-15,CALL,440.79,431.0,12.97,13.42,13.195,86,6517,21,0.0575342465753424,1.0227146171693735,ATM,17.2,0.0556,0.030614849187935035
2023-08-25,2023-09-06,CALL,440.79,446.0,1.69,1.7,1.6949999999999998,561,576,12,0.0328767123287671,0.988318385650224,ATM,17.2,0.0556,0.003800448430493273
2023-08-25,2023-09-15,CALL,440.79,432.0,12.13,12.59,12.36,18,6519,21,0.0575342465753424,1.020347222222222,ATM,17.2,0.0556,0.02861111111111111
2023-08-25,2023-09-15,CALL,440.79,434.0,10.65,10.87,10.76,481,8633,21,0.0575342465753424,1.0156451612903226,ATM,17.2,0.0556,0.024792626728110598
2023-08-25,2023-09-15,CALL,440.79,451.0,1.51,1.52,1.515,2006,4699,21,0.0575342465753424,0.977361419068736,ATM,17.2,0.0556,0.00335920177383592
2023-08-25,2023-09-15,CALL,440.79,450.0,1.78,1.79,1.785,11666,64639,21,0.0575342465753424,0.9795333333333331,ATM,17.2,0.0556,0.003966666666666666
2023-08-25,2023-09-15,CALL,440.79,438.0,7.73,7.83,7.78,3394,15828,21,0.0575342465753424,1.0063698630136986,ATM,17.2,0.0556,0.01776255707762557
2023-08-25,2023-09-15,CALL,440.79,437.0,8.43,8.56,8.495000000000001,1639,11157,21,0.0575342465753424,1.0086727688787185,ATM,17.2,0.0556,0.019439359267734557
2023-08-25,2023-09-15,CALL,440.79,425.0,18.06,18.7,18.38,91,15575,21,0.0575342465753424,1.0371529411764706,ITM,17.2,0.0556,0.04324705882352941
2023-08-25,2023-09-15,CALL,440.79,424.0,18.95,19.6,19.275,67,5103,21,0.0575342465753424,1.0395990566037736,ITM,17.2,0.0556,0.04545990566037735
2023-08-25,2023-09-15,CALL,440.79,423.0,19.86,20.51,20.185,8,6166,21,0.0575342465753424,1.0420567375886525,ITM,17.2,0.0556,0.04771867612293144
2023-08-25,2023-09-15,CALL,440.79,422.0,20.77,21.42,21.095,9,7948,21,0.0575342465753424,1.0445260663507108,ITM,17.2,0.0556,0.04998815165876777
2023-08-25,2023-09-15,CALL,440.79,421.0,21.7,22.33,22.015,10,2738,21,0.0575342465753424,1.0470071258907363,ITM,17.2,0.0556,0.05229216152019003
2023-08-25,2023-09-15,CALL,440.79,420.0,22.63,23.26,22.945,79,33998,21,0.0575342465753424,1.0495,ITM,17.2,0.0556,0.054630952380952384
2023-08-25,2023-09-15,CALL,440.79,418.0,24.49,25.13,24.81,4,8138,21,0.0575342465753424,1.0545215311004783,ITM,17.2,0.0556,0.05935406698564593
2023-08-25,2023-09-15,CALL,440.79,417.0,25.44,26.09,25.765,2,6188,21,0.0575342465753424,1.05705035971223,ITM,17.2,0.0556,0.061786570743405274
2023-08-25,2023-09-15,CALL,440.79,416.0,26.39,27.03,26.71,1,3655,21,0.0575342465753424,1.059591346153846,ITM,17.2,0.0556,0.06420673076923077
2023-08-25,2023-09-15,CALL,440.79,426.0,17.17,17.81,17.490000000000002,35,4302,21,0.0575342465753424,1.0347183098591548,ITM,17.2,0.0556,0.04105633802816902
2023-08-25,2023-09-15,CALL,440.79,427.0,16.29,16.93,16.61,15,9958,21,0.0575342465753424,1.032295081967213,ITM,17.2,0.0556,0.038899297423887584
2023-08-25,2023-09-15,CALL,440.79,436.0,9.12,9.3,9.21,885,11232,21,0.0575342465753424,1.01098623853211,ATM,17.2,0.0556,0.021123853211009177
2023-08-25,2023-09-15,CALL,440.79,435.0,9.93,10.05,9.99,1250,29192,21,0.0575342465753424,1.0133103448275862,ATM,17.2,0.0556,0.02296551724137931
2023-08-25,2023-09-15,CALL,440.79,433.0,11.39,11.66,11.525,202,7471,21,0.0575342465753424,1.0179907621247113,ATM,17.2,0.0556,0.02661662817551963
2023-08-25,2023-09-06,CALL,440.79,445.0,2.05,2.07,2.06,1019,2507,12,0.0328767123287671,0.9905393258426964,ATM,17.2,0.0556,0.0046292134831460675
2023-08-25,2023-09-06,CALL,440.79,444.0,2.47,2.48,2.475,950,263,12,0.0328767123287671,0.9927702702702702,ATM,17.2,0.0556,0.005574324324324325
2023-08-25,2023-09-06,CALL,440.79,443.0,2.93,2.94,2.935,451,334,12,0.0328767123287671,0.9950112866817156,ATM,17.2,0.0556,0.00662528216704289
2023-08-25,2023-09-06,CALL,440.79,450.0,0.69,0.7,0.695,188,260,12,0.0328767123287671,0.9795333333333331,ATM,17.2,0.0556,0.0015444444444444444
2023-08-25,2023-09-06,CALL,440.79,451.0,0.54,0.55,0.545,74,111,12,0.0328767123287671,0.977361419068736,ATM,17.2,0.0556,0.0012084257206208427
2023-08-25,2023-09-08,CALL,440.79,413.0,28.78,29.02,28.9,2,207,14,0.0383561643835616,1.0672881355932202,ITM,17.2,0.0556,0.06997578692493947
2023-08-25,2023-09-08,CALL,440.79,411.0,30.74,31.0,30.87,10,212,14,0.0383561643835616,1.0724817518248175,ITM,17.2,0.0556,0.0751094890510949
2023-08-25,2023-09-08,CALL,440.79,410.0,31.73,31.98,31.855,1,8272,14,0.0383561643835616,1.0750975609756095,ITM,17.2,0.0556,0.07769512195121951
2023-08-25,2023-09-07,CALL,440.79,451.0,0.69,0.7,0.695,168,137,13,0.0356164383561643,0.977361419068736,ATM,17.2,0.0556,0.0015410199556541019
2023-08-25,2023-09-07,CALL,440.79,450.0,0.86,0.88,0.87,160,125,13,0.0356164383561643,0.9795333333333331,ATM,17.2,0.0556,0.0019333333333333333
2023-08-25,2023-09-08,CALL,440.79,415.0,26.82,27.06,26.94,5,1059,14,0.0383561643835616,1.0621445783132528,ITM,17.2,0.0556,0.06491566265060242
2023-08-25,2023-09-07,CALL,440.79,449.0,1.08,1.09,1.085,370,64,13,0.0356164383561643,0.9817149220489976,ATM,17.2,0.0556,0.002416481069042316
2023-08-25,2023-09-08,CALL,440.79,429.0,13.65,13.86,13.755,318,580,14,0.0383561643835616,1.0274825174825173,ATM,17.2,0.0556,0.032062937062937065
2023-08-25,2023-09-08,CALL,440.79,428.0,14.53,14.74,14.635,59,762,14,0.0383561643835616,1.0298831775700934,ATM,17.2,0.0556,0.03419392523364486
2023-08-25,2023-09-08,CALL,440.79,426.0,16.34,16.56,16.45,1,107,14,0.0383561643835616,1.0347183098591548,ITM,17.2,0.0556,0.0386150234741784
2023-08-25,2023-09-08,CALL,440.79,425.0,17.26,17.49,17.375,66,136,14,0.0383561643835616,1.0371529411764706,ITM,17.2,0.0556,0.040882352941176474
2023-08-25,2023-09-08,CALL,440.79,420.0,21.98,22.22,22.1,1156,22091,14,0.0383561643835616,1.0495,ITM,17.2,0.0556,0.05261904761904762
2023-08-25,2023-09-08,CALL,440.79,418.0,23.9,24.15,24.025,50,41,14,0.0383561643835616,1.0545215311004783,ITM,17.2,0.0556,0.05747607655502392
2023-08-25,2023-09-08,CALL,440.79,417.0,24.87,25.12,24.995,2,1,14,0.0383561643835616,1.05705035971223,ITM,17.2,0.0556,0.059940047961630695
2023-08-25,2023-09-08,CALL,440.79,416.0,25.84,26.09,25.965,5,312,14,0.0383561643835616,1.059591346153846,ITM,17.2,0.0556,0.06241586538461538
2023-08-25,2023-09-05,CALL,440.79,451.0,0.41,0.42,0.415,498,131,11,0.0301369863013698,0.977361419068736,ATM,17.2,0.0556,0.0009201773835920177
2023-08-25,2023-09-05,CALL,440.79,453.0,0.23,0.24,0.235,314,97,11,0.0301369863013698,0.973046357615894,ATM,17.2,0.0556,0.0005187637969094923
2023-08-25,2023-09-05,CALL,440.79,454.0,0.17,0.18,0.175,198,180,11,0.0301369863013698,0.9709030837004404,ATM,17.2,0.0556,0.00038546255506607924
2023-08-25,2023-09-05,CALL,440.79,455.0,0.13,0.14,0.135,157,140,11,0.0301369863013698,0.9687692307692308,OTM,17.2,0.0556,0.00029670329670329675
2023-08-25,2023-09-06,CALL,440.79,442.0,3.43,3.45,3.4400000000000004,1159,230,12,0.0328767123287671,0.997262443438914,ATM,17.2,0.0556,0.007782805429864254
2023-08-25,2023-09-06,CALL,440.79,441.0,3.99,4.0,3.995,1125,490,12,0.0328767123287671,0.9995238095238096,ATM,17.2,0.0556,0.009058956916099774
2023-08-25,2023-09-06,CALL,440.79,440.0,4.59,4.6,4.595,1989,372,12,0.0328767123287671,1.0017954545454544,ATM,17.2,0.0556,0.010443181818181818
2023-08-25,2023-09-06,CALL,440.79,426.0,15.86,16.06,15.96,1,18,12,0.0328767123287671,1.0347183098591548,ITM,17.2,0.0556,0.037464788732394366
2023-08-25,2023-09-05,CALL,440.79,449.0,0.71,0.72,0.715,507,92,11,0.0301369863013698,0.9817149220489976,ATM,17.2,0.0556,0.0015924276169265034
2023-08-25,2023-09-05,CALL,440.79,448.0,0.92,0.93,0.925,685,57,11,0.0301369863013698,0.98390625,ATM,17.2,0.0556,0.002064732142857143
2023-08-25,2023-09-05,CALL,440.79,447.0,1.17,1.18,1.1749999999999998,252,239,11,0.0301369863013698,0.9861073825503356,ATM,17.2,0.0556,0.002628635346756152
2023-08-25,2023-09-05,CALL,440.79,446.0,1.46,1.48,1.47,785,112,11,0.0301369863013698,0.988318385650224,ATM,17.2,0.0556,0.003295964125560538
2023-08-25,2023-09-15,CALL,440.79,452.0,1.27,1.28,1.275,3360,24639,21,0.0575342465753424,0.9751991150442476,ATM,17.2,0.0556,0.002820796460176991
2023-08-25,2023-09-05,CALL,440.79,445.0,1.81,1.83,1.82,2083,1228,11,0.0301369863013698,0.9905393258426964,ATM,17.2,0.0556,0.004089887640449439
2023-08-25,2023-09-05,CALL,440.79,443.0,2.66,2.67,2.665,1007,474,11,0.0301369863013698,0.9950112866817156,ATM,17.2,0.0556,0.006015801354401806
2023-08-25,2023-09-05,CALL,440.79,442.0,3.15,3.17,3.16,1592,407,11,0.0301369863013698,0.997262443438914,ATM,17.2,0.0556,0.007149321266968326
2023-08-25,2023-09-05,CALL,440.79,441.0,3.7,3.72,3.71,1019,716,11,0.0301369863013698,0.9995238095238096,ATM,17.2,0.0556,0.008412698412698413
2023-08-25,2023-09-05,CALL,440.79,440.0,4.29,4.31,4.3,2364,732,11,0.0301369863013698,1.0017954545454544,ATM,17.2,0.0556,0.009772727272727271
2023-08-25,2023-09-05,CALL,440.79,450.0,0.55,0.56,0.555,2117,1592,11,0.0301369863013698,0.9795333333333331,ATM,17.2,0.0556,0.0012333333333333335
2023-08-25,2023-09-06,CALL,440.79,449.0,0.88,0.89,0.885,103,517,12,0.0328767123287671,0.9817149220489976,ATM,17.2,0.0556,0.0019710467706013364
2023-08-25,2023-09-05,CALL,440.79,452.0,0.31,0.32,0.315,233,72,11,0.0301369863013698,0.9751991150442476,ATM,17.2,0.0556,0.0006969026548672567
2023-08-25,2023-09-06,CALL,440.79,420.0,21.58,21.81,21.695,8,6,12,0.0328767123287671,1.0495,ITM,17.2,0.0556,0.051654761904761905
2023-08-25,2023-09-05,CALL,440.79,444.0,2.21,2.23,2.22,902,346,11,0.0301369863013698,0.9927702702702702,ATM,17.2,0.0556,0.005
2023-08-25,2023-11-17,CALL,440.79,420.0,29.68,30.27,29.975,51,301,84,0.2301369863013698,1.0495,ITM,17.2,0.055919354838709676,0.07136904761904762
2023-08-25,2023-09-15,CALL,440.79,453.0,1.06,1.08,1.07,1512,8501,21,0.0575342465753424,0.973046357615894,ATM,17.2,0.0556,0.002362030905077263
2023-08-25,2023-09-15,CALL,440.79,455.0,0.74,0.75,0.745,4815,52244,21,0.0575342465753424,0.9687692307692308,OTM,17.2,0.0556,0.0016373626373626373
2023-08-25,2023-09-08,CALL,440.79,459.0,0.12,0.13,0.125,92,1768,14,0.0383561643835616,0.9603267973856208,OTM,17.2,0.0556,0.0002723311546840959
2023-08-25,2023-09-08,CALL,440.79,458.0,0.15,0.16,0.155,372,1750,14,0.0383561643835616,0.962423580786026,OTM,17.2,0.0556,0.00033842794759825326
2023-08-25,2023-09-08,CALL,440.79,457.5,0.17,0.18,0.175,14,1297,14,0.0383561643835616,0.9634754098360656,OTM,17.2,0.0556,0.0003825136612021858
2023-08-25,2023-09-08,CALL,440.79,457.0,0.19,0.2,0.195,506,2367,14,0.0383561643835616,0.9645295404814004,OTM,17.2,0.0556,0.0004266958424507659
2023-08-25,2023-09-08,CALL,440.79,456.0,0.25,0.26,0.255,111,2066,14,0.0383561643835616,0.9666447368421052,OTM,17.2,0.0556,0.0005592105263157894
2023-08-25,2023-09-08,CALL,440.79,455.0,0.32,0.33,0.325,657,6955,14,0.0383561643835616,0.9687692307692308,OTM,17.2,0.0556,0.0007142857142857143
2023-08-25,2023-09-08,CALL,440.79,454.0,0.41,0.42,0.415,326,4510,14,0.0383561643835616,0.9709030837004404,ATM,17.2,0.0556,0.0009140969162995594
2023-08-25,2023-09-08,CALL,440.79,453.0,0.52,0.53,0.525,859,5904,14,0.0383561643835616,0.973046357615894,ATM,17.2,0.0556,0.0011589403973509935
2023-08-25,2023-09-08,CALL,440.79,452.5,0.58,0.59,0.585,358,3984,14,0.0383561643835616,0.974121546961326,ATM,17.2,0.0556,0.001292817679558011
2023-08-25,2023-09-15,CALL,440.79,401.0,40.95,41.6,41.275000000000006,1,1407,21,0.0575342465753424,1.099226932668329,ITM,17.2,0.0556,0.10293017456359103
2023-08-25,2023-09-15,CALL,440.79,413.0,29.25,29.9,29.575,4,2924,21,0.0575342465753424,1.0672881355932202,ITM,17.2,0.0556,0.07161016949152542
2023-08-25,2023-09-15,CALL,440.79,412.0,30.22,30.87,30.545,1,5215,21,0.0575342465753424,1.069878640776699,ITM,17.2,0.0556,0.0741383495145631
2023-08-25,2023-09-15,CALL,440.79,411.0,31.18,31.82,31.5,1,6547,21,0.0575342465753424,1.0724817518248175,ITM,17.2,0.0556,0.07664233576642336
2023-08-25,2023-09-15,CALL,440.79,410.0,32.15,32.8,32.474999999999994,26,22331,21,0.0575342465753424,1.0750975609756095,ITM,17.2,0.0556,0.07920731707317072
2023-08-25,2023-09-15,CALL,440.79,409.0,33.12,33.77,33.445,1,10610,21,0.0575342465753424,1.077726161369193,ITM,17.2,0.0556,0.08177261613691932
2023-08-25,2023-09-15,CALL,440.79,408.0,34.09,34.74,34.415000000000006,37,6657,21,0.0575342465753424,1.0803676470588237,ITM,17.2,0.0556,0.08435049019607845
2023-08-25,2023-09-15,CALL,440.79,407.0,35.07,35.72,35.395,2,4927,21,0.0575342465753424,1.083022113022113,ITM,17.2,0.0556,0.08696560196560198
2023-08-25,2023-09-05,CALL,440.79,439.0,4.92,4.94,4.93,1143,634,11,0.0301369863013698,1.0040774487471524,ATM,17.2,0.0556,0.01123006833712984
2023-08-25,2023-09-15,CALL,440.79,406.0,36.05,36.7,36.375,1,2706,21,0.0575342465753424,1.0856896551724138,ITM,17.2,0.0556,0.0895935960591133
2023-08-25,2023-08-30,CALL,440.79,422.0,18.93,19.15,19.04,2,1,5,0.0136986301369863,1.0445260663507108,ITM,17.2,0.0556,0.045118483412322274
2023-08-25,2023-08-30,CALL,440.79,426.0,14.97,15.19,15.08,4,64,5,0.0136986301369863,1.0347183098591548,ITM,17.2,0.0556,0.03539906103286385
2023-08-25,2023-08-30,CALL,440.79,405.0,35.88,36.11,35.995000000000005,1,1,5,0.0136986301369863,1.0883703703703702,ITM,17.2,0.0556,0.08887654320987655
2023-08-25,2023-08-29,CALL,440.79,448.0,0.15,0.16,0.155,1767,3455,4,0.010958904109589,0.98390625,ATM,17.2,0.0556,0.00034598214285714283
2023-08-25,2023-08-29,CALL,440.79,447.0,0.24,0.25,0.245,3186,2697,4,0.010958904109589,0.9861073825503356,ATM,17.2,0.0556,0.0005480984340044743
2023-08-25,2023-08-29,CALL,440.79,446.0,0.37,0.38,0.375,2940,2243,4,0.010958904109589,0.988318385650224,ATM,17.2,0.0556,0.0008408071748878924
2023-08-25,2023-08-29,CALL,440.79,445.0,0.55,0.56,0.555,8559,3674,4,0.010958904109589,0.9905393258426964,ATM,17.2,0.0556,0.0012471910112359552
2023-08-25,2023-08-29,CALL,440.79,444.0,0.8,0.81,0.805,4863,1546,4,0.010958904109589,0.9927702702702702,ATM,17.2,0.0556,0.0018130630630630632
2023-08-25,2023-08-30,CALL,440.79,408.0,32.89,33.11,33.0,6,3,5,0.0136986301369863,1.0803676470588237,ITM,17.2,0.0556,0.08088235294117647
2023-08-25,2023-08-30,CALL,440.79,420.0,20.91,21.14,21.025,16,134,5,0.0136986301369863,1.0495,ITM,17.2,0.0556,0.050059523809523804
2023-08-25,2023-08-30,CALL,440.79,424.0,16.94,17.17,17.055,6,5,5,0.0136986301369863,1.0395990566037736,ITM,17.2,0.0556,0.04022405660377358
2023-08-25,2023-08-30,CALL,440.79,435.0,6.59,6.73,6.66,2237,1161,5,0.0136986301369863,1.0133103448275862,ATM,17.2,0.0556,0.015310344827586208
2023-08-25,2023-08-30,CALL,440.79,434.0,7.44,7.6,7.52,899,1475,5,0.0136986301369863,1.0156451612903226,ATM,17.2,0.0556,0.017327188940092164
2023-08-25,2023-08-30,CALL,440.79,433.0,8.32,8.49,8.405000000000001,600,297,5,0.0136986301369863,1.0179907621247113,ATM,17.2,0.0556,0.01941108545034642
2023-08-25,2023-08-30,CALL,440.79,432.0,9.22,9.41,9.315,30,240,5,0.0136986301369863,1.020347222222222,ATM,17.2,0.0556,0.0215625
2023-08-25,2023-08-30,CALL,440.79,431.0,10.15,10.34,10.245,8,366,5,0.0136986301369863,1.0227146171693735,ATM,17.2,0.0556,0.02377030162412993
2023-08-25,2023-08-30,CALL,440.79,430.0,11.09,11.29,11.19,36,2815,5,0.0136986301369863,1.025093023255814,ATM,17.2,0.0556,0.026023255813953487
2023-08-25,2023-08-30,CALL,440.79,429.0,12.05,12.26,12.155,10,18,5,0.0136986301369863,1.0274825174825173,ATM,17.2,0.0556,0.028333333333333332
2023-08-25,2023-08-30,CALL,440.79,428.0,13.02,13.23,13.125,1,21,5,0.0136986301369863,1.0298831775700934,ATM,17.2,0.0556,0.03066588785046729
2023-08-25,2023-08-30,CALL,440.79,425.0,15.96,16.18,16.07,22,15,5,0.0136986301369863,1.0371529411764706,ITM,17.2,0.0556,0.03781176470588235
2023-08-25,2023-09-15,CALL,440.79,405.0,37.02,37.67,37.345,29,8255,21,0.0575342465753424,1.0883703703703702,ITM,17.2,0.0556,0.09220987654320988
2023-08-25,2023-09-08,CALL,440.79,452.0,0.65,0.66,0.655,998,6166,14,0.0383561643835616,0.9751991150442476,ATM,17.2,0.0556,0.0014491150442477877
2023-08-25,2023-09-08,CALL,440.79,451.0,0.82,0.83,0.825,2085,3118,14,0.0383561643835616,0.977361419068736,ATM,17.2,0.0556,0.0018292682926829267
2023-08-25,2023-09-15,CALL,440.79,414.0,28.29,28.94,28.615,4,2566,21,0.0575342465753424,1.0647101449275362,ITM,17.2,0.0556,0.06911835748792271
2023-08-25,2023-09-15,CALL,440.79,415.0,27.35,27.98,27.665,16,12838,21,0.0575342465753424,1.0621445783132528,ITM,17.2,0.0556,0.06666265060240964
2023-08-25,2023-09-15,CALL,440.79,447.0,2.8,2.82,2.81,6679,18617,21,0.0575342465753424,0.9861073825503356,ATM,17.2,0.0556,0.006286353467561521
2023-08-25,2023-09-15,CALL,440.79,446.0,3.22,3.23,3.225,2433,12931,21,0.0575342465753424,0.988318385650224,ATM,17.2,0.0556,0.007230941704035875
2023-08-25,2023-09-15,CALL,440.79,445.0,3.67,3.68,3.675,9019,37769,21,0.0575342465753424,0.9905393258426964,ATM,17.2,0.0556,0.008258426966292134
2023-08-25,2023-09-15,CALL,440.79,444.0,4.15,4.17,4.16,2420,21970,21,0.0575342465753424,0.9927702702702702,ATM,17.2,0.0556,0.009369369369369369
2023-08-25,2023-09-15,CALL,440.79,448.0,2.42,2.44,2.43,2611,17133,21,0.0575342465753424,0.98390625,ATM,17.2,0.0556,0.005424107142857143
2023-08-25,2023-09-15,CALL,440.79,442.0,5.23,5.25,5.24,3701,12513,21,0.0575342465753424,0.997262443438914,ATM,17.2,0.0556,0.011855203619909502
2023-08-25,2023-09-15,CALL,440.79,441.0,5.82,5.84,5.83,3968,10714,21,0.0575342465753424,0.9995238095238096,ATM,17.2,0.0556,0.013219954648526077
2023-08-25,2023-09-15,CALL,440.79,440.0,6.45,6.47,6.46,10405,64737,21,0.0575342465753424,1.0017954545454544,ATM,17.2,0.0556,0.014681818181818181
2023-08-25,2023-09-15,CALL,440.79,439.0,7.06,7.15,7.105,3108,17500,21,0.0575342465753424,1.0040774487471524,ATM,17.2,0.0556,0.016184510250569478
2023-08-25,2023-09-15,CALL,440.79,443.0,4.68,4.7,4.69,4886,15424,21,0.0575342465753424,0.9950112866817156,ATM,17.2,0.0556,0.010586907449209933
2023-08-25,2023-09-15,CALL,440.79,449.0,2.08,2.1,2.09,3150,14985,21,0.0575342465753424,0.9817149220489976,ATM,17.2,0.0556,0.00465478841870824
2023-08-25,2023-09-15,CALL,440.79,459.0,0.34,0.35,0.345,376,4764,21,0.0575342465753424,0.9603267973856208,OTM,17.2,0.0556,0.0007516339869281045
2023-08-25,2023-09-15,CALL,440.79,458.0,0.41,0.42,0.415,992,17477,21,0.0575342465753424,0.962423580786026,OTM,17.2,0.0556,0.0009061135371179039
2023-08-25,2023-09-15,CALL,440.79,457.0,0.5,0.51,0.505,473,8479,21,0.0575342465753424,0.9645295404814004,OTM,17.2,0.0556,0.0011050328227571115
2023-08-25,2023-09-15,CALL,440.79,456.0,0.61,0.62,0.615,720,22960,21,0.0575342465753424,0.9666447368421052,OTM,17.2,0.0556,0.0013486842105263157
2023-08-25,2023-09-08,CALL,440.79,431.0,11.92,12.11,12.015,77,609,14,0.0383561643835616,1.0227146171693735,ATM,17.2,0.0556,0.027877030162412993
2023-08-25,2023-09-08,CALL,440.79,442.0,4.05,4.07,4.0600000000000005,3688,2013,14,0.0383561643835616,0.997262443438914,ATM,17.2,0.0556,0.009185520361990952
2023-08-25,2023-09-08,CALL,440.79,442.5,3.78,3.8,3.79,2054,2035,14,0.0383561643835616,0.996135593220339,ATM,17.2,0.0556,0.00856497175141243
2023-08-25,2023-09-08,CALL,440.79,443.0,3.52,3.54,3.53,2155,2536,14,0.0383561643835616,0.9950112866817156,ATM,17.2,0.0556,0.007968397291196389
2023-08-25,2023-09-08,CALL,440.79,440.0,5.23,5.25,5.24,11025,17380,14,0.0383561643835616,1.0017954545454544,ATM,17.2,0.0556,0.011909090909090909
2023-08-25,2023-09-08,CALL,440.79,439.0,5.88,5.9,5.890000000000001,6393,2720,14,0.0383561643835616,1.0040774487471524,ATM,17.2,0.0556,0.013416856492027337
2023-08-25,2023-09-08,CALL,440.79,438.0,6.55,6.58,6.565,4346,2268,14,0.0383561643835616,1.0063698630136986,ATM,17.2,0.0556,0.014988584474885845
2023-08-25,2023-09-08,CALL,440.79,437.0,7.26,7.3,7.279999999999999,4707,2950,14,0.0383561643835616,1.0086727688787185,ATM,17.2,0.0556,0.01665903890160183
2023-08-25,2023-09-08,CALL,440.79,436.0,7.99,8.04,8.015,4303,1653,14,0.0383561643835616,1.01098623853211,ATM,17.2,0.0556,0.01838302752293578
2023-08-25,2023-09-08,CALL,440.79,435.0,8.74,8.81,8.775,3414,3267,14,0.0383561643835616,1.0133103448275862,ATM,17.2,0.0556,0.020172413793103448
2023-08-25,2023-09-08,CALL,440.79,434.0,9.54,9.6,9.57,477,2315,14,0.0383561643835616,1.0156451612903226,ATM,17.2,0.0556,0.022050691244239633
2023-08-25,2023-09-08,CALL,440.79,433.0,10.27,10.42,10.345,147,1533,14,0.0383561643835616,1.0179907621247113,ATM,17.2,0.0556,0.02389145496535797
2023-08-25,2023-09-15,CALL,440.79,454.0,0.89,0.9,0.895,1112,19476,21,0.0575342465753424,0.9709030837004404,ATM,17.2,0.0556,0.00197136563876652
2023-08-25,2023-09-08,CALL,440.79,432.0,11.08,11.26,11.17,7,926,14,0.0383561643835616,1.020347222222222,ATM,17.2,0.0556,0.02585648148148148
2023-08-25,2023-09-08,CALL,440.79,450.0,1.01,1.02,1.015,3344,7382,14,0.0383561643835616,0.9795333333333331,ATM,17.2,0.0556,0.0022555555555555554
2023-08-25,2023-09-08,CALL,440.79,449.0,1.24,1.25,1.245,1766,5328,14,0.0383561643835616,0.9817149220489976,ATM,17.2,0.0556,0.0027728285077951004
2023-08-25,2023-09-08,CALL,440.79,448.0,1.51,1.53,1.52,1638,3694,14,0.0383561643835616,0.98390625,ATM,17.2,0.0556,0.0033928571428571428
2023-08-25,2023-09-08,CALL,440.79,447.5,1.66,1.68,1.67,1134,1825,14,0.0383561643835616,0.9850055865921789,ATM,17.2,0.0556,0.0037318435754189944
2023-08-25,2023-09-08,CALL,440.79,447.0,1.83,1.84,1.835,5713,2522,14,0.0383561643835616,0.9861073825503356,ATM,17.2,0.0556,0.004105145413870246
2023-08-25,2023-09-08,CALL,440.79,446.0,2.18,2.2,2.1900000000000004,2380,3646,14,0.0383561643835616,0.988318385650224,ATM,17.2,0.0556,0.004910313901345292
2023-08-25,2023-09-08,CALL,440.79,445.0,2.58,2.6,2.59,3885,15396,14,0.0383561643835616,0.9905393258426964,ATM,17.2,0.0556,0.005820224719101123
2023-08-25,2023-09-08,CALL,440.79,444.0,3.03,3.05,3.04,2335,9542,14,0.0383561643835616,0.9927702702702702,ATM,17.2,0.0556,0.006846846846846847
2023-08-25,2023-09-08,CALL,440.79,441.0,4.62,4.64,4.63,3406,1272,14,0.0383561643835616,0.9995238095238096,ATM,17.2,0.0556,0.010498866213151927
2023-08-25,2023-09-08,CALL,238.33,247.5,4.3,4.4,4.35,1771,828,14,0.0383561643835616,0.9629494949494948,OTM,17.2,0.0556,0.017575757575757574
2023-08-25,2023-11-17,CALL,440.79,421.0,28.85,29.44,29.145000000000003,15,72,84,0.2301369863013698,1.0470071258907363,ITM,17.2,0.055919354838709676,0.06922802850356295
2023-08-25,2023-11-17,CALL,440.79,425.0,25.79,26.02,25.905,53,1377,84,0.2301369863013698,1.0371529411764706,ITM,17.2,0.055919354838709676,0.06095294117647059
2023-08-25,2023-09-22,CALL,440.79,445.0,4.44,4.47,4.455,1208,3533,28,0.0767123287671232,0.9905393258426964,ATM,17.2,0.0556,0.01001123595505618
2023-08-25,2023-09-22,CALL,440.79,444.0,4.94,4.97,4.955,281,1852,28,0.0767123287671232,0.9927702702702702,ATM,17.2,0.0556,0.01115990990990991
2023-08-25,2023-09-22,CALL,440.79,443.0,5.47,5.5,5.484999999999999,656,1816,28,0.0767123287671232,0.9950112866817156,ATM,17.2,0.0556,0.012381489841986455
2023-08-25,2023-09-22,CALL,440.79,442.5,5.75,5.78,5.765000000000001,222,1066,28,0.0767123287671232,0.996135593220339,ATM,17.2,0.0556,0.013028248587570623
2023-08-25,2023-09-22,CALL,440.79,442.0,6.04,6.08,6.0600000000000005,382,825,28,0.0767123287671232,0.997262443438914,ATM,17.2,0.0556,0.013710407239819006
2023-08-25,2023-09-22,CALL,440.79,431.0,13.62,14.16,13.89,13,39,28,0.0767123287671232,1.0227146171693735,ATM,17.2,0.0556,0.03222737819025522
2023-08-25,2023-09-22,CALL,440.79,430.0,14.42,14.81,14.615,69,128,28,0.0767123287671232,1.025093023255814,ATM,17.2,0.0556,0.03398837209302326
2023-08-25,2023-09-22,CALL,440.79,412.0,30.2,31.37,30.785,1,2,28,0.0767123287671232,1.069878640776699,ITM,17.2,0.0556,0.07472087378640777
2023-08-25,2023-09-22,CALL,440.79,410.0,32.11,33.27,32.69,8,58,28,0.0767123287671232,1.0750975609756095,ITM,17.2,0.0556,0.07973170731707316
2023-08-25,2023-09-15,CALL,440.79,464.0,0.12,0.13,0.125,464,12031,21,0.0575342465753424,0.949978448275862,OTM,17.2,0.0556,0.00026939655172413793
2023-08-25,2023-09-15,CALL,440.79,463.0,0.15,0.16,0.155,1489,1993,21,0.0575342465753424,0.9520302375809936,OTM,17.2,0.0556,0.0003347732181425486
2023-08-25,2023-09-22,CALL,440.79,449.0,2.75,2.78,2.765,2464,761,28,0.0767123287671232,0.9817149220489976,ATM,17.2,0.0556,0.006158129175946548
2023-08-25,2023-09-22,CALL,440.79,429.0,15.25,15.63,15.44,2,23,28,0.0767123287671232,1.0274825174825173,ATM,17.2,0.0556,0.03599067599067599
2023-08-25,2023-09-22,CALL,440.79,426.0,17.6,18.46,18.03,3,59,28,0.0767123287671232,1.0347183098591548,ITM,17.2,0.0556,0.042323943661971834
2023-08-25,2023-09-22,CALL,440.79,425.0,18.44,19.34,18.89,22,119,28,0.0767123287671232,1.0371529411764706,ITM,17.2,0.0556,0.044447058823529416
2023-08-25,2023-09-22,CALL,440.79,424.0,19.3,20.23,19.765,1,20,28,0.0767123287671232,1.0395990566037736,ITM,17.2,0.0556,0.04661556603773585
2023-08-25,2023-09-22,CALL,440.79,422.0,21.04,22.05,21.545,3,69,28,0.0767123287671232,1.0445260663507108,ITM,17.2,0.0556,0.05105450236966825
2023-08-25,2023-09-22,CALL,440.79,446.0,3.97,4.0,3.985,468,780,28,0.0767123287671232,0.988318385650224,ATM,17.2,0.0556,0.008934977578475336
2023-08-25,2023-09-22,CALL,440.79,421.0,22.19,22.96,22.575000000000003,2,4,28,0.0767123287671232,1.0470071258907363,ITM,17.2,0.0556,0.05362232779097388
2023-08-25,2023-09-22,CALL,440.79,447.0,3.53,3.56,3.545,523,1748,28,0.0767123287671232,0.9861073825503356,ATM,17.2,0.0556,0.007930648769574944
2023-08-25,2023-09-22,CALL,440.79,448.0,3.12,3.15,3.135,573,1829,28,0.0767123287671232,0.98390625,ATM,17.2,0.0556,0.006997767857142857
2023-08-25,2023-10-06,CALL,440.79,457.0,1.83,1.86,1.845,172,21,42,0.1150684931506849,0.9645295404814004,OTM,17.2,0.05548,0.0040371991247264765
2023-08-25,2023-10-06,CALL,440.79,456.0,2.07,2.1,2.085,88,107,42,0.1150684931506849,0.9666447368421052,OTM,17.2,0.05548,0.004572368421052631
2023-08-25,2023-10-06,CALL,440.79,455.0,2.33,2.36,2.345,137,118,42,0.1150684931506849,0.9687692307692308,OTM,17.2,0.05548,0.005153846153846155
2023-08-25,2023-10-06,CALL,440.79,454.0,2.61,2.64,2.625,45,73,42,0.1150684931506849,0.9709030837004404,ATM,17.2,0.05548,0.005781938325991189
2023-08-25,2023-10-06,CALL,440.79,453.0,2.92,2.95,2.935,99,19,42,0.1150684931506849,0.973046357615894,ATM,17.2,0.05548,0.006479028697571744
2023-08-25,2023-10-06,CALL,440.79,452.0,3.25,3.29,3.27,80,71,42,0.1150684931506849,0.9751991150442476,ATM,17.2,0.05548,0.007234513274336283
2023-08-25,2023-09-22,CALL,440.79,439.0,7.89,7.93,7.91,483,1158,28,0.0767123287671232,1.0040774487471524,ATM,17.2,0.0556,0.018018223234624146
2023-08-25,2023-09-22,CALL,440.79,438.0,8.52,8.65,8.585,1866,709,28,0.0767123287671232,1.0063698630136986,ATM,17.2,0.0556,0.01960045662100457
2023-08-25,2023-09-22,CALL,440.79,437.5,8.89,9.0,8.945,186,367,28,0.0767123287671232,1.00752,ATM,17.2,0.0556,0.020445714285714286
2023-08-25,2023-09-22,CALL,440.79,437.0,9.22,9.35,9.285,427,347,28,0.0767123287671232,1.0086727688787185,ATM,17.2,0.0556,0.021247139588100688
2023-08-25,2023-09-22,CALL,440.79,436.0,9.95,10.07,10.01,271,397,28,0.0767123287671232,1.01098623853211,ATM,17.2,0.0556,0.022958715596330274
2023-08-25,2023-09-22,CALL,440.79,435.0,10.68,10.83,10.755,123,140,28,0.0767123287671232,1.0133103448275862,ATM,17.2,0.0556,0.024724137931034486
2023-08-25,2023-09-22,CALL,440.79,434.0,11.38,11.58,11.48,11,116,28,0.0767123287671232,1.0156451612903226,ATM,17.2,0.0556,0.026451612903225806
2023-08-25,2023-09-22,CALL,440.79,433.0,12.08,12.43,12.255,6,37,28,0.0767123287671232,1.0179907621247113,ATM,17.2,0.0556,0.02830254041570439
2023-08-25,2023-09-22,CALL,440.79,432.0,12.82,13.19,13.005,35,33,28,0.0767123287671232,1.020347222222222,ATM,17.2,0.0556,0.030104166666666668
2023-08-25,2023-09-22,CALL,440.79,440.0,7.25,7.29,7.27,2199,1735,28,0.0767123287671232,1.0017954545454544,ATM,17.2,0.0556,0.016522727272727272
2023-08-25,2023-09-22,CALL,440.79,441.0,6.63,6.67,6.65,1245,891,28,0.0767123287671232,0.9995238095238096,ATM,17.2,0.0556,0.01507936507936508
2023-08-25,2023-09-22,CALL,440.79,447.5,3.32,3.35,3.335,49,1164,28,0.0767123287671232,0.9850055865921789,ATM,17.2,0.0556,0.007452513966480447
2023-08-25,2023-10-06,CALL,440.79,458.0,1.62,1.65,1.635,222,103,42,0.1150684931506849,0.962423580786026,OTM,17.2,0.05548,0.003569868995633188
2023-08-25,2023-09-22,CALL,440.79,420.0,22.8,23.89,23.345,1,58,28,0.0767123287671232,1.0495,ITM,17.2,0.0556,0.05558333333333333
2023-08-25,2023-09-29,CALL,440.79,425.0,19.37,19.84,19.605,8,3862,35,0.0958904109589041,1.0371529411764706,ITM,17.2,0.055549999999999995,0.046129411764705884
2023-08-25,2023-09-22,CALL,440.79,460.0,0.51,0.52,0.515,629,2974,28,0.0767123287671232,0.9582391304347824,OTM,17.2,0.0556,0.0011195652173913043
2023-08-25,2023-09-22,CALL,440.79,459.0,0.6,0.61,0.605,145,554,28,0.0767123287671232,0.9603267973856208,OTM,17.2,0.0556,0.0013180827886710238
2023-08-25,2023-09-22,CALL,440.79,458.0,0.71,0.72,0.715,157,1032,28,0.0767123287671232,0.962423580786026,OTM,17.2,0.0556,0.0015611353711790393
2023-08-25,2023-09-22,CALL,440.79,457.5,0.77,0.79,0.78,141,1286,28,0.0767123287671232,0.9634754098360656,OTM,17.2,0.0556,0.0017049180327868853
2023-08-25,2023-09-22,CALL,440.79,457.0,0.84,0.85,0.845,317,1257,28,0.0767123287671232,0.9645295404814004,OTM,17.2,0.0556,0.001849015317286652
2023-08-25,2023-09-22,CALL,440.79,456.0,0.99,1.0,0.995,322,2037,28,0.0767123287671232,0.9666447368421052,OTM,17.2,0.0556,0.0021820175438596492
2023-08-25,2023-09-22,CALL,440.79,455.0,1.16,1.18,1.17,744,5994,28,0.0767123287671232,0.9687692307692308,OTM,17.2,0.0556,0.0025714285714285713
2023-08-25,2023-09-22,CALL,440.79,454.0,1.35,1.37,1.36,229,900,28,0.0767123287671232,0.9709030837004404,ATM,17.2,0.0556,0.0029955947136563878
2023-08-25,2023-09-22,CALL,440.79,453.0,1.57,1.59,1.58,242,409,28,0.0767123287671232,0.973046357615894,ATM,17.2,0.0556,0.003487858719646799
2023-08-25,2023-09-22,CALL,440.79,452.5,1.69,1.72,1.705,99,421,28,0.0767123287671232,0.974121546961326,ATM,17.2,0.0556,0.0037679558011049726
2023-08-25,2023-09-22,CALL,440.79,452.0,1.82,1.84,1.83,582,2790,28,0.0767123287671232,0.9751991150442476,ATM,17.2,0.0556,0.004048672566371682
2023-08-25,2023-09-22,CALL,440.79,451.0,2.1,2.12,2.1100000000000003,463,1445,28,0.0767123287671232,0.977361419068736,ATM,17.2,0.0556,0.00467849223946785
2023-08-25,2023-09-22,CALL,440.79,462.0,0.36,0.37,0.365,452,1139,28,0.0767123287671232,0.954090909090909,OTM,17.2,0.0556,0.00079004329004329
2023-08-25,2023-09-22,CALL,440.79,450.0,2.41,2.43,2.42,3393,2462,28,0.0767123287671232,0.9795333333333331,ATM,17.2,0.0556,0.005377777777777777
2023-08-25,2023-09-22,CALL,440.79,462.5,0.33,0.34,0.335,13,135,28,0.0767123287671232,0.9530594594594594,OTM,17.2,0.0556,0.0007243243243243244
2023-08-25,2023-09-22,CALL,440.79,464.0,0.25,0.26,0.255,170,351,28,0.0767123287671232,0.949978448275862,OTM,17.2,0.0556,0.0005495689655172414
2023-08-25,2023-09-29,CALL,440.79,410.0,32.63,33.54,33.085,1,1415,35,0.0958904109589041,1.0750975609756095,ITM,17.2,0.055549999999999995,0.08069512195121951
2023-08-25,2023-09-22,CALL,440.79,461.0,0.43,0.44,0.435,244,2045,28,0.0767123287671232,0.9561605206073752,OTM,17.2,0.0556,0.0009436008676789588
2023-08-25,2023-09-29,CALL,440.79,439.0,8.86,8.88,8.870000000000001,645,4843,35,0.0958904109589041,1.0040774487471524,ATM,17.2,0.055549999999999995,0.020205011389521643
2023-08-25,2023-09-29,CALL,440.79,414.0,28.94,29.81,29.375,10,3,35,0.0958904109589041,1.0647101449275362,ITM,17.2,0.055549999999999995,0.07095410628019323
2023-08-25,2023-09-29,CALL,440.79,429.0,15.98,16.57,16.275,38,351,35,0.0958904109589041,1.0274825174825173,ATM,17.2,0.055549999999999995,0.037937062937062935
2023-08-25,2023-09-29,CALL,440.79,424.0,20.09,20.83,20.46,2,248,35,0.0958904109589041,1.0395990566037736,ITM,17.2,0.055549999999999995,0.048254716981132074
2023-08-25,2023-09-29,CALL,440.79,423.0,20.94,21.7,21.32,8,152,35,0.0958904109589041,1.0420567375886525,ITM,17.2,0.055549999999999995,0.050401891252955085
2023-08-25,2023-09-29,CALL,440.79,422.0,21.81,22.57,22.19,9,49,35,0.0958904109589041,1.0445260663507108,ITM,17.2,0.055549999999999995,0.05258293838862559
2023-08-25,2023-09-29,CALL,440.79,420.0,23.55,24.34,23.945,8,5292,35,0.0958904109589041,1.0495,ITM,17.2,0.055549999999999995,0.057011904761904764
2023-08-25,2023-09-29,CALL,440.79,419.0,24.43,25.25,24.84,5,8,35,0.0958904109589041,1.0520047732696896,ITM,17.2,0.055549999999999995,0.05928400954653938
2023-08-25,2023-09-29,CALL,440.79,418.0,25.32,26.15,25.735,5,1871,35,0.0958904109589041,1.0545215311004783,ITM,17.2,0.055549999999999995,0.06156698564593301
2023-08-25,2023-09-29,CALL,440.79,421.0,22.67,23.46,23.065,10,6,35,0.0958904109589041,1.0470071258907363,ITM,17.2,0.055549999999999995,0.05478622327790974
2023-08-25,2023-09-29,CALL,440.79,428.0,16.78,17.4,17.09,15,31,35,0.0958904109589041,1.0298831775700934,ATM,17.2,0.055549999999999995,0.039929906542056075
2023-08-25,2023-09-29,CALL,440.79,438.0,9.52,9.56,9.54,568,440,35,0.0958904109589041,1.0063698630136986,ATM,17.2,0.055549999999999995,0.021780821917808217
2023-08-25,2023-09-29,CALL,440.79,437.0,10.17,10.27,10.22,260,4036,35,0.0958904109589041,1.0086727688787185,ATM,17.2,0.055549999999999995,0.023386727688787187
2023-08-25,2023-09-29,CALL,440.79,436.0,10.88,10.98,10.93,303,617,35,0.0958904109589041,1.01098623853211,ATM,17.2,0.055549999999999995,0.02506880733944954
2023-08-25,2023-09-29,CALL,440.79,435.0,11.6,11.68,11.64,143,9299,35,0.0958904109589041,1.0133103448275862,ATM,17.2,0.055549999999999995,0.026758620689655174
2023-08-25,2023-09-29,CALL,440.79,434.0,12.33,12.44,12.385,55,366,35,0.0958904109589041,1.0156451612903226,ATM,17.2,0.055549999999999995,0.028536866359447004
2023-08-25,2023-09-29,CALL,440.79,433.0,13.08,13.19,13.135,12,4220,35,0.0958904109589041,1.0179907621247113,ATM,17.2,0.055549999999999995,0.03033487297921478
2023-08-25,2023-09-29,CALL,440.79,432.0,13.77,14.03,13.9,23,101,35,0.0958904109589041,1.020347222222222,ATM,17.2,0.055549999999999995,0.03217592592592593
2023-08-25,2023-09-29,CALL,440.79,431.0,14.54,14.81,14.675,12,146,35,0.0958904109589041,1.0227146171693735,ATM,17.2,0.055549999999999995,0.03404872389791183
2023-08-25,2023-09-29,CALL,440.79,430.0,15.34,15.56,15.45,80,8875,35,0.0958904109589041,1.025093023255814,ATM,17.2,0.055549999999999995,0.035930232558139534
2023-08-25,2023-09-29,CALL,440.79,415.0,28.03,28.89,28.46,3,3389,35,0.0958904109589041,1.0621445783132528,ITM,17.2,0.055549999999999995,0.06857831325301204
2023-08-25,2023-10-06,CALL,440.79,460.0,1.25,1.28,1.265,448,91,42,0.1150684931506849,0.9582391304347824,OTM,17.2,0.05548,0.00275
2023-08-25,2023-10-06,CALL,440.79,465.0,0.63,0.65,0.64,520,193,42,0.1150684931506849,0.9479354838709676,OTM,17.2,0.05548,0.0013763440860215055
2023-08-25,2023-10-06,CALL,440.79,470.0,0.31,0.32,0.315,159,50,42,0.1150684931506849,0.9378510638297872,OTM,17.2,0.05548,0.0006702127659574468
2023-08-25,2023-09-29,CALL,440.79,462.0,0.61,0.62,0.615,736,2301,35,0.0958904109589041,0.954090909090909,OTM,17.2,0.055549999999999995,0.0013311688311688312
2023-08-25,2023-09-29,CALL,440.79,449.0,3.54,3.57,3.555,834,7751,35,0.0958904109589041,0.9817149220489976,ATM,17.2,0.055549999999999995,0.00791759465478842
2023-08-25,2023-09-29,CALL,440.79,448.0,3.95,3.98,3.965,1359,1867,35,0.0958904109589041,0.98390625,ATM,17.2,0.055549999999999995,0.008850446428571428
2023-08-25,2023-09-29,CALL,440.79,447.0,4.39,4.42,4.404999999999999,1246,6071,35,0.0958904109589041,0.9861073825503356,ATM,17.2,0.055549999999999995,0.009854586129753913
2023-08-25,2023-09-29,CALL,440.79,446.0,4.85,4.88,4.865,1706,1712,35,0.0958904109589041,0.988318385650224,ATM,17.2,0.055549999999999995,0.010908071748878924
2023-08-25,2023-09-29,CALL,440.79,445.0,5.35,5.38,5.365,2646,15186,35,0.0958904109589041,0.9905393258426964,ATM,17.2,0.055549999999999995,0.012056179775280899
2023-08-25,2023-09-29,CALL,440.79,444.0,5.87,5.9,5.885,982,1462,35,0.0958904109589041,0.9927702702702702,ATM,17.2,0.055549999999999995,0.013254504504504504
2023-08-25,2023-09-29,CALL,440.79,443.0,6.42,6.45,6.4350000000000005,479,3209,35,0.0958904109589041,0.9950112866817156,ATM,17.2,0.055549999999999995,0.014525959367945825
2023-08-25,2023-09-29,CALL,440.79,442.0,6.99,7.03,7.01,330,891,35,0.0958904109589041,0.997262443438914,ATM,17.2,0.055549999999999995,0.01585972850678733
2023-08-25,2023-09-29,CALL,440.79,441.0,7.59,7.62,7.605,563,6614,35,0.0958904109589041,0.9995238095238096,ATM,17.2,0.055549999999999995,0.017244897959183676
2023-08-25,2023-09-29,CALL,440.79,450.0,3.17,3.19,3.18,4214,39553,35,0.0958904109589041,0.9795333333333331,ATM,17.2,0.055549999999999995,0.007066666666666667
2023-08-25,2023-10-06,CALL,440.79,441.0,8.62,8.67,8.645,108,93,42,0.1150684931506849,0.9995238095238096,ATM,17.2,0.05548,0.0196031746031746
2023-08-25,2023-09-29,CALL,440.79,461.0,0.71,0.72,0.715,283,4721,35,0.0958904109589041,0.9561605206073752,OTM,17.2,0.055549999999999995,0.0015509761388286334
2023-08-25,2023-09-29,CALL,440.79,460.0,0.82,0.84,0.83,1079,10827,35,0.0958904109589041,0.9582391304347824,OTM,17.2,0.055549999999999995,0.0018043478260869564
2023-08-25,2023-09-29,CALL,440.79,459.0,0.96,0.97,0.965,216,1773,35,0.0958904109589041,0.9603267973856208,OTM,17.2,0.055549999999999995,0.00210239651416122
2023-08-25,2023-09-29,CALL,440.79,458.0,1.11,1.13,1.12,693,2823,35,0.0958904109589041,0.962423580786026,OTM,17.2,0.055549999999999995,0.002445414847161572
2023-08-25,2023-09-29,CALL,440.79,457.0,1.28,1.3,1.29,351,3383,35,0.0958904109589041,0.9645295404814004,OTM,17.2,0.055549999999999995,0.002822757111597374
2023-08-25,2023-09-29,CALL,440.79,463.0,0.52,0.53,0.525,681,3702,35,0.0958904109589041,0.9520302375809936,OTM,17.2,0.055549999999999995,0.0011339092872570194
2023-08-25,2023-09-29,CALL,440.79,456.0,1.47,1.49,1.48,635,5494,35,0.0958904109589041,0.9666447368421052,OTM,17.2,0.055549999999999995,0.003245614035087719
2023-08-25,2023-09-29,CALL,440.79,464.0,0.44,0.46,0.45,292,2841,35,0.0958904109589041,0.949978448275862,OTM,17.2,0.055549999999999995,0.0009698275862068965
2023-08-25,2023-10-06,CALL,440.79,434.0,13.14,13.63,13.385000000000002,103,1,42,0.1150684931506849,1.0156451612903226,ATM,17.2,0.05548,0.030841013824884796
2023-08-25,2023-09-29,CALL,440.79,473.0,0.12,0.13,0.125,104,2409,35,0.0958904109589041,0.9319027484143764,OTM,17.2,0.055549999999999995,0.0002642706131078224
2023-08-25,2023-09-29,CALL,440.79,471.0,0.15,0.16,0.155,16,2088,35,0.0958904109589041,0.9358598726114647,OTM,17.2,0.055549999999999995,0.00032908704883227177
2023-08-25,2023-09-29,CALL,440.79,470.0,0.18,0.19,0.185,128,6619,35,0.0958904109589041,0.9378510638297872,OTM,17.2,0.055549999999999995,0.00039361702127659574
2023-08-25,2023-09-29,CALL,440.79,469.0,0.21,0.22,0.215,40,1889,35,0.0958904109589041,0.9398507462686566,OTM,17.2,0.055549999999999995,0.0004584221748400853
2023-08-25,2023-09-29,CALL,440.79,468.0,0.24,0.25,0.245,71,3192,35,0.0958904109589041,0.9418589743589744,OTM,17.2,0.055549999999999995,0.0005235042735042735
2023-08-25,2023-09-29,CALL,440.79,467.0,0.28,0.29,0.285,594,2616,35,0.0958904109589041,0.9438758029978586,OTM,17.2,0.055549999999999995,0.0006102783725910063
2023-08-25,2023-09-29,CALL,440.79,466.0,0.33,0.34,0.335,142,4766,35,0.0958904109589041,0.945901287553648,OTM,17.2,0.055549999999999995,0.0007188841201716739
2023-08-25,2023-09-29,CALL,440.79,465.0,0.38,0.39,0.385,460,13267,35,0.0958904109589041,0.9479354838709676,OTM,17.2,0.055549999999999995,0.0008279569892473118
2023-08-25,2023-09-29,CALL,440.79,472.0,0.13,0.14,0.135,55,3576,35,0.0958904109589041,0.9338771186440676,OTM,17.2,0.055549999999999995,0.0002860169491525424
2023-08-25,2023-10-06,CALL,440.79,432.0,14.62,15.14,14.88,7,1,42,0.1150684931506849,1.020347222222222,ATM,17.2,0.05548,0.034444444444444444
2023-08-25,2023-10-06,CALL,440.79,440.0,9.25,9.28,9.265,347,65,42,0.1150684931506849,1.0017954545454544,ATM,17.2,0.05548,0.021056818181818183
2023-08-25,2023-10-06,CALL,440.79,439.0,9.89,9.94,9.915,208,23,42,0.1150684931506849,1.0040774487471524,ATM,17.2,0.05548,0.02258542141230068
2023-08-25,2023-10-06,CALL,440.79,438.0,10.55,10.59,10.57,309,42,42,0.1150684931506849,1.0063698630136986,ATM,17.2,0.05548,0.0241324200913242
2023-08-25,2023-10-06,CALL,440.79,437.5,10.89,10.94,10.915,22,7,42,0.1150684931506849,1.00752,ATM,17.2,0.05548,0.024948571428571428
2023-08-25,2023-10-06,CALL,440.79,437.0,11.03,11.47,11.25,18,24,42,0.1150684931506849,1.0086727688787185,ATM,17.2,0.05548,0.02574370709382151
2023-08-25,2023-10-06,CALL,440.79,436.0,11.72,12.18,11.95,28,3,42,0.1150684931506849,1.01098623853211,ATM,17.2,0.05548,0.027408256880733943
2023-08-25,2023-10-06,CALL,440.79,435.0,12.43,12.9,12.665,69,8,42,0.1150684931506849,1.0133103448275862,ATM,17.2,0.05548,0.02911494252873563
2023-08-25,2023-10-06,CALL,440.79,433.0,13.88,14.38,14.13,21,1,42,0.1150684931506849,1.0179907621247113,ATM,17.2,0.05548,0.03263279445727483
2023-08-25,2023-09-29,CALL,440.79,455.0,1.69,1.71,1.7,2693,16934,35,0.0958904109589041,0.9687692307692308,OTM,17.2,0.055549999999999995,0.0037362637362637363
2023-08-25,2023-09-29,CALL,440.79,454.0,1.93,1.95,1.94,693,4624,35,0.0958904109589041,0.9709030837004404,ATM,17.2,0.055549999999999995,0.004273127753303965
2023-08-25,2023-09-29,CALL,440.79,453.0,2.2,2.22,2.21,966,6957,35,0.0958904109589041,0.973046357615894,ATM,17.2,0.055549999999999995,0.004878587196467991
2023-08-25,2023-10-20,CALL,440.79,409.0,35.69,36.48,36.085,1,42,56,0.1534246575342465,1.077726161369193,ITM,17.2,0.05534,0.08822738386308068
2023-08-25,2023-10-20,CALL,440.79,408.0,36.56,37.39,36.975,2,11,56,0.1534246575342465,1.0803676470588237,ITM,17.2,0.05534,0.090625
2023-08-25,2023-10-06,CALL,440.79,450.0,4.0,4.04,4.02,171,350,42,0.1150684931506849,0.9795333333333331,ATM,17.2,0.05548,0.008933333333333333
2023-08-25,2023-10-06,CALL,440.79,449.0,4.41,4.45,4.43,70,2,42,0.1150684931506849,0.9817149220489976,ATM,17.2,0.05548,0.009866369710467705
2023-08-25,2023-10-06,CALL,440.79,448.0,4.85,4.89,4.869999999999999,14,10,42,0.1150684931506849,0.98390625,ATM,17.2,0.05548,0.010870535714285713
2023-08-25,2023-10-06,CALL,440.79,447.5,5.08,5.12,5.1,9,193,42,0.1150684931506849,0.9850055865921789,ATM,17.2,0.05548,0.011396648044692736
2023-08-25,2023-10-06,CALL,440.79,447.0,5.32,5.36,5.34,15,7,42,0.1150684931506849,0.9861073825503356,ATM,17.2,0.05548,0.011946308724832214
2023-08-25,2023-10-06,CALL,440.79,446.0,5.81,5.85,5.83,58,10,42,0.1150684931506849,0.988318385650224,ATM,17.2,0.05548,0.013071748878923766
2023-08-25,2023-10-06,CALL,440.79,445.0,6.33,6.36,6.345000000000001,518,50,42,0.1150684931506849,0.9905393258426964,ATM,17.2,0.05548,0.014258426966292136
2023-08-25,2023-10-06,CALL,440.79,444.0,6.87,6.9,6.885,131,19,42,0.1150684931506849,0.9927702702702702,ATM,17.2,0.05548,0.015506756756756756
2023-08-25,2023-10-06,CALL,440.79,443.0,7.43,7.48,7.455,32,10,42,0.1150684931506849,0.9950112866817156,ATM,17.2,0.05548,0.016828442437923252
2023-08-25,2023-10-06,CALL,440.79,442.5,7.72,7.77,7.744999999999999,20,6,42,0.1150684931506849,0.996135593220339,ATM,17.2,0.05548,0.01750282485875706
2023-08-25,2023-10-06,CALL,440.79,451.0,3.61,3.65,3.63,226,106,42,0.1150684931506849,0.977361419068736,ATM,17.2,0.05548,0.008048780487804878
2023-08-25,2023-10-06,CALL,440.79,442.0,8.01,8.05,8.030000000000001,94,11,42,0.1150684931506849,0.997262443438914,ATM,17.2,0.05548,0.01816742081447964
2023-08-25,2023-10-06,CALL,440.79,452.5,3.09,3.12,3.105,2,17,42,0.1150684931506849,0.974121546961326,ATM,17.2,0.05548,0.006861878453038674
2023-08-25,2023-10-20,CALL,440.79,402.0,42.03,42.89,42.46,2,51,56,0.1534246575342465,1.0964925373134329,ITM,17.2,0.05534,0.10562189054726369
2023-08-25,2023-10-06,CALL,440.79,475.0,0.15,0.17,0.16,62,146,42,0.1150684931506849,0.927978947368421,OTM,17.2,0.05548,0.0003368421052631579
2023-08-25,2023-10-20,CALL,440.79,424.0,22.77,23.39,23.08,13,295,56,0.1534246575342465,1.0395990566037736,ITM,17.2,0.05534,0.05443396226415094
2023-08-25,2023-10-20,CALL,440.79,425.0,22.09,22.38,22.235,504,12772,56,0.1534246575342465,1.0371529411764706,ITM,17.2,0.05534,0.05231764705882353
2023-08-25,2023-10-20,CALL,440.79,426.0,21.17,21.6,21.385,186,480,56,0.1534246575342465,1.0347183098591548,ITM,17.2,0.05534,0.05019953051643193
2023-08-25,2023-10-20,CALL,440.79,427.0,20.54,20.78,20.66,4,373,56,0.1534246575342465,1.032295081967213,ITM,17.2,0.05534,0.04838407494145199
2023-08-25,2023-09-29,CALL,440.79,452.0,2.49,2.51,2.5,8202,2580,35,0.0958904109589041,0.9751991150442476,ATM,17.2,0.055549999999999995,0.0055309734513274336
2023-08-25,2023-09-29,CALL,440.79,451.0,2.81,2.84,2.825,1192,2157,35,0.0958904109589041,0.977361419068736,ATM,17.2,0.055549999999999995,0.0062638580931263866
2023-08-25,2023-09-29,CALL,440.79,440.0,8.21,8.24,8.225000000000001,2424,13883,35,0.0958904109589041,1.0017954545454544,ATM,17.2,0.055549999999999995,0.01869318181818182
2023-08-25,2023-10-20,CALL,440.79,420.0,26.19,26.67,26.43,100,11305,56,0.1534246575342465,1.0495,ITM,17.2,0.05534,0.06292857142857143
2023-08-25,2023-10-20,CALL,440.79,419.0,26.93,27.63,27.28,11,3,56,0.1534246575342465,1.0520047732696896,ITM,17.2,0.05534,0.0651073985680191
2023-08-25,2023-10-20,CALL,440.79,418.0,27.78,28.5,28.14,2,8,56,0.1534246575342465,1.0545215311004783,ITM,17.2,0.05534,0.06732057416267943
2023-08-25,2023-10-20,CALL,440.79,417.0,28.63,29.36,28.995,2,13,56,0.1534246575342465,1.05705035971223,ITM,17.2,0.05534,0.06953237410071943
2023-08-25,2023-10-20,CALL,440.79,416.0,29.49,30.24,29.865,1,21,56,0.1534246575342465,1.059591346153846,ITM,17.2,0.05534,0.07179086538461538
2023-08-25,2023-09-29,CALL,440.79,405.0,37.34,38.28,37.81,3,1101,35,0.0958904109589041,1.0883703703703702,ITM,17.2,0.055549999999999995,0.09335802469135802
2023-08-25,2023-10-20,CALL,440.79,415.0,30.36,31.12,30.74,5,9565,56,0.1534246575342465,1.0621445783132528,ITM,17.2,0.05534,0.0740722891566265
2023-08-25,2023-10-20,CALL,440.79,410.0,34.77,35.57,35.17,98,2466,56,0.1534246575342465,1.0750975609756095,ITM,17.2,0.05534,0.08578048780487806
2023-08-25,2023-10-20,CALL,440.79,421.0,25.25,25.9,25.575,1,2118,56,0.1534246575342465,1.0470071258907363,ITM,17.2,0.05534,0.06074821852731591
2023-08-25,2023-10-20,CALL,440.79,422.0,24.42,25.05,24.735,4,42,56,0.1534246575342465,1.0445260663507108,ITM,17.2,0.05534,0.05861374407582938
2023-08-25,2023-10-20,CALL,440.79,432.0,16.74,16.84,16.79,94,198,56,0.1534246575342465,1.020347222222222,ATM,17.2,0.05534,0.038865740740740735
2023-08-25,2023-10-20,CALL,440.79,431.0,17.44,17.66,17.55,15,173,56,0.1534246575342465,1.0227146171693735,ATM,17.2,0.05534,0.04071925754060325
2023-08-25,2023-10-20,CALL,440.79,430.0,18.27,18.37,18.32,1795,16204,56,0.1534246575342465,1.025093023255814,ATM,17.2,0.05534,0.0426046511627907
2023-08-25,2023-10-20,CALL,440.79,429.0,18.97,19.2,19.085,2,124,56,0.1534246575342465,1.0274825174825173,ATM,17.2,0.05534,0.044487179487179486
2023-08-25,2023-10-20,CALL,440.79,428.0,19.75,19.96,19.855,2,36,56,0.1534246575342465,1.0298831775700934,ATM,17.2,0.05534,0.04639018691588785
2023-08-25,2023-10-20,CALL,440.79,413.0,32.11,32.88,32.495000000000005,1,15,56,0.1534246575342465,1.0672881355932202,ITM,17.2,0.05534,0.07868038740920098
2023-08-25,2023-09-22,CALL,440.79,468.0,0.13,0.14,0.135,31,270,28,0.0767123287671232,0.9418589743589744,OTM,17.2,0.0556,0.0002884615384615385
2023-08-25,2023-09-22,CALL,440.79,467.0,0.15,0.16,0.155,22,121,28,0.0767123287671232,0.9438758029978586,OTM,17.2,0.0556,0.00033190578158458244
2023-08-25,2023-09-22,CALL,440.79,466.0,0.18,0.19,0.185,48,386,28,0.0767123287671232,0.945901287553648,OTM,17.2,0.0556,0.0003969957081545064
2023-08-25,2023-10-20,CALL,440.79,462.0,1.8,1.82,1.81,5550,7327,56,0.1534246575342465,0.954090909090909,OTM,17.2,0.05534,0.003917748917748918
2023-08-25,2023-10-20,CALL,440.79,461.0,2.01,2.03,2.02,517,3972,56,0.1534246575342465,0.9561605206073752,OTM,17.2,0.05534,0.00438177874186551
2023-08-25,2023-10-20,CALL,440.79,460.0,2.23,2.25,2.24,3870,24646,56,0.1534246575342465,0.9582391304347824,OTM,17.2,0.05534,0.004869565217391305
2023-08-25,2023-10-20,CALL,440.79,459.0,2.47,2.49,2.4800000000000004,368,2624,56,0.1534246575342465,0.9603267973856208,OTM,17.2,0.05534,0.005403050108932462
2023-08-25,2023-10-20,CALL,440.79,458.0,2.74,2.76,2.75,835,6434,56,0.1534246575342465,0.962423580786026,OTM,17.2,0.05534,0.006004366812227074
2023-08-25,2023-10-20,CALL,440.79,474.0,0.44,0.46,0.45,214,4563,56,0.1534246575342465,0.9299367088607594,OTM,17.2,0.05534,0.000949367088607595
2023-08-25,2023-10-20,CALL,440.79,475.0,0.39,0.41,0.4,578,20313,56,0.1534246575342465,0.927978947368421,OTM,17.2,0.05534,0.0008421052631578948
2023-08-25,2023-11-17,CALL,440.79,410.0,38.12,38.85,38.485,5,117,84,0.2301369863013698,1.0750975609756095,ITM,17.2,0.055919354838709676,0.09386585365853659
2023-08-25,2023-10-20,CALL,440.79,486.0,0.12,0.13,0.125,3,1528,56,0.1534246575342465,0.9069753086419752,OTM,17.2,0.05534,0.000257201646090535
2023-08-25,2023-10-20,CALL,440.79,485.0,0.13,0.14,0.135,55,11171,56,0.1534246575342465,0.9088453608247422,OTM,17.2,0.05534,0.00027835051546391755
2023-08-25,2023-10-20,CALL,440.79,484.0,0.15,0.16,0.155,11,1627,56,0.1534246575342465,0.9107231404958676,OTM,17.2,0.05534,0.00032024793388429754
2023-08-25,2023-10-20,CALL,440.79,482.0,0.18,0.19,0.185,223,1544,56,0.1534246575342465,0.9145020746887966,OTM,17.2,0.05534,0.0003838174273858921
2023-08-25,2023-10-20,CALL,440.79,480.0,0.22,0.23,0.225,330,20513,56,0.1534246575342465,0.9183125,OTM,17.2,0.05534,0.00046875000000000004
2023-08-25,2023-10-20,CALL,440.79,478.0,0.28,0.29,0.285,119,3367,56,0.1534246575342465,0.9221548117154812,OTM,17.2,0.05534,0.0005962343096234309
2023-08-25,2023-10-20,CALL,440.79,476.0,0.35,0.36,0.355,479,11028,56,0.1534246575342465,0.9260294117647058,OTM,17.2,0.05534,0.000745798319327731
2023-08-25,2023-10-20,CALL,440.79,457.0,3.02,3.04,3.03,1192,2095,56,0.1534246575342465,0.9645295404814004,OTM,17.2,0.05534,0.0066301969365426695
2023-08-25,2023-10-20,CALL,440.79,456.0,3.32,3.35,3.335,1037,7193,56,0.1534246575342465,0.9666447368421052,OTM,17.2,0.05534,0.00731359649122807
2023-08-25,2023-10-20,CALL,440.79,463.0,1.62,1.63,1.625,215,2031,56,0.1534246575342465,0.9520302375809936,OTM,17.2,0.05534,0.003509719222462203
2023-08-25,2023-10-20,CALL,440.79,443.0,9.31,9.35,9.33,591,5562,56,0.1534246575342465,0.9950112866817156,ATM,17.2,0.05534,0.02106094808126411
2023-08-25,2023-10-20,CALL,440.79,472.0,0.56,0.58,0.5700000000000001,259,4220,56,0.1534246575342465,0.9338771186440676,OTM,17.2,0.05534,0.0012076271186440678
2023-08-25,2023-10-20,CALL,440.79,465.0,1.29,1.31,1.3,1351,21909,56,0.1534246575342465,0.9479354838709676,OTM,17.2,0.05534,0.002795698924731183
2023-08-25,2023-12-15,CALL,440.79,485.0,1.18,1.21,1.1949999999999998,107,8166,112,0.3068493150684931,0.9088453608247422,OTM,17.2,0.055964516129032256,0.0024639175257731957
2023-08-25,2023-12-15,CALL,440.79,487.0,1.01,1.03,1.02,3,2573,112,0.3068493150684931,0.9051129363449693,OTM,17.2,0.055964516129032256,0.0020944558521560574
2023-08-25,2023-09-01,CALL,238.33,237.5,6.2,6.3,6.25,24423,3543,7,0.0191780821917808,1.0034947368421052,ATM,17.2,0.0556,0.02631578947368421
2023-08-25,2023-09-01,CALL,238.33,235.0,7.65,7.7,7.675000000000001,36112,5606,7,0.0191780821917808,1.014170212765957,ATM,17.2,0.0556,0.03265957446808511
2023-08-25,2023-09-01,CALL,238.33,232.5,9.25,9.3,9.275,13139,2920,7,0.0191780821917808,1.0250752688172042,ATM,17.2,0.0556,0.03989247311827957
2023-08-25,2023-09-01,CALL,238.33,230.0,11.0,11.1,11.05,50173,6061,7,0.0191780821917808,1.0362173913043478,ITM,17.2,0.0556,0.04804347826086957
2023-08-25,2023-09-01,CALL,238.33,227.5,12.9,13.0,12.95,3377,2103,7,0.0191780821917808,1.0476043956043954,ITM,17.2,0.0556,0.056923076923076917
2023-08-25,2023-09-01,CALL,238.33,225.0,14.95,15.05,15.0,3075,3581,7,0.0191780821917808,1.0592444444444444,ITM,17.2,0.0556,0.06666666666666667
2023-08-25,2023-09-01,CALL,238.33,222.5,17.05,17.15,17.1,1516,1063,7,0.0191780821917808,1.0711460674157305,ITM,17.2,0.0556,0.07685393258426967
2023-08-25,2023-09-01,CALL,238.33,220.0,19.3,19.4,19.35,1718,2800,7,0.0191780821917808,1.0833181818181818,ITM,17.2,0.0556,0.08795454545454547
2023-08-25,2023-09-01,CALL,238.33,217.5,21.55,21.7,21.625,862,871,7,0.0191780821917808,1.0957701149425287,ITM,17.2,0.0556,0.09942528735632183
2023-08-25,2023-12-15,CALL,440.79,489.0,0.86,0.88,0.87,455,2557,112,0.3068493150684931,0.9014110429447852,OTM,17.2,0.055964516129032256,0.0017791411042944786
2023-08-25,2023-12-15,CALL,440.79,488.0,0.93,0.95,0.94,369,1997,112,0.3068493150684931,0.9032581967213114,OTM,17.2,0.055964516129032256,0.0019262295081967213
2023-08-25,2023-12-15,CALL,440.79,486.0,1.09,1.11,1.1,543,1989,112,0.3068493150684931,0.9069753086419752,OTM,17.2,0.055964516129032256,0.002263374485596708
2023-08-25,2023-10-20,CALL,440.79,470.0,0.72,0.73,0.725,3025,21758,56,0.1534246575342465,0.9378510638297872,OTM,17.2,0.05534,0.0015425531914893616
2023-08-25,2023-10-20,CALL,440.79,468.0,0.91,0.93,0.92,453,4658,56,0.1534246575342465,0.9418589743589744,OTM,17.2,0.05534,0.001965811965811966
2023-08-25,2023-10-20,CALL,440.79,466.0,1.15,1.17,1.16,449,5473,56,0.1534246575342465,0.945901287553648,OTM,17.2,0.05534,0.0024892703862660942
2023-08-25,2023-10-20,CALL,440.79,464.0,1.45,1.46,1.455,310,6067,56,0.1534246575342465,0.949978448275862,OTM,17.2,0.05534,0.0031357758620689656
2023-08-25,2023-10-20,CALL,440.79,442.0,9.91,9.95,9.93,1713,5939,56,0.1534246575342465,0.997262443438914,ATM,17.2,0.05534,0.02246606334841629
2023-08-25,2023-10-20,CALL,440.79,441.0,10.54,10.57,10.555,726,3236,56,0.1534246575342465,0.9995238095238096,ATM,17.2,0.05534,0.02393424036281179
2023-08-25,2023-10-20,CALL,440.79,440.0,11.17,11.2,11.185,3155,17456,56,0.1534246575342465,1.0017954545454544,ATM,17.2,0.05534,0.025420454545454548
2023-08-25,2023-11-17,CALL,440.79,448.0,10.02,10.07,10.045,153,1360,84,0.2301369863013698,0.98390625,ATM,17.2,0.055919354838709676,0.022421875
2023-08-25,2023-11-17,CALL,440.79,446.0,11.16,11.2,11.18,335,1985,84,0.2301369863013698,0.988318385650224,ATM,17.2,0.055919354838709676,0.02506726457399103
2023-08-25,2023-11-17,CALL,440.79,445.0,11.75,11.79,11.77,2606,14483,84,0.2301369863013698,0.9905393258426964,ATM,17.2,0.055919354838709676,0.02644943820224719
2023-08-25,2023-11-17,CALL,440.79,444.0,12.35,12.39,12.37,115,5778,84,0.2301369863013698,0.9927702702702702,ATM,17.2,0.055919354838709676,0.02786036036036036
2023-08-25,2023-11-17,CALL,440.79,458.0,5.36,5.4,5.380000000000001,329,2815,84,0.2301369863013698,0.962423580786026,OTM,17.2,0.055919354838709676,0.011746724890829697
2023-08-25,2023-11-17,CALL,440.79,460.0,4.65,4.68,4.665,2568,17901,84,0.2301369863013698,0.9582391304347824,OTM,17.2,0.055919354838709676,0.010141304347826088
2023-08-25,2023-12-15,CALL,440.79,405.0,45.24,46.13,45.685,1,6480,112,0.3068493150684931,1.0883703703703702,ITM,17.2,0.055964516129032256,0.11280246913580247
2023-08-25,2023-11-17,CALL,440.79,485.0,0.52,0.54,0.53,56,7691,84,0.2301369863013698,0.9088453608247422,OTM,17.2,0.055919354838709676,0.0010927835051546392
2023-08-25,2023-11-17,CALL,440.79,480.0,0.83,0.85,0.84,126,21268,84,0.2301369863013698,0.9183125,OTM,17.2,0.055919354838709676,0.00175
2023-08-25,2023-11-17,CALL,440.79,475.0,1.33,1.35,1.34,162,12417,84,0.2301369863013698,0.927978947368421,OTM,17.2,0.055919354838709676,0.0028210526315789477
2023-08-25,2023-11-17,CALL,440.79,470.0,2.08,2.1,2.09,963,3112,84,0.2301369863013698,0.9378510638297872,OTM,17.2,0.055919354838709676,0.004446808510638297
2023-08-25,2023-11-17,CALL,440.79,465.0,3.17,3.19,3.18,1627,16464,84,0.2301369863013698,0.9479354838709676,OTM,17.2,0.055919354838709676,0.006838709677419355
2023-08-25,2023-11-17,CALL,440.79,464.0,3.43,3.45,3.4400000000000004,1190,1625,84,0.2301369863013698,0.949978448275862,OTM,17.2,0.055919354838709676,0.007413793103448277
2023-08-25,2023-11-17,CALL,440.79,462.0,4.0,4.03,4.015000000000001,1137,6446,84,0.2301369863013698,0.954090909090909,OTM,17.2,0.055919354838709676,0.008690476190476191
2023-08-25,2023-11-17,CALL,440.79,442.0,13.59,13.65,13.62,232,5430,84,0.2301369863013698,0.997262443438914,ATM,17.2,0.055919354838709676,0.030814479638009047
2023-08-25,2023-11-17,CALL,440.79,440.0,14.89,14.94,14.915,1366,13015,84,0.2301369863013698,1.0017954545454544,ATM,17.2,0.055919354838709676,0.033897727272727274
2023-08-25,2023-11-17,CALL,440.79,427.0,24.21,24.44,24.325000000000003,2,70,84,0.2301369863013698,1.032295081967213,ITM,17.2,0.055919354838709676,0.056967213114754105
2023-08-25,2023-11-17,CALL,440.79,450.0,8.96,9.0,8.98,1796,15423,84,0.2301369863013698,0.9795333333333331,ATM,17.2,0.055919354838709676,0.019955555555555556
2023-08-25,2023-11-17,CALL,440.79,452.0,7.95,7.99,7.970000000000001,391,255,84,0.2301369863013698,0.9751991150442476,ATM,17.2,0.055919354838709676,0.01763274336283186
2023-08-25,2023-11-17,CALL,440.79,454.0,7.02,7.06,7.039999999999999,85,462,84,0.2301369863013698,0.9709030837004404,ATM,17.2,0.055919354838709676,0.015506607929515416
2023-08-25,2023-11-17,CALL,440.79,455.0,6.58,6.62,6.6,883,8856,84,0.2301369863013698,0.9687692307692308,OTM,17.2,0.055919354838709676,0.014505494505494505
2023-08-25,2023-10-20,CALL,440.79,439.0,11.82,11.86,11.84,710,1801,56,0.1534246575342465,1.0040774487471524,ATM,17.2,0.05534,0.026970387243735763
2023-08-25,2023-10-20,CALL,440.79,438.0,12.49,12.54,12.515,1492,2536,56,0.1534246575342465,1.0063698630136986,ATM,17.2,0.05534,0.028573059360730596
2023-08-25,2023-10-20,CALL,440.79,437.0,13.15,13.23,13.19,1388,1907,56,0.1534246575342465,1.0086727688787185,ATM,17.2,0.05534,0.030183066361556064
2023-08-25,2023-10-20,CALL,440.79,436.0,13.85,13.92,13.885,585,2121,56,0.1534246575342465,1.01098623853211,ATM,17.2,0.05534,0.03184633027522936
2023-08-25,2023-10-20,CALL,440.79,435.0,14.56,14.63,14.595,1032,7966,56,0.1534246575342465,1.0133103448275862,ATM,17.2,0.05534,0.03355172413793103
2023-08-25,2023-10-20,CALL,440.79,444.0,8.72,8.75,8.735,1057,4926,56,0.1534246575342465,0.9927702702702702,ATM,17.2,0.05534,0.019673423423423424
2023-08-25,2023-10-20,CALL,440.79,455.0,3.65,3.68,3.665,4571,23701,56,0.1534246575342465,0.9687692307692308,OTM,17.2,0.05534,0.008054945054945055
2023-08-25,2023-10-20,CALL,440.79,454.0,4.0,4.03,4.015000000000001,906,5279,56,0.1534246575342465,0.9709030837004404,ATM,17.2,0.05534,0.008843612334801763
2023-08-25,2023-12-15,CALL,440.79,466.0,4.79,4.83,4.8100000000000005,548,5063,112,0.3068493150684931,0.945901287553648,OTM,17.2,0.055964516129032256,0.010321888412017168
2023-08-25,2023-10-20,CALL,440.79,453.0,4.37,4.4,4.385,2299,1256,56,0.1534246575342465,0.973046357615894,ATM,17.2,0.05534,0.00967991169977925
2023-08-25,2023-10-20,CALL,440.79,451.0,5.18,5.21,5.195,845,830,56,0.1534246575342465,0.977361419068736,ATM,17.2,0.05534,0.011518847006651886
2023-08-25,2023-10-20,CALL,440.79,450.0,5.63,5.66,5.645,4539,35528,56,0.1534246575342465,0.9795333333333331,ATM,17.2,0.05534,0.012544444444444443
2023-08-25,2023-10-20,CALL,440.79,449.0,6.1,6.13,6.115,760,2747,56,0.1534246575342465,0.9817149220489976,ATM,17.2,0.05534,0.013619153674832962
2023-08-25,2023-10-20,CALL,440.79,448.0,6.57,6.6,6.585,661,4300,56,0.1534246575342465,0.98390625,ATM,17.2,0.05534,0.014698660714285714
2023-08-25,2023-10-20,CALL,440.79,447.0,7.08,7.11,7.095000000000001,604,872,56,0.1534246575342465,0.9861073825503356,ATM,17.2,0.05534,0.01587248322147651
2023-08-25,2023-10-20,CALL,440.79,446.0,7.61,7.65,7.630000000000001,615,4165,56,0.1534246575342465,0.988318385650224,ATM,17.2,0.05534,0.017107623318385654
2023-08-25,2023-10-20,CALL,440.79,445.0,8.16,8.19,8.175,2744,30554,56,0.1534246575342465,0.9905393258426964,ATM,17.2,0.05534,0.018370786516853935
2023-08-25,2023-11-17,CALL,440.79,456.0,6.15,6.19,6.17,171,533,84,0.2301369863013698,0.9666447368421052,OTM,17.2,0.055919354838709676,0.013530701754385964
2023-08-25,2023-10-20,CALL,440.79,452.0,4.77,4.8,4.785,1165,4612,56,0.1534246575342465,0.9751991150442476,ATM,17.2,0.05534,0.010586283185840708
2023-08-25,2023-11-17,CALL,440.79,422.0,28.09,28.62,28.355,2,41,84,0.2301369863013698,1.0445260663507108,ITM,17.2,0.055919354838709676,0.06719194312796209
2023-08-25,2023-12-15,CALL,440.79,483.0,1.39,1.41,1.4,263,3792,112,0.3068493150684931,0.9126086956521738,OTM,17.2,0.055964516129032256,0.0028985507246376808
2023-08-25,2023-12-15,CALL,440.79,468.0,4.2,4.24,4.220000000000001,3,1361,112,0.3068493150684931,0.9418589743589744,OTM,17.2,0.055964516129032256,0.009017094017094019
2023-08-25,2023-12-15,CALL,440.79,459.0,7.36,7.4,7.380000000000001,532,5594,112,0.3068493150684931,0.9603267973856208,OTM,17.2,0.055964516129032256,0.01607843137254902
2023-08-25,2023-12-15,CALL,440.79,458.0,7.79,7.84,7.814999999999999,10,5486,112,0.3068493150684931,0.962423580786026,OTM,17.2,0.055964516129032256,0.017063318777292575
2023-08-25,2023-12-15,CALL,440.79,457.0,8.24,8.28,8.26,24,6038,112,0.3068493150684931,0.9645295404814004,OTM,17.2,0.055964516129032256,0.018074398249452953
2023-08-25,2023-12-15,CALL,440.79,456.0,8.7,8.75,8.725,84,4951,112,0.3068493150684931,0.9666447368421052,OTM,17.2,0.055964516129032256,0.019133771929824562
2023-08-25,2023-12-15,CALL,440.79,455.0,9.18,9.22,9.2,217,16981,112,0.3068493150684931,0.9687692307692308,OTM,17.2,0.055964516129032256,0.020219780219780218
2023-08-25,2023-12-15,CALL,440.79,454.0,9.67,9.73,9.7,10,5855,112,0.3068493150684931,0.9709030837004404,ATM,17.2,0.055964516129032256,0.021365638766519823
2023-08-25,2023-12-15,CALL,440.79,453.0,10.18,10.23,10.205,119,4465,112,0.3068493150684931,0.973046357615894,ATM,17.2,0.055964516129032256,0.02252759381898455
2023-08-25,2023-12-15,CALL,440.79,452.0,10.7,10.75,10.725,16,2492,112,0.3068493150684931,0.9751991150442476,ATM,17.2,0.055964516129032256,0.02372787610619469
2023-08-25,2023-12-15,CALL,440.79,440.0,17.93,18.04,17.985,954,11571,112,0.3068493150684931,1.0017954545454544,ATM,17.2,0.055964516129032256,0.040875
2023-08-25,2023-12-15,CALL,440.79,439.0,18.49,18.82,18.655,25,1018,112,0.3068493150684931,1.0040774487471524,ATM,17.2,0.055964516129032256,0.04249430523917996
2023-08-25,2023-12-15,CALL,440.79,426.0,28.02,28.4,28.21,1,516,112,0.3068493150684931,1.0347183098591548,ITM,17.2,0.055964516129032256,0.0662206572769953
2023-08-25,2023-12-15,CALL,440.79,425.0,28.8,29.18,28.99,20,15928,112,0.3068493150684931,1.0371529411764706,ITM,17.2,0.055964516129032256,0.06821176470588235
2023-08-25,2023-12-15,CALL,440.79,420.0,32.61,33.37,32.989999999999995,62,12089,112,0.3068493150684931,1.0495,ITM,17.2,0.055964516129032256,0.07854761904761903
2023-08-25,2023-12-15,CALL,440.79,465.0,5.12,5.15,5.135,455,9471,112,0.3068493150684931,0.9479354838709676,OTM,17.2,0.055964516129032256,0.011043010752688171
2023-08-25,2023-12-15,CALL,440.79,427.0,27.24,27.61,27.425,3,255,112,0.3068493150684931,1.032295081967213,ITM,17.2,0.055964516129032256,0.0642271662763466
2023-08-25,2023-12-15,CALL,440.79,428.0,26.45,26.89,26.67,1,667,112,0.3068493150684931,1.0298831775700934,ATM,17.2,0.055964516129032256,0.06231308411214954
2023-08-25,2023-12-15,CALL,440.79,438.0,19.27,19.54,19.405,309,1455,112,0.3068493150684931,1.0063698630136986,ATM,17.2,0.055964516129032256,0.04430365296803653
2023-08-25,2023-12-15,CALL,440.79,460.0,6.95,6.99,6.970000000000001,200,21349,112,0.3068493150684931,0.9582391304347824,OTM,17.2,0.055964516129032256,0.015152173913043479
2023-08-25,2023-12-15,CALL,440.79,437.0,19.95,20.11,20.03,162,2201,112,0.3068493150684931,1.0086727688787185,ATM,17.2,0.055964516129032256,0.045835240274599544
2023-08-25,2023-12-15,CALL,440.79,461.0,6.55,6.59,6.57,3321,3686,112,0.3068493150684931,0.9561605206073752,OTM,17.2,0.055964516129032256,0.014251626898047723
2023-08-25,2023-12-15,CALL,440.79,463.0,5.79,5.84,5.815,218,1605,112,0.3068493150684931,0.9520302375809936,OTM,17.2,0.055964516129032256,0.01255939524838013
2023-08-25,2023-09-22,CALL,440.79,465.0,0.21,0.22,0.215,392,1128,28,0.0767123287671232,0.9479354838709676,OTM,17.2,0.0556,0.00046236559139784943
2023-08-25,2023-09-22,CALL,440.79,463.0,0.3,0.31,0.305,65,1620,28,0.0767123287671232,0.9520302375809936,OTM,17.2,0.0556,0.0006587473002159827
2023-08-25,2023-09-15,CALL,440.79,462.0,0.19,0.2,0.195,501,17655,21,0.0575342465753424,0.954090909090909,OTM,17.2,0.0556,0.0004220779220779221
2023-08-25,2023-10-20,CALL,440.79,433.0,16.0,16.1,16.05,46,696,56,0.1534246575342465,1.0179907621247113,ATM,17.2,0.05534,0.03706697459584296
2023-08-25,2023-10-20,CALL,440.79,434.0,15.28,15.37,15.325,329,1080,56,0.1534246575342465,1.0156451612903226,ATM,17.2,0.05534,0.0353110599078341
2023-08-25,2023-12-15,CALL,440.79,449.0,12.36,12.41,12.385,136,5187,112,0.3068493150684931,0.9817149220489976,ATM,17.2,0.055964516129032256,0.027583518930957684
2023-08-25,2023-12-15,CALL,440.79,448.0,12.94,12.99,12.965,849,4574,112,0.3068493150684931,0.98390625,ATM,17.2,0.055964516129032256,0.028939732142857142
2023-08-25,2023-12-15,CALL,440.79,447.0,13.52,13.57,13.545,974,3901,112,0.3068493150684931,0.9861073825503356,ATM,17.2,0.055964516129032256,0.030302013422818793
2023-08-25,2023-12-15,CALL,440.79,446.0,14.12,14.18,14.15,692,4035,112,0.3068493150684931,0.988318385650224,ATM,17.2,0.055964516129032256,0.03172645739910314
2023-08-25,2023-12-15,CALL,440.79,450.0,11.8,11.84,11.82,1272,27160,112,0.3068493150684931,0.9795333333333331,ATM,17.2,0.055964516129032256,0.026266666666666667
2023-08-25,2023-12-15,CALL,440.79,444.0,15.28,15.41,15.345,531,1799,112,0.3068493150684931,0.9927702702702702,ATM,17.2,0.055964516129032256,0.03456081081081081
2023-08-25,2023-12-15,CALL,440.79,443.0,15.91,16.06,15.985,807,2644,112,0.3068493150684931,0.9950112866817156,ATM,17.2,0.055964516129032256,0.03608352144469526
2023-08-25,2023-12-15,CALL,440.79,442.0,16.61,16.73,16.67,39,6004,112,0.3068493150684931,0.997262443438914,ATM,17.2,0.055964516129032256,0.03771493212669683
2023-08-25,2023-12-15,CALL,440.79,441.0,17.26,17.37,17.315,44,2153,112,0.3068493150684931,0.9995238095238096,ATM,17.2,0.055964516129032256,0.039263038548752835
2023-08-25,2023-12-15,CALL,440.79,445.0,14.74,14.79,14.765,2752,12120,112,0.3068493150684931,0.9905393258426964,ATM,17.2,0.055964516129032256,0.033179775280898875
2023-08-25,2023-12-15,CALL,440.79,451.0,11.24,11.29,11.265,58,2735,112,0.3068493150684931,0.977361419068736,ATM,17.2,0.055964516129032256,0.024977827050997783
2023-08-25,2023-12-15,CALL,440.79,464.0,5.45,5.48,5.465,19,2245,112,0.3068493150684931,0.949978448275862,OTM,17.2,0.055964516129032256,0.01177801724137931
2023-08-25,2023-12-15,CALL,440.79,462.0,6.16,6.21,6.1850000000000005,2123,4067,112,0.3068493150684931,0.954090909090909,OTM,17.2,0.055964516129032256,0.013387445887445889
2023-08-25,2023-12-15,CALL,440.79,436.0,20.68,20.81,20.745,65,2910,112,0.3068493150684931,1.01098623853211,ATM,17.2,0.055964516129032256,0.0475802752293578
2023-08-25,2023-12-15,CALL,440.79,435.0,21.4,21.52,21.46,14,11452,112,0.3068493150684931,1.0133103448275862,ATM,17.2,0.055964516129032256,0.04933333333333333
2023-08-25,2023-12-15,CALL,440.79,434.0,22.1,22.25,22.175,3,2339,112,0.3068493150684931,1.0156451612903226,ATM,17.2,0.055964516129032256,0.05109447004608295
2023-08-25,2023-09-08,CALL,238.33,227.5,14.8,14.9,14.85,827,578,14,0.0383561643835616,1.0476043956043954,ITM,17.2,0.0556,0.06527472527472528
2023-08-25,2023-09-08,CALL,238.33,225.0,16.7,16.8,16.75,833,1382,14,0.0383561643835616,1.0592444444444444,ITM,17.2,0.0556,0.07444444444444444
2023-08-25,2023-09-01,CALL,238.33,242.5,3.95,4.0,3.975,14346,3023,7,0.0191780821917808,0.9828041237113402,ATM,17.2,0.0556,0.016391752577319587
2023-08-25,2023-09-01,CALL,238.33,240.0,5.0,5.05,5.025,48533,10149,7,0.0191780821917808,0.9930416666666666,ATM,17.2,0.0556,0.0209375
2023-08-25,2023-12-15,CALL,440.79,481.0,1.63,1.65,1.64,27,2944,112,0.3068493150684931,0.9164033264033264,OTM,17.2,0.055964516129032256,0.0034095634095634092
2023-08-25,2023-12-15,CALL,440.79,480.0,1.76,1.79,1.775,1078,46524,112,0.3068493150684931,0.9183125,OTM,17.2,0.055964516129032256,0.0036979166666666666
2023-08-25,2023-12-15,CALL,440.79,479.0,1.9,1.93,1.915,114,3388,112,0.3068493150684931,0.9202296450939456,OTM,17.2,0.055964516129032256,0.003997912317327767
2023-08-25,2023-12-15,CALL,440.79,478.0,2.05,2.08,2.065,204,1061,112,0.3068493150684931,0.9221548117154812,OTM,17.2,0.055964516129032256,0.004320083682008368
2023-08-25,2023-12-15,CALL,440.79,477.0,2.22,2.25,2.2350000000000003,3,4990,112,0.3068493150684931,0.9240880503144652,OTM,17.2,0.055964516129032256,0.00468553459119497
2023-08-25,2023-12-15,CALL,440.79,476.0,2.39,2.42,2.405,2,684,112,0.3068493150684931,0.9260294117647058,OTM,17.2,0.055964516129032256,0.005052521008403361
2023-08-25,2023-12-15,CALL,440.79,475.0,2.57,2.6,2.585,2007,12985,112,0.3068493150684931,0.927978947368421,OTM,17.2,0.055964516129032256,0.005442105263157895
2023-08-25,2023-12-15,CALL,440.79,474.0,2.77,2.8,2.785,80,3654,112,0.3068493150684931,0.9299367088607594,OTM,17.2,0.055964516129032256,0.005875527426160338
2023-08-25,2023-12-15,CALL,440.79,473.0,2.98,3.01,2.995,8,2520,112,0.3068493150684931,0.9319027484143764,OTM,17.2,0.055964516129032256,0.0063319238900634255
2023-08-25,2023-12-15,CALL,440.79,472.0,3.2,3.23,3.215,15,9613,112,0.3068493150684931,0.9338771186440676,OTM,17.2,0.055964516129032256,0.006811440677966101
2023-08-25,2023-12-15,CALL,440.79,471.0,3.42,3.46,3.44,99,4210,112,0.3068493150684931,0.9358598726114647,OTM,17.2,0.055964516129032256,0.007303609341825903
2023-08-25,2023-12-15,CALL,440.79,470.0,3.68,3.71,3.695,448,25180,112,0.3068493150684931,0.9378510638297872,OTM,17.2,0.055964516129032256,0.007861702127659574
2023-08-25,2023-12-15,CALL,440.79,469.0,3.93,3.97,3.95,11,4376,112,0.3068493150684931,0.9398507462686566,OTM,17.2,0.055964516129032256,0.008422174840085289
2023-08-25,2023-09-08,CALL,238.33,230.0,13.05,13.15,13.1,3074,1979,14,0.0383561643835616,1.0362173913043478,ITM,17.2,0.0556,0.056956521739130433
2023-08-25,2023-09-08,CALL,238.33,232.5,11.45,11.5,11.475,2372,1184,14,0.0383561643835616,1.0250752688172042,ATM,17.2,0.0556,0.04935483870967742
2023-08-25,2023-09-08,CALL,238.33,235.0,9.9,10.0,9.95,4511,2172,14,0.0383561643835616,1.014170212765957,ATM,17.2,0.0556,0.04234042553191489
2023-08-25,2023-09-08,CALL,238.33,237.5,8.5,8.6,8.55,3652,895,14,0.0383561643835616,1.0034947368421052,ATM,17.2,0.0556,0.036000000000000004
2023-08-25,2023-12-15,CALL,440.79,433.0,22.83,22.99,22.91,2,3850,112,0.3068493150684931,1.0179907621247113,ATM,17.2,0.055964516129032256,0.05290993071593533
2023-08-25,2023-12-15,CALL,440.79,430.0,25.06,25.21,25.135,76,25415,112,0.3068493150684931,1.025093023255814,ATM,17.2,0.055964516129032256,0.05845348837209303
2023-08-25,2023-12-15,CALL,440.79,429.0,25.69,26.12,25.905,1,532,112,0.3068493150684931,1.0274825174825173,ATM,17.2,0.055964516129032256,0.060384615384615384
2023-08-25,2023-12-15,CALL,440.79,410.0,40.93,41.79,41.36,10,8170,112,0.3068493150684931,1.0750975609756095,ITM,17.2,0.055964516129032256,0.1008780487804878
2023-08-25,2023-09-08,CALL,238.33,217.5,22.8,22.9,22.85,97,205,14,0.0383561643835616,1.0957701149425287,ITM,17.2,0.0556,0.10505747126436782
2023-08-25,2023-09-01,CALL,238.33,262.5,0.48,0.49,0.485,3288,1682,7,0.0191780821917808,0.9079238095238096,OTM,17.2,0.0556,0.0018476190476190476
2023-08-25,2023-09-01,CALL,238.33,260.0,0.62,0.64,0.63,22342,9572,7,0.0191780821917808,0.916653846153846,OTM,17.2,0.0556,0.002423076923076923
2023-08-25,2023-09-01,CALL,238.33,257.5,0.82,0.83,0.825,3712,1429,7,0.0191780821917808,0.9255533980582524,OTM,17.2,0.0556,0.003203883495145631
2023-08-25,2023-12-15,CALL,440.79,467.0,4.49,4.53,4.51,161,3884,112,0.3068493150684931,0.9438758029978586,OTM,17.2,0.055964516129032256,0.009657387580299786
2023-08-25,2023-09-01,CALL,238.33,255.0,1.07,1.09,1.08,9018,3402,7,0.0191780821917808,0.934627450980392,OTM,17.2,0.0556,0.004235294117647059
2023-08-25,2023-09-01,CALL,238.33,250.0,1.84,1.85,1.845,43639,16326,7,0.0191780821917808,0.95332,OTM,17.2,0.0556,0.00738
2023-08-25,2023-09-01,CALL,238.33,247.5,2.39,2.4,2.395,11735,2418,7,0.0191780821917808,0.9629494949494948,OTM,17.2,0.0556,0.009676767676767678
2023-08-25,2023-09-01,CALL,238.33,245.0,3.05,3.15,3.1,25980,6026,7,0.0191780821917808,0.9727755102040816,ATM,17.2,0.0556,0.012653061224489797
2023-08-25,2023-09-08,CALL,238.33,220.0,20.65,20.8,20.725,439,976,14,0.0383561643835616,1.0833181818181818,ITM,17.2,0.0556,0.09420454545454546
2023-08-25,2023-09-08,CALL,238.33,222.5,18.65,18.75,18.7,145,427,14,0.0383561643835616,1.0711460674157305,ITM,17.2,0.0556,0.08404494382022472
2023-08-25,2023-09-08,CALL,238.33,245.0,5.15,5.25,5.2,5015,4168,14,0.0383561643835616,0.9727755102040816,ATM,17.2,0.0556,0.02122448979591837
2023-08-25,2023-09-08,CALL,238.33,242.5,6.15,6.25,6.2,1505,644,14,0.0383561643835616,0.9828041237113402,ATM,17.2,0.0556,0.02556701030927835
2023-08-25,2023-09-08,CALL,238.33,240.0,7.25,7.35,7.3,8516,5419,14,0.0383561643835616,0.9930416666666666,ATM,17.2,0.0556,0.030416666666666665
2023-08-25,2023-09-01,CALL,238.33,252.5,1.4,1.41,1.4049999999999998,10503,3458,7,0.0191780821917808,0.9438811881188118,OTM,17.2,0.0556,0.005564356435643563
2023-08-25,2023-10-06,CALL,440.79,431.0,15.38,15.92,15.65,41,15,42,0.1150684931506849,1.0227146171693735,ATM,17.2,0.05548,0.03631090487238979
2023-08-25,2023-09-07,CALL,440.79,435.0,8.5,8.55,8.525,830,23,13,0.0356164383561643,1.0133103448275862,ATM,17.2,0.0556,0.019597701149425287
2023-08-25,2023-09-07,CALL,440.79,433.0,10.04,10.18,10.11,118,1,13,0.0356164383561643,1.0179907621247113,ATM,17.2,0.0556,0.023348729792147804
2023-08-25,2023-12-15,CALL,238.33,250.0,22.65,22.75,22.7,1149,20944,112,0.3068493150684931,0.95332,OTM,17.2,0.055964516129032256,0.09079999999999999
2023-08-25,2023-12-15,CALL,238.33,220.0,37.65,38.55,38.1,23,5415,112,0.3068493150684931,1.0833181818181818,ITM,17.2,0.055964516129032256,0.1731818181818182
2023-08-25,2023-11-17,CALL,238.33,260.0,15.4,15.45,15.425,566,3860,84,0.2301369863013698,0.916653846153846,OTM,17.2,0.055919354838709676,0.05932692307692308
2023-08-25,2023-11-17,CALL,238.33,255.0,17.2,17.3,17.25,320,4728,84,0.2301369863013698,0.934627450980392,OTM,17.2,0.055919354838709676,0.06764705882352941
2023-08-25,2023-11-17,CALL,238.33,250.0,19.2,19.3,19.25,643,4783,84,0.2301369863013698,0.95332,OTM,17.2,0.055919354838709676,0.077
2023-08-25,2023-12-15,CALL,238.33,225.0,34.85,35.45,35.150000000000006,23,2395,112,0.3068493150684931,1.0592444444444444,ITM,17.2,0.055964516129032256,0.15622222222222223
2023-08-25,2023-12-15,CALL,238.33,255.0,20.6,20.75,20.675,751,3029,112,0.3068493150684931,0.934627450980392,OTM,17.2,0.055964516129032256,0.08107843137254903
2023-08-25,2023-09-15,CALL,4413.905,4100.0,322.4,330.3,326.35,7,17049,21,0.0575342465753424,1.076562195121951,ITM,17.2,0.0556,0.07959756097560976
2023-08-25,2023-09-15,CALL,4413.905,4075.0,346.8,354.6,350.70000000000005,2,2808,21,0.0575342465753424,1.083166871165644,ITM,17.2,0.0556,0.08606134969325155
2023-08-25,2023-09-15,CALL,4413.905,4065.0,357.0,365.5,361.25,1,1,21,0.0575342465753424,1.0858314883148832,ITM,17.2,0.0556,0.08886838868388684
2023-08-25,2023-09-15,CALL,4413.905,4030.0,391.0,400.7,395.85,2,158,21,0.0575342465753424,1.095261786600496,ITM,17.2,0.0556,0.09822580645161291
2023-08-25,2023-12-15,CALL,238.33,260.0,18.75,18.85,18.8,945,14608,112,0.3068493150684931,0.916653846153846,OTM,17.2,0.055964516129032256,0.07230769230769231
2023-08-25,2023-11-17,CALL,238.33,245.0,21.35,21.45,21.4,439,2372,84,0.2301369863013698,0.9727755102040816,ATM,17.2,0.055919354838709676,0.0873469387755102
2023-08-25,2023-11-17,CALL,238.33,240.0,23.6,23.8,23.700000000000003,913,3636,84,0.2301369863013698,0.9930416666666666,ATM,17.2,0.055919354838709676,0.09875000000000002
2023-08-25,2023-10-20,CALL,238.33,225.0,27.5,27.8,27.65,105,3991,56,0.1534246575342465,1.0592444444444444,ITM,17.2,0.05534,0.12288888888888888
2023-08-25,2023-10-20,CALL,238.33,220.0,30.2,31.3,30.75,191,12265,56,0.1534246575342465,1.0833181818181818,ITM,17.2,0.05534,0.13977272727272727
2023-08-25,2023-10-06,CALL,238.33,260.0,7.75,7.95,7.85,417,339,42,0.1150684931506849,0.916653846153846,OTM,17.2,0.05548,0.030192307692307692
2023-08-25,2023-12-15,CALL,238.33,230.0,32.35,32.5,32.425,167,4296,112,0.3068493150684931,1.0362173913043478,ITM,17.2,0.055964516129032256,0.1409782608695652
2023-08-25,2023-10-06,CALL,238.33,255.0,9.3,9.5,9.4,120,38,42,0.1150684931506849,0.934627450980392,OTM,17.2,0.05548,0.03686274509803922
2023-08-25,2023-12-15,CALL,238.33,235.0,29.65,29.85,29.75,200,1416,112,0.3068493150684931,1.014170212765957,ATM,17.2,0.055964516129032256,0.12659574468085105
2023-08-25,2023-12-15,CALL,238.33,245.0,24.85,24.95,24.9,837,3432,112,0.3068493150684931,0.9727755102040816,ATM,17.2,0.055964516129032256,0.10163265306122449
2023-08-25,2023-09-08,CALL,238.33,260.0,1.68,1.7,1.69,2694,6209,14,0.0383561643835616,0.916653846153846,OTM,17.2,0.0556,0.0065
2023-08-25,2023-09-08,CALL,238.33,257.5,2.04,2.06,2.05,251,66,14,0.0383561643835616,0.9255533980582524,OTM,17.2,0.0556,0.007961165048543689
2023-08-25,2023-09-08,CALL,238.33,255.0,2.47,2.5,2.4850000000000003,2392,1613,14,0.0383561643835616,0.934627450980392,OTM,17.2,0.0556,0.009745098039215687
2023-08-25,2023-09-08,CALL,238.33,252.5,3.0,3.05,3.025,1521,306,14,0.0383561643835616,0.9438811881188118,OTM,17.2,0.0556,0.01198019801980198
2023-08-25,2023-09-15,CALL,238.33,226.67,17.45,17.55,17.5,1625,3205,21,0.0575342465753424,1.0514404199938236,ITM,17.2,0.0556,0.07720474698901487
2023-08-25,2023-09-15,CALL,238.33,227.5,16.85,16.95,16.9,1640,654,21,0.0575342465753424,1.0476043956043954,ITM,17.2,0.0556,0.07428571428571427
2023-08-25,2023-09-15,CALL,238.33,245.0,7.35,7.4,7.375,5831,9744,21,0.0575342465753424,0.9727755102040816,ATM,17.2,0.0556,0.03010204081632653
2023-08-25,2023-09-15,CALL,238.33,242.5,8.35,8.45,8.399999999999999,1673,840,21,0.0575342465753424,0.9828041237113402,ATM,17.2,0.0556,0.034639175257731955
2023-08-25,2023-09-15,CALL,238.33,241.67,8.75,8.85,8.8,1732,3508,21,0.0575342465753424,0.9861795009724004,ATM,17.2,0.0556,0.03641329085116068
2023-08-25,2023-09-15,CALL,238.33,240.0,9.55,9.6,9.575,7646,16522,21,0.0575342465753424,0.9930416666666666,ATM,17.2,0.0556,0.03989583333333333
2023-08-25,2023-09-15,CALL,238.33,237.5,10.8,10.9,10.85,3339,1618,21,0.0575342465753424,1.0034947368421052,ATM,17.2,0.0556,0.045684210526315785
2023-08-25,2023-09-15,CALL,238.33,235.0,12.15,12.25,12.2,6437,5398,21,0.0575342465753424,1.014170212765957,ATM,17.2,0.0556,0.05191489361702127
2023-08-25,2023-09-15,CALL,238.33,233.33,13.15,13.2,13.175,2362,2814,21,0.0575342465753424,1.0214288775553937,ATM,17.2,0.0556,0.05646509235846226
2023-08-25,2023-09-15,CALL,238.33,232.5,13.65,13.7,13.675,3250,913,21,0.0575342465753424,1.0250752688172042,ATM,17.2,0.0556,0.058817204301075274
2023-08-25,2023-09-15,CALL,238.33,230.0,15.2,15.3,15.25,3807,14677,21,0.0575342465753424,1.0362173913043478,ITM,17.2,0.0556,0.06630434782608696
2023-08-25,2023-09-29,CALL,238.33,260.0,5.8,5.9,5.85,922,1325,35,0.0958904109589041,0.916653846153846,OTM,17.2,0.055549999999999995,0.0225
2023-08-25,2023-10-06,CALL,238.33,220.0,26.8,28.1,27.450000000000003,21,13,42,0.1150684931506849,1.0833181818181818,ITM,17.2,0.05548,0.12477272727272729
2023-08-25,2023-12-15,CALL,238.33,240.0,27.15,27.3,27.225,887,7436,112,0.3068493150684931,0.9930416666666666,ATM,17.2,0.055964516129032256,0.11343750000000001
2023-08-25,2023-09-08,CALL,238.33,262.5,1.39,1.41,1.4,377,71,14,0.0383561643835616,0.9079238095238096,OTM,17.2,0.0556,0.005333333333333333
2023-08-25,2023-10-06,CALL,238.33,250.0,11.1,11.3,11.2,328,184,42,0.1150684931506849,0.95332,OTM,17.2,0.05548,0.0448
2023-08-25,2023-10-06,CALL,238.33,240.0,15.45,15.65,15.55,204,90,42,0.1150684931506849,0.9930416666666666,ATM,17.2,0.05548,0.06479166666666666
2023-08-25,2023-10-20,CALL,4413.905,4820.0,2.0,2.15,2.075,11,264,56,0.1534246575342465,0.9157479253112032,OTM,17.2,0.05534,0.0004304979253112034
2023-08-25,2023-10-20,CALL,4413.905,4810.0,2.25,2.4,2.325,28,398,56,0.1534246575342465,0.9176517671517672,OTM,17.2,0.05534,0.0004833679833679834
2023-08-25,2023-10-20,CALL,4413.905,4800.0,2.55,2.65,2.6,48,9095,56,0.1534246575342465,0.9195635416666668,OTM,17.2,0.05534,0.0005416666666666666
2023-08-25,2023-10-20,CALL,4413.905,4860.0,1.3,1.45,1.375,2,115,56,0.1534246575342465,0.9082109053497942,OTM,17.2,0.05534,0.00028292181069958846
2023-08-25,2023-11-17,CALL,4413.905,4255.0,259.9,261.6,260.75,2,8,84,0.2301369863013698,1.0373454759106933,ITM,17.2,0.055919354838709676,0.06128084606345476
2023-08-25,2023-11-17,CALL,4413.905,4175.0,324.1,329.1,326.6,3,9132,84,0.2301369863013698,1.057222754491018,ITM,17.2,0.055919354838709676,0.07822754491017965
2023-08-25,2023-11-17,CALL,4413.905,4160.0,336.8,341.8,339.3,2,4,84,0.2301369863013698,1.0610348557692306,ITM,17.2,0.055919354838709676,0.0815625
2023-08-25,2023-10-20,CALL,4413.905,4790.0,2.85,2.95,2.9000000000000004,15,608,56,0.1534246575342465,0.921483298538622,OTM,17.2,0.05534,0.000605427974947808
2023-08-25,2023-10-20,CALL,4413.905,4780.0,3.2,3.3,3.25,231,1100,56,0.1534246575342465,0.9234110878661088,OTM,17.2,0.05534,0.0006799163179916318
2023-08-25,2023-10-20,CALL,4413.905,4775.0,3.4,3.5,3.45,180,1345,56,0.1534246575342465,0.9243780104712042,OTM,17.2,0.05534,0.0007225130890052356
2023-08-25,2023-10-20,CALL,4413.905,4645.0,15.6,15.9,15.75,6,166,56,0.1534246575342465,0.950248654467169,OTM,17.2,0.05534,0.0033907427341227127
2023-08-25,2023-10-20,CALL,4413.905,4640.0,16.5,16.8,16.65,24,607,56,0.1534246575342465,0.9512726293103448,OTM,17.2,0.05534,0.0035883620689655168
2023-08-25,2023-10-20,CALL,4413.905,4635.0,17.4,17.7,17.549999999999997,8,170,56,0.1534246575342465,0.9522988133764833,OTM,17.2,0.05534,0.0037864077669902906
2023-08-25,2023-10-20,CALL,4413.905,4630.0,18.4,18.7,18.55,9,1378,56,0.1534246575342465,0.953327213822894,OTM,17.2,0.05534,0.004006479481641469
2023-08-25,2023-10-20,CALL,4413.905,4625.0,19.4,19.7,19.55,257,4306,56,0.1534246575342465,0.9543578378378378,OTM,17.2,0.05534,0.004227027027027027
2023-08-25,2023-10-20,CALL,4413.905,4620.0,20.5,20.8,20.65,681,1067,56,0.1534246575342465,0.9553906926406924,OTM,17.2,0.05534,0.004469696969696969
2023-08-25,2023-10-20,CALL,4413.905,4615.0,21.7,21.9,21.8,153,235,56,0.1534246575342465,0.9564257854821234,OTM,17.2,0.05534,0.004723726977248104
2023-08-25,2023-10-20,CALL,4413.905,4825.0,1.9,2.05,1.975,13,832,56,0.1534246575342465,0.91479896373057,OTM,17.2,0.05534,0.00040932642487046634
2023-08-25,2023-10-06,CALL,238.33,245.0,13.15,13.35,13.25,178,67,42,0.1150684931506849,0.9727755102040816,ATM,17.2,0.05548,0.05408163265306123
2023-08-25,2023-10-20,CALL,4413.905,4840.0,1.6,1.75,1.675,7,1240,56,0.1534246575342465,0.9119638429752066,OTM,17.2,0.05534,0.00034607438016528926
2023-08-25,2023-10-20,CALL,4413.905,4900.0,0.9,1.0,0.95,3,5163,56,0.1534246575342465,0.90079693877551,OTM,17.2,0.05534,0.00019387755102040816
2023-08-25,2023-10-06,CALL,238.33,235.0,18.05,18.25,18.15,447,55,42,0.1150684931506849,1.014170212765957,ATM,17.2,0.05548,0.07723404255319148
2023-08-25,2023-10-06,CALL,238.33,230.0,20.9,21.1,21.0,253,28,42,0.1150684931506849,1.0362173913043478,ITM,17.2,0.05548,0.09130434782608696
2023-08-25,2023-10-06,CALL,238.33,225.0,23.75,24.3,24.025,13,9,42,0.1150684931506849,1.0592444444444444,ITM,17.2,0.05548,0.10677777777777778
2023-08-25,2023-10-20,CALL,238.33,230.0,24.6,24.75,24.675,1453,4968,56,0.1534246575342465,1.0362173913043478,ITM,17.2,0.05534,0.10728260869565218
2023-08-25,2023-10-20,CALL,238.33,235.0,21.85,21.95,21.9,956,6890,56,0.1534246575342465,1.014170212765957,ATM,17.2,0.05534,0.09319148936170212
2023-08-25,2023-11-17,CALL,238.33,235.0,26.1,26.35,26.225,338,4119,84,0.2301369863013698,1.014170212765957,ATM,17.2,0.055919354838709676,0.11159574468085107
2023-08-25,2023-11-17,CALL,238.33,230.0,28.85,29.05,28.950000000000003,268,2504,84,0.2301369863013698,1.0362173913043478,ITM,17.2,0.055919354838709676,0.12586956521739132
2023-08-25,2023-11-17,CALL,238.33,225.0,31.2,32.0,31.6,100,1870,84,0.2301369863013698,1.0592444444444444,ITM,17.2,0.055919354838709676,0.14044444444444446
2023-08-25,2023-11-17,CALL,238.33,220.0,34.3,34.95,34.625,65,4060,84,0.2301369863013698,1.0833181818181818,ITM,17.2,0.055919354838709676,0.15738636363636363
2023-08-25,2023-10-20,CALL,238.33,260.0,11.3,11.35,11.325,1694,7397,56,0.1534246575342465,0.916653846153846,OTM,17.2,0.05534,0.043557692307692304
2023-08-25,2023-10-20,CALL,238.33,255.0,12.95,13.05,13.0,728,4454,56,0.1534246575342465,0.934627450980392,OTM,17.2,0.05534,0.050980392156862744
2023-08-25,2023-10-20,CALL,238.33,250.0,14.85,14.95,14.9,4917,13306,56,0.1534246575342465,0.95332,OTM,17.2,0.05534,0.0596
2023-08-25,2023-10-20,CALL,238.33,245.0,16.95,17.05,17.0,1993,8808,56,0.1534246575342465,0.9727755102040816,ATM,17.2,0.05534,0.06938775510204082
2023-08-25,2023-10-20,CALL,238.33,240.0,19.3,19.4,19.35,2107,10516,56,0.1534246575342465,0.9930416666666666,ATM,17.2,0.05534,0.080625
2023-08-25,2023-09-15,CALL,4413.905,4690.0,0.5,0.6,0.55,53,717,21,0.0575342465753424,0.941131130063966,OTM,17.2,0.0556,0.00011727078891257996
2023-08-25,2023-09-15,CALL,4413.905,4695.0,0.45,0.55,0.5,5,668,21,0.0575342465753424,0.9401288604898828,OTM,17.2,0.0556,0.00010649627263045793
2023-08-25,2023-09-15,CALL,4413.905,4700.0,0.45,0.5,0.475,652,25896,21,0.0575342465753424,0.9391287234042552,OTM,17.2,0.0556,0.00010106382978723403
2023-08-25,2023-10-20,CALL,4413.905,4850.0,1.45,1.6,1.525,29,5610,56,0.1534246575342465,0.9100835051546392,OTM,17.2,0.05534,0.00031443298969072164
2023-08-25,2023-09-15,CALL,238.33,216.67,25.0,25.1,25.05,196,4083,21,0.0575342465753424,1.0999676928047262,ITM,17.2,0.0556,0.11561360594452394
2023-08-25,2023-09-15,CALL,238.33,217.5,24.35,24.45,24.4,268,190,21,0.0575342465753424,1.0957701149425287,ITM,17.2,0.0556,0.112183908045977
2023-08-25,2023-09-15,CALL,238.33,220.0,22.35,22.45,22.4,906,16980,21,0.0575342465753424,1.0833181818181818,ITM,17.2,0.0556,0.10181818181818181
2023-08-25,2023-09-15,CALL,4413.905,4650.0,1.05,1.2,1.125,648,15944,21,0.0575342465753424,0.94922688172043,OTM,17.2,0.0556,0.00024193548387096774
2023-08-25,2023-09-15,CALL,4413.905,4645.0,1.2,1.3,1.25,9,435,21,0.0575342465753424,0.950248654467169,OTM,17.2,0.0556,0.00026910656620021526
2023-08-25,2023-09-15,CALL,4413.905,4640.0,1.3,1.45,1.375,37,1040,21,0.0575342465753424,0.9512726293103448,OTM,17.2,0.0556,0.0002963362068965517
2023-08-25,2023-09-15,CALL,4413.905,4635.0,1.45,1.6,1.525,12,2159,21,0.0575342465753424,0.9522988133764833,OTM,17.2,0.0556,0.0003290183387270766
2023-08-25,2023-09-15,CALL,4413.905,4630.0,1.6,1.75,1.675,23,6287,21,0.0575342465753424,0.953327213822894,OTM,17.2,0.0556,0.0003617710583153348
2023-08-25,2023-09-15,CALL,4413.905,4625.0,1.8,1.9,1.85,118,8645,21,0.0575342465753424,0.9543578378378378,OTM,17.2,0.0556,0.0004
2023-08-25,2023-09-15,CALL,4413.905,4620.0,2.0,2.1,2.05,61,2892,21,0.0575342465753424,0.9553906926406924,OTM,17.2,0.0556,0.00044372294372294367
2023-08-25,2023-09-15,CALL,4413.905,4615.0,2.2,2.3,2.25,9,5250,21,0.0575342465753424,0.9564257854821234,OTM,17.2,0.0556,0.0004875406283856988
2023-08-25,2023-09-15,CALL,4413.905,4610.0,2.45,2.55,2.5,36,6718,21,0.0575342465753424,0.9574631236442516,OTM,17.2,0.0556,0.0005422993492407809
2023-08-25,2023-09-15,CALL,4413.905,4605.0,2.7,2.8,2.75,15,12002,21,0.0575342465753424,0.9585027144408252,OTM,17.2,0.0556,0.0005971769815418024
2023-08-25,2023-09-15,CALL,4413.905,4535.0,10.4,10.7,10.55,11,9748,21,0.0575342465753424,0.973297684674752,ATM,17.2,0.0556,0.002326350606394708
2023-08-25,2023-09-15,CALL,4413.905,4530.0,11.3,11.6,11.45,1530,10350,21,0.0575342465753424,0.9743719646799116,ATM,17.2,0.0556,0.002527593818984547
2023-08-25,2023-09-15,CALL,4413.905,4460.0,33.6,34.1,33.85,407,7820,21,0.0575342465753424,0.989664798206278,ATM,17.2,0.0556,0.0075896860986547085
2023-08-25,2023-09-15,CALL,4413.905,4455.0,35.9,36.4,36.15,57,9155,21,0.0575342465753424,0.9907755331088663,ATM,17.2,0.0556,0.008114478114478114
2023-08-25,2023-09-15,CALL,4413.905,4450.0,38.2,38.8,38.5,2072,53127,21,0.0575342465753424,0.9918887640449436,ATM,17.2,0.0556,0.008651685393258427
2023-08-25,2023-09-15,CALL,4413.905,4445.0,40.7,41.2,40.95,115,8392,21,0.0575342465753424,0.9930044994375704,ATM,17.2,0.0556,0.00921259842519685
2023-08-25,2023-09-15,CALL,4413.905,4440.0,43.2,43.8,43.5,125,10671,21,0.0575342465753424,0.9941227477477476,ATM,17.2,0.0556,0.009797297297297298
2023-08-25,2023-09-15,CALL,4413.905,4655.0,0.95,1.1,1.025,6,514,21,0.0575342465753424,0.9482073039742211,OTM,17.2,0.0556,0.00022019334049409235
2023-08-25,2023-09-15,CALL,4413.905,4435.0,45.8,46.4,46.1,13,10047,21,0.0575342465753424,0.9952435174746336,ATM,17.2,0.0556,0.010394588500563698
2023-08-25,2023-09-15,CALL,4413.905,4660.0,0.9,1.0,0.95,306,1755,21,0.0575342465753424,0.94718991416309,OTM,17.2,0.0556,0.000203862660944206
2023-08-25,2023-09-15,CALL,4413.905,4670.0,0.7,0.85,0.7749999999999999,46,1033,21,0.0575342465753424,0.945161670235546,OTM,17.2,0.0556,0.0001659528907922912
2023-08-25,2023-09-15,CALL,4413.905,4410.0,60.1,60.9,60.5,1235,12527,21,0.0575342465753424,1.0008854875283446,ATM,17.2,0.0556,0.013718820861678005
2023-08-25,2023-09-15,CALL,4413.905,4415.0,57.2,57.8,57.5,2959,14268,21,0.0575342465753424,0.9997519818799546,ATM,17.2,0.0556,0.013023782559456399
2023-08-25,2023-09-15,CALL,4413.905,4590.0,3.6,3.8,3.7,391,10269,21,0.0575342465753424,0.9616350762527232,OTM,17.2,0.0556,0.0008061002178649238
2023-08-25,2023-09-15,CALL,4413.905,4585.0,4.0,4.2,4.1,6,10092,21,0.0575342465753424,0.9626837513631408,OTM,17.2,0.0556,0.0008942202835332606
2023-08-25,2023-09-15,CALL,4413.905,4580.0,4.4,4.6,4.5,661,9078,21,0.0575342465753424,0.9637347161572052,OTM,17.2,0.0556,0.000982532751091703
2023-08-25,2023-09-15,CALL,4413.905,4575.0,4.9,5.1,5.0,487,19054,21,0.0575342465753424,0.9647879781420764,OTM,17.2,0.0556,0.001092896174863388
2023-08-25,2023-09-15,CALL,4413.905,4570.0,5.4,5.6,5.5,35,6280,21,0.0575342465753424,0.965843544857768,OTM,17.2,0.0556,0.0012035010940919038
2023-08-25,2023-09-15,CALL,4413.905,4565.0,5.9,6.1,6.0,18,7684,21,0.0575342465753424,0.9669014238773276,OTM,17.2,0.0556,0.0013143483023001095
2023-08-25,2023-09-15,CALL,4413.905,4560.0,6.5,6.8,6.65,277,5698,21,0.0575342465753424,0.9679616228070176,OTM,17.2,0.0556,0.0014583333333333334
2023-08-25,2023-09-15,CALL,4413.905,4555.0,7.2,7.4,7.300000000000001,51,8361,21,0.0575342465753424,0.9690241492864984,OTM,17.2,0.0556,0.0016026344676180024
2023-08-25,2023-09-15,CALL,4413.905,4550.0,7.9,8.1,8.0,1862,34589,21,0.0575342465753424,0.9700890109890108,ATM,17.2,0.0556,0.0017582417582417582
2023-08-25,2023-09-15,CALL,4413.905,4545.0,8.6,8.9,8.75,59,8292,21,0.0575342465753424,0.971156215621562,ATM,17.2,0.0556,0.0019251925192519251
2023-08-25,2023-09-15,CALL,4413.905,4540.0,9.5,9.8,9.65,79,11623,21,0.0575342465753424,0.97222577092511,ATM,17.2,0.0556,0.0021255506607929515
2023-08-25,2023-09-15,CALL,4413.905,4595.0,3.3,3.4,3.35,52,10238,21,0.0575342465753424,0.960588683351469,OTM,17.2,0.0556,0.0007290533188248096
2023-08-25,2023-09-15,CALL,4413.905,4600.0,3.0,3.1,3.05,2837,54273,21,0.0575342465753424,0.9595445652173912,OTM,17.2,0.0556,0.0006630434782608695
2023-08-25,2023-09-15,CALL,4413.905,4680.0,0.6,0.7,0.6499999999999999,46,2613,21,0.0575342465753424,0.943142094017094,OTM,17.2,0.0556,0.00013888888888888886
2023-08-25,2023-09-15,CALL,4413.905,4675.0,0.65,0.75,0.7,208,5156,21,0.0575342465753424,0.9441508021390372,OTM,17.2,0.0556,0.0001497326203208556
2023-08-25,2023-09-15,CALL,4413.905,4665.0,0.8,0.9,0.8500000000000001,42,421,21,0.0575342465753424,0.9461747052518756,OTM,17.2,0.0556,0.0001822079314040729
2023-08-25,2023-09-15,CALL,4413.905,4430.0,48.5,49.1,48.8,7,9063,21,0.0575342465753424,0.996366817155756,ATM,17.2,0.0556,0.011015801354401805
2023-08-25,2023-09-15,CALL,4413.905,4425.0,51.3,51.9,51.6,4254,15321,21,0.0575342465753424,0.9974926553672316,ATM,17.2,0.0556,0.011661016949152543
2023-08-25,2023-09-15,CALL,4413.905,4420.0,54.2,54.8,54.5,3906,12871,21,0.0575342465753424,0.9986210407239818,ATM,17.2,0.0556,0.012330316742081448
2023-08-25,2023-09-15,CALL,238.33,253.33,4.6,4.65,4.625,727,2333,21,0.0575342465753424,0.9407886945880866,OTM,17.2,0.0556,0.01825681916867327
2023-08-25,2023-09-22,CALL,238.33,220.0,23.45,24.1,23.775,35,403,28,0.0767123287671232,1.0833181818181818,ITM,17.2,0.0556,0.10806818181818181
2023-08-25,2023-09-22,CALL,238.33,250.0,7.3,7.4,7.35,1718,4413,28,0.0767123287671232,0.95332,OTM,17.2,0.0556,0.0294
2023-08-25,2023-09-29,CALL,238.33,255.0,7.15,7.3,7.225,526,979,35,0.0958904109589041,0.934627450980392,OTM,17.2,0.055549999999999995,0.028333333333333332
2023-08-25,2023-09-29,CALL,238.33,250.0,8.85,8.95,8.899999999999999,1343,2796,35,0.0958904109589041,0.95332,OTM,17.2,0.055549999999999995,0.03559999999999999
2023-08-25,2023-09-29,CALL,238.33,245.0,10.85,10.95,10.9,510,852,35,0.0958904109589041,0.9727755102040816,ATM,17.2,0.055549999999999995,0.044489795918367346
2023-08-25,2023-09-29,CALL,238.33,240.0,13.15,13.25,13.2,611,908,35,0.0958904109589041,0.9930416666666666,ATM,17.2,0.055549999999999995,0.055
2023-08-25,2023-09-29,CALL,238.33,235.0,15.75,15.85,15.8,997,1014,35,0.0958904109589041,1.014170212765957,ATM,17.2,0.055549999999999995,0.06723404255319149
2023-08-25,2023-09-29,CALL,238.33,230.0,18.65,18.8,18.725,633,1446,35,0.0958904109589041,1.0362173913043478,ITM,17.2,0.055549999999999995,0.08141304347826088
2023-08-25,2023-09-29,CALL,238.33,225.0,21.35,22.25,21.8,210,868,35,0.0958904109589041,1.0592444444444444,ITM,17.2,0.055549999999999995,0.09688888888888889
2023-08-25,2023-09-29,CALL,238.33,220.0,24.75,26.0,25.375,163,502,35,0.0958904109589041,1.0833181818181818,ITM,17.2,0.055549999999999995,0.11534090909090909
2023-08-25,2023-09-22,CALL,238.33,260.0,4.5,4.6,4.55,1121,2404,28,0.0767123287671232,0.916653846153846,OTM,17.2,0.0556,0.017499999999999998
2023-08-25,2023-09-22,CALL,238.33,255.0,5.75,5.85,5.8,640,1111,28,0.0767123287671232,0.934627450980392,OTM,17.2,0.0556,0.022745098039215685
2023-08-25,2023-09-15,CALL,238.33,250.0,5.55,5.6,5.574999999999999,8343,25959,21,0.0575342465753424,0.95332,OTM,17.2,0.0556,0.022299999999999997
2023-08-25,2023-09-15,CALL,238.33,246.67,6.7,6.75,6.725,1114,2676,21,0.0575342465753424,0.9661896460858636,OTM,17.2,0.0556,0.027263145092633882
2023-08-25,2023-09-15,CALL,238.33,225.0,18.6,18.7,18.65,1322,11896,21,0.0575342465753424,1.0592444444444444,ITM,17.2,0.0556,0.08288888888888889
2023-08-25,2023-09-15,CALL,238.33,222.5,20.45,20.55,20.5,531,500,21,0.0575342465753424,1.0711460674157305,ITM,17.2,0.0556,0.09213483146067415
2023-08-25,2023-09-15,CALL,238.33,255.0,4.15,4.2,4.175000000000001,1520,6723,21,0.0575342465753424,0.934627450980392,OTM,17.2,0.0556,0.016372549019607847
2023-08-25,2023-09-15,CALL,238.33,258.33,3.4,3.5,3.45,804,4703,21,0.0575342465753424,0.922579646188983,OTM,17.2,0.0556,0.013355011032400419
2023-08-25,2023-09-15,CALL,238.33,260.0,3.1,3.15,3.125,15775,25040,21,0.0575342465753424,0.916653846153846,OTM,17.2,0.0556,0.01201923076923077
2023-08-25,2023-09-22,CALL,238.33,245.0,9.2,9.3,9.25,898,1271,28,0.0767123287671232,0.9727755102040816,ATM,17.2,0.0556,0.03775510204081633
2023-08-25,2023-09-15,CALL,4413.905,4465.0,31.4,31.9,31.65,7,8210,21,0.0575342465753424,0.9885565509518476,ATM,17.2,0.0556,0.0070884658454647255
2023-08-25,2023-09-15,CALL,4413.905,4525.0,12.4,12.7,12.55,245,13737,21,0.0575342465753424,0.9754486187845304,ATM,17.2,0.0556,0.0027734806629834256
2023-08-25,2023-09-15,CALL,4413.905,4520.0,13.5,13.8,13.65,669,9047,21,0.0575342465753424,0.9765276548672566,ATM,17.2,0.0556,0.003019911504424779
2023-08-25,2023-09-15,CALL,4413.905,4515.0,14.7,15.1,14.9,76,7959,21,0.0575342465753424,0.9776090808416388,ATM,17.2,0.0556,0.0033001107419712073
2023-08-25,2023-09-15,CALL,4413.905,4510.0,16.0,16.4,16.2,187,8410,21,0.0575342465753424,0.9786929046563192,ATM,17.2,0.0556,0.0035920177383592018
2023-08-25,2023-09-15,CALL,4413.905,4505.0,17.3,17.7,17.5,20,7715,21,0.0575342465753424,0.9797791342952274,ATM,17.2,0.0556,0.00388457269700333
2023-08-25,2023-09-15,CALL,4413.905,4500.0,18.8,19.2,19.0,8288,60134,21,0.0575342465753424,0.9808677777777776,ATM,17.2,0.0556,0.004222222222222222
2023-08-25,2023-09-15,CALL,4413.905,4495.0,20.3,20.7,20.5,31,9335,21,0.0575342465753424,0.9819588431590656,ATM,17.2,0.0556,0.004560622914349277
2023-08-25,2023-10-20,CALL,4413.905,4610.0,22.7,23.1,22.9,142,429,56,0.1534246575342465,0.9574631236442516,OTM,17.2,0.05534,0.004967462039045553
2023-08-25,2023-09-15,CALL,4413.905,4490.0,21.9,22.4,22.15,30,10606,21,0.0575342465753424,0.9830523385300668,ATM,17.2,0.0556,0.004933184855233853
2023-08-25,2023-09-15,CALL,4413.905,4480.0,25.5,25.9,25.7,43,13436,21,0.0575342465753424,0.9852466517857142,ATM,17.2,0.0556,0.005736607142857143
2023-08-25,2023-09-15,CALL,4413.905,4475.0,27.4,27.8,27.6,1772,18351,21,0.0575342465753424,0.9863474860335196,ATM,17.2,0.0556,0.006167597765363129
2023-08-25,2023-09-15,CALL,4413.905,4470.0,29.4,29.8,29.6,183,7380,21,0.0575342465753424,0.9874507829977628,ATM,17.2,0.0556,0.006621923937360179
2023-08-25,2023-09-15,CALL,4413.905,4685.0,0.55,0.65,0.6000000000000001,43,160,21,0.0575342465753424,0.9421355389541088,OTM,17.2,0.0556,0.00012806830309498401
2023-08-25,2023-09-22,CALL,238.33,240.0,11.5,11.6,11.55,3701,1713,28,0.0767123287671232,0.9930416666666666,ATM,17.2,0.0556,0.048125
2023-08-25,2023-09-22,CALL,238.33,235.0,14.1,14.2,14.15,1617,1801,28,0.0767123287671232,1.014170212765957,ATM,17.2,0.0556,0.06021276595744681
2023-08-25,2023-09-22,CALL,238.33,230.0,17.05,17.2,17.125,1058,1766,28,0.0767123287671232,1.0362173913043478,ITM,17.2,0.0556,0.07445652173913044
2023-08-25,2023-09-22,CALL,238.33,225.0,19.85,20.8,20.325000000000003,201,877,28,0.0767123287671232,1.0592444444444444,ITM,17.2,0.0556,0.09033333333333335
2023-08-25,2023-09-15,CALL,4413.905,4485.0,23.7,24.1,23.9,32,13797,21,0.0575342465753424,0.9841482720178372,ATM,17.2,0.0556,0.005328874024526198
2023-08-25,2023-10-20,CALL,4413.905,4605.0,23.9,24.3,24.1,17,172,56,0.1534246575342465,0.9585027144408252,OTM,17.2,0.05534,0.0052334419109663416
2023-08-25,2023-10-20,CALL,4413.905,4600.0,25.2,25.6,25.4,1041,21394,56,0.1534246575342465,0.9595445652173912,OTM,17.2,0.05534,0.005521739130434782
2023-08-25,2023-10-20,CALL,4413.905,4595.0,26.5,27.0,26.75,10,133,56,0.1534246575342465,0.960588683351469,OTM,17.2,0.05534,0.005821545157780196
2023-08-25,2023-09-15,CALL,4413.905,4740.0,0.25,0.35,0.3,5,2570,21,0.0575342465753424,0.9312035864978904,OTM,17.2,0.0556,6.329113924050633e-05
2023-08-25,2023-09-15,CALL,4413.905,4735.0,0.25,0.35,0.3,2,1380,21,0.0575342465753424,0.9321869060190072,OTM,17.2,0.0556,6.335797254487856e-05
2023-08-25,2023-09-15,CALL,4413.905,4730.0,0.3,0.4,0.35,2,672,21,0.0575342465753424,0.9331723044397462,OTM,17.2,0.0556,7.399577167019027e-05
2023-08-25,2023-09-15,CALL,4413.905,4725.0,0.3,0.4,0.35,4,5967,21,0.0575342465753424,0.9341597883597884,OTM,17.2,0.0556,7.407407407407407e-05
2023-08-25,2023-09-15,CALL,4413.905,4720.0,0.3,0.45,0.375,13,614,21,0.0575342465753424,0.9351493644067796,OTM,17.2,0.0556,7.944915254237288e-05
2023-08-25,2023-09-15,CALL,4413.905,4715.0,0.35,0.45,0.4,183,3488,21,0.0575342465753424,0.9361410392364792,OTM,17.2,0.0556,8.483563096500531e-05
2023-08-25,2023-09-15,CALL,4413.905,4710.0,0.35,0.5,0.425,16,610,21,0.0575342465753424,0.9371348195329088,OTM,17.2,0.0556,9.023354564755839e-05
2023-08-25,2023-09-15,CALL,4413.905,4705.0,0.4,0.5,0.45,73,609,21,0.0575342465753424,0.9381307120085016,OTM,17.2,0.0556,9.564293304994687e-05
2023-08-25,2023-09-15,CALL,4413.905,4805.0,0.1,0.2,0.15,160,393,21,0.0575342465753424,0.9186066597294484,OTM,17.2,0.0556,3.121748178980229e-05
2023-08-25,2023-10-20,CALL,4413.905,4305.0,188.4,189.9,189.15,4,4,56,0.1534246575342465,1.0252973286875726,ATM,17.2,0.05534,0.04393728222996516
2023-08-25,2023-09-15,CALL,4413.905,4820.0,0.1,0.15,0.125,165,694,21,0.0575342465753424,0.9157479253112032,OTM,17.2,0.0556,2.5933609958506223e-05
2023-08-25,2023-10-20,CALL,4413.905,4100.0,360.6,366.0,363.3,4,4541,56,0.1534246575342465,1.076562195121951,ITM,17.2,0.05534,0.08860975609756098
2023-08-25,2023-10-20,CALL,4413.905,4070.0,387.8,393.5,390.65,2,48,56,0.1534246575342465,1.084497542997543,ITM,17.2,0.05534,0.09598280098280097
2023-08-25,2023-10-20,CALL,4413.905,4060.0,396.9,402.7,399.8,1,15,56,0.1534246575342465,1.087168719211823,ITM,17.2,0.05534,0.0984729064039409
2023-08-25,2023-10-20,CALL,4413.905,4030.0,424.5,430.4,427.45,2,21,56,0.1534246575342465,1.095261786600496,ITM,17.2,0.05534,0.10606699751861041
2023-08-25,2023-09-15,CALL,4413.905,4850.0,0.1,0.15,0.125,390,8833,21,0.0575342465753424,0.9100835051546392,OTM,17.2,0.0556,2.577319587628866e-05
2023-08-25,2023-10-20,CALL,4413.905,4310.0,184.7,186.0,185.35,2,121,56,0.1534246575342465,1.0241078886310904,ATM,17.2,0.05534,0.043004640371229697
2023-08-25,2023-09-15,CALL,4413.905,4745.0,0.25,0.3,0.275,2,862,21,0.0575342465753424,0.930222339304531,OTM,17.2,0.0556,5.795574288724974e-05
2023-08-25,2023-10-20,CALL,4413.905,4500.0,61.7,62.6,62.150000000000006,945,17518,56,0.1534246575342465,0.9808677777777776,ATM,17.2,0.05534,0.013811111111111113
2023-08-25,2023-09-15,CALL,4413.905,4750.0,0.2,0.3,0.25,57,19896,21,0.0575342465753424,0.9292431578947368,OTM,17.2,0.0556,5.2631578947368424e-05
2023-08-25,2023-09-15,CALL,4413.905,4760.0,0.2,0.3,0.25,4,1374,21,0.0575342465753424,0.9272909663865546,OTM,17.2,0.0556,5.252100840336135e-05
2023-08-25,2023-10-20,CALL,4413.905,4175.0,294.1,299.4,296.75,6,693,56,0.1534246575342465,1.057222754491018,ITM,17.2,0.05534,0.07107784431137724
2023-08-25,2023-10-20,CALL,4413.905,4155.0,311.6,317.0,314.3,2,1,56,0.1534246575342465,1.0623116726835138,ITM,17.2,0.05534,0.07564380264741276
2023-08-25,2023-10-20,CALL,4413.905,4180.0,289.9,295.1,292.5,1,24,56,0.1534246575342465,1.0559581339712918,ITM,17.2,0.05534,0.06997607655502393
2023-08-25,2023-10-20,CALL,4413.905,4225.0,251.6,256.6,254.1,12,1245,56,0.1534246575342465,1.0447112426035503,ITM,17.2,0.05534,0.060142011834319525
2023-08-25,2023-10-20,CALL,4413.905,4300.0,192.3,193.8,193.05,81,5997,56,0.1534246575342465,1.0264895348837209,ATM,17.2,0.05534,0.044895348837209303
2023-08-25,2023-10-20,CALL,4413.905,4295.0,196.2,197.7,196.95,4,2,56,0.1534246575342465,1.027684516880093,ATM,17.2,0.05534,0.045855646100116415
2023-08-25,2023-10-20,CALL,4413.905,4290.0,200.3,201.8,201.05,2,726,56,0.1534246575342465,1.0288822843822842,ATM,17.2,0.05534,0.04686480186480187
2023-08-25,2023-10-20,CALL,4413.905,4280.0,208.1,209.6,208.85,2,65,56,0.1534246575342465,1.0312862149532709,ITM,17.2,0.05534,0.04879672897196261
2023-08-25,2023-10-20,CALL,4413.905,4275.0,212.1,213.6,212.85,27,1233,56,0.1534246575342465,1.032492397660819,ITM,17.2,0.05534,0.04978947368421052
2023-08-25,2023-10-20,CALL,4413.905,4255.0,228.3,229.8,229.05,2,18,56,0.1534246575342465,1.0373454759106933,ITM,17.2,0.05534,0.05383078730904818
2023-08-25,2023-10-20,CALL,4413.905,4250.0,232.4,233.9,233.15,53,2638,56,0.1534246575342465,1.0385658823529411,ITM,17.2,0.05534,0.054858823529411765
2023-08-25,2023-09-15,CALL,4413.905,4800.0,0.1,0.2,0.15,22,30796,21,0.0575342465753424,0.9195635416666668,OTM,17.2,0.0556,3.125e-05
2023-08-25,2023-09-15,CALL,4413.905,4785.0,0.15,0.2,0.175,3,207,21,0.0575342465753424,0.92244618599791,OTM,17.2,0.0556,3.657262277951933e-05
2023-08-25,2023-09-15,CALL,4413.905,4780.0,0.15,0.25,0.2,3,563,21,0.0575342465753424,0.9234110878661088,OTM,17.2,0.0556,4.184100418410042e-05
2023-08-25,2023-09-15,CALL,4413.905,4775.0,0.15,0.25,0.2,2,4219,21,0.0575342465753424,0.9243780104712042,OTM,17.2,0.0556,4.1884816753926706e-05
2023-08-25,2023-09-15,CALL,4413.905,4770.0,0.15,0.25,0.2,2,2399,21,0.0575342465753424,0.9253469601677148,OTM,17.2,0.0556,4.19287211740042e-05
2023-08-25,2023-09-15,CALL,4413.905,4765.0,0.2,0.25,0.225,3,290,21,0.0575342465753424,0.926317943336831,OTM,17.2,0.0556,4.72193074501574e-05
2023-08-25,2023-09-15,CALL,4413.905,4755.0,0.2,0.3,0.25,2,342,21,0.0575342465753424,0.92826603575184,OTM,17.2,0.0556,5.257623554153522e-05
2023-08-25,2023-10-20,CALL,4413.905,4490.0,66.6,67.5,67.05,1,776,56,0.1534246575342465,0.9830523385300668,ATM,17.2,0.05534,0.014933184855233853
2023-08-25,2023-10-20,CALL,4413.905,4485.0,69.2,70.0,69.6,1,510,56,0.1534246575342465,0.9841482720178372,ATM,17.2,0.05534,0.01551839464882943
2023-08-25,2023-10-20,CALL,4413.905,4480.0,71.7,72.6,72.15,11,354,56,0.1534246575342465,0.9852466517857142,ATM,17.2,0.05534,0.016104910714285714
2023-08-25,2023-10-20,CALL,4413.905,4355.0,150.9,152.2,151.55,1,47,56,0.1534246575342465,1.0135258323765786,ATM,17.2,0.05534,0.03479908151549943
2023-08-25,2023-10-20,CALL,4413.905,4350.0,154.4,156.0,155.2,318,7163,56,0.1534246575342465,1.014690804597701,ATM,17.2,0.05534,0.03567816091954023
2023-08-25,2023-10-20,CALL,4413.905,4345.0,158.1,159.5,158.8,56,20,56,0.1534246575342465,1.0158584579976984,ATM,17.2,0.05534,0.03654775604142693
2023-08-25,2023-10-20,CALL,4413.905,4340.0,161.8,163.2,162.5,5,77,56,0.1534246575342465,1.017028801843318,ATM,17.2,0.05534,0.03744239631336405
2023-08-25,2023-10-20,CALL,4413.905,4335.0,165.5,167.0,166.25,21,16,56,0.1534246575342465,1.01820184544406,ATM,17.2,0.05534,0.03835063437139562
2023-08-25,2023-10-20,CALL,4413.905,4325.0,173.2,174.5,173.85,41,1370,56,0.1534246575342465,1.0205560693641618,ATM,17.2,0.05534,0.04019653179190751
2023-08-25,2023-10-20,CALL,4413.905,4435.0,97.3,98.2,97.75,112,357,56,0.1534246575342465,0.9952435174746336,ATM,17.2,0.05534,0.022040586245772265
2023-08-25,2023-10-20,CALL,4413.905,4375.0,136.6,137.9,137.25,10,1450,56,0.1534246575342465,1.0088925714285717,ATM,17.2,0.05534,0.03137142857142857
2023-08-25,2023-10-20,CALL,4413.905,4380.0,133.1,134.4,133.75,6,15,56,0.1534246575342465,1.0077408675799089,ATM,17.2,0.05534,0.030536529680365295
2023-08-25,2023-10-20,CALL,4413.905,4430.0,100.3,101.3,100.8,42,508,56,0.1534246575342465,0.996366817155756,ATM,17.2,0.05534,0.02275395033860045
2023-08-25,2023-10-20,CALL,4413.905,4425.0,103.4,104.4,103.9,9,4561,56,0.1534246575342465,0.9974926553672316,ATM,17.2,0.05534,0.023480225988700566
2023-08-25,2023-10-20,CALL,4413.905,4420.0,106.5,107.7,107.1,44,218,56,0.1534246575342465,0.9986210407239818,ATM,17.2,0.05534,0.02423076923076923
2023-08-25,2023-10-20,CALL,4413.905,4415.0,109.7,110.9,110.3,25,639,56,0.1534246575342465,0.9997519818799546,ATM,17.2,0.05534,0.024983012457531144
2023-08-25,2023-10-20,CALL,4413.905,4410.0,113.0,114.2,113.6,3,349,56,0.1534246575342465,1.0008854875283446,ATM,17.2,0.05534,0.025759637188208614
2023-08-25,2023-10-20,CALL,4413.905,4405.0,116.3,117.4,116.85,1,68,56,0.1534246575342465,1.0020215664018162,ATM,17.2,0.05534,0.0265266742338252
2023-08-25,2023-10-20,CALL,4413.905,4400.0,119.6,120.7,120.15,491,10966,56,0.1534246575342465,1.0031602272727271,ATM,17.2,0.05534,0.027306818181818182
2023-08-25,2023-10-20,CALL,4413.905,4395.0,123.0,124.1,123.55,440,140,56,0.1534246575342465,1.004301478953356,ATM,17.2,0.05534,0.028111490329920365
2023-08-25,2023-10-20,CALL,4413.905,4365.0,143.7,145.0,144.35,45,41,56,0.1534246575342465,1.0112038946162656,ATM,17.2,0.05534,0.03306987399770905
2023-08-25,2023-10-20,CALL,4413.905,4370.0,140.0,141.4,140.7,7,464,56,0.1534246575342465,1.0100469107551486,ATM,17.2,0.05534,0.03219679633867276
2023-08-25,2023-11-17,CALL,4413.905,4820.0,7.2,7.5,7.35,24,127,84,0.2301369863013698,0.9157479253112032,OTM,17.2,0.055919354838709676,0.0015248962655601658
2023-08-25,2023-10-20,CALL,4413.905,4515.0,54.8,55.6,55.2,88,312,56,0.1534246575342465,0.9776090808416388,ATM,17.2,0.05534,0.01222591362126246
2023-08-25,2023-10-20,CALL,4413.905,4475.0,74.4,75.3,74.85,5,3955,56,0.1534246575342465,0.9863474860335196,ATM,17.2,0.05534,0.016726256983240224
2023-08-25,2023-10-20,CALL,4413.905,4470.0,77.1,78.0,77.55,5,1121,56,0.1534246575342465,0.9874507829977628,ATM,17.2,0.05534,0.017348993288590603
2023-08-25,2023-10-20,CALL,4413.905,4460.0,82.7,83.5,83.1,305,224,56,0.1534246575342465,0.989664798206278,ATM,17.2,0.05534,0.018632286995515692
2023-08-25,2023-10-20,CALL,4413.905,4455.0,85.5,86.3,85.9,135,291,56,0.1534246575342465,0.9907755331088663,ATM,17.2,0.05534,0.019281705948372616
2023-08-25,2023-10-20,CALL,4413.905,4450.0,88.4,89.2,88.80000000000001,1378,6304,56,0.1534246575342465,0.9918887640449436,ATM,17.2,0.05534,0.019955056179775284
2023-08-25,2023-10-20,CALL,4413.905,4445.0,91.4,92.2,91.8,63,244,56,0.1534246575342465,0.9930044994375704,ATM,17.2,0.05534,0.020652418447694037
2023-08-25,2023-10-20,CALL,4413.905,4440.0,94.2,95.2,94.7,5,265,56,0.1534246575342465,0.9941227477477476,ATM,17.2,0.05534,0.02132882882882883
2023-08-25,2023-10-20,CALL,4413.905,4505.0,59.4,60.2,59.8,98,213,56,0.1534246575342465,0.9797791342952274,ATM,17.2,0.05534,0.013274139844617092
2023-08-25,2023-10-20,CALL,4413.905,4200.0,272.8,277.7,275.25,1,7333,56,0.1534246575342465,1.050929761904762,ITM,17.2,0.05534,0.06553571428571428
2023-08-25,2023-10-20,CALL,4413.905,4510.0,57.0,57.9,57.45,190,547,56,0.1534246575342465,0.9786929046563192,ATM,17.2,0.05534,0.012738359201773837
2023-08-25,2023-10-20,CALL,4413.905,4555.0,38.8,39.5,39.15,26,305,56,0.1534246575342465,0.9690241492864984,OTM,17.2,0.05534,0.008594950603732162
2023-08-25,2023-10-20,CALL,4413.905,4550.0,40.6,41.3,40.95,1300,12262,56,0.1534246575342465,0.9700890109890108,ATM,17.2,0.05534,0.009000000000000001
2023-08-25,2023-10-20,CALL,4413.905,4545.0,42.5,43.2,42.85,6,361,56,0.1534246575342465,0.971156215621562,ATM,17.2,0.05534,0.009427942794279429
2023-08-25,2023-10-20,CALL,4413.905,4540.0,44.4,45.1,44.75,6,205,56,0.1534246575342465,0.97222577092511,ATM,17.2,0.05534,0.009856828193832599
2023-08-25,2023-10-20,CALL,4413.905,4535.0,46.4,47.1,46.75,6,216,56,0.1534246575342465,0.973297684674752,ATM,17.2,0.05534,0.010308710033076075
2023-08-25,2023-10-20,CALL,4413.905,4530.0,48.4,49.1,48.75,3,135,56,0.1534246575342465,0.9743719646799116,ATM,17.2,0.05534,0.01076158940397351
2023-08-25,2023-10-20,CALL,4413.905,4525.0,50.5,51.2,50.85,13,11693,56,0.1534246575342465,0.9754486187845304,ATM,17.2,0.05534,0.011237569060773481
2023-08-25,2023-10-20,CALL,4413.905,4520.0,52.7,53.4,53.05,70,215,56,0.1534246575342465,0.9765276548672566,ATM,17.2,0.05534,0.011736725663716814
2023-08-25,2023-10-20,CALL,4413.905,4560.0,37.0,37.8,37.4,25,801,56,0.1534246575342465,0.9679616228070176,OTM,17.2,0.05534,0.008201754385964911
2023-08-25,2023-09-15,CALL,4413.905,4245.0,186.6,194.6,190.6,2,12,21,0.0575342465753424,1.0397891637220258,ITM,17.2,0.0556,0.04489988221436984
2023-08-25,2023-10-20,CALL,4413.905,4215.0,259.9,265.0,262.45,2,3,56,0.1534246575342465,1.0471897983392644,ITM,17.2,0.05534,0.06226571767497034
2023-08-25,2023-10-20,CALL,4413.905,4570.0,33.7,34.4,34.05,2,404,56,0.1534246575342465,0.965843544857768,OTM,17.2,0.05534,0.007450765864332604
2023-08-25,2023-10-20,CALL,4413.905,4695.0,8.7,9.0,8.85,186,325,56,0.1534246575342465,0.9401288604898828,OTM,17.2,0.05534,0.0018849840255591053
2023-08-25,2023-10-20,CALL,4413.905,4690.0,9.3,9.6,9.45,147,937,56,0.1534246575342465,0.941131130063966,OTM,17.2,0.05534,0.002014925373134328
2023-08-25,2023-10-20,CALL,4413.905,4685.0,9.8,10.1,9.95,2,415,56,0.1534246575342465,0.9421355389541088,OTM,17.2,0.05534,0.0021237993596584844
2023-08-25,2023-10-20,CALL,4413.905,4680.0,10.4,10.7,10.55,198,660,56,0.1534246575342465,0.943142094017094,OTM,17.2,0.05534,0.0022542735042735042
2023-08-25,2023-10-20,CALL,4413.905,4675.0,11.1,11.4,11.25,3,4086,56,0.1534246575342465,0.9441508021390372,OTM,17.2,0.05534,0.0024064171122994654
2023-08-25,2023-10-20,CALL,4413.905,4660.0,13.2,13.5,13.35,9,1153,56,0.1534246575342465,0.94718991416309,OTM,17.2,0.05534,0.0028648068669527896
2023-08-25,2023-11-17,CALL,4413.905,4265.0,251.8,253.7,252.75,2,10,84,0.2301369863013698,1.0349132473622509,ITM,17.2,0.055919354838709676,0.05926143024618992
2023-08-25,2023-11-17,CALL,4413.905,4595.0,50.3,51.1,50.7,12,29,84,0.2301369863013698,0.960588683351469,OTM,17.2,0.055919354838709676,0.011033732317736671
2023-08-25,2023-11-17,CALL,4413.905,4590.0,52.1,53.0,52.55,1,314,84,0.2301369863013698,0.9616350762527232,OTM,17.2,0.055919354838709676,0.011448801742919389
2023-08-25,2023-11-17,CALL,4413.905,4580.0,55.9,56.8,56.35,7,321,84,0.2301369863013698,0.9637347161572052,OTM,17.2,0.055919354838709676,0.01230349344978166
2023-08-25,2023-11-17,CALL,4413.905,4575.0,57.9,58.8,58.35,4,506,84,0.2301369863013698,0.9647879781420764,OTM,17.2,0.055919354838709676,0.012754098360655738
2023-08-25,2023-11-17,CALL,4413.905,4600.0,48.6,49.2,48.900000000000006,313,7967,84,0.2301369863013698,0.9595445652173912,OTM,17.2,0.055919354838709676,0.010630434782608698
2023-08-25,2023-11-17,CALL,4413.905,4550.0,68.5,69.3,68.9,1758,6368,84,0.2301369863013698,0.9700890109890108,ATM,17.2,0.055919354838709676,0.015142857142857144
2023-08-25,2023-11-17,CALL,4413.905,4525.0,80.1,80.9,80.5,77,780,84,0.2301369863013698,0.9754486187845304,ATM,17.2,0.055919354838709676,0.017790055248618784
2023-08-25,2023-11-17,CALL,4413.905,4505.0,90.2,91.1,90.65,38,12,84,0.2301369863013698,0.9797791342952274,ATM,17.2,0.055919354838709676,0.02012208657047725
2023-08-25,2023-11-17,CALL,4413.905,4555.0,66.2,67.1,66.65,2,29,84,0.2301369863013698,0.9690241492864984,OTM,17.2,0.055919354838709676,0.014632272228320527
2023-08-25,2023-11-17,CALL,4413.905,4605.0,46.8,47.6,47.2,1,75,84,0.2301369863013698,0.9585027144408252,OTM,17.2,0.055919354838709676,0.010249728555917482
2023-08-25,2023-10-20,CALL,4413.905,4700.0,8.3,8.5,8.4,332,12747,56,0.1534246575342465,0.9391287234042552,OTM,17.2,0.05534,0.0017872340425531916
2023-08-25,2023-11-17,CALL,4413.905,4610.0,45.1,45.9,45.5,10,401,84,0.2301369863013698,0.9574631236442516,OTM,17.2,0.055919354838709676,0.009869848156182212
2023-08-25,2023-10-20,CALL,4413.905,4705.0,7.8,8.0,7.9,10,239,56,0.1534246575342465,0.9381307120085016,OTM,17.2,0.05534,0.0016790648246546229
2023-08-25,2023-10-20,CALL,4413.905,4715.0,6.9,7.1,7.0,9,357,56,0.1534246575342465,0.9361410392364792,OTM,17.2,0.05534,0.0014846235418875928
2023-08-25,2023-10-20,CALL,4413.905,4590.0,27.8,28.4,28.1,22,1612,56,0.1534246575342465,0.9616350762527232,OTM,17.2,0.05534,0.006122004357298475
2023-08-25,2023-10-20,CALL,4413.905,4585.0,29.2,29.9,29.55,97,170,56,0.1534246575342465,0.9626837513631408,OTM,17.2,0.05534,0.006444929116684842
2023-08-25,2023-10-20,CALL,4413.905,4580.0,30.6,31.3,30.950000000000003,69,664,56,0.1534246575342465,0.9637347161572052,OTM,17.2,0.05534,0.00675764192139738
2023-08-25,2023-10-20,CALL,4413.905,4575.0,32.3,32.9,32.599999999999994,945,5997,56,0.1534246575342465,0.9647879781420764,OTM,17.2,0.05534,0.007125683060109288
2023-08-25,2023-10-20,CALL,4413.905,4650.0,14.7,15.1,14.9,1021,10318,56,0.1534246575342465,0.94922688172043,OTM,17.2,0.05534,0.0032043010752688173
2023-08-25,2023-10-20,CALL,4413.905,4655.0,13.9,14.2,14.05,5,133,56,0.1534246575342465,0.9482073039742211,OTM,17.2,0.05534,0.003018259935553169
2023-08-25,2023-10-20,CALL,4413.905,4670.0,11.7,12.0,11.85,2,515,56,0.1534246575342465,0.945161670235546,OTM,17.2,0.05534,0.0025374732334047106
2023-08-25,2023-10-20,CALL,4413.905,4770.0,3.6,3.7,3.65,1,1047,56,0.1534246575342465,0.9253469601677148,OTM,17.2,0.05534,0.0007651991614255765
2023-08-25,2023-10-20,CALL,4413.905,4765.0,3.8,4.0,3.9,4,282,56,0.1534246575342465,0.926317943336831,OTM,17.2,0.05534,0.0008184679958027282
2023-08-25,2023-10-20,CALL,4413.905,4760.0,4.0,4.2,4.1,5,197,56,0.1534246575342465,0.9272909663865546,OTM,17.2,0.05534,0.000861344537815126
2023-08-25,2023-10-20,CALL,4413.905,4750.0,4.5,4.7,4.6,230,12359,56,0.1534246575342465,0.9292431578947368,OTM,17.2,0.05534,0.0009684210526315789
2023-08-25,2023-10-20,CALL,4413.905,4745.0,4.8,5.0,4.9,1,263,56,0.1534246575342465,0.930222339304531,OTM,17.2,0.05534,0.0010326659641728135
2023-08-25,2023-10-20,CALL,4413.905,4740.0,5.1,5.3,5.199999999999999,81,404,56,0.1534246575342465,0.9312035864978904,OTM,17.2,0.05534,0.0010970464135021095
2023-08-25,2023-10-20,CALL,4413.905,4735.0,5.4,5.6,5.5,1,204,56,0.1534246575342465,0.9321869060190072,OTM,17.2,0.05534,0.0011615628299894403
2023-08-25,2023-10-20,CALL,4413.905,4730.0,5.7,6.0,5.85,23,3519,56,0.1534246575342465,0.9331723044397462,OTM,17.2,0.05534,0.0012367864693446089
2023-08-25,2023-10-20,CALL,4413.905,4725.0,6.1,6.3,6.199999999999999,189,2719,56,0.1534246575342465,0.9341597883597884,OTM,17.2,0.05534,0.001312169312169312
2023-08-25,2023-10-20,CALL,4413.905,4720.0,6.5,6.7,6.6,2,345,56,0.1534246575342465,0.9351493644067796,OTM,17.2,0.05534,0.0013983050847457626
2023-08-25,2023-10-20,CALL,4413.905,4710.0,7.3,7.6,7.449999999999999,3,139,56,0.1534246575342465,0.9371348195329088,OTM,17.2,0.05534,0.0015817409766454352
2023-08-25,2023-11-17,CALL,4413.905,4780.0,10.6,10.9,10.75,2,25,84,0.2301369863013698,0.9234110878661088,OTM,17.2,0.055919354838709676,0.0022489539748953976
2023-08-25,2023-11-17,CALL,4413.905,4775.0,11.1,11.4,11.25,34,1825,84,0.2301369863013698,0.9243780104712042,OTM,17.2,0.055919354838709676,0.002356020942408377
2023-08-25,2023-11-17,CALL,4413.905,4760.0,12.8,13.1,12.95,1,241,84,0.2301369863013698,0.9272909663865546,OTM,17.2,0.055919354838709676,0.0027205882352941174
2023-08-25,2023-11-17,CALL,4413.905,4295.0,228.6,230.3,229.45,2,2,84,0.2301369863013698,1.027684516880093,ATM,17.2,0.055919354838709676,0.053422584400465656
2023-08-25,2023-11-17,CALL,4413.905,4285.0,236.3,238.0,237.15,2,1,84,0.2301369863013698,1.0300828471411902,ITM,17.2,0.055919354838709676,0.05534422403733956
2023-08-25,2023-11-17,CALL,4413.905,4275.0,244.1,245.8,244.95,6,441,84,0.2301369863013698,1.032492397660819,ITM,17.2,0.055919354838709676,0.057298245614035084
2023-08-25,2023-11-17,CALL,4413.905,4375.0,169.9,171.5,170.7,17,1265,84,0.2301369863013698,1.0088925714285717,ATM,17.2,0.055919354838709676,0.039017142857142854
2023-08-25,2023-11-17,CALL,4413.905,4270.0,248.0,249.7,248.85,2,36,84,0.2301369863013698,1.0337014051522249,ITM,17.2,0.055919354838709676,0.058278688524590165
2023-08-25,2023-11-17,CALL,4413.905,4490.0,98.2,99.2,98.7,1,152,84,0.2301369863013698,0.9830523385300668,ATM,17.2,0.055919354838709676,0.021982182628062362
2023-08-25,2023-11-17,CALL,4413.905,4480.0,103.7,104.7,104.2,10,148,84,0.2301369863013698,0.9852466517857142,ATM,17.2,0.055919354838709676,0.023258928571428573
2023-08-25,2023-11-17,CALL,4413.905,4475.0,106.5,107.6,107.05,13,1246,84,0.2301369863013698,0.9863474860335196,ATM,17.2,0.055919354838709676,0.023921787709497207
2023-08-25,2023-11-17,CALL,4413.905,4470.0,109.4,110.4,109.9,1,540,84,0.2301369863013698,0.9874507829977628,ATM,17.2,0.055919354838709676,0.02458612975391499
2023-08-25,2023-11-17,CALL,4413.905,4465.0,112.3,113.3,112.8,10,70,84,0.2301369863013698,0.9885565509518476,ATM,17.2,0.055919354838709676,0.02526315789473684
2023-08-25,2023-11-17,CALL,4413.905,4450.0,121.3,122.3,121.8,12,4390,84,0.2301369863013698,0.9918887640449436,ATM,17.2,0.055919354838709676,0.027370786516853932
2023-08-25,2023-11-17,CALL,4413.905,4425.0,136.7,138.0,137.35,10,695,84,0.2301369863013698,0.9974926553672316,ATM,17.2,0.055919354838709676,0.031039548022598867
2023-08-25,2023-11-17,CALL,4413.905,4415.0,143.2,144.5,143.85,6,92,84,0.2301369863013698,0.9997519818799546,ATM,17.2,0.055919354838709676,0.03258210645526614
2023-08-25,2023-11-17,CALL,4413.905,4400.0,153.2,154.3,153.75,4,3916,84,0.2301369863013698,1.0031602272727271,ATM,17.2,0.055919354838709676,0.03494318181818182
2023-08-25,2023-11-17,CALL,4413.905,4390.0,159.8,161.2,160.5,1,146,84,0.2301369863013698,1.0054453302961277,ATM,17.2,0.055919354838709676,0.036560364464692484
2023-08-25,2023-11-17,CALL,4413.905,4385.0,163.2,164.6,163.89999999999998,1,19,84,0.2301369863013698,1.0065917901938426,ATM,17.2,0.055919354838709676,0.03737742303306727
2023-08-25,2023-11-17,CALL,4413.905,4380.0,166.7,168.0,167.35,4,74,84,0.2301369863013698,1.0077408675799089,ATM,17.2,0.055919354838709676,0.038207762557077626
2023-08-25,2023-11-17,CALL,4413.905,4300.0,224.8,226.5,225.65,33,2219,84,0.2301369863013698,1.0264895348837209,ATM,17.2,0.055919354838709676,0.05247674418604651
2023-08-25,2023-11-17,CALL,4413.905,4305.0,221.0,222.7,221.85,3,4,84,0.2301369863013698,1.0252973286875726,ATM,17.2,0.055919354838709676,0.05153310104529617
2023-08-25,2023-11-17,CALL,4413.905,4325.0,205.9,207.6,206.75,1,1462,84,0.2301369863013698,1.0205560693641618,ATM,17.2,0.055919354838709676,0.04780346820809248
2023-08-25,2023-11-17,CALL,4413.905,4360.0,180.4,182.1,181.25,28,7,84,0.2301369863013698,1.0123635321100917,ATM,17.2,0.055919354838709676,0.04157110091743119
2023-08-25,2023-11-17,CALL,4413.905,4750.0,14.0,14.3,14.15,1,2724,84,0.2301369863013698,0.9292431578947368,OTM,17.2,0.055919354838709676,0.002978947368421053
2023-08-25,2023-11-17,CALL,4413.905,4730.0,16.8,17.1,16.950000000000003,3,121,84,0.2301369863013698,0.9331723044397462,OTM,17.2,0.055919354838709676,0.0035835095137420727
2023-08-25,2023-11-17,CALL,4413.905,4725.0,17.6,17.9,17.75,3,2301,84,0.2301369863013698,0.9341597883597884,OTM,17.2,0.055919354838709676,0.0037566137566137567
2023-08-25,2023-11-17,CALL,4413.905,4720.0,18.4,18.7,18.55,75,124,84,0.2301369863013698,0.9351493644067796,OTM,17.2,0.055919354838709676,0.003930084745762712
2023-08-25,2023-11-17,CALL,4413.905,4705.0,21.0,21.3,21.15,1,494,84,0.2301369863013698,0.9381307120085016,OTM,17.2,0.055919354838709676,0.004495217853347502
2023-08-25,2023-11-17,CALL,4413.905,4700.0,21.9,22.2,22.05,334,4115,84,0.2301369863013698,0.9391287234042552,OTM,17.2,0.055919354838709676,0.0046914893617021275
2023-08-25,2023-11-17,CALL,4413.905,4695.0,22.9,23.2,23.05,2,11,84,0.2301369863013698,0.9401288604898828,OTM,17.2,0.055919354838709676,0.004909478168264111
2023-08-25,2023-11-17,CALL,4413.905,4675.0,27.1,27.4,27.25,1080,3800,84,0.2301369863013698,0.9441508021390372,OTM,17.2,0.055919354838709676,0.0058288770053475936
2023-08-25,2023-10-20,CALL,4413.905,4565.0,35.4,36.1,35.75,9,81,56,0.1534246575342465,0.9669014238773276,OTM,17.2,0.05534,0.00783132530120482
2023-08-25,2023-11-17,CALL,4413.905,4665.0,29.4,29.8,29.6,8,138,84,0.2301369863013698,0.9461747052518756,OTM,17.2,0.055919354838709676,0.006345123258306539
2023-08-25,2023-11-17,CALL,4413.905,4655.0,31.9,32.3,32.099999999999994,7,357,84,0.2301369863013698,0.9482073039742211,OTM,17.2,0.055919354838709676,0.0068958109559613305
2023-08-25,2023-11-17,CALL,4413.905,4650.0,33.2,33.7,33.45,955,5097,84,0.2301369863013698,0.94922688172043,OTM,17.2,0.055919354838709676,0.007193548387096775
2023-08-25,2023-11-17,CALL,4413.905,4625.0,40.3,41.0,40.65,7,2440,84,0.2301369863013698,0.9543578378378378,OTM,17.2,0.055919354838709676,0.00878918918918919
2023-08-25,2023-11-17,CALL,4413.905,4620.0,41.6,42.6,42.1,2,345,84,0.2301369863013698,0.9553906926406924,OTM,17.2,0.055919354838709676,0.009112554112554112
2023-08-25,2023-11-17,CALL,4413.905,4615.0,43.5,44.2,43.85,8,222,84,0.2301369863013698,0.9564257854821234,OTM,17.2,0.055919354838709676,0.009501625135427953
2023-08-25,2023-11-17,CALL,4413.905,4500.0,92.8,93.7,93.25,3209,5560,84,0.2301369863013698,0.9808677777777776,ATM,17.2,0.055919354838709676,0.020722222222222222
2023-08-25,2023-11-17,CALL,4413.905,4495.0,95.5,96.4,95.95,30,5,84,0.2301369863013698,0.9819588431590656,ATM,17.2,0.055919354838709676,0.021345939933259176
2023-08-25,2023-11-17,CALL,4413.905,4365.0,176.9,178.6,177.75,18,9,84,0.2301369863013698,1.0112038946162656,ATM,17.2,0.055919354838709676,0.040721649484536084
2023-08-25,2023-11-17,CALL,4413.905,4660.0,30.6,31.0,30.8,1,128,84,0.2301369863013698,0.94718991416309,OTM,17.2,0.055919354838709676,0.0066094420600858374
2023-08-25,2023-09-07,CALL,440.79,434.0,9.28,9.35,9.315,111,101,13,0.0356164383561643,1.0156451612903226,ATM,17.2,0.0556,0.021463133640552995
2023-08-25,2023-09-15,CALL,4413.905,4250.0,184.1,187.7,185.9,11,11007,21,0.0575342465753424,1.0385658823529411,ITM,17.2,0.0556,0.043741176470588235
2023-08-25,2023-09-15,CALL,4413.905,4265.0,168.9,176.9,172.9,2,113,21,0.0575342465753424,1.0349132473622509,ITM,17.2,0.0556,0.04053927315357562
2023-08-25,2023-12-15,CALL,4413.905,4550.0,95.1,95.8,95.45,366,28719,112,0.3068493150684931,0.9700890109890108,ATM,17.2,0.055964516129032256,0.02097802197802198
2023-08-25,2023-12-15,CALL,4413.905,4375.0,200.6,201.9,201.25,60,5757,112,0.3068493150684931,1.0088925714285717,ATM,17.2,0.055964516129032256,0.046
2023-08-25,2023-12-15,CALL,4413.905,4360.0,211.0,212.5,211.75,2,40,112,0.3068493150684931,1.0123635321100917,ATM,17.2,0.055964516129032256,0.04856651376146789
2023-08-25,2023-12-15,CALL,4413.905,4150.0,374.5,376.5,375.5,4,20583,112,0.3068493150684931,1.06359156626506,ITM,17.2,0.055964516129032256,0.09048192771084337
2023-08-25,2023-12-15,CALL,4413.905,4100.0,416.9,418.4,417.65,10,30224,112,0.3068493150684931,1.076562195121951,ITM,17.2,0.055964516129032256,0.10186585365853658
2023-08-25,2023-12-15,CALL,4413.905,4075.0,438.2,440.2,439.2,2,10318,112,0.3068493150684931,1.083166871165644,ITM,17.2,0.055964516129032256,0.10777914110429447
2023-08-25,2023-11-17,CALL,4413.905,4900.0,3.4,3.6,3.5,5,1812,84,0.2301369863013698,0.90079693877551,OTM,17.2,0.055919354838709676,0.0007142857142857143
2023-08-25,2023-11-17,CALL,4413.905,4890.0,3.7,3.9,3.8,1,64,84,0.2301369863013698,0.9026390593047036,OTM,17.2,0.055919354838709676,0.0007770961145194274
2023-08-25,2023-11-17,CALL,4413.905,4860.0,4.9,5.2,5.050000000000001,1,101,84,0.2301369863013698,0.9082109053497942,OTM,17.2,0.055919354838709676,0.0010390946502057614
2023-08-25,2023-12-15,CALL,4413.905,4180.0,348.2,352.9,350.54999999999995,22,11,112,0.3068493150684931,1.0559581339712918,ITM,17.2,0.055964516129032256,0.08386363636363635
2023-08-25,2023-12-15,CALL,4413.905,4200.0,333.7,334.9,334.29999999999995,5,27120,112,0.3068493150684931,1.050929761904762,ITM,17.2,0.055964516129032256,0.07959523809523808
2023-08-25,2023-12-15,CALL,4413.905,4350.0,218.5,219.6,219.05,12,10247,112,0.3068493150684931,1.014690804597701,ATM,17.2,0.055964516129032256,0.05035632183908046
2023-08-25,2023-12-15,CALL,4413.905,4310.0,247.3,249.0,248.15,2,98,112,0.3068493150684931,1.0241078886310904,ATM,17.2,0.055964516129032256,0.0575754060324826
2023-08-25,2023-12-15,CALL,4413.905,4300.0,255.2,256.4,255.8,75,30962,112,0.3068493150684931,1.0264895348837209,ATM,17.2,0.055964516129032256,0.05948837209302326
2023-08-25,2023-12-15,CALL,4413.905,4260.0,285.6,287.2,286.4,1,8,112,0.3068493150684931,1.0361279342723004,ITM,17.2,0.055964516129032256,0.0672300469483568
2023-08-25,2023-12-15,CALL,4413.905,4250.0,293.4,295.0,294.2,88,10268,112,0.3068493150684931,1.0385658823529411,ITM,17.2,0.055964516129032256,0.0692235294117647
2023-08-25,2023-12-15,CALL,4413.905,4245.0,297.4,298.9,298.15,2,14,112,0.3068493150684931,1.0397891637220258,ITM,17.2,0.055964516129032256,0.07023557126030623
2023-08-25,2023-12-15,CALL,4413.905,4560.0,90.2,91.1,90.65,24,75,112,0.3068493150684931,0.9679616228070176,OTM,17.2,0.055964516129032256,0.01987938596491228
2023-08-25,2023-08-28,CALL,4413.905,4360.0,56.2,57.1,56.650000000000006,665,93,3,0.0082191780821917,1.0123635321100917,ATM,17.2,0.0556,0.012993119266055047
2023-08-25,2023-12-15,CALL,4413.905,4570.0,85.5,86.4,85.95,1,228,112,0.3068493150684931,0.965843544857768,OTM,17.2,0.055964516129032256,0.018807439824945295
2023-08-25,2023-12-15,CALL,4413.905,4600.0,72.4,73.1,72.75,633,40688,112,0.3068493150684931,0.9595445652173912,OTM,17.2,0.055964516129032256,0.01581521739130435
2023-08-25,2023-12-15,CALL,4413.905,4500.0,121.6,122.2,121.9,9445,30315,112,0.3068493150684931,0.9808677777777776,ATM,17.2,0.055964516129032256,0.02708888888888889
2023-08-25,2023-12-15,CALL,4413.905,4490.0,127.1,128.2,127.65,2,107,112,0.3068493150684931,0.9830523385300668,ATM,17.2,0.055964516129032256,0.02842984409799555
2023-08-25,2023-12-15,CALL,4413.905,4470.0,139.0,139.9,139.45,21,126,112,0.3068493150684931,0.9874507829977628,ATM,17.2,0.055964516129032256,0.031196868008948542
2023-08-25,2023-12-15,CALL,4413.905,4460.0,145.0,146.1,145.55,2,279,112,0.3068493150684931,0.989664798206278,ATM,17.2,0.055964516129032256,0.032634529147982066
2023-08-25,2023-12-15,CALL,4413.905,4450.0,151.2,152.1,151.64999999999998,754,23989,112,0.3068493150684931,0.9918887640449436,ATM,17.2,0.055964516129032256,0.03407865168539325
2023-08-25,2023-12-15,CALL,4413.905,4420.0,170.3,171.5,170.9,1,41,112,0.3068493150684931,0.9986210407239818,ATM,17.2,0.055964516129032256,0.038665158371040724
2023-08-25,2023-12-15,CALL,4413.905,4400.0,183.7,184.7,184.2,389,47470,112,0.3068493150684931,1.0031602272727271,ATM,17.2,0.055964516129032256,0.04186363636363636
2023-08-25,2023-12-15,CALL,4413.905,4440.0,157.4,158.6,158.0,1,47,112,0.3068493150684931,0.9941227477477476,ATM,17.2,0.055964516129032256,0.03558558558558558
2023-08-25,2023-12-15,CALL,4413.905,4530.0,105.2,106.2,105.7,4,464,112,0.3068493150684931,0.9743719646799116,ATM,17.2,0.055964516129032256,0.023333333333333334
2023-08-25,2023-12-15,CALL,4413.905,4540.0,100.0,101.0,100.5,1,167,112,0.3068493150684931,0.97222577092511,ATM,17.2,0.055964516129032256,0.02213656387665198
2023-08-25,2023-12-15,CALL,4413.905,4750.0,27.1,27.6,27.35,2,15599,112,0.3068493150684931,0.9292431578947368,OTM,17.2,0.055964516129032256,0.005757894736842106
2023-08-25,2023-12-15,CALL,4413.905,4700.0,38.7,39.1,38.900000000000006,413,25463,112,0.3068493150684931,0.9391287234042552,OTM,17.2,0.055964516129032256,0.008276595744680853
2023-08-25,2023-12-15,CALL,4413.905,4675.0,45.6,46.2,45.900000000000006,2,3078,112,0.3068493150684931,0.9441508021390372,OTM,17.2,0.055964516129032256,0.00981818181818182
2023-08-25,2023-12-15,CALL,4413.905,4670.0,47.2,47.7,47.45,56,380,112,0.3068493150684931,0.945161670235546,OTM,17.2,0.055964516129032256,0.010160599571734477
2023-08-25,2023-12-15,CALL,4413.905,4650.0,53.7,54.2,53.95,1525,12935,112,0.3068493150684931,0.94922688172043,OTM,17.2,0.055964516129032256,0.01160215053763441
2023-08-25,2023-12-15,CALL,4413.905,4625.0,62.5,63.2,62.85,75,8630,112,0.3068493150684931,0.9543578378378378,OTM,17.2,0.055964516129032256,0.01358918918918919
2023-08-25,2023-12-15,CALL,4413.905,4620.0,64.4,65.1,64.75,10,67,112,0.3068493150684931,0.9553906926406924,OTM,17.2,0.055964516129032256,0.014015151515151515
2023-08-25,2023-12-15,CALL,4413.905,4590.0,76.6,77.4,77.0,1,214,112,0.3068493150684931,0.9616350762527232,OTM,17.2,0.055964516129032256,0.016775599128540306
2023-08-25,2023-12-15,CALL,4413.905,4525.0,107.9,108.6,108.25,129,13355,112,0.3068493150684931,0.9754486187845304,ATM,17.2,0.055964516129032256,0.023922651933701657
2023-08-25,2023-12-15,CALL,4413.905,4800.0,18.6,19.0,18.8,608,27136,112,0.3068493150684931,0.9195635416666668,OTM,17.2,0.055964516129032256,0.003916666666666666
2023-08-25,2023-08-28,CALL,4413.905,4295.0,117.9,121.6,119.75,9,27,3,0.0082191780821917,1.027684516880093,ATM,17.2,0.0556,0.02788125727590221
2023-08-25,2023-12-15,CALL,4413.905,4900.0,8.4,8.6,8.5,508,14835,112,0.3068493150684931,0.90079693877551,OTM,17.2,0.055964516129032256,0.0017346938775510204
2023-08-25,2023-12-15,CALL,4413.905,4870.0,10.7,11.0,10.85,1,375,112,0.3068493150684931,0.9063459958932236,OTM,17.2,0.055964516129032256,0.0022279260780287474
2023-08-25,2023-12-15,CALL,4413.905,4860.0,11.6,11.9,11.75,10,131,112,0.3068493150684931,0.9082109053497942,OTM,17.2,0.055964516129032256,0.0024176954732510287
2023-08-25,2023-12-15,CALL,4413.905,4825.0,15.3,15.7,15.5,1,2838,112,0.3068493150684931,0.91479896373057,OTM,17.2,0.055964516129032256,0.003212435233160622
2023-08-25,2023-08-28,CALL,4413.905,4235.0,177.7,181.7,179.7,3,3,3,0.0082191780821917,1.0422443919716646,ITM,17.2,0.0556,0.042432113341204246
2023-08-25,2023-08-28,CALL,4413.905,4225.0,187.7,191.7,189.7,1,20,3,0.0082191780821917,1.0447112426035503,ITM,17.2,0.0556,0.04489940828402367
2023-08-25,2023-08-28,CALL,4413.905,4200.0,212.6,216.6,214.6,10,20,3,0.0082191780821917,1.050929761904762,ITM,17.2,0.0556,0.051095238095238096
2023-08-25,2023-08-28,CALL,4413.905,4180.0,232.6,236.6,234.6,10,2,3,0.0082191780821917,1.0559581339712918,ITM,17.2,0.0556,0.0561244019138756
2023-08-25,2023-08-28,CALL,4413.905,4175.0,237.6,241.6,239.6,3,3,3,0.0082191780821917,1.057222754491018,ITM,17.2,0.0556,0.05738922155688623
2023-08-25,2023-08-28,CALL,4413.905,4160.0,252.6,256.6,254.6,1,1,3,0.0082191780821917,1.0610348557692306,ITM,17.2,0.0556,0.06120192307692308
2023-08-25,2023-08-29,CALL,4413.905,4460.0,4.5,4.7,4.6,1251,953,4,0.010958904109589,0.989664798206278,ATM,17.2,0.0556,0.0010313901345291479
2023-08-25,2023-08-31,CALL,4413.905,4270.0,147.5,149.1,148.3,2,29,6,0.0164383561643835,1.0337014051522249,ITM,17.2,0.0556,0.03473067915690867
2023-08-25,2023-08-31,CALL,4413.905,4265.0,152.1,154.1,153.1,5,79,6,0.0164383561643835,1.0349132473622509,ITM,17.2,0.0556,0.0358968347010551
2023-08-25,2023-08-31,CALL,4413.905,4260.0,157.4,158.9,158.15,2,61,6,0.0164383561643835,1.0361279342723004,ITM,17.2,0.0556,0.03712441314553991
2023-08-25,2023-08-31,CALL,4413.905,4250.0,167.2,168.7,167.95,23,396,6,0.0164383561643835,1.0385658823529411,ITM,17.2,0.0556,0.039517647058823525
2023-08-25,2023-08-31,CALL,4413.905,4245.0,171.6,173.6,172.6,50,162,6,0.0164383561643835,1.0397891637220258,ITM,17.2,0.0556,0.040659599528857476
2023-08-25,2023-08-31,CALL,4413.905,4275.0,142.4,144.4,143.4,15,150,6,0.0164383561643835,1.032492397660819,ITM,17.2,0.0556,0.033543859649122806
2023-08-25,2023-08-28,CALL,4413.905,4125.0,287.6,291.6,289.6,3,2,3,0.0082191780821917,1.0700375757575755,ITM,17.2,0.0556,0.0702060606060606
2023-08-25,2023-12-15,CALL,4413.905,4850.0,12.5,12.9,12.7,212,8048,112,0.3068493150684931,0.9100835051546392,OTM,17.2,0.055964516129032256,0.0026185567010309275
2023-08-25,2023-08-28,CALL,4413.905,4240.0,172.7,176.7,174.7,2,4,3,0.0082191780821917,1.041015330188679,ITM,17.2,0.0556,0.04120283018867924
2023-08-25,2023-08-28,CALL,4413.905,4315.0,99.3,101.1,100.2,14,14,3,0.0082191780821917,1.0229212050984935,ATM,17.2,0.0556,0.023221320973348784
2023-08-25,2023-08-28,CALL,4413.905,4290.0,122.9,126.6,124.75,27,23,3,0.0082191780821917,1.0288822843822842,ATM,17.2,0.0556,0.029079254079254078
2023-08-25,2023-08-28,CALL,4413.905,4285.0,127.8,131.8,129.8,21,1,3,0.0082191780821917,1.0300828471411902,ITM,17.2,0.0556,0.030291715285880982
2023-08-25,2023-08-28,CALL,4413.905,4280.0,132.8,136.8,134.8,51,55,3,0.0082191780821917,1.0312862149532709,ITM,17.2,0.0556,0.03149532710280374
2023-08-25,2023-08-28,CALL,4413.905,4300.0,113.0,116.6,114.8,18,25,3,0.0082191780821917,1.0264895348837209,ATM,17.2,0.0556,0.026697674418604652
2023-08-25,2023-08-28,CALL,4413.905,4270.0,142.7,146.7,144.7,91,93,3,0.0082191780821917,1.0337014051522249,ITM,17.2,0.0556,0.03388758782201405
2023-08-25,2023-08-28,CALL,4413.905,4260.0,152.7,156.7,154.7,50,51,3,0.0082191780821917,1.0361279342723004,ITM,17.2,0.0556,0.03631455399061033
2023-08-25,2023-08-28,CALL,4413.905,4250.0,162.7,166.7,164.7,104,103,3,0.0082191780821917,1.0385658823529411,ITM,17.2,0.0556,0.03875294117647059
2023-08-25,2023-08-28,CALL,4413.905,4275.0,137.8,141.7,139.75,1,20,3,0.0082191780821917,1.032492397660819,ITM,17.2,0.0556,0.032690058479532165
2023-08-25,2023-08-28,CALL,4413.905,4305.0,108.0,111.7,109.85,3,8,3,0.0082191780821917,1.0252973286875726,ATM,17.2,0.0556,0.02551684088269454
2023-08-25,2023-08-28,CALL,4413.905,4355.0,60.7,61.8,61.25,279,112,3,0.0082191780821917,1.0135258323765786,ATM,17.2,0.0556,0.014064293915040185
2023-08-25,2023-08-28,CALL,4413.905,4350.0,65.3,66.5,65.9,210,127,3,0.0082191780821917,1.014690804597701,ATM,17.2,0.0556,0.015149425287356324
2023-08-25,2023-08-28,CALL,4413.905,4345.0,69.9,71.3,70.6,52,96,3,0.0082191780821917,1.0158584579976984,ATM,17.2,0.0556,0.01624856156501726
2023-08-25,2023-08-28,CALL,4413.905,4340.0,74.9,76.1,75.5,64,71,3,0.0082191780821917,1.017028801843318,ATM,17.2,0.0556,0.0173963133640553
2023-08-25,2023-08-28,CALL,4413.905,4335.0,79.7,80.9,80.30000000000001,75,31,3,0.0082191780821917,1.01820184544406,ATM,17.2,0.0556,0.018523644752018457
2023-08-25,2023-08-28,CALL,4413.905,4330.0,84.3,86.2,85.25,55,34,3,0.0082191780821917,1.019377598152425,ATM,17.2,0.0556,0.01968822170900693
2023-08-25,2023-08-28,CALL,4413.905,4325.0,89.5,90.8,90.15,43,30,3,0.0082191780821917,1.0205560693641618,ATM,17.2,0.0556,0.020843930635838153
2023-08-25,2023-08-28,CALL,4413.905,4320.0,94.5,95.7,95.1,43,18,3,0.0082191780821917,1.0217372685185184,ATM,17.2,0.0556,0.02201388888888889
2023-08-25,2023-08-28,CALL,4413.905,4310.0,103.0,106.7,104.85,10,13,3,0.0082191780821917,1.0241078886310904,ATM,17.2,0.0556,0.024327146171693733
2023-08-25,2023-08-29,CALL,4413.905,4455.0,5.5,5.8,5.65,2158,1078,4,0.010958904109589,0.9907755331088663,ATM,17.2,0.0556,0.0012682379349046016
2023-08-25,2023-08-29,CALL,4413.905,4280.0,134.7,136.7,135.7,2,3,4,0.010958904109589,1.0312862149532709,ITM,17.2,0.0556,0.03170560747663551
2023-08-25,2023-08-29,CALL,4413.905,4290.0,125.1,126.8,125.95,5,4,4,0.010958904109589,1.0288822843822842,ATM,17.2,0.0556,0.02935897435897436
2023-08-25,2023-09-08,CALL,238.33,250.0,3.6,3.65,3.625,9364,7921,14,0.0383561643835616,0.95332,OTM,17.2,0.0556,0.0145
2023-08-25,2023-08-28,CALL,4413.905,4510.0,0.1,0.15,0.125,3422,934,3,0.0082191780821917,0.9786929046563192,ATM,17.2,0.0556,2.771618625277162e-05
2023-08-25,2023-08-28,CALL,4413.905,4505.0,0.1,0.15,0.125,1539,453,3,0.0082191780821917,0.9797791342952274,ATM,17.2,0.0556,2.774694783573807e-05
2023-08-25,2023-08-28,CALL,4413.905,4500.0,0.15,0.2,0.175,3756,2392,3,0.0082191780821917,0.9808677777777776,ATM,17.2,0.0556,3.8888888888888884e-05
2023-08-25,2023-08-28,CALL,4413.905,4495.0,0.2,0.25,0.225,1492,615,3,0.0082191780821917,0.9819588431590656,ATM,17.2,0.0556,5.005561735261402e-05
2023-08-25,2023-08-28,CALL,4413.905,4490.0,0.25,0.35,0.3,1966,1846,3,0.0082191780821917,0.9830523385300668,ATM,17.2,0.0556,6.681514476614699e-05
2023-08-25,2023-08-28,CALL,4413.905,4485.0,0.35,0.45,0.4,2307,1289,3,0.0082191780821917,0.9841482720178372,ATM,17.2,0.0556,8.918617614269789e-05
2023-08-25,2023-08-28,CALL,4413.905,4480.0,0.5,0.6,0.55,5401,1140,3,0.0082191780821917,0.9852466517857142,ATM,17.2,0.0556,0.00012276785714285715
2023-08-25,2023-08-28,CALL,4413.905,4475.0,0.7,0.8,0.75,7686,1861,3,0.0082191780821917,0.9863474860335196,ATM,17.2,0.0556,0.0001675977653631285
2023-08-25,2023-08-28,CALL,4413.905,4410.0,17.5,17.7,17.6,4763,363,3,0.0082191780821917,1.0008854875283446,ATM,17.2,0.0556,0.00399092970521542
2023-08-25,2023-08-28,CALL,4413.905,4405.0,20.5,20.7,20.6,3974,721,3,0.0082191780821917,1.0020215664018162,ATM,17.2,0.0556,0.004676503972758229
2023-08-25,2023-08-28,CALL,4413.905,4400.0,23.8,24.0,23.9,5781,1243,3,0.0082191780821917,1.0031602272727271,ATM,17.2,0.0556,0.005431818181818182
2023-08-25,2023-08-28,CALL,4413.905,4395.0,27.3,27.5,27.4,2782,915,3,0.0082191780821917,1.004301478953356,ATM,17.2,0.0556,0.006234357224118316
2023-08-25,2023-08-28,CALL,4413.905,4390.0,30.8,31.3,31.05,2412,281,3,0.0082191780821917,1.0054453302961277,ATM,17.2,0.0556,0.007072892938496583
2023-08-25,2023-08-28,CALL,4413.905,4385.0,34.7,35.2,34.95,1591,213,3,0.0082191780821917,1.0065917901938426,ATM,17.2,0.0556,0.007970353477765108
2023-08-25,2023-08-28,CALL,4413.905,4380.0,38.8,39.4,39.1,1342,183,3,0.0082191780821917,1.0077408675799089,ATM,17.2,0.0556,0.008926940639269406
2023-08-25,2023-08-28,CALL,4413.905,4375.0,43.0,43.6,43.3,1291,669,3,0.0082191780821917,1.0088925714285717,ATM,17.2,0.0556,0.009897142857142856
2023-08-25,2023-09-07,CALL,440.79,437.0,6.99,7.04,7.015000000000001,1044,3,13,0.0356164383561643,1.0086727688787185,ATM,17.2,0.0556,0.01605263157894737
2023-08-25,2023-08-28,CALL,4413.905,4370.0,47.3,48.1,47.7,821,145,3,0.0082191780821917,1.0100469107551486,ATM,17.2,0.0556,0.01091533180778032
2023-08-25,2023-09-07,CALL,440.79,438.0,6.29,6.31,6.3,1464,42,13,0.0356164383561643,1.0063698630136986,ATM,17.2,0.0556,0.014383561643835616
2023-08-25,2023-09-07,CALL,440.79,440.0,4.97,4.99,4.98,3107,921,13,0.0356164383561643,1.0017954545454544,ATM,17.2,0.0556,0.01131818181818182
2023-08-25,2023-09-07,CALL,440.79,432.0,10.86,11.02,10.94,35,3,13,0.0356164383561643,1.020347222222222,ATM,17.2,0.0556,0.025324074074074072
2023-08-25,2023-09-07,CALL,440.79,431.0,11.7,11.88,11.79,9,8,13,0.0356164383561643,1.0227146171693735,ATM,17.2,0.0556,0.027354988399071925
2023-08-25,2023-09-07,CALL,440.79,430.0,12.57,12.75,12.66,31,2,13,0.0356164383561643,1.025093023255814,ATM,17.2,0.0556,0.02944186046511628
2023-08-25,2023-09-06,CALL,440.79,456.0,0.14,0.15,0.145,57,65,12,0.0328767123287671,0.9666447368421052,OTM,17.2,0.0556,0.0003179824561403509
2023-08-25,2023-09-06,CALL,440.79,455.0,0.18,0.19,0.185,524,13,12,0.0328767123287671,0.9687692307692308,OTM,17.2,0.0556,0.0004065934065934066
2023-08-25,2023-09-06,CALL,440.79,454.0,0.24,0.25,0.245,255,111,12,0.0328767123287671,0.9709030837004404,ATM,17.2,0.0556,0.000539647577092511
2023-08-25,2023-09-06,CALL,440.79,453.0,0.31,0.32,0.315,303,22,12,0.0328767123287671,0.973046357615894,ATM,17.2,0.0556,0.000695364238410596
2023-08-25,2023-09-06,CALL,440.79,452.0,0.41,0.42,0.415,9,53,12,0.0328767123287671,0.9751991150442476,ATM,17.2,0.0556,0.0009181415929203539
2023-08-25,2023-09-07,CALL,440.79,436.0,7.73,7.78,7.755000000000001,653,18,13,0.0356164383561643,1.01098623853211,ATM,17.2,0.0556,0.017786697247706425
2023-08-25,2023-09-07,CALL,440.79,448.0,1.33,1.34,1.335,207,30,13,0.0356164383561643,0.98390625,ATM,17.2,0.0556,0.002979910714285714
2023-08-25,2023-09-07,CALL,440.79,447.0,1.63,1.64,1.6349999999999998,538,69,13,0.0356164383561643,0.9861073825503356,ATM,17.2,0.0556,0.0036577181208053687
2023-08-25,2023-09-07,CALL,440.79,446.0,1.97,1.98,1.975,597,165,13,0.0356164383561643,0.988318385650224,ATM,17.2,0.0556,0.0044282511210762335
2023-08-25,2023-09-07,CALL,440.79,445.0,2.35,2.37,2.3600000000000003,625,324,13,0.0356164383561643,0.9905393258426964,ATM,17.2,0.0556,0.005303370786516855
2023-08-25,2023-09-07,CALL,440.79,444.0,2.79,2.81,2.8,327,40,13,0.0356164383561643,0.9927702702702702,ATM,17.2,0.0556,0.006306306306306306
2023-08-25,2023-09-07,CALL,440.79,443.0,3.27,3.29,3.28,754,34,13,0.0356164383561643,0.9950112866817156,ATM,17.2,0.0556,0.007404063205417607
2023-08-25,2023-09-07,CALL,440.79,442.0,3.79,3.81,3.8,782,92,13,0.0356164383561643,0.997262443438914,ATM,17.2,0.0556,0.008597285067873302
2023-08-25,2023-09-07,CALL,440.79,441.0,4.36,4.38,4.37,1623,742,13,0.0356164383561643,0.9995238095238096,ATM,17.2,0.0556,0.009909297052154195
2023-08-25,2023-09-07,CALL,440.79,439.0,5.61,5.63,5.62,1812,139,13,0.0356164383561643,1.0040774487471524,ATM,17.2,0.0556,0.012801822323462414
2023-08-25,2023-08-28,CALL,4413.905,4415.0,14.8,15.0,14.9,4269,423,3,0.0082191780821917,0.9997519818799546,ATM,17.2,0.0556,0.003374858437146093
2023-08-25,2023-08-28,CALL,4413.905,4470.0,0.95,1.05,1.0,7411,974,3,0.0082191780821917,0.9874507829977628,ATM,17.2,0.0556,0.00022371364653243848
2023-08-25,2023-08-28,CALL,4413.905,4465.0,1.35,1.4,1.375,7615,1728,3,0.0082191780821917,0.9885565509518476,ATM,17.2,0.0556,0.00030795072788353863
2023-08-25,2023-08-29,CALL,4413.905,4445.0,8.1,8.3,8.2,454,310,4,0.010958904109589,0.9930044994375704,ATM,17.2,0.0556,0.0018447694038245218
2023-08-25,2023-08-29,CALL,4413.905,4440.0,9.6,9.8,9.7,587,393,4,0.010958904109589,0.9941227477477476,ATM,17.2,0.0556,0.0021846846846846845
2023-08-25,2023-08-29,CALL,4413.905,4435.0,11.4,11.6,11.5,333,66,4,0.010958904109589,0.9952435174746336,ATM,17.2,0.0556,0.002593010146561443
2023-08-25,2023-08-29,CALL,4413.905,4430.0,13.3,13.5,13.4,634,353,4,0.010958904109589,0.996366817155756,ATM,17.2,0.0556,0.0030248306997742664
2023-08-25,2023-08-29,CALL,4413.905,4425.0,15.4,15.7,15.55,394,368,4,0.010958904109589,0.9974926553672316,ATM,17.2,0.0556,0.0035141242937853107
2023-08-25,2023-08-29,CALL,4413.905,4420.0,17.8,18.0,17.9,673,117,4,0.010958904109589,0.9986210407239818,ATM,17.2,0.0556,0.0040497737556561084
2023-08-25,2023-08-29,CALL,4413.905,4415.0,20.3,20.6,20.450000000000003,443,140,4,0.010958904109589,0.9997519818799546,ATM,17.2,0.0556,0.004631936579841451
2023-08-25,2023-08-29,CALL,4413.905,4410.0,23.1,23.4,23.25,603,104,4,0.010958904109589,1.0008854875283446,ATM,17.2,0.0556,0.005272108843537415
2023-08-25,2023-08-29,CALL,4413.905,4350.0,68.0,69.5,68.75,49,99,4,0.010958904109589,1.014690804597701,ATM,17.2,0.0556,0.015804597701149427
2023-08-25,2023-08-29,CALL,4413.905,4345.0,72.4,74.0,73.2,31,8,4,0.010958904109589,1.0158584579976984,ATM,17.2,0.0556,0.016846950517836596
2023-08-25,2023-08-29,CALL,4413.905,4340.0,77.0,78.4,77.7,69,2,4,0.010958904109589,1.017028801843318,ATM,17.2,0.0556,0.017903225806451612
2023-08-25,2023-08-29,CALL,4413.905,4330.0,86.3,87.7,87.0,4,5,4,0.010958904109589,1.019377598152425,ATM,17.2,0.0556,0.020092378752886837
2023-08-25,2023-08-29,CALL,4413.905,4325.0,90.8,92.5,91.65,12,4,4,0.010958904109589,1.0205560693641618,ATM,17.2,0.0556,0.021190751445086708
2023-08-25,2023-08-29,CALL,4413.905,4320.0,95.3,97.6,96.45,6,1,4,0.010958904109589,1.0217372685185184,ATM,17.2,0.0556,0.02232638888888889
2023-08-25,2023-08-29,CALL,4413.905,4310.0,105.1,107.5,106.3,2,3,4,0.010958904109589,1.0241078886310904,ATM,17.2,0.0556,0.024663573085846865
2023-08-25,2023-08-29,CALL,4413.905,4305.0,110.3,111.8,111.05,30,2,4,0.010958904109589,1.0252973286875726,ATM,17.2,0.0556,0.025795586527293843
2023-08-25,2023-08-29,CALL,4413.905,4300.0,115.0,117.1,116.05,55,25,4,0.010958904109589,1.0264895348837209,ATM,17.2,0.0556,0.026988372093023256
2023-08-25,2023-08-29,CALL,4413.905,4450.0,6.7,6.9,6.800000000000001,818,1997,4,0.010958904109589,0.9918887640449436,ATM,17.2,0.0556,0.0015280898876404497
2023-08-25,2023-08-29,CALL,4413.905,4405.0,26.0,26.3,26.15,373,74,4,0.010958904109589,1.0020215664018162,ATM,17.2,0.0556,0.005936435868331441
2023-08-25,2023-08-29,CALL,4413.905,4400.0,29.2,29.5,29.35,1569,147,4,0.010958904109589,1.0031602272727271,ATM,17.2,0.0556,0.006670454545454545
2023-08-25,2023-08-29,CALL,4413.905,4355.0,63.4,65.0,64.2,26,71,4,0.010958904109589,1.0135258323765786,ATM,17.2,0.0556,0.014741676234213548
2023-08-25,2023-08-28,CALL,4413.905,4460.0,1.8,1.9,1.85,7922,2483,3,0.0082191780821917,0.989664798206278,ATM,17.2,0.0556,0.0004147982062780269
2023-08-25,2023-08-28,CALL,4413.905,4455.0,2.45,2.5,2.475,4477,624,3,0.0082191780821917,0.9907755331088663,ATM,17.2,0.0556,0.0005555555555555556
2023-08-25,2023-08-28,CALL,4413.905,4450.0,3.2,3.3,3.25,6175,1816,3,0.0082191780821917,0.9918887640449436,ATM,17.2,0.0556,0.0007303370786516854
2023-08-25,2023-08-28,CALL,4413.905,4445.0,4.1,4.3,4.199999999999999,5113,643,3,0.0082191780821917,0.9930044994375704,ATM,17.2,0.0556,0.0009448818897637793
2023-08-25,2023-08-28,CALL,4413.905,4440.0,5.3,5.5,5.4,6391,3621,3,0.0082191780821917,0.9941227477477476,ATM,17.2,0.0556,0.0012162162162162164
2023-08-25,2023-08-28,CALL,4413.905,4435.0,6.7,6.9,6.800000000000001,4207,628,3,0.0082191780821917,0.9952435174746336,ATM,17.2,0.0556,0.0015332581736189404
2023-08-25,2023-08-28,CALL,4413.905,4430.0,8.3,8.5,8.4,4153,595,3,0.0082191780821917,0.996366817155756,ATM,17.2,0.0556,0.0018961625282167044
2023-08-25,2023-08-28,CALL,4413.905,4425.0,10.2,10.4,10.3,8449,1204,3,0.0082191780821917,0.9974926553672316,ATM,17.2,0.0556,0.002327683615819209
2023-08-25,2023-08-31,CALL,4413.905,4280.0,137.9,139.4,138.65,10,970,6,0.0164383561643835,1.0312862149532709,ITM,17.2,0.0556,0.03239485981308411
2023-08-25,2023-08-28,CALL,4413.905,4420.0,12.4,12.6,12.5,3630,420,3,0.0082191780821917,0.9986210407239818,ATM,17.2,0.0556,0.002828054298642534
2023-08-25,2023-08-29,CALL,4413.905,4395.0,32.5,32.8,32.65,355,102,4,0.010958904109589,1.004301478953356,ATM,17.2,0.0556,0.007428896473265074
2023-08-25,2023-08-29,CALL,4413.905,4390.0,36.0,36.3,36.15,294,127,4,0.010958904109589,1.0054453302961277,ATM,17.2,0.0556,0.008234624145785876
2023-08-25,2023-08-29,CALL,4413.905,4385.0,39.2,40.2,39.7,253,136,4,0.010958904109589,1.0065917901938426,ATM,17.2,0.0556,0.009053591790193844
2023-08-25,2023-08-29,CALL,4413.905,4380.0,43.2,44.1,43.650000000000006,259,48,4,0.010958904109589,1.0077408675799089,ATM,17.2,0.0556,0.009965753424657536
2023-08-25,2023-08-29,CALL,4413.905,4375.0,46.9,47.9,47.4,179,63,4,0.010958904109589,1.0088925714285717,ATM,17.2,0.0556,0.010834285714285715
2023-08-25,2023-08-29,CALL,4413.905,4370.0,50.9,52.2,51.55,103,58,4,0.010958904109589,1.0100469107551486,ATM,17.2,0.0556,0.011796338672768879
2023-08-25,2023-08-29,CALL,4413.905,4365.0,55.0,56.3,55.65,66,33,4,0.010958904109589,1.0112038946162656,ATM,17.2,0.0556,0.01274914089347079
2023-08-25,2023-08-29,CALL,4413.905,4360.0,58.4,60.8,59.6,48,35,4,0.010958904109589,1.0123635321100917,ATM,17.2,0.0556,0.013669724770642202
2023-08-25,2023-08-28,CALL,4413.905,4365.0,51.8,52.6,52.2,422,106,3,0.0082191780821917,1.0112038946162656,ATM,17.2,0.0556,0.011958762886597939
2023-08-25,2023-08-31,CALL,4413.905,4335.0,86.6,88.2,87.4,1,80,6,0.0164383561643835,1.01820184544406,ATM,17.2,0.0556,0.02016147635524798
2023-08-25,2023-08-31,CALL,4413.905,4330.0,91.3,92.4,91.85,25,114,6,0.0164383561643835,1.019377598152425,ATM,17.2,0.0556,0.02121247113163972
2023-08-25,2023-08-31,CALL,4413.905,4325.0,95.6,96.9,96.25,35,407,6,0.0164383561643835,1.0205560693641618,ATM,17.2,0.0556,0.022254335260115606
2023-08-25,2023-08-30,CALL,4413.905,4525.0,0.55,0.65,0.6000000000000001,283,642,5,0.0136986301369863,0.9754486187845304,ATM,17.2,0.0556,0.00013259668508287296
2023-08-25,2023-08-30,CALL,4413.905,4520.0,0.7,0.8,0.75,707,804,5,0.0136986301369863,0.9765276548672566,ATM,17.2,0.0556,0.000165929203539823
2023-08-25,2023-08-30,CALL,4413.905,4515.0,0.85,0.95,0.8999999999999999,296,651,5,0.0136986301369863,0.9776090808416388,ATM,17.2,0.0556,0.00019933554817275746
2023-08-25,2023-08-30,CALL,4413.905,4510.0,1.05,1.15,1.1,497,1004,5,0.0136986301369863,0.9786929046563192,ATM,17.2,0.0556,0.00024390243902439027
2023-08-25,2023-08-30,CALL,4413.905,4505.0,1.3,1.4,1.35,465,564,5,0.0136986301369863,0.9797791342952274,ATM,17.2,0.0556,0.0002996670366259712
2023-08-25,2023-08-30,CALL,4413.905,4500.0,1.6,1.7,1.65,2547,3058,5,0.0136986301369863,0.9808677777777776,ATM,17.2,0.0556,0.00036666666666666667
2023-08-25,2023-11-17,CALL,4413.905,4850.0,5.4,5.7,5.550000000000001,1,1227,84,0.2301369863013698,0.9100835051546392,OTM,17.2,0.055919354838709676,0.0011443298969072166
2023-08-25,2023-08-30,CALL,4413.905,4370.0,54.0,55.2,54.6,98,100,5,0.0136986301369863,1.0100469107551486,ATM,17.2,0.0556,0.012494279176201373
2023-08-25,2023-08-30,CALL,4413.905,4365.0,57.9,59.1,58.5,91,86,5,0.0136986301369863,1.0112038946162656,ATM,17.2,0.0556,0.013402061855670102
2023-08-25,2023-08-30,CALL,4413.905,4360.0,62.0,63.2,62.6,88,251,5,0.0136986301369863,1.0123635321100917,ATM,17.2,0.0556,0.014357798165137615
2023-08-25,2023-08-30,CALL,4413.905,4355.0,65.8,67.2,66.5,27,57,5,0.0136986301369863,1.0135258323765786,ATM,17.2,0.0556,0.015269804822043627
2023-08-25,2023-08-30,CALL,4413.905,4350.0,70.4,71.7,71.05000000000001,45,691,5,0.0136986301369863,1.014690804597701,ATM,17.2,0.0556,0.016333333333333335
2023-08-25,2023-08-30,CALL,4413.905,4345.0,74.5,76.0,75.25,35,125,5,0.0136986301369863,1.0158584579976984,ATM,17.2,0.0556,0.017318757192174912
2023-08-25,2023-08-30,CALL,4413.905,4340.0,79.0,80.4,79.7,12,35,5,0.0136986301369863,1.017028801843318,ATM,17.2,0.0556,0.018364055299539172
2023-08-25,2023-08-30,CALL,4413.905,4335.0,83.2,84.9,84.05000000000001,15,31,5,0.0136986301369863,1.01820184544406,ATM,17.2,0.0556,0.019388696655132643
2023-08-25,2023-08-30,CALL,4413.905,4330.0,87.8,89.2,88.5,1,18,5,0.0136986301369863,1.019377598152425,ATM,17.2,0.0556,0.02043879907621247
2023-08-25,2023-08-30,CALL,4413.905,4375.0,50.0,51.1,50.55,170,88,5,0.0136986301369863,1.0088925714285717,ATM,17.2,0.0556,0.011554285714285713
2023-08-25,2023-08-30,CALL,4413.905,4530.0,0.45,0.55,0.5,136,1289,5,0.0136986301369863,0.9743719646799116,ATM,17.2,0.0556,0.00011037527593818985
2023-08-25,2023-08-30,CALL,4413.905,4435.0,15.0,15.3,15.15,265,223,5,0.0136986301369863,0.9952435174746336,ATM,17.2,0.0556,0.0034160090191657274
2023-08-25,2023-08-30,CALL,4413.905,4535.0,0.35,0.45,0.4,60,861,5,0.0136986301369863,0.973297684674752,ATM,17.2,0.0556,8.820286659316429e-05
2023-08-25,2023-08-30,CALL,4413.905,4545.0,0.25,0.35,0.3,98,697,5,0.0136986301369863,0.971156215621562,ATM,17.2,0.0556,6.6006600660066e-05
2023-08-25,2023-08-30,CALL,4413.905,4325.0,92.3,93.8,93.05,9,16,5,0.0136986301369863,1.0205560693641618,ATM,17.2,0.0556,0.02151445086705202
2023-08-25,2023-08-30,CALL,4413.905,4490.0,2.4,2.5,2.45,1726,1963,5,0.0136986301369863,0.9830523385300668,ATM,17.2,0.0556,0.0005456570155902005
2023-08-25,2023-08-30,CALL,4413.905,4485.0,2.9,3.1,3.0,138,1998,5,0.0136986301369863,0.9841482720178372,ATM,17.2,0.0556,0.0006688963210702341
2023-08-25,2023-08-30,CALL,4413.905,4480.0,3.5,3.7,3.6,2968,2205,5,0.0136986301369863,0.9852466517857142,ATM,17.2,0.0556,0.0008035714285714286
2023-08-25,2023-08-30,CALL,4413.905,4475.0,4.2,4.4,4.300000000000001,1217,1356,5,0.0136986301369863,0.9863474860335196,ATM,17.2,0.0556,0.0009608938547486035
2023-08-25,2023-08-30,CALL,4413.905,4470.0,5.1,5.2,5.15,1245,1020,5,0.0136986301369863,0.9874507829977628,ATM,17.2,0.0556,0.0011521252796420581
2023-08-25,2023-08-30,CALL,4413.905,4465.0,6.0,6.2,6.1,968,1877,5,0.0136986301369863,0.9885565509518476,ATM,17.2,0.0556,0.001366181410974244
2023-08-25,2023-08-30,CALL,4413.905,4460.0,7.2,7.4,7.300000000000001,349,645,5,0.0136986301369863,0.989664798206278,ATM,17.2,0.0556,0.0016367713004484306
2023-08-25,2023-08-30,CALL,4413.905,4455.0,8.4,8.6,8.5,293,509,5,0.0136986301369863,0.9907755331088663,ATM,17.2,0.0556,0.0019079685746352412
2023-08-25,2023-08-30,CALL,4413.905,4450.0,9.8,10.1,9.95,2758,1521,5,0.0136986301369863,0.9918887640449436,ATM,17.2,0.0556,0.002235955056179775
2023-08-25,2023-08-30,CALL,4413.905,4445.0,11.4,11.6,11.5,936,518,5,0.0136986301369863,0.9930044994375704,ATM,17.2,0.0556,0.0025871766029246343
2023-08-25,2023-08-30,CALL,4413.905,4440.0,13.1,13.4,13.25,682,195,5,0.0136986301369863,0.9941227477477476,ATM,17.2,0.0556,0.002984234234234234
2023-08-25,2023-08-30,CALL,4413.905,4495.0,1.95,2.1,2.025,140,269,5,0.0136986301369863,0.9819588431590656,ATM,17.2,0.0556,0.0004505005561735261
2023-08-25,2023-08-30,CALL,4413.905,4565.0,0.1,0.2,0.15,55,1150,5,0.0136986301369863,0.9669014238773276,OTM,17.2,0.0556,3.285870755750274e-05
2023-08-25,2023-08-30,CALL,4413.905,4560.0,0.15,0.2,0.175,141,521,5,0.0136986301369863,0.9679616228070176,OTM,17.2,0.0556,3.8377192982456135e-05
2023-08-25,2023-08-30,CALL,4413.905,4555.0,0.15,0.25,0.2,48,644,5,0.0136986301369863,0.9690241492864984,OTM,17.2,0.0556,4.3907793633369924e-05
2023-08-25,2023-08-30,CALL,4413.905,4550.0,0.2,0.3,0.25,139,2324,5,0.0136986301369863,0.9700890109890108,ATM,17.2,0.0556,5.4945054945054945e-05
2023-08-25,2023-08-30,CALL,4413.905,4540.0,0.3,0.4,0.35,81,1051,5,0.0136986301369863,0.97222577092511,ATM,17.2,0.0556,7.709251101321586e-05
2023-08-25,2023-08-30,CALL,4413.905,4430.0,17.1,17.4,17.25,209,323,5,0.0136986301369863,0.996366817155756,ATM,17.2,0.0556,0.003893905191873589
2023-08-25,2023-08-30,CALL,4413.905,4425.0,19.4,19.6,19.5,1205,228,5,0.0136986301369863,0.9974926553672316,ATM,17.2,0.0556,0.004406779661016949
2023-08-25,2023-08-30,CALL,4413.905,4420.0,21.8,22.1,21.950000000000003,326,144,5,0.0136986301369863,0.9986210407239818,ATM,17.2,0.0556,0.00496606334841629
2023-08-25,2023-09-15,CALL,4413.905,4395.0,69.7,70.5,70.1,3120,6089,21,0.0575342465753424,1.004301478953356,ATM,17.2,0.0556,0.01594994311717861
2023-08-25,2023-09-15,CALL,4413.905,4390.0,72.9,73.8,73.35,2022,7478,21,0.0575342465753424,1.0054453302961277,ATM,17.2,0.0556,0.016708428246013665
2023-08-25,2023-09-15,CALL,4413.905,4385.0,76.3,77.2,76.75,501,7823,21,0.0575342465753424,1.0065917901938426,ATM,17.2,0.0556,0.01750285062713797
2023-08-25,2023-09-15,CALL,4413.905,4380.0,79.8,80.7,80.25,1298,7990,21,0.0575342465753424,1.0077408675799089,ATM,17.2,0.0556,0.01832191780821918
2023-08-25,2023-09-15,CALL,4413.905,4375.0,83.3,84.2,83.75,1655,7985,21,0.0575342465753424,1.0088925714285717,ATM,17.2,0.0556,0.019142857142857142
2023-08-25,2023-09-15,CALL,4413.905,4370.0,86.9,87.8,87.35,538,2999,21,0.0575342465753424,1.0100469107551486,ATM,17.2,0.0556,0.019988558352402746
2023-08-25,2023-09-15,CALL,4413.905,4365.0,90.5,91.4,90.95,252,4349,21,0.0575342465753424,1.0112038946162656,ATM,17.2,0.0556,0.020836197021764032
2023-08-25,2023-09-15,CALL,4413.905,4360.0,94.2,95.1,94.65,206,10841,21,0.0575342465753424,1.0123635321100917,ATM,17.2,0.0556,0.021708715596330277
2023-08-25,2023-09-15,CALL,4413.905,4295.0,143.0,151.0,147.0,13,58,21,0.0575342465753424,1.027684516880093,ATM,17.2,0.0556,0.03422584400465658
2023-08-25,2023-09-15,CALL,4413.905,4290.0,146.6,153.7,150.14999999999998,5,186,21,0.0575342465753424,1.0288822843822842,ATM,17.2,0.0556,0.034999999999999996
2023-08-25,2023-09-15,CALL,4413.905,4200.0,229.8,233.6,231.7,2,21738,21,0.0575342465753424,1.050929761904762,ITM,17.2,0.0556,0.05516666666666666
2023-08-25,2023-09-15,CALL,4413.905,4175.0,250.5,258.7,254.6,1,4752,21,0.0575342465753424,1.057222754491018,ITM,17.2,0.0556,0.06098203592814371
2023-08-25,2023-09-15,CALL,4413.905,4170.0,255.8,264.9,260.35,2,1064,21,0.0575342465753424,1.0584904076738608,ITM,17.2,0.0556,0.06243405275779377
2023-08-25,2023-09-15,CALL,4413.905,4145.0,279.8,288.8,284.3,2,3,21,0.0575342465753424,1.0648745476477683,ITM,17.2,0.0556,0.06858866103739446
2023-08-25,2023-09-15,CALL,4413.905,4280.0,155.9,163.9,159.9,2,320,21,0.0575342465753424,1.0312862149532709,ITM,17.2,0.0556,0.03735981308411215
2023-08-25,2023-09-15,CALL,4413.905,4275.0,161.1,166.4,163.75,23,4213,21,0.0575342465753424,1.032492397660819,ITM,17.2,0.0556,0.038304093567251465
2023-08-25,2023-09-15,CALL,4413.905,4270.0,164.5,172.5,168.5,1,108,21,0.0575342465753424,1.0337014051522249,ITM,17.2,0.0556,0.03946135831381733
2023-08-25,2023-09-15,CALL,4413.905,4400.0,66.4,67.2,66.80000000000001,15224,62047,21,0.0575342465753424,1.0031602272727271,ATM,17.2,0.0556,0.015181818181818185
2023-08-25,2023-09-15,CALL,4413.905,4405.0,63.2,64.0,63.6,4662,9468,21,0.0575342465753424,1.0020215664018162,ATM,17.2,0.0556,0.014438138479001135
2023-08-25,2023-09-15,CALL,4413.905,4355.0,97.9,98.8,98.35,4,3782,21,0.0575342465753424,1.0135258323765786,ATM,17.2,0.0556,0.022583237657864522
2023-08-25,2023-09-15,CALL,4413.905,4300.0,140.9,144.0,142.45,322,47493,21,0.0575342465753424,1.0264895348837209,ATM,17.2,0.0556,0.033127906976744184
2023-08-25,2023-08-30,CALL,4413.905,4415.0,24.4,24.7,24.55,252,125,5,0.0136986301369863,0.9997519818799546,ATM,17.2,0.0556,0.005560588901472254
2023-08-25,2023-08-30,CALL,4413.905,4410.0,27.1,27.4,27.25,443,180,5,0.0136986301369863,1.0008854875283446,ATM,17.2,0.0556,0.006179138321995465
2023-08-25,2023-08-30,CALL,4413.905,4405.0,30.0,30.3,30.15,249,155,5,0.0136986301369863,1.0020215664018162,ATM,17.2,0.0556,0.006844494892167991
2023-08-25,2023-08-30,CALL,4413.905,4400.0,33.1,33.5,33.3,1261,501,5,0.0136986301369863,1.0031602272727271,ATM,17.2,0.0556,0.007568181818181818
2023-08-25,2023-08-30,CALL,4413.905,4395.0,36.3,36.6,36.45,227,96,5,0.0136986301369863,1.004301478953356,ATM,17.2,0.0556,0.008293515358361776
2023-08-25,2023-08-30,CALL,4413.905,4390.0,39.7,40.0,39.85,219,95,5,0.0136986301369863,1.0054453302961277,ATM,17.2,0.0556,0.00907744874715262
2023-08-25,2023-08-30,CALL,4413.905,4385.0,43.2,43.5,43.35,308,91,5,0.0136986301369863,1.0065917901938426,ATM,17.2,0.0556,0.009885974914481186
2023-08-25,2023-08-30,CALL,4413.905,4380.0,46.5,47.3,46.9,153,122,5,0.0136986301369863,1.0077408675799089,ATM,17.2,0.0556,0.010707762557077624
2023-08-25,2023-08-30,CALL,4413.905,4320.0,96.9,98.5,97.7,1,14,5,0.0136986301369863,1.0217372685185184,ATM,17.2,0.0556,0.022615740740740742
2023-08-25,2023-08-31,CALL,4413.905,4575.0,0.2,0.25,0.225,230,1848,6,0.0164383561643835,0.9647879781420764,OTM,17.2,0.0556,4.918032786885246e-05
2023-08-25,2023-11-17,CALL,4413.905,4800.0,8.8,9.0,8.9,40,6354,84,0.2301369863013698,0.9195635416666668,OTM,17.2,0.055919354838709676,0.0018541666666666667
2023-08-25,2023-09-15,CALL,4413.905,4340.0,109.4,110.3,109.85,2,993,21,0.0575342465753424,1.017028801843318,ATM,17.2,0.0556,0.0253110599078341
2023-08-25,2023-09-15,CALL,4413.905,4330.0,117.2,118.2,117.7,4,262,21,0.0575342465753424,1.019377598152425,ATM,17.2,0.0556,0.027182448036951502
2023-08-25,2023-09-15,CALL,4413.905,4325.0,121.3,122.2,121.75,24,5798,21,0.0575342465753424,1.0205560693641618,ATM,17.2,0.0556,0.02815028901734104
2023-08-25,2023-09-15,CALL,4413.905,4350.0,101.7,102.6,102.15,274,16221,21,0.0575342465753424,1.014690804597701,ATM,17.2,0.0556,0.023482758620689655
2023-08-25,2023-09-15,CALL,4413.905,4315.0,126.5,134.2,130.35,4,275,21,0.0575342465753424,1.0229212050984935,ATM,17.2,0.0556,0.030208574739281575
2023-08-25,2023-09-15,CALL,4413.905,4310.0,131.8,136.6,134.2,16,61,21,0.0575342465753424,1.0241078886310904,ATM,17.2,0.0556,0.0311368909512761
2023-08-25,2023-09-15,CALL,4413.905,4305.0,134.8,142.5,138.65,4,581,21,0.0575342465753424,1.0252973286875726,ATM,17.2,0.0556,0.03220673635307782
2023-08-25,2023-11-17,CALL,4413.905,4825.0,6.9,7.1,7.0,41,3708,84,0.2301369863013698,0.91479896373057,OTM,17.2,0.055919354838709676,0.001450777202072539
2023-08-25,2023-09-15,CALL,4413.905,4260.0,173.2,181.3,177.25,2,906,21,0.0575342465753424,1.0361279342723004,ITM,17.2,0.0556,0.04160798122065728
2023-08-25,2023-08-29,CALL,4413.905,4525.0,0.2,0.3,0.25,233,407,4,0.010958904109589,0.9754486187845304,ATM,17.2,0.0556,5.524861878453039e-05
2023-08-25,2023-08-29,CALL,4413.905,4535.0,0.15,0.2,0.175,87,251,4,0.010958904109589,0.973297684674752,ATM,17.2,0.0556,3.858875413450937e-05
2023-08-25,2023-08-31,CALL,4413.905,4470.0,7.4,7.7,7.550000000000001,1036,952,6,0.0164383561643835,0.9874507829977628,ATM,17.2,0.0556,0.0016890380313199108
2023-08-25,2023-08-31,CALL,4413.905,4465.0,8.6,8.9,8.75,430,273,6,0.0164383561643835,0.9885565509518476,ATM,17.2,0.0556,0.001959686450167973
2023-08-25,2023-08-31,CALL,4413.905,4485.0,4.6,4.8,4.699999999999999,233,428,6,0.0164383561643835,0.9841482720178372,ATM,17.2,0.0556,0.0010479375696767
2023-08-25,2023-08-31,CALL,4413.905,4515.0,1.6,1.7,1.65,106,637,6,0.0164383561643835,0.9776090808416388,ATM,17.2,0.0556,0.0003654485049833887
2023-08-25,2023-08-31,CALL,4413.905,4520.0,1.35,1.45,1.4,402,680,6,0.0164383561643835,0.9765276548672566,ATM,17.2,0.0556,0.00030973451327433627
2023-08-25,2023-08-31,CALL,4413.905,4570.0,0.2,0.3,0.25,63,1103,6,0.0164383561643835,0.965843544857768,OTM,17.2,0.0556,5.4704595185995626e-05
2023-08-25,2023-08-31,CALL,4413.905,4565.0,0.25,0.35,0.3,844,383,6,0.0164383561643835,0.9669014238773276,OTM,17.2,0.0556,6.571741511500547e-05
2023-08-25,2023-08-31,CALL,4413.905,4560.0,0.3,0.35,0.3249999999999999,167,891,6,0.0164383561643835,0.9679616228070176,OTM,17.2,0.0556,7.127192982456138e-05
2023-08-25,2023-08-31,CALL,4413.905,4555.0,0.35,0.45,0.4,494,502,6,0.0164383561643835,0.9690241492864984,OTM,17.2,0.0556,8.781558726673985e-05
2023-08-25,2023-08-31,CALL,4413.905,4550.0,0.45,0.5,0.475,711,7741,6,0.0164383561643835,0.9700890109890108,ATM,17.2,0.0556,0.00010439560439560438
2023-08-25,2023-08-31,CALL,4413.905,4545.0,0.5,0.6,0.55,133,576,6,0.0164383561643835,0.971156215621562,ATM,17.2,0.0556,0.00012101210121012103
2023-08-25,2023-08-31,CALL,4413.905,4540.0,0.65,0.7,0.675,181,2033,6,0.0164383561643835,0.97222577092511,ATM,17.2,0.0556,0.0001486784140969163
2023-08-25,2023-08-31,CALL,4413.905,4535.0,0.75,0.85,0.8,55,373,6,0.0164383561643835,0.973297684674752,ATM,17.2,0.0556,0.00017640573318632857
2023-08-25,2023-08-31,CALL,4413.905,4530.0,0.9,1.0,0.95,322,414,6,0.0164383561643835,0.9743719646799116,ATM,17.2,0.0556,0.0002097130242825607
2023-08-25,2023-08-31,CALL,4413.905,4525.0,1.1,1.2,1.15,611,1834,6,0.0164383561643835,0.9754486187845304,ATM,17.2,0.0556,0.0002541436464088398
2023-08-25,2023-08-31,CALL,4413.905,4460.0,9.9,10.2,10.05,1192,2174,6,0.0164383561643835,0.989664798206278,ATM,17.2,0.0556,0.002253363228699552
2023-08-25,2023-08-31,CALL,4413.905,4455.0,11.5,11.7,11.6,512,255,6,0.0164383561643835,0.9907755331088663,ATM,17.2,0.0556,0.0026038159371492703
2023-08-25,2023-08-31,CALL,4413.905,4475.0,6.4,6.6,6.5,1130,2752,6,0.0164383561643835,0.9863474860335196,ATM,17.2,0.0556,0.001452513966480447
2023-08-25,2023-08-31,CALL,4413.905,4395.0,40.7,40.9,40.8,286,293,6,0.0164383561643835,1.004301478953356,ATM,17.2,0.0556,0.009283276450511945
2023-08-25,2023-08-31,CALL,4413.905,4480.0,5.4,5.7,5.550000000000001,428,457,6,0.0164383561643835,0.9852466517857142,ATM,17.2,0.0556,0.0012388392857142858
2023-08-25,2023-08-31,CALL,4413.905,4495.0,3.3,3.5,3.4,146,445,6,0.0164383561643835,0.9819588431590656,ATM,17.2,0.0556,0.0007563959955506118
2023-08-25,2023-08-31,CALL,4413.905,4320.0,100.0,101.7,100.85,8,143,6,0.0164383561643835,1.0217372685185184,ATM,17.2,0.0556,0.023344907407407404
2023-08-25,2023-08-31,CALL,4413.905,4310.0,109.5,110.7,110.1,1,160,6,0.0164383561643835,1.0241078886310904,ATM,17.2,0.0556,0.02554524361948956
2023-08-25,2023-08-31,CALL,4413.905,4300.0,118.9,120.1,119.5,123,2696,6,0.0164383561643835,1.0264895348837209,ATM,17.2,0.0556,0.027790697674418604
2023-08-25,2023-08-31,CALL,4413.905,4285.0,132.9,134.7,133.8,1,46,6,0.0164383561643835,1.0300828471411902,ITM,17.2,0.0556,0.03122520420070012
2023-08-25,2023-08-31,CALL,4413.905,4200.0,215.3,219.3,217.3,10,957,6,0.0164383561643835,1.050929761904762,ITM,17.2,0.0556,0.05173809523809524
2023-08-25,2023-08-31,CALL,4413.905,4195.0,220.2,224.2,222.2,3,125,6,0.0164383561643835,1.052182359952324,ITM,17.2,0.0556,0.052967818831942785
2023-08-25,2023-08-31,CALL,4413.905,4340.0,82.3,83.8,83.05,16,184,6,0.0164383561643835,1.017028801843318,ATM,17.2,0.0556,0.01913594470046083
2023-08-25,2023-08-31,CALL,4413.905,4170.0,245.1,249.1,247.1,5,153,6,0.0164383561643835,1.0584904076738608,ITM,17.2,0.0556,0.059256594724220624
2023-08-25,2023-08-31,CALL,4413.905,4160.0,255.1,259.1,257.1,3,21,6,0.0164383561643835,1.0610348557692306,ITM,17.2,0.0556,0.06180288461538462
2023-08-25,2023-08-31,CALL,4413.905,4155.0,260.1,264.1,262.1,3,24,6,0.0164383561643835,1.0623116726835138,ITM,17.2,0.0556,0.0630806257521059
2023-08-25,2023-08-31,CALL,4413.905,4150.0,265.1,269.1,267.1,6,100,6,0.0164383561643835,1.06359156626506,ITM,17.2,0.0556,0.06436144578313253
2023-08-25,2023-08-31,CALL,4413.905,4135.0,280.0,284.0,282.0,1,31,6,0.0164383561643835,1.0674498186215235,ITM,17.2,0.0556,0.06819830713422008
2023-08-25,2023-08-31,CALL,4413.905,4130.0,285.0,289.0,287.0,2,23,6,0.0164383561643835,1.068742130750605,ITM,17.2,0.0556,0.06949152542372881
2023-08-25,2023-08-30,CALL,4413.905,4575.0,0.1,0.15,0.125,4,203,5,0.0136986301369863,0.9647879781420764,OTM,17.2,0.0556,2.73224043715847e-05
2023-08-25,2023-08-31,CALL,4413.905,4510.0,1.95,2.05,2.0,283,522,6,0.0164383561643835,0.9786929046563192,ATM,17.2,0.0556,0.0004434589800443459
2023-08-25,2023-08-31,CALL,4413.905,4505.0,2.35,2.45,2.4000000000000004,179,438,6,0.0164383561643835,0.9797791342952274,ATM,17.2,0.0556,0.000532741398446171
2023-08-25,2023-08-31,CALL,4413.905,4500.0,2.8,2.9,2.85,2504,6460,6,0.0164383561643835,0.9808677777777776,ATM,17.2,0.0556,0.0006333333333333334
2023-08-25,2023-08-31,CALL,4413.905,4490.0,3.9,4.1,4.0,819,1472,6,0.0164383561643835,0.9830523385300668,ATM,17.2,0.0556,0.0008908685968819599
2023-08-25,2023-08-31,CALL,4413.905,4390.0,44.0,44.3,44.15,276,5525,6,0.0164383561643835,1.0054453302961277,ATM,17.2,0.0556,0.010056947608200455
2023-08-25,2023-08-31,CALL,4413.905,4385.0,47.4,47.7,47.55,136,241,6,0.0164383561643835,1.0065917901938426,ATM,17.2,0.0556,0.010843785632839224
2023-08-25,2023-08-31,CALL,4413.905,4380.0,51.0,51.3,51.15,219,478,6,0.0164383561643835,1.0077408675799089,ATM,17.2,0.0556,0.011678082191780821
2023-08-25,2023-08-30,CALL,4413.905,4285.0,130.5,132.2,131.35,2,6,5,0.0136986301369863,1.0300828471411902,ITM,17.2,0.0556,0.030653442240373394
2023-08-25,2023-08-30,CALL,4413.905,4280.0,135.3,137.1,136.2,2,3,5,0.0136986301369863,1.0312862149532709,ITM,17.2,0.0556,0.031822429906542056
2023-08-25,2023-08-30,CALL,4413.905,4270.0,145.0,146.9,145.95,1,10,5,0.0136986301369863,1.0337014051522249,ITM,17.2,0.0556,0.03418032786885246
2023-08-25,2023-08-29,CALL,4413.905,4510.0,0.4,0.5,0.45,699,603,4,0.010958904109589,0.9786929046563192,ATM,17.2,0.0556,9.977827050997783e-05
2023-08-25,2023-08-29,CALL,4413.905,4505.0,0.55,0.65,0.6000000000000001,723,503,4,0.010958904109589,0.9797791342952274,ATM,17.2,0.0556,0.00013318534961154275
2023-08-25,2023-08-29,CALL,4413.905,4500.0,0.7,0.8,0.75,1775,1933,4,0.010958904109589,0.9808677777777776,ATM,17.2,0.0556,0.00016666666666666666
2023-08-25,2023-08-29,CALL,4413.905,4495.0,0.9,1.0,0.95,1035,822,4,0.010958904109589,0.9819588431590656,ATM,17.2,0.0556,0.00021134593993325917
2023-08-25,2023-08-29,CALL,4413.905,4490.0,1.15,1.25,1.2,1046,940,4,0.010958904109589,0.9830523385300668,ATM,17.2,0.0556,0.00026726057906458796
2023-08-25,2023-08-29,CALL,4413.905,4485.0,1.5,1.6,1.55,385,456,4,0.010958904109589,0.9841482720178372,ATM,17.2,0.0556,0.00034559643255295433
2023-08-25,2023-08-29,CALL,4413.905,4480.0,1.9,2.0,1.95,657,593,4,0.010958904109589,0.9852466517857142,ATM,17.2,0.0556,0.00043526785714285716
2023-08-25,2023-08-29,CALL,4413.905,4475.0,2.35,2.5,2.425,1290,689,4,0.010958904109589,0.9863474860335196,ATM,17.2,0.0556,0.000541899441340782
2023-08-25,2023-08-29,CALL,4413.905,4470.0,2.95,3.1,3.0250000000000004,971,777,4,0.010958904109589,0.9874507829977628,ATM,17.2,0.0556,0.0006767337807606265
2023-08-25,2023-08-29,CALL,4413.905,4465.0,3.7,3.9,3.8,368,213,4,0.010958904109589,0.9885565509518476,ATM,17.2,0.0556,0.000851063829787234
2023-08-25,2023-08-29,CALL,4413.905,4515.0,0.35,0.4,0.375,163,334,4,0.010958904109589,0.9776090808416388,ATM,17.2,0.0556,8.305647840531562e-05
2023-08-25,2023-08-29,CALL,4413.905,4520.0,0.25,0.35,0.3,128,368,4,0.010958904109589,0.9765276548672566,ATM,17.2,0.0556,6.63716814159292e-05
2023-08-25,2023-08-29,CALL,4413.905,4545.0,0.1,0.15,0.125,40,222,4,0.010958904109589,0.971156215621562,ATM,17.2,0.0556,2.7502750275027502e-05
2023-08-25,2023-08-29,CALL,4413.905,4540.0,0.1,0.2,0.15,73,265,4,0.010958904109589,0.97222577092511,ATM,17.2,0.0556,3.303964757709251e-05
2023-08-25,2023-08-30,CALL,4413.905,4300.0,115.8,117.5,116.65,8,29,5,0.0136986301369863,1.0264895348837209,ATM,17.2,0.0556,0.027127906976744186
2023-08-25,2023-08-30,CALL,4413.905,4305.0,111.2,112.7,111.95,2,8,5,0.0136986301369863,1.0252973286875726,ATM,17.2,0.0556,0.026004645760743322
2023-08-25,2023-08-30,CALL,4413.905,4315.0,101.7,103.4,102.55,2,6,5,0.0136986301369863,1.0229212050984935,ATM,17.2,0.0556,0.02376593279258401
2023-08-25,2023-08-30,CALL,4413.905,4570.0,0.1,0.15,0.125,42,404,5,0.0136986301369863,0.965843544857768,OTM,17.2,0.0556,2.7352297592997813e-05
2023-08-25,2023-08-31,CALL,4413.905,4375.0,54.4,55.3,54.85,129,1770,6,0.0164383561643835,1.0088925714285717,ATM,17.2,0.0556,0.012537142857142858
2023-08-25,2023-08-31,CALL,4413.905,4370.0,58.1,59.2,58.650000000000006,176,892,6,0.0164383561643835,1.0100469107551486,ATM,17.2,0.0556,0.013421052631578948
2023-08-25,2023-08-31,CALL,4413.905,4365.0,62.0,63.1,62.55,63,242,6,0.0164383561643835,1.0112038946162656,ATM,17.2,0.0556,0.014329896907216495
2023-08-25,2023-08-31,CALL,4413.905,4360.0,65.8,67.0,66.4,43,907,6,0.0164383561643835,1.0123635321100917,ATM,17.2,0.0556,0.015229357798165139
2023-08-25,2023-08-31,CALL,4413.905,4355.0,70.0,71.1,70.55,42,1318,6,0.0164383561643835,1.0135258323765786,ATM,17.2,0.0556,0.016199770378874857
2023-08-25,2023-08-31,CALL,4413.905,4350.0,74.1,75.0,74.55,55,5930,6,0.0164383561643835,1.014690804597701,ATM,17.2,0.0556,0.01713793103448276
2023-08-25,2023-08-31,CALL,4413.905,4345.0,78.3,79.5,78.9,23,348,6,0.0164383561643835,1.0158584579976984,ATM,17.2,0.0556,0.01815880322209436
2023-08-25,2023-08-31,CALL,4413.905,4400.0,37.5,37.7,37.6,2176,5944,6,0.0164383561643835,1.0031602272727271,ATM,17.2,0.0556,0.008545454545454545
2023-08-25,2023-08-29,CALL,4413.905,4530.0,0.15,0.25,0.2,124,353,4,0.010958904109589,0.9743719646799116,ATM,17.2,0.0556,4.415011037527594e-05
2023-08-25,2023-08-31,CALL,4413.905,4405.0,34.4,34.7,34.55,395,86,6,0.0164383561643835,1.0020215664018162,ATM,17.2,0.0556,0.007843359818388195
2023-08-25,2023-08-31,CALL,4413.905,4445.0,14.9,15.1,15.0,221,248,6,0.0164383561643835,0.9930044994375704,ATM,17.2,0.0556,0.003374578177727784
2023-08-25,2023-08-31,CALL,4413.905,4440.0,16.8,17.0,16.9,221,580,6,0.0164383561643835,0.9941227477477476,ATM,17.2,0.0556,0.003806306306306306
2023-08-25,2023-08-31,CALL,4413.905,4435.0,18.9,19.1,19.0,362,177,6,0.0164383561643835,0.9952435174746336,ATM,17.2,0.0556,0.004284103720405863
2023-08-25,2023-08-31,CALL,4413.905,4430.0,21.1,21.3,21.200000000000003,313,438,6,0.0164383561643835,0.996366817155756,ATM,17.2,0.0556,0.004785553047404064
2023-08-25,2023-08-31,CALL,4413.905,4425.0,23.5,23.7,23.6,298,1417,6,0.0164383561643835,0.9974926553672316,ATM,17.2,0.0556,0.005333333333333334
2023-08-25,2023-08-31,CALL,4413.905,4420.0,26.0,26.2,26.1,384,524,6,0.0164383561643835,0.9986210407239818,ATM,17.2,0.0556,0.005904977375565611
2023-08-25,2023-08-31,CALL,4413.905,4415.0,28.6,28.9,28.75,164,274,6,0.0164383561643835,0.9997519818799546,ATM,17.2,0.0556,0.0065118912797281995
2023-08-25,2023-08-31,CALL,4413.905,4410.0,31.4,31.7,31.55,335,626,6,0.0164383561643835,1.0008854875283446,ATM,17.2,0.0556,0.0071541950113378685
2023-08-25,2023-08-31,CALL,4413.905,4450.0,13.1,13.3,13.2,1900,6705,6,0.0164383561643835,0.9918887640449436,ATM,17.2,0.0556,0.0029662921348314604
2023-08-25,2023-10-06,CALL,440.79,420.0,24.34,25.08,24.71,9,21,42,0.1150684931506849,1.0495,ITM,17.2,0.05548,0.058833333333333335
2023-08-25,2023-10-06,CALL,440.79,430.0,16.14,16.73,16.435000000000002,15,3,42,0.1150684931506849,1.025093023255814,ATM,17.2,0.05548,0.03822093023255815
2023-08-25,2023-08-31,CALL,4413.905,4580.0,0.15,0.25,0.2,34,943,6,0.0164383561643835,0.9637347161572052,OTM,17.2,0.0556,4.366812227074236e-05
2023-08-25,2023-09-01,CALL,4413.905,4510.0,3.0,3.2,3.1,1733,474,7,0.0191780821917808,0.9786929046563192,ATM,17.2,0.0556,0.0006873614190687361
2023-08-25,2023-09-01,CALL,4413.905,4530.0,1.55,1.7,1.625,2619,1248,7,0.0191780821917808,0.9743719646799116,ATM,17.2,0.0556,0.000358719646799117
2023-08-25,2023-09-01,CALL,4413.905,4505.0,3.6,3.8,3.7,618,553,7,0.0191780821917808,0.9797791342952274,ATM,17.2,0.0556,0.0008213096559378469
2023-08-25,2023-09-01,CALL,4413.905,4500.0,4.2,4.4,4.300000000000001,3582,7169,7,0.0191780821917808,0.9808677777777776,ATM,17.2,0.0556,0.0009555555555555557
2023-08-25,2023-09-01,CALL,4413.905,4495.0,4.9,5.1,5.0,536,331,7,0.0191780821917808,0.9819588431590656,ATM,17.2,0.0556,0.0011123470522803114
2023-08-25,2023-09-01,CALL,4413.905,4490.0,5.7,5.9,5.800000000000001,833,479,7,0.0191780821917808,0.9830523385300668,ATM,17.2,0.0556,0.001291759465478842
2023-08-25,2023-09-01,CALL,4413.905,4485.0,6.6,6.8,6.699999999999999,673,283,7,0.0191780821917808,0.9841482720178372,ATM,17.2,0.0556,0.0014938684503901893
2023-08-25,2023-09-01,CALL,4413.905,4535.0,1.3,1.45,1.375,472,792,7,0.0191780821917808,0.973297684674752,ATM,17.2,0.0556,0.0003031973539140022
2023-08-25,2023-09-01,CALL,4413.905,4600.0,0.2,0.25,0.225,1268,3687,7,0.0191780821917808,0.9595445652173912,OTM,17.2,0.0556,4.891304347826087e-05
2023-08-25,2023-09-01,CALL,4413.905,4595.0,0.2,0.3,0.25,32,271,7,0.0191780821917808,0.960588683351469,OTM,17.2,0.0556,5.44069640914037e-05
2023-08-25,2023-09-01,CALL,4413.905,4590.0,0.25,0.3,0.275,147,1285,7,0.0191780821917808,0.9616350762527232,OTM,17.2,0.0556,5.9912854030501095e-05
2023-08-25,2023-09-01,CALL,4413.905,4585.0,0.25,0.35,0.3,512,466,7,0.0191780821917808,0.9626837513631408,OTM,17.2,0.0556,6.543075245365322e-05
2023-08-25,2023-09-01,CALL,4413.905,4580.0,0.3,0.4,0.35,393,329,7,0.0191780821917808,0.9637347161572052,OTM,17.2,0.0556,7.641921397379912e-05
2023-08-25,2023-09-01,CALL,4413.905,4575.0,0.35,0.45,0.4,563,853,7,0.0191780821917808,0.9647879781420764,OTM,17.2,0.0556,8.743169398907104e-05
2023-08-25,2023-09-01,CALL,4413.905,4570.0,0.4,0.5,0.45,199,378,7,0.0191780821917808,0.965843544857768,OTM,17.2,0.0556,9.846827133479212e-05
2023-08-25,2023-09-01,CALL,4413.905,4565.0,0.5,0.55,0.525,332,315,7,0.0191780821917808,0.9669014238773276,OTM,17.2,0.0556,0.00011500547645125959
2023-08-25,2023-09-01,CALL,4413.905,4560.0,0.55,0.65,0.6000000000000001,1412,1466,7,0.0191780821917808,0.9679616228070176,OTM,17.2,0.0556,0.00013157894736842108
2023-08-25,2023-09-01,CALL,4413.905,4515.0,2.6,2.75,2.675,609,303,7,0.0191780821917808,0.9776090808416388,ATM,17.2,0.0556,0.000592469545957918
2023-08-25,2023-09-01,CALL,4413.905,4555.0,0.65,0.75,0.7,236,1243,7,0.0191780821917808,0.9690241492864984,OTM,17.2,0.0556,0.00015367727771679472
2023-08-25,2023-09-01,CALL,4413.905,4520.0,2.2,2.3,2.25,709,476,7,0.0191780821917808,0.9765276548672566,ATM,17.2,0.0556,0.000497787610619469
2023-08-25,2023-09-01,CALL,4413.905,4365.0,65.3,66.6,65.94999999999999,202,85,7,0.0191780821917808,1.0112038946162656,ATM,17.2,0.0556,0.01510882016036655
2023-08-25,2023-09-01,CALL,4413.905,4330.0,94.0,95.4,94.7,55,79,7,0.0191780821917808,1.019377598152425,ATM,17.2,0.0556,0.02187066974595843
2023-08-25,2023-09-01,CALL,4413.905,4325.0,98.2,99.8,99.0,12,535,7,0.0191780821917808,1.0205560693641618,ATM,17.2,0.0556,0.022890173410404623
2023-08-25,2023-09-01,CALL,4413.905,4320.0,102.6,104.0,103.3,8,103,7,0.0191780821917808,1.0217372685185184,ATM,17.2,0.0556,0.023912037037037037
2023-08-25,2023-09-01,CALL,4413.905,4310.0,111.5,113.0,112.25,17,57,7,0.0191780821917808,1.0241078886310904,ATM,17.2,0.0556,0.026044083526682135
2023-08-25,2023-09-01,CALL,4413.905,4240.0,177.9,179.7,178.8,4,10,7,0.0191780821917808,1.041015330188679,ITM,17.2,0.0556,0.04216981132075472
2023-08-25,2023-08-31,CALL,4413.905,4600.0,0.1,0.15,0.125,185,7183,6,0.0164383561643835,0.9595445652173912,OTM,17.2,0.0556,2.7173913043478262e-05
2023-08-25,2023-08-31,CALL,4413.905,4595.0,0.1,0.2,0.15,9,547,6,0.0164383561643835,0.960588683351469,OTM,17.2,0.0556,3.264417845484222e-05
2023-08-25,2023-08-31,CALL,4413.905,4590.0,0.1,0.2,0.15,49,599,6,0.0164383561643835,0.9616350762527232,OTM,17.2,0.0556,3.26797385620915e-05
2023-08-25,2023-09-01,CALL,4413.905,4100.0,315.4,319.4,317.4,4,14,7,0.0191780821917808,1.076562195121951,ITM,17.2,0.0556,0.07741463414634146
2023-08-25,2023-09-01,CALL,4413.905,4110.0,305.4,309.5,307.45,1,5,7,0.0191780821917808,1.073942822384428,ITM,17.2,0.0556,0.07480535279805353
2023-08-25,2023-09-01,CALL,4413.905,4200.0,217.1,219.1,218.1,3,21,7,0.0191780821917808,1.050929761904762,ITM,17.2,0.0556,0.05192857142857143
2023-08-25,2023-09-01,CALL,4413.905,4175.0,240.8,244.8,242.8,1,20,7,0.0191780821917808,1.057222754491018,ITM,17.2,0.0556,0.05815568862275449
2023-08-25,2023-09-01,CALL,4413.905,4160.0,255.7,259.7,257.7,1,301,7,0.0191780821917808,1.0610348557692306,ITM,17.2,0.0556,0.061947115384615385
2023-08-25,2023-09-01,CALL,4413.905,4140.0,275.6,279.6,277.6,1,1,7,0.0191780821917808,1.0661606280193237,ITM,17.2,0.0556,0.06705314009661836
2023-08-25,2023-09-01,CALL,4413.905,4120.0,295.5,299.5,297.5,1,5,7,0.0191780821917808,1.0713361650485436,ITM,17.2,0.0556,0.07220873786407767
2023-08-25,2023-09-01,CALL,4413.905,4605.0,0.15,0.25,0.2,16,243,7,0.0191780821917808,0.9585027144408252,OTM,17.2,0.0556,4.343105320304018e-05
2023-08-25,2023-09-01,CALL,4413.905,4360.0,69.3,70.5,69.9,199,289,7,0.0191780821917808,1.0123635321100917,ATM,17.2,0.0556,0.016032110091743122
2023-08-25,2023-09-01,CALL,4413.905,4525.0,1.85,2.0,1.925,742,1941,7,0.0191780821917808,0.9754486187845304,ATM,17.2,0.0556,0.000425414364640884
2023-08-25,2023-09-01,CALL,4413.905,4335.0,88.8,90.9,89.85,14,44,7,0.0191780821917808,1.01820184544406,ATM,17.2,0.0556,0.020726643598615917
2023-08-25,2023-09-01,CALL,4413.905,4550.0,0.8,0.9,0.8500000000000001,2350,2031,7,0.0191780821917808,0.9700890109890108,ATM,17.2,0.0556,0.00018681318681318683
2023-08-25,2023-09-01,CALL,4413.905,4540.0,1.1,1.2,1.15,680,767,7,0.0191780821917808,0.97222577092511,ATM,17.2,0.0556,0.00025330396475770924
2023-08-25,2023-09-01,CALL,4413.905,4425.0,27.2,27.5,27.35,1600,1521,7,0.0191780821917808,0.9974926553672316,ATM,17.2,0.0556,0.006180790960451978
2023-08-25,2023-09-01,CALL,4413.905,4420.0,29.8,30.1,29.950000000000003,1356,948,7,0.0191780821917808,0.9986210407239818,ATM,17.2,0.0556,0.006776018099547512
2023-08-25,2023-09-08,CALL,4413.905,4170.0,252.0,253.9,252.95,40,258,14,0.0383561643835616,1.0584904076738608,ITM,17.2,0.0556,0.06065947242206235
2023-08-25,2023-09-08,CALL,4413.905,4200.0,223.1,224.9,224.0,5,27,14,0.0383561643835616,1.050929761904762,ITM,17.2,0.0556,0.05333333333333334
2023-08-25,2023-09-08,CALL,4413.905,4150.0,271.7,273.4,272.54999999999995,1,12,14,0.0383561643835616,1.06359156626506,ITM,17.2,0.0556,0.06567469879518072
2023-08-25,2023-09-08,CALL,4413.905,4210.0,213.4,215.3,214.35,1,1,14,0.0383561643835616,1.0484334916864608,ITM,17.2,0.0556,0.050914489311163894
2023-08-25,2023-09-08,CALL,4413.905,4260.0,166.1,168.2,167.14999999999998,2,16,14,0.0383561643835616,1.0361279342723004,ITM,17.2,0.0556,0.03923708920187793
2023-08-25,2023-09-08,CALL,4413.905,4255.0,170.6,172.8,171.7,3,30,14,0.0383561643835616,1.0373454759106933,ITM,17.2,0.0556,0.04035252643948296
2023-08-25,2023-09-08,CALL,4413.905,4250.0,176.0,177.5,176.75,17,310,14,0.0383561643835616,1.0385658823529411,ITM,17.2,0.0556,0.04158823529411765
2023-08-25,2023-09-08,CALL,4413.905,4240.0,185.0,186.8,185.9,1,11,14,0.0383561643835616,1.041015330188679,ITM,17.2,0.0556,0.04384433962264151
2023-08-25,2023-09-08,CALL,4413.905,4220.0,203.9,205.9,204.9,1,31,14,0.0383561643835616,1.0459490521327013,ITM,17.2,0.0556,0.04855450236966825
2023-08-25,2023-09-08,CALL,4413.905,4100.0,320.5,322.6,321.55,1,10,14,0.0383561643835616,1.076562195121951,ITM,17.2,0.0556,0.07842682926829268
2023-08-25,2023-09-07,CALL,4413.905,4510.0,7.2,7.5,7.35,8,61,13,0.0356164383561643,0.9786929046563192,ATM,17.2,0.0556,0.001629711751662971
2023-08-25,2023-09-07,CALL,4413.905,4505.0,8.2,8.4,8.3,11,234,13,0.0356164383561643,0.9797791342952274,ATM,17.2,0.0556,0.001842397336293008
2023-08-25,2023-09-07,CALL,4413.905,4500.0,9.1,9.4,9.25,96,368,13,0.0356164383561643,0.9808677777777776,ATM,17.2,0.0556,0.0020555555555555557
2023-08-25,2023-09-07,CALL,4413.905,4495.0,10.2,10.5,10.35,6,69,13,0.0356164383561643,0.9819588431590656,ATM,17.2,0.0556,0.0023025583982202447
2023-08-25,2023-09-07,CALL,4413.905,4490.0,11.4,11.7,11.55,31,54,13,0.0356164383561643,0.9830523385300668,ATM,17.2,0.0556,0.0025723830734966594
2023-08-25,2023-09-01,CALL,4413.905,4430.0,24.8,25.1,24.950000000000003,650,486,7,0.0191780821917808,0.996366817155756,ATM,17.2,0.0556,0.005632054176072236
2023-08-25,2023-09-01,CALL,4413.905,4545.0,0.95,1.05,1.0,307,286,7,0.0191780821917808,0.971156215621562,ATM,17.2,0.0556,0.00022002200220022002
2023-08-25,2023-09-01,CALL,4413.905,4435.0,22.5,22.8,22.65,570,311,7,0.0191780821917808,0.9952435174746336,ATM,17.2,0.0556,0.005107102593010146
2023-08-25,2023-09-01,CALL,4413.905,4445.0,18.3,18.5,18.4,1418,378,7,0.0191780821917808,0.9930044994375704,ATM,17.2,0.0556,0.004139482564679415
2023-08-25,2023-09-01,CALL,4413.905,4480.0,7.6,7.8,7.699999999999999,741,579,7,0.0191780821917808,0.9852466517857142,ATM,17.2,0.0556,0.0017187499999999998
2023-08-25,2023-09-01,CALL,4413.905,4475.0,8.8,9.0,8.9,1209,2352,7,0.0191780821917808,0.9863474860335196,ATM,17.2,0.0556,0.001988826815642458
2023-08-25,2023-09-01,CALL,4413.905,4410.0,35.3,35.6,35.45,829,678,7,0.0191780821917808,1.0008854875283446,ATM,17.2,0.0556,0.008038548752834468
2023-08-25,2023-09-01,CALL,4413.905,4405.0,38.3,38.6,38.45,654,196,7,0.0191780821917808,1.0020215664018162,ATM,17.2,0.0556,0.008728717366628832
2023-08-25,2023-09-01,CALL,4413.905,4400.0,41.3,41.6,41.45,2680,1915,7,0.0191780821917808,1.0031602272727271,ATM,17.2,0.0556,0.009420454545454546
2023-08-25,2023-09-01,CALL,4413.905,4395.0,44.5,44.8,44.65,359,113,7,0.0191780821917808,1.004301478953356,ATM,17.2,0.0556,0.010159271899886234
2023-08-25,2023-09-01,CALL,4413.905,4390.0,47.7,48.1,47.900000000000006,543,526,7,0.0191780821917808,1.0054453302961277,ATM,17.2,0.0556,0.01091116173120729
2023-08-25,2023-09-01,CALL,4413.905,4385.0,51.2,51.5,51.35,307,337,7,0.0191780821917808,1.0065917901938426,ATM,17.2,0.0556,0.011710376282782212
2023-08-25,2023-09-01,CALL,4413.905,4380.0,54.7,55.0,54.85,184,326,7,0.0191780821917808,1.0077408675799089,ATM,17.2,0.0556,0.012522831050228311
2023-08-25,2023-09-01,CALL,4413.905,4375.0,58.3,58.6,58.45,297,634,7,0.0191780821917808,1.0088925714285717,ATM,17.2,0.0556,0.01336
2023-08-25,2023-09-01,CALL,4413.905,4370.0,61.6,62.7,62.150000000000006,174,181,7,0.0191780821917808,1.0100469107551486,ATM,17.2,0.0556,0.014221967963386728
2023-08-25,2023-09-01,CALL,4413.905,4415.0,32.5,32.8,32.65,852,412,7,0.0191780821917808,0.9997519818799546,ATM,17.2,0.0556,0.00739524348810872
2023-08-25,2023-09-01,CALL,4413.905,4470.0,10.0,10.2,10.1,814,919,7,0.0191780821917808,0.9874507829977628,ATM,17.2,0.0556,0.0022595078299776287
2023-08-25,2023-09-01,CALL,4413.905,4465.0,11.4,11.6,11.5,1118,1003,7,0.0191780821917808,0.9885565509518476,ATM,17.2,0.0556,0.0025755879059350503
2023-08-25,2023-09-01,CALL,4413.905,4460.0,12.9,13.1,13.0,1240,676,7,0.0191780821917808,0.989664798206278,ATM,17.2,0.0556,0.002914798206278027
2023-08-25,2023-09-01,CALL,4413.905,4455.0,14.6,14.8,14.7,1032,256,7,0.0191780821917808,0.9907755331088663,ATM,17.2,0.0556,0.0032996632996632994
2023-08-25,2023-09-01,CALL,4413.905,4450.0,16.4,16.6,16.5,4117,1699,7,0.0191780821917808,0.9918887640449436,ATM,17.2,0.0556,0.003707865168539326
2023-08-25,2023-09-01,CALL,4413.905,4440.0,20.3,20.6,20.450000000000003,743,597,7,0.0191780821917808,0.9941227477477476,ATM,17.2,0.0556,0.0046058558558558565
2023-08-25,2023-09-01,CALL,4413.905,4340.0,85.5,86.6,86.05,102,108,7,0.0191780821917808,1.017028801843318,ATM,17.2,0.0556,0.019827188940092166
2023-08-25,2023-09-01,CALL,4413.905,4345.0,81.0,82.6,81.8,24,91,7,0.0191780821917808,1.0158584579976984,ATM,17.2,0.0556,0.018826237054085156
2023-08-25,2023-09-01,CALL,4413.905,4350.0,77.1,78.3,77.69999999999999,196,341,7,0.0191780821917808,1.014690804597701,ATM,17.2,0.0556,0.017862068965517237
2023-08-25,2023-09-01,CALL,4413.905,4640.0,0.1,0.15,0.125,13,638,7,0.0191780821917808,0.9512726293103448,OTM,17.2,0.0556,2.6939655172413793e-05
2023-08-25,2023-09-01,CALL,4413.905,4635.0,0.1,0.15,0.125,2,458,7,0.0191780821917808,0.9522988133764833,OTM,17.2,0.0556,2.696871628910464e-05
2023-08-25,2023-09-01,CALL,4413.905,4630.0,0.1,0.15,0.125,505,527,7,0.0191780821917808,0.953327213822894,OTM,17.2,0.0556,2.6997840172786177e-05
2023-08-25,2023-09-01,CALL,4413.905,4625.0,0.1,0.15,0.125,824,1048,7,0.0191780821917808,0.9543578378378378,OTM,17.2,0.0556,2.7027027027027027e-05
2023-08-25,2023-09-01,CALL,4413.905,4620.0,0.1,0.2,0.15,7,419,7,0.0191780821917808,0.9553906926406924,OTM,17.2,0.0556,3.246753246753247e-05
2023-08-25,2023-09-01,CALL,4413.905,4615.0,0.15,0.2,0.175,517,357,7,0.0191780821917808,0.9564257854821234,OTM,17.2,0.0556,3.7919826652221014e-05
2023-08-25,2023-09-05,CALL,4413.905,4400.0,45.1,45.5,45.3,539,1754,11,0.0301369863013698,1.0031602272727271,ATM,17.2,0.0556,0.010295454545454545
2023-08-25,2023-09-05,CALL,4413.905,4405.0,41.9,42.5,42.2,45,53,11,0.0301369863013698,1.0020215664018162,ATM,17.2,0.0556,0.009580022701475597
2023-08-25,2023-09-05,CALL,4413.905,4625.0,0.2,0.25,0.225,36,313,11,0.0301369863013698,0.9543578378378378,OTM,17.2,0.0556,4.864864864864865e-05
2023-08-25,2023-09-05,CALL,4413.905,4610.0,0.25,0.35,0.3,1,86,11,0.0301369863013698,0.9574631236442516,OTM,17.2,0.0556,6.50759219088937e-05
2023-08-25,2023-09-05,CALL,4413.905,4600.0,0.35,0.4,0.375,175,345,11,0.0301369863013698,0.9595445652173912,OTM,17.2,0.0556,8.152173913043479e-05
2023-08-25,2023-09-05,CALL,4413.905,4590.0,0.45,0.5,0.475,5,273,11,0.0301369863013698,0.9616350762527232,OTM,17.2,0.0556,0.00010348583877995642
2023-08-25,2023-09-05,CALL,4413.905,4580.0,0.55,0.65,0.6000000000000001,12,252,11,0.0301369863013698,0.9637347161572052,OTM,17.2,0.0556,0.0001310043668122271
2023-08-25,2023-09-05,CALL,4413.905,4575.0,0.65,0.75,0.7,46,409,11,0.0301369863013698,0.9647879781420764,OTM,17.2,0.0556,0.0001530054644808743
2023-08-25,2023-09-05,CALL,4413.905,4570.0,0.75,0.85,0.8,41,55,11,0.0301369863013698,0.965843544857768,OTM,17.2,0.0556,0.000175054704595186
2023-08-25,2023-09-05,CALL,4413.905,4650.0,0.15,0.2,0.175,585,1090,11,0.0301369863013698,0.94922688172043,OTM,17.2,0.0556,3.7634408602150534e-05
2023-08-25,2023-09-05,CALL,4413.905,4565.0,0.85,0.95,0.8999999999999999,29,62,11,0.0301369863013698,0.9669014238773276,OTM,17.2,0.0556,0.0001971522453450164
2023-08-25,2023-09-05,CALL,4413.905,4270.0,151.1,152.9,152.0,3,3,11,0.0301369863013698,1.0337014051522249,ITM,17.2,0.0556,0.035597189695550355
2023-08-25,2023-09-05,CALL,4413.905,4555.0,1.15,1.3,1.225,49,69,11,0.0301369863013698,0.9690241492864984,OTM,17.2,0.0556,0.0002689352360043908
2023-08-25,2023-09-05,CALL,4413.905,4350.0,80.4,82.1,81.25,24,44,11,0.0301369863013698,1.014690804597701,ATM,17.2,0.0556,0.01867816091954023
2023-08-25,2023-09-05,CALL,4413.905,4360.0,73.1,74.2,73.65,10,63,11,0.0301369863013698,1.0123635321100917,ATM,17.2,0.0556,0.016892201834862387
2023-08-25,2023-09-15,CALL,4413.905,4225.0,207.7,210.2,208.95,5,106,21,0.0575342465753424,1.0447112426035503,ITM,17.2,0.0556,0.049455621301775145
2023-08-25,2023-09-15,CALL,4413.905,4200.0,231.6,233.3,232.45,16,729,21,0.0575342465753424,1.050929761904762,ITM,17.2,0.0556,0.05534523809523809
2023-08-25,2023-09-08,CALL,4413.905,4525.0,6.0,6.3,6.15,288,924,14,0.0383561643835616,0.9754486187845304,ATM,17.2,0.0556,0.0013591160220994475
2023-08-25,2023-09-05,CALL,4413.905,4335.0,92.6,94.4,93.5,1,16,11,0.0301369863013698,1.01820184544406,ATM,17.2,0.0556,0.021568627450980392
2023-08-25,2023-09-05,CALL,4413.905,4320.0,105.4,107.3,106.35,7,15,11,0.0301369863013698,1.0217372685185184,ATM,17.2,0.0556,0.024618055555555553
2023-08-25,2023-09-05,CALL,4413.905,4310.0,113.9,116.1,115.0,13,37,11,0.0301369863013698,1.0241078886310904,ATM,17.2,0.0556,0.02668213457076566
2023-08-25,2023-09-05,CALL,4413.905,4300.0,123.1,125.1,124.1,33,35,11,0.0301369863013698,1.0264895348837209,ATM,17.2,0.0556,0.028860465116279068
2023-08-25,2023-09-05,CALL,4413.905,4290.0,131.9,134.2,133.05,6,18,11,0.0301369863013698,1.0288822843822842,ATM,17.2,0.0556,0.031013986013986018
2023-08-25,2023-09-05,CALL,4413.905,4280.0,141.6,143.8,142.7,1,17,11,0.0301369863013698,1.0312862149532709,ITM,17.2,0.0556,0.0333411214953271
2023-08-25,2023-09-05,CALL,4413.905,4345.0,84.5,86.3,85.4,3,2,11,0.0301369863013698,1.0158584579976984,ATM,17.2,0.0556,0.019654775604142694
2023-08-25,2023-09-05,CALL,4413.905,4395.0,48.3,48.7,48.5,47,36,11,0.0301369863013698,1.004301478953356,ATM,17.2,0.0556,0.011035267349260523
2023-08-25,2023-09-05,CALL,4413.905,4390.0,51.6,52.0,51.8,67,80,11,0.0301369863013698,1.0054453302961277,ATM,17.2,0.0556,0.011799544419134396
2023-08-25,2023-09-05,CALL,4413.905,4385.0,55.0,55.4,55.2,64,73,11,0.0301369863013698,1.0065917901938426,ATM,17.2,0.0556,0.012588369441277081
2023-08-25,2023-09-05,CALL,4413.905,4380.0,58.5,58.9,58.7,15,34,11,0.0301369863013698,1.0077408675799089,ATM,17.2,0.0556,0.013401826484018265
2023-08-25,2023-09-05,CALL,4413.905,4375.0,62.1,62.5,62.3,12,686,11,0.0301369863013698,1.0088925714285717,ATM,17.2,0.0556,0.01424
2023-08-25,2023-09-05,CALL,4413.905,4370.0,65.8,66.2,66.0,9,67,11,0.0301369863013698,1.0100469107551486,ATM,17.2,0.0556,0.015102974828375287
2023-08-25,2023-09-05,CALL,4413.905,4365.0,68.9,70.4,69.65,4,86,11,0.0301369863013698,1.0112038946162656,ATM,17.2,0.0556,0.01595647193585338
2023-08-25,2023-09-05,CALL,4413.905,4355.0,76.5,78.2,77.35,10,38,11,0.0301369863013698,1.0135258323765786,ATM,17.2,0.0556,0.017761194029850744
2023-08-25,2023-09-05,CALL,4413.905,4550.0,1.35,1.5,1.425,153,815,11,0.0301369863013698,0.9700890109890108,ATM,17.2,0.0556,0.0003131868131868132
2023-08-25,2023-09-05,CALL,4413.905,4545.0,1.6,1.7,1.65,83,202,11,0.0301369863013698,0.971156215621562,ATM,17.2,0.0556,0.000363036303630363
2023-08-25,2023-09-05,CALL,4413.905,4540.0,1.85,2.0,1.925,448,229,11,0.0301369863013698,0.97222577092511,ATM,17.2,0.0556,0.00042400881057268723
2023-08-25,2023-09-05,CALL,4413.905,4480.0,9.9,10.2,10.05,595,119,11,0.0301369863013698,0.9852466517857142,ATM,17.2,0.0556,0.0022433035714285714
2023-08-25,2023-09-05,CALL,4413.905,4475.0,11.2,11.5,11.35,1709,411,11,0.0301369863013698,0.9863474860335196,ATM,17.2,0.0556,0.0025363128491620113
2023-08-25,2023-09-05,CALL,4413.905,4470.0,12.6,12.9,12.75,101,918,11,0.0301369863013698,0.9874507829977628,ATM,17.2,0.0556,0.0028523489932885905
2023-08-25,2023-09-05,CALL,4413.905,4465.0,14.1,14.4,14.25,67,41,11,0.0301369863013698,0.9885565509518476,ATM,17.2,0.0556,0.0031914893617021275
2023-08-25,2023-09-05,CALL,4413.905,4460.0,15.8,16.1,15.95,93,521,11,0.0301369863013698,0.989664798206278,ATM,17.2,0.0556,0.003576233183856502
2023-08-25,2023-09-01,CALL,4413.905,4610.0,0.15,0.2,0.175,33,269,7,0.0191780821917808,0.9574631236442516,OTM,17.2,0.0556,3.796095444685466e-05
2023-08-25,2023-09-01,CALL,4413.905,4290.0,129.9,131.7,130.8,4,31,7,0.0191780821917808,1.0288822843822842,ATM,17.2,0.0556,0.030489510489510492
2023-08-25,2023-09-01,CALL,4413.905,4285.0,134.6,136.4,135.5,6,29,7,0.0191780821917808,1.0300828471411902,ITM,17.2,0.0556,0.03162193698949825
2023-08-25,2023-09-01,CALL,4413.905,4280.0,139.2,141.1,140.14999999999998,3,250,7,0.0191780821917808,1.0312862149532709,ITM,17.2,0.0556,0.032745327102803735
2023-08-25,2023-09-01,CALL,4413.905,4275.0,144.0,145.9,144.95,8,81,7,0.0191780821917808,1.032492397660819,ITM,17.2,0.0556,0.03390643274853801
2023-08-25,2023-09-01,CALL,4413.905,4260.0,158.4,160.3,159.35000000000002,108,4,7,0.0191780821917808,1.0361279342723004,ITM,17.2,0.0556,0.03740610328638498
2023-08-25,2023-09-01,CALL,4413.905,4255.0,163.2,165.1,164.14999999999998,106,10,7,0.0191780821917808,1.0373454759106933,ITM,17.2,0.0556,0.03857814336075205
2023-08-25,2023-09-01,CALL,4413.905,4250.0,168.2,170.0,169.1,20,83,7,0.0191780821917808,1.0385658823529411,ITM,17.2,0.0556,0.039788235294117645
2023-08-25,2023-09-01,CALL,4413.905,4245.0,173.0,174.9,173.95,6,1,7,0.0191780821917808,1.0397891637220258,ITM,17.2,0.0556,0.040977620730270906
2023-08-25,2023-09-01,CALL,4413.905,4300.0,120.9,122.3,121.6,105,685,7,0.0191780821917808,1.0264895348837209,ATM,17.2,0.0556,0.02827906976744186
2023-08-25,2023-09-01,CALL,4413.905,4305.0,116.0,117.7,116.85,9,31,7,0.0191780821917808,1.0252973286875726,ATM,17.2,0.0556,0.027142857142857142
2023-08-25,2023-09-01,CALL,4413.905,4355.0,73.3,74.3,73.8,77,449,7,0.0191780821917808,1.0135258323765786,ATM,17.2,0.0556,0.016946039035591273
2023-08-25,2023-09-05,CALL,4413.905,4485.0,8.8,9.1,8.95,450,86,11,0.0301369863013698,0.9841482720178372,ATM,17.2,0.0556,0.0019955406911928647
2023-08-25,2023-09-05,CALL,4413.905,4490.0,7.7,8.0,7.85,155,270,11,0.0301369863013698,0.9830523385300668,ATM,17.2,0.0556,0.0017483296213808462
2023-08-25,2023-09-05,CALL,4413.905,4495.0,6.8,7.0,6.9,110,102,11,0.0301369863013698,0.9819588431590656,ATM,17.2,0.0556,0.0015350389321468298
2023-08-25,2023-09-05,CALL,4413.905,4500.0,5.9,6.2,6.050000000000001,1378,904,11,0.0301369863013698,0.9808677777777776,ATM,17.2,0.0556,0.0013444444444444445
2023-08-25,2023-09-05,CALL,4413.905,4535.0,2.15,2.3,2.225,32,140,11,0.0301369863013698,0.973297684674752,ATM,17.2,0.0556,0.0004906284454244763
2023-08-25,2023-09-05,CALL,4413.905,4530.0,2.5,2.65,2.575,53,124,11,0.0301369863013698,0.9743719646799116,ATM,17.2,0.0556,0.0005684326710816778
2023-08-25,2023-09-05,CALL,4413.905,4560.0,1.0,1.1,1.05,86,115,11,0.0301369863013698,0.9679616228070176,OTM,17.2,0.0556,0.00023026315789473686
2023-08-25,2023-09-05,CALL,4413.905,4525.0,2.9,3.1,3.0,115,285,11,0.0301369863013698,0.9754486187845304,ATM,17.2,0.0556,0.0006629834254143647
2023-08-25,2023-09-05,CALL,4413.905,4520.0,3.3,3.6,3.45,186,140,11,0.0301369863013698,0.9765276548672566,ATM,17.2,0.0556,0.0007632743362831859
2023-08-25,2023-09-05,CALL,4413.905,4450.0,19.4,19.7,19.55,1939,653,11,0.0301369863013698,0.9918887640449436,ATM,17.2,0.0556,0.004393258426966292
2023-08-25,2023-09-05,CALL,4413.905,4445.0,21.4,21.8,21.6,147,66,11,0.0301369863013698,0.9930044994375704,ATM,17.2,0.0556,0.004859392575928009
2023-08-25,2023-09-05,CALL,4413.905,4440.0,23.6,23.9,23.75,136,45,11,0.0301369863013698,0.9941227477477476,ATM,17.2,0.0556,0.005349099099099099
2023-08-25,2023-09-07,CALL,4413.905,4485.0,12.7,13.0,12.85,422,37,13,0.0356164383561643,0.9841482720178372,ATM,17.2,0.0556,0.0028651059085841694
2023-08-25,2023-09-05,CALL,4413.905,4435.0,25.8,26.2,26.0,195,83,11,0.0301369863013698,0.9952435174746336,ATM,17.2,0.0556,0.005862457722660654
2023-08-25,2023-09-05,CALL,4413.905,4425.0,30.8,31.2,31.0,295,742,11,0.0301369863013698,0.9974926553672316,ATM,17.2,0.0556,0.007005649717514125
2023-08-25,2023-09-05,CALL,4413.905,4420.0,33.4,33.8,33.599999999999994,322,58,11,0.0301369863013698,0.9986210407239818,ATM,17.2,0.0556,0.00760180995475113
2023-08-25,2023-09-05,CALL,4413.905,4415.0,36.2,36.5,36.35,515,98,11,0.0301369863013698,0.9997519818799546,ATM,17.2,0.0556,0.008233295583238959
2023-08-25,2023-09-05,CALL,4413.905,4410.0,39.0,39.4,39.2,75,87,11,0.0301369863013698,1.0008854875283446,ATM,17.2,0.0556,0.008888888888888889
2023-08-25,2023-09-05,CALL,4413.905,4455.0,17.5,17.8,17.65,318,73,11,0.0301369863013698,0.9907755331088663,ATM,17.2,0.0556,0.003961840628507295
2023-08-25,2023-09-05,CALL,4413.905,4515.0,3.9,4.1,4.0,124,44,11,0.0301369863013698,0.9776090808416388,ATM,17.2,0.0556,0.0008859357696566999
2023-08-25,2023-09-05,CALL,4413.905,4510.0,4.5,4.7,4.6,166,152,11,0.0301369863013698,0.9786929046563192,ATM,17.2,0.0556,0.0010199556541019956
2023-08-25,2023-09-05,CALL,4413.905,4505.0,5.1,5.4,5.25,125,171,11,0.0301369863013698,0.9797791342952274,ATM,17.2,0.0556,0.001165371809100999
2023-08-25,2023-09-05,CALL,4413.905,4430.0,28.2,28.6,28.4,216,201,11,0.0301369863013698,0.996366817155756,ATM,17.2,0.0556,0.0064108352144469525
2023-08-25,2023-09-07,CALL,4413.905,4480.0,14.0,14.4,14.2,235,56,13,0.0356164383561643,0.9852466517857142,ATM,17.2,0.0556,0.003169642857142857
2023-08-25,2023-09-07,CALL,4413.905,4475.0,15.5,15.9,15.7,218,72,13,0.0356164383561643,0.9863474860335196,ATM,17.2,0.0556,0.0035083798882681563
2023-08-25,2023-09-07,CALL,4413.905,4470.0,17.1,17.5,17.3,60,66,13,0.0356164383561643,0.9874507829977628,ATM,17.2,0.0556,0.003870246085011186
2023-08-25,2023-09-06,CALL,4413.905,4400.0,48.1,48.5,48.3,115,145,12,0.0328767123287671,1.0031602272727271,ATM,17.2,0.0556,0.010977272727272726
2023-08-25,2023-09-06,CALL,4413.905,4395.0,51.3,51.6,51.45,37,40,12,0.0328767123287671,1.004301478953356,ATM,17.2,0.0556,0.011706484641638227
2023-08-25,2023-09-06,CALL,4413.905,4390.0,54.5,54.9,54.7,26,90,12,0.0328767123287671,1.0054453302961277,ATM,17.2,0.0556,0.012460136674259681
2023-08-25,2023-09-06,CALL,4413.905,4385.0,58.0,58.3,58.15,31,52,12,0.0328767123287671,1.0065917901938426,ATM,17.2,0.0556,0.013261117445838085
2023-08-25,2023-09-06,CALL,4413.905,4380.0,61.5,61.8,61.65,31,46,12,0.0328767123287671,1.0077408675799089,ATM,17.2,0.0556,0.014075342465753425
2023-08-25,2023-09-06,CALL,4413.905,4375.0,64.9,65.5,65.2,19,10,12,0.0328767123287671,1.0088925714285717,ATM,17.2,0.0556,0.014902857142857143
2023-08-25,2023-09-06,CALL,4413.905,4370.0,68.7,69.0,68.85,16,37,12,0.0328767123287671,1.0100469107551486,ATM,17.2,0.0556,0.015755148741418763
2023-08-25,2023-09-06,CALL,4413.905,4365.0,71.7,73.2,72.45,1,23,12,0.0328767123287671,1.0112038946162656,ATM,17.2,0.0556,0.0165979381443299
2023-08-25,2023-09-06,CALL,4413.905,4540.0,2.6,2.7,2.6500000000000004,7,46,12,0.0328767123287671,0.97222577092511,ATM,17.2,0.0556,0.0005837004405286344
2023-08-25,2023-09-06,CALL,4413.905,4545.0,2.25,2.4,2.325,31,10,12,0.0328767123287671,0.971156215621562,ATM,17.2,0.0556,0.0005115511551155116
2023-08-25,2023-09-07,CALL,4413.905,4355.0,83.1,84.2,83.65,13,28,13,0.0356164383561643,1.0135258323765786,ATM,17.2,0.0556,0.019207807118254882
2023-08-25,2023-09-07,CALL,4413.905,4345.0,90.9,92.1,91.5,56,31,13,0.0356164383561643,1.0158584579976984,ATM,17.2,0.0556,0.02105868814729574
2023-08-25,2023-09-07,CALL,4413.905,4340.0,94.9,96.1,95.5,52,66,13,0.0356164383561643,1.017028801843318,ATM,17.2,0.0556,0.022004608294930877
2023-08-25,2023-09-07,CALL,4413.905,4320.0,111.0,112.8,111.9,4,20,13,0.0356164383561643,1.0217372685185184,ATM,17.2,0.0556,0.025902777777777778
2023-08-25,2023-09-07,CALL,4413.905,4360.0,79.3,80.3,79.8,5,32,13,0.0356164383561643,1.0123635321100917,ATM,17.2,0.0556,0.01830275229357798
2023-08-25,2023-09-07,CALL,4413.905,4415.0,42.3,42.7,42.5,23,60,13,0.0356164383561643,0.9997519818799546,ATM,17.2,0.0556,0.009626274065685165
2023-08-25,2023-09-07,CALL,4413.905,4410.0,45.2,45.8,45.5,21,23,13,0.0356164383561643,1.0008854875283446,ATM,17.2,0.0556,0.010317460317460317
2023-08-25,2023-09-06,CALL,4413.905,4405.0,45.0,45.3,45.15,82,49,12,0.0328767123287671,1.0020215664018162,ATM,17.2,0.0556,0.01024971623155505
2023-08-25,2023-09-07,CALL,4413.905,4405.0,48.3,48.7,48.5,11,28,13,0.0356164383561643,1.0020215664018162,ATM,17.2,0.0556,0.011010215664018162
2023-08-25,2023-09-06,CALL,4413.905,4535.0,2.95,3.1,3.0250000000000004,14,112,12,0.0328767123287671,0.973297684674752,ATM,17.2,0.0556,0.0006670341786108049
2023-08-25,2023-09-06,CALL,4413.905,4295.0,129.9,131.9,130.9,2,6,12,0.0328767123287671,1.027684516880093,ATM,17.2,0.0556,0.030477299185098953
2023-08-25,2023-09-06,CALL,4413.905,4515.0,5.1,5.3,5.199999999999999,466,90,12,0.0328767123287671,0.9776090808416388,ATM,17.2,0.0556,0.0011517165005537097
2023-08-25,2023-09-06,CALL,4413.905,4510.0,5.8,6.0,5.9,216,89,12,0.0328767123287671,0.9786929046563192,ATM,17.2,0.0556,0.0013082039911308204
2023-08-25,2023-09-06,CALL,4413.905,4505.0,6.6,6.8,6.699999999999999,221,85,12,0.0328767123287671,0.9797791342952274,ATM,17.2,0.0556,0.0014872364039955604
2023-08-25,2023-09-06,CALL,4413.905,4500.0,7.4,7.7,7.550000000000001,104,2106,12,0.0328767123287671,0.9808677777777776,ATM,17.2,0.0556,0.001677777777777778
2023-08-25,2023-09-06,CALL,4413.905,4495.0,8.4,8.7,8.55,14,72,12,0.0328767123287671,0.9819588431590656,ATM,17.2,0.0556,0.0019021134593993328
2023-08-25,2023-09-06,CALL,4413.905,4490.0,9.5,9.7,9.6,50,182,12,0.0328767123287671,0.9830523385300668,ATM,17.2,0.0556,0.0021380846325167037
2023-08-25,2023-09-06,CALL,4413.905,4485.0,10.6,10.9,10.75,51,52,12,0.0328767123287671,0.9841482720178372,ATM,17.2,0.0556,0.0023968784838350058
2023-08-25,2023-09-06,CALL,4413.905,4480.0,11.9,12.2,12.05,34,100,12,0.0328767123287671,0.9852466517857142,ATM,17.2,0.0556,0.002689732142857143
2023-08-25,2023-09-06,CALL,4413.905,4475.0,13.3,13.6,13.45,39,52,12,0.0328767123287671,0.9863474860335196,ATM,17.2,0.0556,0.0030055865921787706
2023-08-25,2023-09-06,CALL,4413.905,4415.0,39.0,39.4,39.2,77,47,12,0.0328767123287671,0.9997519818799546,ATM,17.2,0.0556,0.008878822197055493
2023-08-25,2023-09-06,CALL,4413.905,4410.0,41.9,42.3,42.1,79,65,12,0.0328767123287671,1.0008854875283446,ATM,17.2,0.0556,0.009546485260770975
2023-08-25,2023-09-06,CALL,4413.905,4335.0,95.2,97.1,96.15,1,2,12,0.0328767123287671,1.01820184544406,ATM,17.2,0.0556,0.022179930795847753
2023-08-25,2023-09-06,CALL,4413.905,4330.0,99.2,101.2,100.2,1,5,12,0.0328767123287671,1.019377598152425,ATM,17.2,0.0556,0.023140877598152424
2023-08-25,2023-09-06,CALL,4413.905,4325.0,103.8,105.7,104.75,1,18,12,0.0328767123287671,1.0205560693641618,ATM,17.2,0.0556,0.02421965317919075
2023-08-25,2023-09-06,CALL,4413.905,4320.0,108.1,109.9,109.0,5,16,12,0.0328767123287671,1.0217372685185184,ATM,17.2,0.0556,0.025231481481481483
2023-08-25,2023-09-06,CALL,4413.905,4310.0,116.7,118.6,117.65,3,25,12,0.0328767123287671,1.0241078886310904,ATM,17.2,0.0556,0.027296983758700696
2023-08-25,2023-09-06,CALL,4413.905,4300.0,125.6,127.3,126.45,1,4,12,0.0328767123287671,1.0264895348837209,ATM,17.2,0.0556,0.029406976744186047
2023-08-25,2023-09-06,CALL,4413.905,4340.0,90.8,92.9,91.85,2,13,12,0.0328767123287671,1.017028801843318,ATM,17.2,0.0556,0.021163594470046083
2023-08-25,2023-09-07,CALL,4413.905,4400.0,51.4,52.0,51.7,31,79,13,0.0356164383561643,1.0031602272727271,ATM,17.2,0.0556,0.01175
2023-08-25,2023-09-07,CALL,4413.905,4390.0,58.0,58.4,58.2,31,53,13,0.0356164383561643,1.0054453302961277,ATM,17.2,0.0556,0.01325740318906606
2023-08-25,2023-09-07,CALL,4413.905,4385.0,61.4,61.8,61.6,63,41,13,0.0356164383561643,1.0065917901938426,ATM,17.2,0.0556,0.014047890535917902
2023-08-25,2023-09-07,CALL,4413.905,4100.0,319.8,321.9,320.85,1,2,13,0.0356164383561643,1.076562195121951,ITM,17.2,0.0556,0.07825609756097561
2023-08-25,2023-09-18,CALL,4413.905,4475.0,30.4,30.8,30.6,499,116,24,0.0657534246575342,0.9863474860335196,ATM,17.2,0.0556,0.006837988826815643
2023-08-25,2023-09-18,CALL,4413.905,4480.0,28.4,28.8,28.6,1,44,24,0.0657534246575342,0.9852466517857142,ATM,17.2,0.0556,0.006383928571428572
2023-08-25,2023-10-20,CALL,4413.905,4630.0,18.8,19.2,19.0,2,547,56,0.1534246575342465,0.953327213822894,OTM,17.2,0.05534,0.004103671706263499
2023-08-25,2023-10-20,CALL,4413.905,4625.0,19.8,20.2,20.0,13,327,56,0.1534246575342465,0.9543578378378378,OTM,17.2,0.05534,0.004324324324324324
2023-08-25,2023-10-20,CALL,4413.905,4620.0,20.9,21.3,21.1,6,546,56,0.1534246575342465,0.9553906926406924,OTM,17.2,0.05534,0.004567099567099568
2023-08-25,2023-10-20,CALL,4413.905,4615.0,22.1,22.4,22.25,30,396,56,0.1534246575342465,0.9564257854821234,OTM,17.2,0.05534,0.004821235102925244
2023-08-25,2023-10-20,CALL,4413.905,4610.0,23.2,23.6,23.4,19,398,56,0.1534246575342465,0.9574631236442516,OTM,17.2,0.05534,0.005075921908893709
2023-08-25,2023-10-20,CALL,4413.905,4605.0,24.5,24.8,24.65,5,262,56,0.1534246575342465,0.9585027144408252,OTM,17.2,0.05534,0.005352877307274701
2023-08-25,2023-10-20,CALL,4413.905,4600.0,25.7,26.1,25.9,158,749,56,0.1534246575342465,0.9595445652173912,OTM,17.2,0.05534,0.005630434782608695
2023-08-25,2023-10-20,CALL,4413.905,4635.0,17.8,18.2,18.0,4,252,56,0.1534246575342465,0.9522988133764833,OTM,17.2,0.05534,0.003883495145631068
2023-08-25,2023-10-20,CALL,4413.905,4595.0,27.1,27.4,27.25,21,212,56,0.1534246575342465,0.960588683351469,OTM,17.2,0.05534,0.005930359085963003
2023-08-25,2023-10-20,CALL,4413.905,4585.0,29.9,30.2,30.05,4,215,56,0.1534246575342465,0.9626837513631408,OTM,17.2,0.05534,0.006553980370774264
2023-08-25,2023-10-20,CALL,4413.905,4580.0,31.3,31.8,31.55,25,513,56,0.1534246575342465,0.9637347161572052,OTM,17.2,0.05534,0.006888646288209607
2023-08-25,2023-10-20,CALL,4413.905,4575.0,32.9,33.3,33.099999999999994,34,315,56,0.1534246575342465,0.9647879781420764,OTM,17.2,0.05534,0.007234972677595627
2023-08-25,2023-10-20,CALL,4413.905,4570.0,34.5,34.9,34.7,57,393,56,0.1534246575342465,0.965843544857768,OTM,17.2,0.05534,0.007592997811816193
2023-08-25,2023-10-20,CALL,4413.905,4565.0,36.1,36.5,36.3,6,213,56,0.1534246575342465,0.9669014238773276,OTM,17.2,0.05534,0.007951807228915662
2023-08-25,2023-09-07,CALL,4413.905,4150.0,270.7,272.6,271.65,2,1,13,0.0356164383561643,1.06359156626506,ITM,17.2,0.0556,0.0654578313253012
2023-08-25,2023-09-06,CALL,4413.905,4700.0,0.1,0.15,0.125,1,389,12,0.0328767123287671,0.9391287234042552,OTM,17.2,0.0556,2.6595744680851064e-05
2023-08-25,2023-09-06,CALL,4413.905,4550.0,1.95,2.1,2.025,15,1192,12,0.0328767123287671,0.9700890109890108,ATM,17.2,0.0556,0.000445054945054945
2023-08-25,2023-09-06,CALL,4413.905,4555.0,1.7,1.8,1.75,3,37,12,0.0328767123287671,0.9690241492864984,OTM,17.2,0.0556,0.0003841931942919868
2023-08-25,2023-09-07,CALL,4413.905,4380.0,64.8,65.4,65.1,15,105,13,0.0356164383561643,1.0077408675799089,ATM,17.2,0.0556,0.014863013698630136
2023-08-25,2023-09-07,CALL,4413.905,4375.0,68.4,69.0,68.7,14,74,13,0.0356164383561643,1.0088925714285717,ATM,17.2,0.0556,0.015702857142857143
2023-08-25,2023-09-07,CALL,4413.905,4370.0,72.0,72.6,72.3,6,11,13,0.0356164383561643,1.0100469107551486,ATM,17.2,0.0556,0.01654462242562929
2023-08-25,2023-09-07,CALL,4413.905,4365.0,75.8,76.2,76.0,2,14,13,0.0356164383561643,1.0112038946162656,ATM,17.2,0.0556,0.01741122565864834
2023-08-25,2023-09-18,CALL,4413.905,4470.0,32.5,32.9,32.7,14,44,24,0.0657534246575342,0.9874507829977628,ATM,17.2,0.0556,0.007315436241610739
2023-08-25,2023-09-06,CALL,4413.905,4675.0,0.1,0.2,0.15,10,42,12,0.0328767123287671,0.9441508021390372,OTM,17.2,0.0556,3.20855614973262e-05
2023-08-25,2023-09-06,CALL,4413.905,4650.0,0.15,0.25,0.2,20,154,12,0.0328767123287671,0.94922688172043,OTM,17.2,0.0556,4.301075268817205e-05
2023-08-25,2023-09-06,CALL,4413.905,4630.0,0.25,0.35,0.3,1,339,12,0.0328767123287671,0.953327213822894,OTM,17.2,0.0556,6.479481641468682e-05
2023-08-25,2023-09-06,CALL,4413.905,4520.0,4.4,4.7,4.550000000000001,93,137,12,0.0328767123287671,0.9765276548672566,ATM,17.2,0.0556,0.001006637168141593
2023-08-25,2023-09-06,CALL,4413.905,4625.0,0.3,0.35,0.3249999999999999,15,967,12,0.0328767123287671,0.9543578378378378,OTM,17.2,0.0556,7.027027027027025e-05
2023-08-25,2023-09-06,CALL,4413.905,4610.0,0.4,0.5,0.45,14,50,12,0.0328767123287671,0.9574631236442516,OTM,17.2,0.0556,9.761388286334057e-05
2023-08-25,2023-09-06,CALL,4413.905,4600.0,0.5,0.6,0.55,34,283,12,0.0328767123287671,0.9595445652173912,OTM,17.2,0.0556,0.00011956521739130435
2023-08-25,2023-09-06,CALL,4413.905,4590.0,0.65,0.75,0.7,4,286,12,0.0328767123287671,0.9616350762527232,OTM,17.2,0.0556,0.00015250544662309367
2023-08-25,2023-09-06,CALL,4413.905,4585.0,0.75,0.85,0.8,3,406,12,0.0328767123287671,0.9626837513631408,OTM,17.2,0.0556,0.00017448200654307525
2023-08-25,2023-09-06,CALL,4413.905,4580.0,0.85,0.95,0.8999999999999999,5,244,12,0.0328767123287671,0.9637347161572052,OTM,17.2,0.0556,0.00019650655021834058
2023-08-25,2023-09-06,CALL,4413.905,4570.0,1.1,1.2,1.15,2,154,12,0.0328767123287671,0.965843544857768,OTM,17.2,0.0556,0.00025164113785557986
2023-08-25,2023-09-06,CALL,4413.905,4565.0,1.25,1.4,1.325,1,71,12,0.0328767123287671,0.9669014238773276,OTM,17.2,0.0556,0.0002902519167579408
2023-08-25,2023-09-06,CALL,4413.905,4560.0,1.45,1.6,1.525,2,245,12,0.0328767123287671,0.9679616228070176,OTM,17.2,0.0556,0.0003344298245614035
2023-08-25,2023-09-06,CALL,4413.905,4620.0,0.3,0.4,0.35,9,114,12,0.0328767123287671,0.9553906926406924,OTM,17.2,0.0556,7.575757575757576e-05
2023-08-25,2023-09-15,CALL,4413.905,4240.0,195.0,196.4,195.7,40,352,21,0.0575342465753424,1.041015330188679,ITM,17.2,0.0556,0.046155660377358486
2023-08-25,2023-09-06,CALL,4413.905,4525.0,3.9,4.1,4.0,7,141,12,0.0328767123287671,0.9754486187845304,ATM,17.2,0.0556,0.0008839779005524862
2023-08-25,2023-09-06,CALL,4413.905,4470.0,14.8,15.1,14.95,14,86,12,0.0328767123287671,0.9874507829977628,ATM,17.2,0.0556,0.003344519015659955
2023-08-25,2023-09-07,CALL,4413.905,4545.0,3.0,3.2,3.1,7,45,13,0.0356164383561643,0.971156215621562,ATM,17.2,0.0556,0.0006820682068206821
2023-08-25,2023-09-07,CALL,4413.905,4540.0,3.4,3.6,3.5,33,150,13,0.0356164383561643,0.97222577092511,ATM,17.2,0.0556,0.0007709251101321586
2023-08-25,2023-09-07,CALL,4413.905,4535.0,3.9,4.1,4.0,7,62,13,0.0356164383561643,0.973297684674752,ATM,17.2,0.0556,0.0008820286659316428
2023-08-25,2023-09-07,CALL,4413.905,4525.0,5.0,5.3,5.15,8,83,13,0.0356164383561643,0.9754486187845304,ATM,17.2,0.0556,0.001138121546961326
2023-08-25,2023-09-08,CALL,4413.905,4460.0,22.7,23.0,22.85,216,358,14,0.0383561643835616,0.989664798206278,ATM,17.2,0.0556,0.005123318385650224
2023-08-25,2023-09-08,CALL,4413.905,4455.0,24.7,25.1,24.9,330,401,14,0.0383561643835616,0.9907755331088663,ATM,17.2,0.0556,0.005589225589225589
2023-08-25,2023-09-08,CALL,4413.905,4450.0,26.9,27.2,27.05,617,2821,14,0.0383561643835616,0.9918887640449436,ATM,17.2,0.0556,0.006078651685393259
2023-08-25,2023-09-08,CALL,4413.905,4445.0,29.1,29.4,29.25,69,325,14,0.0383561643835616,0.9930044994375704,ATM,17.2,0.0556,0.006580427446569179
2023-08-25,2023-09-08,CALL,4413.905,4440.0,31.4,31.8,31.6,343,758,14,0.0383561643835616,0.9941227477477476,ATM,17.2,0.0556,0.007117117117117117
2023-08-25,2023-09-08,CALL,4413.905,4435.0,33.9,34.2,34.05,60,267,14,0.0383561643835616,0.9952435174746336,ATM,17.2,0.0556,0.007677564825253664
2023-08-25,2023-09-08,CALL,4413.905,4430.0,36.4,36.8,36.6,280,207,14,0.0383561643835616,0.996366817155756,ATM,17.2,0.0556,0.008261851015801354
2023-08-25,2023-09-08,CALL,4413.905,4425.0,39.1,39.4,39.25,696,589,14,0.0383561643835616,0.9974926553672316,ATM,17.2,0.0556,0.00887005649717514
2023-08-25,2023-09-08,CALL,4413.905,4420.0,41.9,42.2,42.05,103,134,14,0.0383561643835616,0.9986210407239818,ATM,17.2,0.0556,0.009513574660633484
2023-08-25,2023-09-08,CALL,4413.905,4465.0,20.8,21.1,20.950000000000003,204,254,14,0.0383561643835616,0.9885565509518476,ATM,17.2,0.0556,0.004692049272116462
2023-08-25,2023-09-08,CALL,4413.905,4470.0,19.0,19.4,19.2,492,574,14,0.0383561643835616,0.9874507829977628,ATM,17.2,0.0556,0.004295302013422818
2023-08-25,2023-09-08,CALL,4413.905,4520.0,6.8,7.1,6.949999999999999,136,369,14,0.0383561643835616,0.9765276548672566,ATM,17.2,0.0556,0.0015376106194690264
2023-08-25,2023-09-08,CALL,4413.905,4515.0,7.6,7.9,7.75,74,870,14,0.0383561643835616,0.9776090808416388,ATM,17.2,0.0556,0.001716500553709856
2023-08-25,2023-09-07,CALL,4413.905,4550.0,2.6,2.8,2.7,24,169,13,0.0356164383561643,0.9700890109890108,ATM,17.2,0.0556,0.0005934065934065935
2023-08-25,2023-09-08,CALL,4413.905,4510.0,8.5,8.8,8.65,258,1641,14,0.0383561643835616,0.9786929046563192,ATM,17.2,0.0556,0.0019179600886917961
2023-08-25,2023-09-07,CALL,4413.905,4555.0,2.3,2.45,2.375,15,30,13,0.0356164383561643,0.9690241492864984,OTM,17.2,0.0556,0.0005214050493962679
2023-08-25,2023-09-07,CALL,4413.905,4570.0,1.5,1.65,1.575,1,103,13,0.0356164383561643,0.965843544857768,OTM,17.2,0.0556,0.0003446389496717724
2023-08-25,2023-09-07,CALL,4413.905,4465.0,18.8,19.2,19.0,31,208,13,0.0356164383561643,0.9885565509518476,ATM,17.2,0.0556,0.00425531914893617
2023-08-25,2023-09-07,CALL,4413.905,4460.0,20.6,21.0,20.8,20,61,13,0.0356164383561643,0.989664798206278,ATM,17.2,0.0556,0.004663677130044844
2023-08-25,2023-09-07,CALL,4413.905,4455.0,22.6,23.0,22.8,113,61,13,0.0356164383561643,0.9907755331088663,ATM,17.2,0.0556,0.005117845117845118
2023-08-25,2023-09-07,CALL,4413.905,4450.0,24.7,25.0,24.85,923,117,13,0.0356164383561643,0.9918887640449436,ATM,17.2,0.0556,0.005584269662921348
2023-08-25,2023-09-07,CALL,4413.905,4445.0,26.8,27.2,27.0,31,41,13,0.0356164383561643,0.9930044994375704,ATM,17.2,0.0556,0.006074240719910012
2023-08-25,2023-09-07,CALL,4413.905,4440.0,29.2,29.5,29.35,41,183,13,0.0356164383561643,0.9941227477477476,ATM,17.2,0.0556,0.0066103603603603605
2023-08-25,2023-09-07,CALL,4413.905,4435.0,31.6,32.0,31.8,49,26,13,0.0356164383561643,0.9952435174746336,ATM,17.2,0.0556,0.007170236753100338
2023-08-25,2023-09-07,CALL,4413.905,4430.0,34.1,34.5,34.3,37,42,13,0.0356164383561643,0.996366817155756,ATM,17.2,0.0556,0.007742663656884875
2023-08-25,2023-09-07,CALL,4413.905,4515.0,6.4,6.7,6.550000000000001,39,54,13,0.0356164383561643,0.9776090808416388,ATM,17.2,0.0556,0.0014507198228128461
2023-08-25,2023-09-07,CALL,4413.905,4520.0,5.7,5.9,5.800000000000001,91,35,13,0.0356164383561643,0.9765276548672566,ATM,17.2,0.0556,0.0012831858407079647
2023-08-25,2023-09-07,CALL,4413.905,4530.0,4.4,4.7,4.550000000000001,11,214,13,0.0356164383561643,0.9743719646799116,ATM,17.2,0.0556,0.0010044150110375277
2023-08-25,2023-09-07,CALL,4413.905,4650.0,0.25,0.3,0.275,52,87,13,0.0356164383561643,0.94922688172043,OTM,17.2,0.0556,5.913978494623657e-05
2023-08-25,2023-09-07,CALL,4413.905,4625.0,0.4,0.5,0.45,12,270,13,0.0356164383561643,0.9543578378378378,OTM,17.2,0.0556,9.72972972972973e-05
2023-08-25,2023-09-07,CALL,4413.905,4600.0,0.7,0.8,0.75,2,345,13,0.0356164383561643,0.9595445652173912,OTM,17.2,0.0556,0.00016304347826086958
2023-08-25,2023-09-07,CALL,4413.905,4590.0,0.9,1.0,0.95,3,86,13,0.0356164383561643,0.9616350762527232,OTM,17.2,0.0556,0.00020697167755991285
2023-08-25,2023-09-07,CALL,4413.905,4580.0,1.15,1.3,1.225,6,240,13,0.0356164383561643,0.9637347161572052,OTM,17.2,0.0556,0.000267467248908297
2023-08-25,2023-09-07,CALL,4413.905,4575.0,1.3,1.45,1.375,7,573,13,0.0356164383561643,0.9647879781420764,OTM,17.2,0.0556,0.0003005464480874317
2023-08-25,2023-09-07,CALL,4413.905,4560.0,2.0,2.15,2.075,2,15,13,0.0356164383561643,0.9679616228070176,OTM,17.2,0.0556,0.00045504385964912286
2023-08-25,2023-09-08,CALL,4413.905,4505.0,9.5,9.8,9.65,29,587,14,0.0383561643835616,0.9797791342952274,ATM,17.2,0.0556,0.002142064372918979
2023-08-25,2023-09-08,CALL,4413.905,4500.0,10.5,10.8,10.65,630,2718,14,0.0383561643835616,0.9808677777777776,ATM,17.2,0.0556,0.0023666666666666667
2023-08-25,2023-09-08,CALL,4413.905,4495.0,11.7,12.0,11.85,53,287,14,0.0383561643835616,0.9819588431590656,ATM,17.2,0.0556,0.0026362625139043382
2023-08-25,2023-09-08,CALL,4413.905,4375.0,70.9,71.2,71.05000000000001,117,238,14,0.0383561643835616,1.0088925714285717,ATM,17.2,0.0556,0.01624
2023-08-25,2023-09-08,CALL,4413.905,4370.0,74.5,74.9,74.7,52,117,14,0.0383561643835616,1.0100469107551486,ATM,17.2,0.0556,0.017093821510297483
2023-08-25,2023-09-08,CALL,4413.905,4365.0,77.7,79.0,78.35,23,113,14,0.0383561643835616,1.0112038946162656,ATM,17.2,0.0556,0.0179495990836197
2023-08-25,2023-09-08,CALL,4413.905,4360.0,81.6,82.7,82.15,48,300,14,0.0383561643835616,1.0123635321100917,ATM,17.2,0.0556,0.018841743119266056
2023-08-25,2023-09-08,CALL,4413.905,4355.0,85.4,86.5,85.95,12,72,14,0.0383561643835616,1.0135258323765786,ATM,17.2,0.0556,0.01973593570608496
2023-08-25,2023-09-07,CALL,4413.905,4425.0,36.7,37.1,36.900000000000006,16,68,13,0.0356164383561643,0.9974926553672316,ATM,17.2,0.0556,0.00833898305084746
2023-08-25,2023-09-07,CALL,4413.905,4420.0,39.3,39.9,39.6,38,163,13,0.0356164383561643,0.9986210407239818,ATM,17.2,0.0556,0.008959276018099548
2023-08-25,2023-09-06,CALL,4413.905,4460.0,18.1,18.4,18.25,9,1242,12,0.0328767123287671,0.989664798206278,ATM,17.2,0.0556,0.004091928251121076
2023-08-25,2023-09-06,CALL,4413.905,4455.0,19.9,20.2,20.05,15,19,12,0.0328767123287671,0.9907755331088663,ATM,17.2,0.0556,0.004500561167227834
2023-08-25,2023-09-06,CALL,4413.905,4450.0,21.9,22.2,22.05,23,238,12,0.0328767123287671,0.9918887640449436,ATM,17.2,0.0556,0.004955056179775281
2023-08-25,2023-09-06,CALL,4413.905,4445.0,24.0,24.3,24.15,5,142,12,0.0328767123287671,0.9930044994375704,ATM,17.2,0.0556,0.005433070866141732
2023-08-25,2023-09-06,CALL,4413.905,4440.0,26.2,26.5,26.35,16,264,12,0.0328767123287671,0.9941227477477476,ATM,17.2,0.0556,0.005934684684684685
2023-08-25,2023-09-06,CALL,4413.905,4435.0,28.5,28.9,28.7,49,46,12,0.0328767123287671,0.9952435174746336,ATM,17.2,0.0556,0.006471251409244645
2023-08-25,2023-09-06,CALL,4413.905,4430.0,31.0,31.3,31.15,94,76,12,0.0328767123287671,0.996366817155756,ATM,17.2,0.0556,0.007031602708803612
2023-08-25,2023-09-06,CALL,4413.905,4425.0,33.5,33.9,33.7,133,130,12,0.0328767123287671,0.9974926553672316,ATM,17.2,0.0556,0.007615819209039549
2023-08-25,2023-09-06,CALL,4413.905,4420.0,36.2,36.6,36.400000000000006,96,52,12,0.0328767123287671,0.9986210407239818,ATM,17.2,0.0556,0.00823529411764706
2023-08-25,2023-09-06,CALL,4413.905,4465.0,16.4,16.7,16.549999999999997,534,15,12,0.0328767123287671,0.9885565509518476,ATM,17.2,0.0556,0.0037066069428891373
2023-08-25,2023-09-08,CALL,4413.905,4380.0,67.3,67.7,67.5,229,243,14,0.0383561643835616,1.0077408675799089,ATM,17.2,0.0556,0.015410958904109588
2023-08-25,2023-09-08,CALL,4413.905,4385.0,63.8,64.2,64.0,55,134,14,0.0383561643835616,1.0065917901938426,ATM,17.2,0.0556,0.01459521094640821
2023-08-25,2023-09-08,CALL,4413.905,4390.0,60.4,60.8,60.6,168,166,14,0.0383561643835616,1.0054453302961277,ATM,17.2,0.0556,0.013804100227790434
2023-08-25,2023-09-08,CALL,4413.905,4395.0,57.1,57.5,57.3,59,68,14,0.0383561643835616,1.004301478953356,ATM,17.2,0.0556,0.01303754266211604
2023-08-25,2023-09-08,CALL,4413.905,4490.0,13.0,13.3,13.15,207,1015,14,0.0383561643835616,0.9830523385300668,ATM,17.2,0.0556,0.0029287305122494434
2023-08-25,2023-09-08,CALL,4413.905,4485.0,14.4,14.6,14.5,2736,266,14,0.0383561643835616,0.9841482720178372,ATM,17.2,0.0556,0.0032329988851727983
2023-08-25,2023-09-08,CALL,4413.905,4480.0,15.7,16.1,15.9,212,382,14,0.0383561643835616,0.9852466517857142,ATM,17.2,0.0556,0.003549107142857143
2023-08-25,2023-09-08,CALL,4413.905,4475.0,17.4,17.7,17.549999999999997,3020,432,14,0.0383561643835616,0.9863474860335196,ATM,17.2,0.0556,0.003921787709497206
2023-08-25,2023-09-08,CALL,4413.905,4415.0,44.7,45.1,44.900000000000006,29,128,14,0.0383561643835616,0.9997519818799546,ATM,17.2,0.0556,0.010169875424688562
2023-08-25,2023-09-08,CALL,4413.905,4410.0,47.7,48.0,47.85,193,484,14,0.0383561643835616,1.0008854875283446,ATM,17.2,0.0556,0.010850340136054423
2023-08-25,2023-09-08,CALL,4413.905,4345.0,92.6,94.4,93.5,14,52,14,0.0383561643835616,1.0158584579976984,ATM,17.2,0.0556,0.021518987341772152
2023-08-25,2023-09-08,CALL,4413.905,4340.0,97.2,98.4,97.8,149,72,14,0.0383561643835616,1.017028801843318,ATM,17.2,0.0556,0.022534562211981565
2023-08-25,2023-09-06,CALL,4413.905,4530.0,3.4,3.6,3.5,74,83,12,0.0328767123287671,0.9743719646799116,ATM,17.2,0.0556,0.0007726269315673289
2023-08-25,2023-09-08,CALL,4413.905,4335.0,101.0,102.4,101.7,15,14,14,0.0383561643835616,1.01820184544406,ATM,17.2,0.0556,0.02346020761245675
2023-08-25,2023-09-08,CALL,4413.905,4325.0,108.9,110.9,109.9,31,91,14,0.0383561643835616,1.0205560693641618,ATM,17.2,0.0556,0.025410404624277457
2023-08-25,2023-09-08,CALL,4413.905,4320.0,113.7,114.9,114.3,145,380,14,0.0383561643835616,1.0217372685185184,ATM,17.2,0.0556,0.026458333333333334
2023-08-25,2023-09-08,CALL,4413.905,4310.0,122.1,123.4,122.75,95,49,14,0.0383561643835616,1.0241078886310904,ATM,17.2,0.0556,0.028480278422273783
2023-08-25,2023-09-08,CALL,4413.905,4305.0,126.5,127.8,127.15,76,52,14,0.0383561643835616,1.0252973286875726,ATM,17.2,0.0556,0.02953542392566783
2023-08-25,2023-09-08,CALL,4413.905,4300.0,130.7,132.1,131.39999999999998,70,695,14,0.0383561643835616,1.0264895348837209,ATM,17.2,0.0556,0.030558139534883715
2023-08-25,2023-09-08,CALL,4413.905,4350.0,89.3,90.4,89.85,77,223,14,0.0383561643835616,1.014690804597701,ATM,17.2,0.0556,0.020655172413793103
2023-08-25,2023-09-08,CALL,4413.905,4405.0,50.7,51.1,50.900000000000006,56,294,14,0.0383561643835616,1.0020215664018162,ATM,17.2,0.0556,0.011555051078320092
2023-08-25,2023-09-08,CALL,4413.905,4400.0,53.9,54.2,54.05,766,2616,14,0.0383561643835616,1.0031602272727271,ATM,17.2,0.0556,0.012284090909090908
2023-08-25,2023-09-08,CALL,4413.905,4330.0,105.0,106.8,105.9,4,115,14,0.0383561643835616,1.019377598152425,ATM,17.2,0.0556,0.02445727482678984
2023-08-25,2023-10-20,CALL,4413.905,4560.0,37.8,38.2,38.0,21,330,56,0.1534246575342465,0.9679616228070176,OTM,17.2,0.05534,0.008333333333333333
2023-08-25,2023-09-15,CALL,4413.905,4250.0,185.4,187.4,186.4,2,584,21,0.0575342465753424,1.0385658823529411,ITM,17.2,0.0556,0.04385882352941176
2023-08-25,2023-09-15,CALL,4413.905,4195.0,235.5,237.8,236.65,4,37,21,0.0575342465753424,1.052182359952324,ITM,17.2,0.0556,0.056412395709177596
2023-08-25,2023-09-08,CALL,4413.905,4725.0,0.1,0.15,0.125,10,840,14,0.0383561643835616,0.9341597883597884,OTM,17.2,0.0556,2.6455026455026456e-05
2023-08-25,2023-09-08,CALL,4413.905,4720.0,0.1,0.15,0.125,26,326,14,0.0383561643835616,0.9351493644067796,OTM,17.2,0.0556,2.6483050847457626e-05
2023-08-25,2023-09-08,CALL,4413.905,4710.0,0.1,0.2,0.15,2,161,14,0.0383561643835616,0.9371348195329088,OTM,17.2,0.0556,3.184713375796178e-05
2023-08-25,2023-09-08,CALL,4413.905,4700.0,0.15,0.2,0.175,5,938,14,0.0383561643835616,0.9391287234042552,OTM,17.2,0.0556,3.723404255319149e-05
2023-08-25,2023-09-08,CALL,4413.905,4690.0,0.15,0.25,0.2,3,449,14,0.0383561643835616,0.941131130063966,OTM,17.2,0.0556,4.2643923240938166e-05
2023-08-25,2023-09-08,CALL,4413.905,4680.0,0.2,0.25,0.225,2,297,14,0.0383561643835616,0.943142094017094,OTM,17.2,0.0556,4.807692307692308e-05
2023-08-25,2023-09-08,CALL,4413.905,4675.0,0.2,0.3,0.25,20,184,14,0.0383561643835616,0.9441508021390372,OTM,17.2,0.0556,5.3475935828877e-05
2023-08-25,2023-09-08,CALL,4413.905,4670.0,0.2,0.3,0.25,35,1389,14,0.0383561643835616,0.945161670235546,OTM,17.2,0.0556,5.3533190578158456e-05
2023-08-25,2023-09-08,CALL,4413.905,4660.0,0.25,0.35,0.3,6,481,14,0.0383561643835616,0.94718991416309,OTM,17.2,0.0556,6.437768240343347e-05
2023-08-25,2023-09-08,CALL,4413.905,4650.0,0.3,0.4,0.35,67,4497,14,0.0383561643835616,0.94922688172043,OTM,17.2,0.0556,7.526881720430107e-05
2023-08-25,2023-09-08,CALL,4413.905,4640.0,0.35,0.5,0.425,1,946,14,0.0383561643835616,0.9512726293103448,OTM,17.2,0.0556,9.15948275862069e-05
2023-08-25,2023-09-08,CALL,4413.905,4630.0,0.45,0.55,0.5,7,788,14,0.0383561643835616,0.953327213822894,OTM,17.2,0.0556,0.00010799136069114471
2023-08-25,2023-09-08,CALL,4413.905,4625.0,0.5,0.6,0.55,68,1115,14,0.0383561643835616,0.9543578378378378,OTM,17.2,0.0556,0.00011891891891891893
2023-08-25,2023-09-08,CALL,4413.905,4615.0,0.65,0.75,0.7,53,507,14,0.0383561643835616,0.9564257854821234,OTM,17.2,0.0556,0.00015167930660888406
2023-08-25,2023-09-11,CALL,4413.905,4550.0,4.2,4.4,4.300000000000001,45,2199,17,0.0465753424657534,0.9700890109890108,ATM,17.2,0.0556,0.0009450549450549452
2023-08-25,2023-09-11,CALL,4413.905,4545.0,4.7,4.9,4.800000000000001,2,34,17,0.0465753424657534,0.971156215621562,ATM,17.2,0.0556,0.0010561056105610562
2023-08-25,2023-09-11,CALL,4413.905,4540.0,5.3,5.5,5.4,25,77,17,0.0465753424657534,0.97222577092511,ATM,17.2,0.0556,0.0011894273127753304
2023-08-25,2023-09-08,CALL,4413.905,4750.0,0.1,0.15,0.125,18,1911,14,0.0383561643835616,0.9292431578947368,OTM,17.2,0.0556,2.6315789473684212e-05
2023-08-25,2023-09-11,CALL,4413.905,4535.0,5.9,6.2,6.050000000000001,97,28,17,0.0465753424657534,0.973297684674752,ATM,17.2,0.0556,0.0013340683572216098
2023-08-25,2023-09-08,CALL,4413.905,4620.0,0.55,0.7,0.625,57,540,14,0.0383561643835616,0.9553906926406924,OTM,17.2,0.0556,0.00013528138528138528
2023-08-25,2023-09-11,CALL,4413.905,4365.0,81.2,81.6,81.4,15,27,17,0.0465753424657534,1.0112038946162656,ATM,17.2,0.0556,0.018648339060710197
2023-08-25,2023-09-11,CALL,4413.905,4305.0,128.6,130.5,129.55,1,1,17,0.0465753424657534,1.0252973286875726,ATM,17.2,0.0556,0.03009291521486644
2023-08-25,2023-09-11,CALL,4413.905,4300.0,132.8,134.8,133.8,10,37,17,0.0465753424657534,1.0264895348837209,ATM,17.2,0.0556,0.031116279069767445
2023-08-25,2023-09-08,CALL,4413.905,4600.0,0.9,1.05,0.975,244,2925,14,0.0383561643835616,0.9595445652173912,OTM,17.2,0.0556,0.00021195652173913043
2023-08-25,2023-09-08,CALL,4413.905,4595.0,1.05,1.15,1.1,2,2411,14,0.0383561643835616,0.960588683351469,OTM,17.2,0.0556,0.0002393906420021763
2023-08-25,2023-09-08,CALL,4413.905,4590.0,1.2,1.3,1.25,53,500,14,0.0383561643835616,0.9616350762527232,OTM,17.2,0.0556,0.0002723311546840959
2023-08-25,2023-09-08,CALL,4413.905,4585.0,1.35,1.5,1.425,28,320,14,0.0383561643835616,0.9626837513631408,OTM,17.2,0.0556,0.0003107960741548528
2023-08-25,2023-09-08,CALL,4413.905,4580.0,1.55,1.65,1.6,129,655,14,0.0383561643835616,0.9637347161572052,OTM,17.2,0.0556,0.0003493449781659389
2023-08-25,2023-09-08,CALL,4413.905,4575.0,1.75,1.9,1.825,119,1202,14,0.0383561643835616,0.9647879781420764,OTM,17.2,0.0556,0.0003989071038251366
2023-08-25,2023-09-08,CALL,4413.905,4570.0,2.0,2.15,2.075,92,444,14,0.0383561643835616,0.965843544857768,OTM,17.2,0.0556,0.0004540481400437637
2023-08-25,2023-09-08,CALL,4413.905,4565.0,2.3,2.4,2.35,26,335,14,0.0383561643835616,0.9669014238773276,OTM,17.2,0.0556,0.0005147864184008763
2023-08-25,2023-09-08,CALL,4413.905,4560.0,2.6,2.75,2.675,108,361,14,0.0383561643835616,0.9679616228070176,OTM,17.2,0.0556,0.0005866228070175438
2023-08-25,2023-09-08,CALL,4413.905,4555.0,2.95,3.1,3.0250000000000004,111,343,14,0.0383561643835616,0.9690241492864984,OTM,17.2,0.0556,0.0006641053787047202
2023-08-25,2023-09-08,CALL,4413.905,4550.0,3.3,3.5,3.4,176,1853,14,0.0383561643835616,0.9700890109890108,ATM,17.2,0.0556,0.0007472527472527472
2023-08-25,2023-09-08,CALL,4413.905,4545.0,3.7,3.9,3.8,14,156,14,0.0383561643835616,0.971156215621562,ATM,17.2,0.0556,0.000836083608360836
2023-08-25,2023-09-08,CALL,4413.905,4540.0,4.2,4.4,4.300000000000001,162,1901,14,0.0383561643835616,0.97222577092511,ATM,17.2,0.0556,0.0009471365638766522
2023-08-25,2023-09-08,CALL,4413.905,4535.0,4.8,5.0,4.9,133,167,14,0.0383561643835616,0.973297684674752,ATM,17.2,0.0556,0.0010804851157662624
2023-08-25,2023-09-08,CALL,4413.905,4605.0,0.8,0.95,0.875,1,276,14,0.0383561643835616,0.9585027144408252,OTM,17.2,0.0556,0.00019001085776330077
2023-08-25,2023-09-08,CALL,4413.905,4610.0,0.7,0.85,0.7749999999999999,117,435,14,0.0383561643835616,0.9574631236442516,OTM,17.2,0.0556,0.00016811279826464207
2023-08-25,2023-09-11,CALL,4413.905,4345.0,95.7,97.5,96.6,4,1,17,0.0465753424657534,1.0158584579976984,ATM,17.2,0.0556,0.022232451093210585
2023-08-25,2023-09-11,CALL,4413.905,4530.0,6.6,6.9,6.75,10,19,17,0.0465753424657534,0.9743719646799116,ATM,17.2,0.0556,0.001490066225165563
2023-08-25,2023-09-11,CALL,4413.905,4555.0,3.7,3.9,3.8,8,136,17,0.0465753424657534,0.9690241492864984,OTM,17.2,0.0556,0.0008342480790340285
2023-08-25,2023-09-11,CALL,4413.905,4420.0,44.8,45.2,45.0,17,83,17,0.0465753424657534,0.9986210407239818,ATM,17.2,0.0556,0.010180995475113122
2023-08-25,2023-09-11,CALL,4413.905,4415.0,47.7,48.1,47.900000000000006,8,61,17,0.0465753424657534,0.9997519818799546,ATM,17.2,0.0556,0.01084937712344281
2023-08-25,2023-09-11,CALL,4413.905,4410.0,50.7,51.1,50.900000000000006,3,25,17,0.0465753424657534,1.0008854875283446,ATM,17.2,0.0556,0.011541950113378685
2023-08-25,2023-09-11,CALL,4413.905,4405.0,53.8,54.1,53.95,4,26,17,0.0465753424657534,1.0020215664018162,ATM,17.2,0.0556,0.01224744608399546
2023-08-25,2023-09-11,CALL,4413.905,4400.0,56.9,57.3,57.1,14,46,17,0.0465753424657534,1.0031602272727271,ATM,17.2,0.0556,0.012977272727272728
2023-08-25,2023-09-11,CALL,4413.905,4395.0,60.1,60.5,60.3,5,9,17,0.0465753424657534,1.004301478953356,ATM,17.2,0.0556,0.01372013651877133
2023-08-25,2023-09-11,CALL,4413.905,4390.0,63.5,63.9,63.7,9,65,17,0.0465753424657534,1.0054453302961277,ATM,17.2,0.0556,0.014510250569476083
2023-08-25,2023-09-11,CALL,4413.905,4385.0,66.9,67.3,67.1,15,39,17,0.0465753424657534,1.0065917901938426,ATM,17.2,0.0556,0.015302166476624857
2023-08-25,2023-09-11,CALL,4413.905,4380.0,70.3,70.7,70.5,10,24,17,0.0465753424657534,1.0077408675799089,ATM,17.2,0.0556,0.016095890410958904
2023-08-25,2023-09-11,CALL,4413.905,4375.0,73.9,74.3,74.1,30,625,17,0.0465753424657534,1.0088925714285717,ATM,17.2,0.0556,0.016937142857142855
2023-08-25,2023-09-11,CALL,4413.905,4370.0,77.5,77.9,77.7,46,20,17,0.0465753424657534,1.0100469107551486,ATM,17.2,0.0556,0.017780320366132724
2023-08-25,2023-09-11,CALL,4413.905,4425.0,42.0,42.4,42.2,5,376,17,0.0465753424657534,0.9974926553672316,ATM,17.2,0.0556,0.009536723163841809
2023-08-25,2023-09-11,CALL,4413.905,4430.0,39.3,39.7,39.5,138,78,17,0.0465753424657534,0.996366817155756,ATM,17.2,0.0556,0.00891647855530474
2023-08-25,2023-09-11,CALL,4413.905,4480.0,18.0,18.3,18.15,35,45,17,0.0465753424657534,0.9852466517857142,ATM,17.2,0.0556,0.004051339285714286
2023-08-25,2023-09-11,CALL,4413.905,4475.0,19.7,20.0,19.85,52,86,17,0.0465753424657534,0.9863474860335196,ATM,17.2,0.0556,0.004435754189944134
2023-08-25,2023-09-11,CALL,4413.905,4470.0,21.4,21.8,21.6,125,105,17,0.0465753424657534,0.9874507829977628,ATM,17.2,0.0556,0.004832214765100672
2023-08-25,2023-09-11,CALL,4413.905,4465.0,23.3,23.6,23.450000000000003,12,126,17,0.0465753424657534,0.9885565509518476,ATM,17.2,0.0556,0.005251959686450169
2023-08-25,2023-09-11,CALL,4413.905,4485.0,16.5,16.8,16.65,52,77,17,0.0465753424657534,0.9841482720178372,ATM,17.2,0.0556,0.003712374581939799
2023-08-25,2023-09-11,CALL,4413.905,4525.0,7.4,7.6,7.5,58,686,17,0.0465753424657534,0.9754486187845304,ATM,17.2,0.0556,0.0016574585635359116
2023-08-25,2023-09-11,CALL,4413.905,4490.0,15.0,15.3,15.15,42,360,17,0.0465753424657534,0.9830523385300668,ATM,17.2,0.0556,0.0033741648106904235
2023-08-25,2023-09-11,CALL,4413.905,4575.0,2.3,2.5,2.4,5,228,17,0.0465753424657534,0.9647879781420764,OTM,17.2,0.0556,0.0005245901639344262
2023-08-25,2023-09-11,CALL,4413.905,4520.0,8.2,8.5,8.35,19,694,17,0.0465753424657534,0.9765276548672566,ATM,17.2,0.0556,0.0018473451327433628
2023-08-25,2023-09-11,CALL,4413.905,4515.0,9.1,9.4,9.25,2,32,17,0.0465753424657534,0.9776090808416388,ATM,17.2,0.0556,0.0020487264673311185
2023-08-25,2023-09-11,CALL,4413.905,4510.0,10.1,10.4,10.25,6,35,17,0.0465753424657534,0.9786929046563192,ATM,17.2,0.0556,0.0022727272727272726
2023-08-25,2023-09-11,CALL,4413.905,4505.0,11.2,11.5,11.35,3,12,17,0.0465753424657534,0.9797791342952274,ATM,17.2,0.0556,0.0025194228634850165
2023-08-25,2023-09-11,CALL,4413.905,4500.0,12.4,12.7,12.55,137,542,17,0.0465753424657534,0.9808677777777776,ATM,17.2,0.0556,0.002788888888888889
2023-08-25,2023-09-11,CALL,4413.905,4560.0,3.3,3.5,3.4,21,72,17,0.0465753424657534,0.9679616228070176,OTM,17.2,0.0556,0.0007456140350877193
2023-08-25,2023-09-11,CALL,4413.905,4565.0,2.95,3.1,3.0250000000000004,1,28,17,0.0465753424657534,0.9669014238773276,OTM,17.2,0.0556,0.0006626506024096386
2023-08-25,2023-09-11,CALL,4413.905,4570.0,2.6,2.8,2.7,2,55,17,0.0465753424657534,0.965843544857768,OTM,17.2,0.0556,0.0005908096280087527
2023-08-25,2023-09-11,CALL,4413.905,4800.0,0.1,0.15,0.125,5,52,17,0.0465753424657534,0.9195635416666668,OTM,17.2,0.0556,2.604166666666667e-05
2023-08-25,2023-09-11,CALL,4413.905,4650.0,0.4,0.55,0.475,2,280,17,0.0465753424657534,0.94922688172043,OTM,17.2,0.0556,0.0001021505376344086
2023-08-25,2023-09-11,CALL,4413.905,4625.0,0.7,0.8,0.75,162,107,17,0.0465753424657534,0.9543578378378378,OTM,17.2,0.0556,0.00016216216216216215
2023-08-25,2023-09-11,CALL,4413.905,4610.0,1.0,1.1,1.05,2,41,17,0.0465753424657534,0.9574631236442516,OTM,17.2,0.0556,0.000227765726681128
2023-08-25,2023-09-11,CALL,4413.905,4600.0,1.25,1.4,1.325,6,399,17,0.0465753424657534,0.9595445652173912,OTM,17.2,0.0556,0.0002880434782608696
2023-08-25,2023-09-11,CALL,4413.905,4595.0,1.45,1.55,1.5,1,43,17,0.0465753424657534,0.960588683351469,OTM,17.2,0.0556,0.0003264417845484222
2023-08-25,2023-09-11,CALL,4413.905,4590.0,1.6,1.75,1.675,2,44,17,0.0465753424657534,0.9616350762527232,OTM,17.2,0.0556,0.00036492374727668846
2023-08-25,2023-09-11,CALL,4413.905,4585.0,1.8,1.95,1.875,3,23,17,0.0465753424657534,0.9626837513631408,OTM,17.2,0.0556,0.0004089422028353326
2023-08-25,2023-09-11,CALL,4413.905,4580.0,2.05,2.2,2.125,57,56,17,0.0465753424657534,0.9637347161572052,OTM,17.2,0.0556,0.00046397379912663754
2023-08-25,2023-09-11,CALL,4413.905,4495.0,13.6,13.9,13.75,13,114,17,0.0465753424657534,0.9819588431590656,ATM,17.2,0.0556,0.0030589543937708566
2023-08-25,2023-09-11,CALL,4413.905,4350.0,92.3,93.5,92.9,4,19,17,0.0465753424657534,1.014690804597701,ATM,17.2,0.0556,0.021356321839080462
2023-08-25,2023-09-11,CALL,4413.905,4355.0,88.5,89.6,89.05,11,66,17,0.0465753424657534,1.0135258323765786,ATM,17.2,0.0556,0.02044776119402985
2023-08-25,2023-09-11,CALL,4413.905,4360.0,84.3,85.7,85.0,10,14,17,0.0465753424657534,1.0123635321100917,ATM,17.2,0.0556,0.0194954128440367
2023-08-25,2023-09-12,CALL,4413.905,4350.0,94.9,96.8,95.85,6,24,18,0.0493150684931506,1.014690804597701,ATM,17.2,0.0556,0.022034482758620688
2023-08-25,2023-09-12,CALL,4413.905,4345.0,98.0,100.7,99.35,2,1,18,0.0493150684931506,1.0158584579976984,ATM,17.2,0.0556,0.02286536248561565
2023-08-25,2023-09-12,CALL,4413.905,4325.0,113.8,116.8,115.3,2,11,18,0.0493150684931506,1.0205560693641618,ATM,17.2,0.0556,0.026658959537572254
2023-08-25,2023-09-12,CALL,4413.905,4315.0,122.1,125.1,123.6,2,2,18,0.0493150684931506,1.0229212050984935,ATM,17.2,0.0556,0.028644264194669755
2023-08-25,2023-09-12,CALL,4413.905,4300.0,134.8,138.0,136.4,22,35,18,0.0493150684931506,1.0264895348837209,ATM,17.2,0.0556,0.03172093023255814
2023-08-25,2023-09-12,CALL,4413.905,4355.0,90.9,93.4,92.15,5,8,18,0.0493150684931506,1.0135258323765786,ATM,17.2,0.0556,0.02115958668197474
2023-08-25,2023-09-12,CALL,4413.905,4425.0,44.3,44.8,44.55,6,87,18,0.0493150684931506,0.9974926553672316,ATM,17.2,0.0556,0.010067796610169492
2023-08-25,2023-09-12,CALL,4413.905,4420.0,47.2,47.7,47.45,1,73,18,0.0493150684931506,0.9986210407239818,ATM,17.2,0.0556,0.01073529411764706
2023-08-25,2023-09-12,CALL,4413.905,4415.0,50.2,50.6,50.400000000000006,1,8,18,0.0493150684931506,0.9997519818799546,ATM,17.2,0.0556,0.011415628539071349
2023-08-25,2023-09-12,CALL,4413.905,4410.0,52.9,53.6,53.25,16,41,18,0.0493150684931506,1.0008854875283446,ATM,17.2,0.0556,0.01207482993197279
2023-08-25,2023-09-12,CALL,4413.905,4405.0,56.2,56.6,56.400000000000006,3,2,18,0.0493150684931506,1.0020215664018162,ATM,17.2,0.0556,0.012803632236095347
2023-08-25,2023-09-12,CALL,4413.905,4400.0,59.3,60.2,59.75,12,16,18,0.0493150684931506,1.0031602272727271,ATM,17.2,0.0556,0.013579545454545455
2023-08-25,2023-09-12,CALL,4413.905,4395.0,62.1,63.5,62.8,6,24,18,0.0493150684931506,1.004301478953356,ATM,17.2,0.0556,0.014288964732650738
2023-08-25,2023-09-12,CALL,4413.905,4380.0,72.3,74.5,73.4,2,19,18,0.0493150684931506,1.0077408675799089,ATM,17.2,0.0556,0.01675799086757991
2023-08-25,2023-09-12,CALL,4413.905,4360.0,86.8,89.1,87.94999999999999,1,58,18,0.0493150684931506,1.0123635321100917,ATM,17.2,0.0556,0.020172018348623852
2023-08-25,2023-09-13,CALL,4413.905,4510.0,13.7,14.0,13.85,4,6,19,0.0520547945205479,0.9786929046563192,ATM,17.2,0.0556,0.0030709534368070952
2023-08-25,2023-09-13,CALL,4413.905,4505.0,14.9,15.3,15.1,19,639,19,0.0520547945205479,0.9797791342952274,ATM,17.2,0.0556,0.0033518312985571586
2023-08-25,2023-09-12,CALL,4413.905,4435.0,39.0,39.4,39.2,4,15,18,0.0493150684931506,0.9952435174746336,ATM,17.2,0.0556,0.008838782412626832
2023-08-25,2023-09-13,CALL,4413.905,4500.0,16.3,16.6,16.450000000000003,21,186,19,0.0520547945205479,0.9808677777777776,ATM,17.2,0.0556,0.003655555555555556
2023-08-25,2023-09-12,CALL,4413.905,4440.0,36.4,36.9,36.65,4,12,18,0.0493150684931506,0.9941227477477476,ATM,17.2,0.0556,0.008254504504504503
2023-08-25,2023-09-12,CALL,4413.905,4625.0,0.95,1.05,1.0,11,68,18,0.0493150684931506,0.9543578378378378,OTM,17.2,0.0556,0.00021621621621621621
2023-08-25,2023-09-12,CALL,4413.905,4530.0,7.7,8.0,7.85,21,27,18,0.0493150684931506,0.9743719646799116,ATM,17.2,0.0556,0.0017328918322295805
2023-08-25,2023-09-12,CALL,4413.905,4525.0,8.6,8.9,8.75,16,745,18,0.0493150684931506,0.9754486187845304,ATM,17.2,0.0556,0.0019337016574585636
2023-08-25,2023-09-12,CALL,4413.905,4510.0,11.5,11.9,11.7,8,36,18,0.0493150684931506,0.9786929046563192,ATM,17.2,0.0556,0.0025942350332594233
2023-08-25,2023-09-12,CALL,4413.905,4500.0,14.0,14.3,14.15,13,646,18,0.0493150684931506,0.9808677777777776,ATM,17.2,0.0556,0.0031444444444444445
2023-08-25,2023-09-12,CALL,4413.905,4490.0,16.8,17.1,16.950000000000003,5,52,18,0.0493150684931506,0.9830523385300668,ATM,17.2,0.0556,0.003775055679287306
2023-08-25,2023-09-12,CALL,4413.905,4485.0,18.3,18.6,18.450000000000003,5,10,18,0.0493150684931506,0.9841482720178372,ATM,17.2,0.0556,0.00411371237458194
2023-08-25,2023-09-12,CALL,4413.905,4480.0,19.9,20.2,20.05,5,6,18,0.0493150684931506,0.9852466517857142,ATM,17.2,0.0556,0.0044754464285714285
2023-08-25,2023-09-12,CALL,4413.905,4540.0,6.3,6.5,6.4,33,55,18,0.0493150684931506,0.97222577092511,ATM,17.2,0.0556,0.0014096916299559472
2023-08-25,2023-09-12,CALL,4413.905,4475.0,21.6,21.9,21.75,5,57,18,0.0493150684931506,0.9863474860335196,ATM,17.2,0.0556,0.0048603351955307265
2023-08-25,2023-09-12,CALL,4413.905,4465.0,25.4,25.7,25.55,4,17,18,0.0493150684931506,0.9885565509518476,ATM,17.2,0.0556,0.005722284434490482
2023-08-25,2023-09-12,CALL,4413.905,4460.0,27.4,27.7,27.55,1330,1461,18,0.0493150684931506,0.989664798206278,ATM,17.2,0.0556,0.00617713004484305
2023-08-25,2023-09-12,CALL,4413.905,4455.0,29.4,29.9,29.65,1,54,18,0.0493150684931506,0.9907755331088663,ATM,17.2,0.0556,0.0066554433221099885
2023-08-25,2023-09-12,CALL,4413.905,4470.0,23.4,23.8,23.6,5,26,18,0.0493150684931506,0.9874507829977628,ATM,17.2,0.0556,0.005279642058165548
2023-08-25,2023-09-12,CALL,4413.905,4550.0,5.0,5.3,5.15,36,202,18,0.0493150684931506,0.9700890109890108,ATM,17.2,0.0556,0.001131868131868132
2023-08-25,2023-09-12,CALL,4413.905,4560.0,4.1,4.3,4.199999999999999,7,9,18,0.0493150684931506,0.9679616228070176,OTM,17.2,0.0556,0.0009210526315789472
2023-08-25,2023-09-12,CALL,4413.905,4575.0,2.9,3.1,3.0,35,152,18,0.0493150684931506,0.9647879781420764,OTM,17.2,0.0556,0.0006557377049180328
2023-08-25,2023-09-13,CALL,4413.905,4260.0,172.3,175.7,174.0,5,6,19,0.0520547945205479,1.0361279342723004,ITM,17.2,0.0556,0.04084507042253521
2023-08-25,2023-09-12,CALL,4413.905,4600.0,1.65,1.8,1.725,16,249,18,0.0493150684931506,0.9595445652173912,OTM,17.2,0.0556,0.000375
2023-08-25,2023-09-13,CALL,4413.905,4495.0,17.8,18.1,17.950000000000003,4,37,19,0.0520547945205479,0.9819588431590656,ATM,17.2,0.0556,0.003993325917686319
2023-08-25,2023-09-13,CALL,4413.905,4490.0,19.3,19.6,19.450000000000003,10,54,19,0.0520547945205479,0.9830523385300668,ATM,17.2,0.0556,0.004331848552338531
2023-08-25,2023-09-13,CALL,4413.905,4485.0,20.9,21.2,21.05,15,20,19,0.0520547945205479,0.9841482720178372,ATM,17.2,0.0556,0.004693422519509476
2023-08-25,2023-09-13,CALL,4413.905,4350.0,97.7,100.0,98.85,1,35,19,0.0520547945205479,1.014690804597701,ATM,17.2,0.0556,0.02272413793103448
2023-08-25,2023-09-13,CALL,4413.905,4340.0,104.8,107.9,106.35,1,30,19,0.0520547945205479,1.017028801843318,ATM,17.2,0.0556,0.024504608294930876
2023-08-25,2023-09-13,CALL,4413.905,4320.0,120.8,123.9,122.35,2,6,19,0.0520547945205479,1.0217372685185184,ATM,17.2,0.0556,0.02832175925925926
2023-08-25,2023-09-13,CALL,4413.905,4310.0,129.0,132.2,130.6,2,3,19,0.0520547945205479,1.0241078886310904,ATM,17.2,0.0556,0.030301624129930392
2023-08-25,2023-09-13,CALL,4413.905,4300.0,137.4,140.7,139.05,3,36,19,0.0520547945205479,1.0264895348837209,ATM,17.2,0.0556,0.03233720930232559
2023-08-25,2023-09-13,CALL,4413.905,4280.0,154.8,158.0,156.4,1,13,19,0.0520547945205479,1.0312862149532709,ITM,17.2,0.0556,0.036542056074766356
2023-08-25,2023-09-13,CALL,4413.905,4355.0,94.0,96.1,95.05,5,27,19,0.0520547945205479,1.0135258323765786,ATM,17.2,0.0556,0.02182548794489093
2023-08-25,2023-09-13,CALL,4413.905,4425.0,47.8,48.2,48.0,6,35,19,0.0520547945205479,0.9974926553672316,ATM,17.2,0.0556,0.010847457627118645
2023-08-25,2023-09-13,CALL,4413.905,4420.0,50.6,51.0,50.8,3,36,19,0.0520547945205479,0.9986210407239818,ATM,17.2,0.0556,0.011493212669683258
2023-08-25,2023-09-13,CALL,4413.905,4410.0,56.4,57.1,56.75,39,41,19,0.0520547945205479,1.0008854875283446,ATM,17.2,0.0556,0.012868480725623582
2023-08-25,2023-09-13,CALL,4413.905,4400.0,62.5,63.6,63.05,22,69,19,0.0520547945205479,1.0031602272727271,ATM,17.2,0.0556,0.014329545454545454
2023-08-25,2023-09-13,CALL,4413.905,4395.0,66.0,66.6,66.3,8,11,19,0.0520547945205479,1.004301478953356,ATM,17.2,0.0556,0.01508532423208191
2023-08-25,2023-09-13,CALL,4413.905,4390.0,69.4,69.8,69.6,14,21,19,0.0520547945205479,1.0054453302961277,ATM,17.2,0.0556,0.015854214123006832
2023-08-25,2023-09-13,CALL,4413.905,4385.0,72.6,73.2,72.9,7,40,19,0.0520547945205479,1.0065917901938426,ATM,17.2,0.0556,0.016624857468643103
2023-08-25,2023-09-13,CALL,4413.905,4380.0,76.2,76.6,76.4,7,30,19,0.0520547945205479,1.0077408675799089,ATM,17.2,0.0556,0.017442922374429223
2023-08-25,2023-09-11,CALL,4413.905,4255.0,172.9,175.0,173.95,4,1,17,0.0465753424657534,1.0373454759106933,ITM,17.2,0.0556,0.0408813160987074
2023-08-25,2023-09-11,CALL,4413.905,4285.0,146.1,148.2,147.14999999999998,1,1,17,0.0465753424657534,1.0300828471411902,ITM,17.2,0.0556,0.034340723453908976
2023-08-25,2023-09-13,CALL,4413.905,4430.0,45.0,45.4,45.2,30,22,19,0.0520547945205479,0.996366817155756,ATM,17.2,0.0556,0.010203160270880363
2023-08-25,2023-09-13,CALL,4413.905,4540.0,7.8,8.1,7.949999999999999,3,68,19,0.0520547945205479,0.97222577092511,ATM,17.2,0.0556,0.001751101321585903
2023-08-25,2023-09-13,CALL,4413.905,4550.0,6.4,6.6,6.5,9,327,19,0.0520547945205479,0.9700890109890108,ATM,17.2,0.0556,0.0014285714285714286
2023-08-25,2023-09-13,CALL,4413.905,4560.0,5.2,5.4,5.300000000000001,7,76,19,0.0520547945205479,0.9679616228070176,OTM,17.2,0.0556,0.001162280701754386
2023-08-25,2023-09-13,CALL,4413.905,4480.0,22.6,23.0,22.8,8,66,19,0.0520547945205479,0.9852466517857142,ATM,17.2,0.0556,0.005089285714285715
2023-08-25,2023-09-13,CALL,4413.905,4475.0,24.4,24.8,24.6,28,25,19,0.0520547945205479,0.9863474860335196,ATM,17.2,0.0556,0.005497206703910615
2023-08-25,2023-09-13,CALL,4413.905,4515.0,12.5,12.8,12.65,32,46,19,0.0520547945205479,0.9776090808416388,ATM,17.2,0.0556,0.0028017718715393136
2023-08-25,2023-09-13,CALL,4413.905,4470.0,26.4,26.7,26.55,3,12,19,0.0520547945205479,0.9874507829977628,ATM,17.2,0.0556,0.005939597315436242
2023-08-25,2023-09-13,CALL,4413.905,4460.0,30.5,30.8,30.65,6,7,19,0.0520547945205479,0.989664798206278,ATM,17.2,0.0556,0.00687219730941704
2023-08-25,2023-09-13,CALL,4413.905,4455.0,32.6,33.0,32.8,12,24,19,0.0520547945205479,0.9907755331088663,ATM,17.2,0.0556,0.007362514029180695
2023-08-25,2023-09-13,CALL,4413.905,4450.0,34.8,35.3,35.05,28,42,19,0.0520547945205479,0.9918887640449436,ATM,17.2,0.0556,0.007876404494382021
2023-08-25,2023-09-13,CALL,4413.905,4445.0,37.2,37.8,37.5,10,28,19,0.0520547945205479,0.9930044994375704,ATM,17.2,0.0556,0.00843644544431946
2023-08-25,2023-09-11,CALL,4413.905,4460.0,25.3,25.6,25.450000000000003,84,350,17,0.0465753424657534,0.989664798206278,ATM,17.2,0.0556,0.00570627802690583
2023-08-25,2023-09-13,CALL,4413.905,4440.0,39.8,40.2,40.0,28,62,19,0.0520547945205479,0.9941227477477476,ATM,17.2,0.0556,0.009009009009009009
2023-08-25,2023-09-13,CALL,4413.905,4520.0,11.4,11.7,11.55,23,227,19,0.0520547945205479,0.9765276548672566,ATM,17.2,0.0556,0.0025553097345132744
2023-08-25,2023-09-13,CALL,4413.905,4525.0,10.4,10.7,10.55,14,598,19,0.0520547945205479,0.9754486187845304,ATM,17.2,0.0556,0.0023314917127071825
2023-08-25,2023-09-13,CALL,4413.905,4800.0,0.1,0.15,0.125,2,28,19,0.0520547945205479,0.9195635416666668,OTM,17.2,0.0556,2.604166666666667e-05
2023-08-25,2023-09-13,CALL,4413.905,4700.0,0.3,0.4,0.35,2,63,19,0.0520547945205479,0.9391287234042552,OTM,17.2,0.0556,7.446808510638298e-05
2023-08-25,2023-09-13,CALL,4413.905,4650.0,0.75,0.85,0.8,15,79,19,0.0520547945205479,0.94922688172043,OTM,17.2,0.0556,0.0001720430107526882
2023-08-25,2023-09-13,CALL,4413.905,4625.0,1.3,1.4,1.35,46,142,19,0.0520547945205479,0.9543578378378378,OTM,17.2,0.0556,0.0002918918918918919
2023-08-25,2023-09-13,CALL,4413.905,4600.0,2.2,2.35,2.2750000000000004,7,356,19,0.0520547945205479,0.9595445652173912,OTM,17.2,0.0556,0.0004945652173913044
2023-08-25,2023-09-13,CALL,4413.905,4580.0,3.4,3.6,3.5,2,156,19,0.0520547945205479,0.9637347161572052,OTM,17.2,0.0556,0.0007641921397379913
2023-08-25,2023-09-13,CALL,4413.905,4465.0,28.4,28.7,28.55,4,58,19,0.0520547945205479,0.9885565509518476,ATM,17.2,0.0556,0.00639417693169093
2023-08-25,2023-09-11,CALL,4413.905,4455.0,27.4,27.7,27.55,52,63,17,0.0465753424657534,0.9907755331088663,ATM,17.2,0.0556,0.006184062850729518
2023-08-25,2023-09-11,CALL,4413.905,4450.0,29.5,29.9,29.7,22,919,17,0.0465753424657534,0.9918887640449436,ATM,17.2,0.0556,0.006674157303370786
2023-08-25,2023-09-11,CALL,4413.905,4445.0,31.8,32.2,32.0,5,114,17,0.0465753424657534,0.9930044994375704,ATM,17.2,0.0556,0.007199100112485939
2023-08-25,2023-09-14,CALL,4413.905,4465.0,30.6,31.0,30.8,6,19,20,0.0547945205479452,0.9885565509518476,ATM,17.2,0.0556,0.006898096304591266
2023-08-25,2023-09-14,CALL,4413.905,4510.0,15.4,15.7,15.55,1,23,20,0.0547945205479452,0.9786929046563192,ATM,17.2,0.0556,0.0034478935698447895
2023-08-25,2023-09-14,CALL,4413.905,4460.0,32.8,33.2,33.0,7,50,20,0.0547945205479452,0.989664798206278,ATM,17.2,0.0556,0.007399103139013453
2023-08-25,2023-09-14,CALL,4413.905,4450.0,37.4,37.8,37.6,3,125,20,0.0547945205479452,0.9918887640449436,ATM,17.2,0.0556,0.008449438202247191
2023-08-25,2023-09-14,CALL,4413.905,4445.0,39.8,40.3,40.05,2,15,20,0.0547945205479452,0.9930044994375704,ATM,17.2,0.0556,0.009010123734533183
2023-08-25,2023-09-14,CALL,4413.905,4440.0,42.3,42.8,42.55,1,36,20,0.0547945205479452,0.9941227477477476,ATM,17.2,0.0556,0.009583333333333333
2023-08-25,2023-09-14,CALL,4413.905,4430.0,47.6,48.1,47.85,6,39,20,0.0547945205479452,0.996366817155756,ATM,17.2,0.0556,0.010801354401805869
2023-08-25,2023-09-14,CALL,4413.905,4420.0,53.3,53.7,53.5,1,15,20,0.0547945205479452,0.9986210407239818,ATM,17.2,0.0556,0.012104072398190046
2023-08-25,2023-09-14,CALL,4413.905,4520.0,12.9,13.3,13.1,2,113,20,0.0547945205479452,0.9765276548672566,ATM,17.2,0.0556,0.0028982300884955754
2023-08-25,2023-09-14,CALL,4413.905,4525.0,11.8,12.2,12.0,3,29,20,0.0547945205479452,0.9754486187845304,ATM,17.2,0.0556,0.0026519337016574587
2023-08-25,2023-09-14,CALL,4413.905,4530.0,10.8,11.1,10.95,1,131,20,0.0547945205479452,0.9743719646799116,ATM,17.2,0.0556,0.0024172185430463575
2023-08-25,2023-09-14,CALL,4413.905,4800.0,0.1,0.2,0.15,1,8,20,0.0547945205479452,0.9195635416666668,OTM,17.2,0.0556,3.125e-05
2023-08-25,2023-09-14,CALL,4413.905,4650.0,1.0,1.1,1.05,48,6,20,0.0547945205479452,0.94922688172043,OTM,17.2,0.0556,0.00022580645161290324
2023-08-25,2023-09-14,CALL,4413.905,4575.0,4.6,4.8,4.699999999999999,50,111,20,0.0547945205479452,0.9647879781420764,OTM,17.2,0.0556,0.0010273224043715846
2023-08-25,2023-09-14,CALL,4413.905,4550.0,7.5,7.7,7.6,1,741,20,0.0547945205479452,0.9700890109890108,ATM,17.2,0.0556,0.0016703296703296702
2023-08-25,2023-09-14,CALL,4413.905,4410.0,59.2,59.7,59.45,2,12,20,0.0547945205479452,1.0008854875283446,ATM,17.2,0.0556,0.013480725623582768
2023-08-25,2023-09-14,CALL,4413.905,4405.0,62.3,62.8,62.55,3,36,20,0.0547945205479452,1.0020215664018162,ATM,17.2,0.0556,0.01419977298524404
2023-08-25,2023-09-14,CALL,4413.905,4470.0,28.6,29.0,28.8,6,24,20,0.0547945205479452,0.9874507829977628,ATM,17.2,0.0556,0.006442953020134228
2023-08-25,2023-09-14,CALL,4413.905,4325.0,119.3,122.4,120.85,4,13,20,0.0547945205479452,1.0205560693641618,ATM,17.2,0.0556,0.027942196531791905
2023-08-25,2023-09-14,CALL,4413.905,4475.0,26.6,27.0,26.8,42,65,20,0.0547945205479452,0.9863474860335196,ATM,17.2,0.0556,0.005988826815642458
2023-08-25,2023-09-14,CALL,4413.905,4485.0,22.9,23.3,23.1,5,1,20,0.0547945205479452,0.9841482720178372,ATM,17.2,0.0556,0.005150501672240803
2023-08-25,2023-09-15,CALL,4413.905,4700.0,0.5,0.6,0.55,40,2657,21,0.0575342465753424,0.9391287234042552,OTM,17.2,0.0556,0.00011702127659574468
2023-08-25,2023-09-15,CALL,4413.905,4695.0,0.5,0.6,0.55,6,678,21,0.0575342465753424,0.9401288604898828,OTM,17.2,0.0556,0.00011714589989350374
2023-08-25,2023-09-15,CALL,4413.905,4690.0,0.55,0.65,0.6000000000000001,17,717,21,0.0575342465753424,0.941131130063966,OTM,17.2,0.0556,0.00012793176972281453
2023-08-25,2023-09-15,CALL,4413.905,4685.0,0.6,0.7,0.6499999999999999,1,402,21,0.0575342465753424,0.9421355389541088,OTM,17.2,0.0556,0.00013874066168623265
2023-08-25,2023-09-15,CALL,4413.905,4680.0,0.7,0.75,0.725,7,345,21,0.0575342465753424,0.943142094017094,OTM,17.2,0.0556,0.0001549145299145299
2023-08-25,2023-09-15,CALL,4413.905,4675.0,0.75,0.85,0.8,68,1007,21,0.0575342465753424,0.9441508021390372,OTM,17.2,0.0556,0.00017112299465240642
2023-08-25,2023-09-15,CALL,4413.905,4670.0,0.8,0.9,0.8500000000000001,9,602,21,0.0575342465753424,0.945161670235546,OTM,17.2,0.0556,0.00018201284796573878
2023-08-25,2023-09-15,CALL,4413.905,4770.0,0.2,0.3,0.25,3,262,21,0.0575342465753424,0.9253469601677148,OTM,17.2,0.0556,5.241090146750524e-05
2023-08-25,2023-09-15,CALL,4413.905,4780.0,0.15,0.25,0.2,2,450,21,0.0575342465753424,0.9234110878661088,OTM,17.2,0.0556,4.184100418410042e-05
2023-08-25,2023-09-15,CALL,4413.905,4850.0,0.1,0.15,0.125,18,774,21,0.0575342465753424,0.9100835051546392,OTM,17.2,0.0556,2.577319587628866e-05
2023-08-25,2023-09-18,CALL,4413.905,4250.0,187.4,189.5,188.45,1,6,24,0.0657534246575342,1.0385658823529411,ITM,17.2,0.0556,0.04434117647058823
2023-08-25,2023-09-18,CALL,4413.905,4180.0,251.4,253.6,252.5,1,30,24,0.0657534246575342,1.0559581339712918,ITM,17.2,0.0556,0.060406698564593304
2023-08-25,2023-09-15,CALL,4413.905,4800.0,0.15,0.2,0.175,34,1084,21,0.0575342465753424,0.9195635416666668,OTM,17.2,0.0556,3.645833333333333e-05
2023-08-25,2023-09-15,CALL,4413.905,4390.0,74.4,74.7,74.55000000000001,160,361,21,0.0575342465753424,1.0054453302961277,ATM,17.2,0.0556,0.016981776765375857
2023-08-25,2023-09-15,CALL,4413.905,4385.0,77.7,78.1,77.9,102,145,21,0.0575342465753424,1.0065917901938426,ATM,17.2,0.0556,0.017765108323831245
2023-08-25,2023-09-14,CALL,4413.905,4500.0,18.2,18.5,18.35,35,54,20,0.0547945205479452,0.9808677777777776,ATM,17.2,0.0556,0.004077777777777778
2023-08-25,2023-09-14,CALL,4413.905,4490.0,21.3,21.6,21.450000000000003,41,33,20,0.0547945205479452,0.9830523385300668,ATM,17.2,0.0556,0.004777282850779511
2023-08-25,2023-09-14,CALL,4413.905,4480.0,24.8,25.1,24.950000000000003,1,48,20,0.0547945205479452,0.9852466517857142,ATM,17.2,0.0556,0.005569196428571429
2023-08-25,2023-09-14,CALL,4413.905,4310.0,130.6,134.8,132.7,2,2,20,0.0547945205479452,1.0241078886310904,ATM,17.2,0.0556,0.03078886310904872
2023-08-25,2023-09-14,CALL,4413.905,4300.0,139.8,143.2,141.5,1,8,20,0.0547945205479452,1.0264895348837209,ATM,17.2,0.0556,0.032906976744186044
2023-08-25,2023-09-14,CALL,4413.905,4260.0,173.5,178.0,175.75,6,1,20,0.0547945205479452,1.0361279342723004,ITM,17.2,0.0556,0.04125586854460094
2023-08-25,2023-09-15,CALL,4413.905,4335.0,114.2,115.5,114.85,26,100,21,0.0575342465753424,1.01820184544406,ATM,17.2,0.0556,0.02649365628604383
2023-08-25,2023-09-15,CALL,4413.905,4380.0,81.1,81.7,81.4,110,324,21,0.0575342465753424,1.0077408675799089,ATM,17.2,0.0556,0.018584474885844752
2023-08-25,2023-09-15,CALL,4413.905,4375.0,84.8,85.1,84.94999999999999,84,720,21,0.0575342465753424,1.0088925714285717,ATM,17.2,0.0556,0.019417142857142855
2023-08-25,2023-09-15,CALL,4413.905,4370.0,88.3,88.6,88.44999999999999,167,545,21,0.0575342465753424,1.0100469107551486,ATM,17.2,0.0556,0.02024027459954233
2023-08-25,2023-09-15,CALL,4413.905,4365.0,91.9,92.3,92.1,60,95,21,0.0575342465753424,1.0112038946162656,ATM,17.2,0.0556,0.021099656357388315
2023-08-25,2023-09-15,CALL,4413.905,4360.0,95.6,95.9,95.75,64,442,21,0.0575342465753424,1.0123635321100917,ATM,17.2,0.0556,0.021961009174311926
2023-08-25,2023-09-15,CALL,4413.905,4355.0,99.3,99.7,99.5,87,281,21,0.0575342465753424,1.0135258323765786,ATM,17.2,0.0556,0.022847301951779565
2023-08-25,2023-09-15,CALL,4413.905,4350.0,102.9,103.9,103.4,157,1518,21,0.0575342465753424,1.014690804597701,ATM,17.2,0.0556,0.023770114942528738
2023-08-25,2023-09-15,CALL,4413.905,4345.0,106.6,107.7,107.15,51,207,21,0.0575342465753424,1.0158584579976984,ATM,17.2,0.0556,0.02466052934407365
2023-08-25,2023-09-15,CALL,4413.905,4340.0,109.9,112.1,111.0,44,380,21,0.0575342465753424,1.017028801843318,ATM,17.2,0.0556,0.025576036866359446
2023-08-25,2023-09-15,CALL,4413.905,4275.0,163.4,165.4,164.4,25,845,21,0.0575342465753424,1.032492397660819,ITM,17.2,0.0556,0.038456140350877195
2023-08-25,2023-09-15,CALL,4413.905,4270.0,167.8,169.8,168.8,3,189,21,0.0575342465753424,1.0337014051522249,ITM,17.2,0.0556,0.03953161592505855
2023-08-25,2023-09-15,CALL,4413.905,4160.0,269.0,270.9,269.95,4,136,21,0.0575342465753424,1.0610348557692306,ITM,17.2,0.0556,0.06489182692307692
2023-08-25,2023-09-15,CALL,4413.905,4150.0,278.2,280.3,279.25,4,179,21,0.0575342465753424,1.06359156626506,ITM,17.2,0.0556,0.06728915662650603
2023-08-25,2023-09-15,CALL,4413.905,4135.0,292.7,294.6,293.65,10,52,21,0.0575342465753424,1.0674498186215235,ITM,17.2,0.0556,0.07101571946795647
2023-08-25,2023-09-15,CALL,4413.905,4125.0,302.4,304.2,303.29999999999995,192,266,21,0.0575342465753424,1.0700375757575755,ITM,17.2,0.0556,0.07352727272727272
2023-08-25,2023-09-15,CALL,4413.905,4185.0,244.8,247.1,245.95,10,81,21,0.0575342465753424,1.0546965352449222,ITM,17.2,0.0556,0.05876941457586619
2023-08-25,2023-09-15,CALL,4413.905,4330.0,118.2,119.5,118.85,44,256,21,0.0575342465753424,1.019377598152425,ATM,17.2,0.0556,0.027448036951501154
2023-08-25,2023-09-15,CALL,4413.905,4285.0,155.1,156.8,155.95,2,69,21,0.0575342465753424,1.0300828471411902,ITM,17.2,0.0556,0.03639439906651108
2023-08-25,2023-09-15,CALL,4413.905,4295.0,146.7,148.2,147.45,2,104,21,0.0575342465753424,1.027684516880093,ATM,17.2,0.0556,0.034330616996507565
2023-08-25,2023-09-15,CALL,4413.905,4300.0,141.9,144.0,142.95,71,2953,21,0.0575342465753424,1.0264895348837209,ATM,17.2,0.0556,0.03324418604651162
2023-08-25,2023-09-14,CALL,4413.905,4340.0,106.5,110.9,108.7,2,6,20,0.0547945205479452,1.017028801843318,ATM,17.2,0.0556,0.025046082949308757
2023-08-25,2023-09-14,CALL,4413.905,4400.0,65.5,66.0,65.75,77,47,20,0.0547945205479452,1.0031602272727271,ATM,17.2,0.0556,0.014943181818181819
2023-08-25,2023-09-14,CALL,4413.905,4395.0,68.8,69.2,69.0,8,3,20,0.0547945205479452,1.004301478953356,ATM,17.2,0.0556,0.015699658703071672
2023-08-25,2023-09-14,CALL,4413.905,4385.0,75.5,75.9,75.7,2,7,20,0.0547945205479452,1.0065917901938426,ATM,17.2,0.0556,0.01726339794754846
2023-08-25,2023-09-14,CALL,4413.905,4380.0,78.9,79.4,79.15,3,9,20,0.0547945205479452,1.0077408675799089,ATM,17.2,0.0556,0.018070776255707764
2023-08-25,2023-09-14,CALL,4413.905,4375.0,82.4,82.9,82.65,48,22,20,0.0547945205479452,1.0088925714285717,ATM,17.2,0.0556,0.018891428571428573
2023-08-25,2023-09-14,CALL,4413.905,4370.0,86.0,86.5,86.25,3,4,20,0.0547945205479452,1.0100469107551486,ATM,17.2,0.0556,0.019736842105263157
2023-08-25,2023-09-14,CALL,4413.905,4365.0,89.6,90.1,89.85,5,13,20,0.0547945205479452,1.0112038946162656,ATM,17.2,0.0556,0.020584192439862543
2023-08-25,2023-09-15,CALL,4413.905,4705.0,0.45,0.55,0.5,19,1110,21,0.0575342465753424,0.9381307120085016,OTM,17.2,0.0556,0.00010626992561105207
2023-08-25,2023-09-14,CALL,4413.905,4360.0,93.3,93.8,93.55,23,50,20,0.0547945205479452,1.0123635321100917,ATM,17.2,0.0556,0.021456422018348624
2023-08-25,2023-09-14,CALL,4413.905,4350.0,100.5,102.7,101.6,21,29,20,0.0547945205479452,1.014690804597701,ATM,17.2,0.0556,0.023356321839080457
2023-08-25,2023-09-14,CALL,4413.905,4345.0,102.8,106.6,104.7,2,3,20,0.0547945205479452,1.0158584579976984,ATM,17.2,0.0556,0.024096662830840047
2023-08-25,2023-09-15,CALL,4413.905,4100.0,326.5,328.3,327.4,192,336,21,0.0575342465753424,1.076562195121951,ITM,17.2,0.0556,0.07985365853658535
2023-08-25,2023-09-15,CALL,4413.905,4325.0,121.6,123.5,122.55,24,650,21,0.0575342465753424,1.0205560693641618,ATM,17.2,0.0556,0.028335260115606935
2023-08-25,2023-09-15,CALL,4413.905,4320.0,125.5,127.4,126.45,7,330,21,0.0575342465753424,1.0217372685185184,ATM,17.2,0.0556,0.029270833333333333
2023-08-25,2023-09-15,CALL,4413.905,4315.0,129.6,131.6,130.6,5,83,21,0.0575342465753424,1.0229212050984935,ATM,17.2,0.0556,0.03026651216685979
2023-08-25,2023-09-15,CALL,4413.905,4310.0,133.6,136.1,134.85,3,727,21,0.0575342465753424,1.0241078886310904,ATM,17.2,0.0556,0.0312877030162413
2023-08-25,2023-09-15,CALL,4413.905,4305.0,138.0,139.9,138.95,6,260,21,0.0575342465753424,1.0252973286875726,ATM,17.2,0.0556,0.03227642276422764
2023-08-25,2023-09-14,CALL,4413.905,4355.0,97.1,97.5,97.3,25,50,20,0.0547945205479452,1.0135258323765786,ATM,17.2,0.0556,0.022342135476463833
2023-08-25,2023-09-15,CALL,4413.905,4260.0,176.3,178.9,177.60000000000002,2,319,21,0.0575342465753424,1.0361279342723004,ITM,17.2,0.0556,0.04169014084507043
2023-08-25,2023-09-15,CALL,4413.905,4710.0,0.4,0.5,0.45,14,789,21,0.0575342465753424,0.9371348195329088,OTM,17.2,0.0556,9.554140127388535e-05
2023-08-25,2023-09-15,CALL,4413.905,4720.0,0.35,0.45,0.4,28,905,21,0.0575342465753424,0.9351493644067796,OTM,17.2,0.0556,8.474576271186441e-05
2023-08-25,2023-09-15,CALL,4413.905,4620.0,2.2,2.3,2.25,137,397,21,0.0575342465753424,0.9553906926406924,OTM,17.2,0.0556,0.000487012987012987
2023-08-25,2023-09-15,CALL,4413.905,4615.0,2.45,2.55,2.5,77,572,21,0.0575342465753424,0.9564257854821234,OTM,17.2,0.0556,0.0005417118093174431
2023-08-25,2023-09-15,CALL,4413.905,4610.0,2.7,2.8,2.75,126,683,21,0.0575342465753424,0.9574631236442516,OTM,17.2,0.0556,0.000596529284164859
2023-08-25,2023-09-15,CALL,4413.905,4605.0,2.95,3.1,3.0250000000000004,46,1415,21,0.0575342465753424,0.9585027144408252,OTM,17.2,0.0556,0.0006568946796959828
2023-08-25,2023-09-15,CALL,4413.905,4600.0,3.3,3.4,3.35,494,5921,21,0.0575342465753424,0.9595445652173912,OTM,17.2,0.0556,0.0007282608695652175
2023-08-25,2023-09-15,CALL,4413.905,4595.0,3.6,3.7,3.65,202,695,21,0.0575342465753424,0.960588683351469,OTM,17.2,0.0556,0.000794341675734494
2023-08-25,2023-09-15,CALL,4413.905,4590.0,4.0,4.1,4.05,36,1048,21,0.0575342465753424,0.9616350762527232,OTM,17.2,0.0556,0.0008823529411764705
2023-08-25,2023-09-15,CALL,4413.905,4585.0,4.4,4.5,4.45,178,417,21,0.0575342465753424,0.9626837513631408,OTM,17.2,0.0556,0.0009705561613958561
2023-08-25,2023-09-15,CALL,4413.905,4580.0,4.8,5.0,4.9,494,1692,21,0.0575342465753424,0.9637347161572052,OTM,17.2,0.0556,0.001069868995633188
2023-08-25,2023-09-15,CALL,4413.905,4575.0,5.3,5.5,5.4,156,2371,21,0.0575342465753424,0.9647879781420764,OTM,17.2,0.0556,0.001180327868852459
2023-08-25,2023-09-15,CALL,4413.905,4505.0,18.3,18.5,18.4,108,722,21,0.0575342465753424,0.9797791342952274,ATM,17.2,0.0556,0.004084350721420643
2023-08-25,2023-09-15,CALL,4413.905,4500.0,19.8,20.0,19.9,342,2968,21,0.0575342465753424,0.9808677777777776,ATM,17.2,0.0556,0.0044222222222222215
2023-08-25,2023-09-15,CALL,4413.905,4440.0,44.5,44.8,44.65,319,1537,21,0.0575342465753424,0.9941227477477476,ATM,17.2,0.0556,0.010056306306306306
2023-08-25,2023-09-15,CALL,4413.905,4435.0,47.1,47.5,47.3,49,509,21,0.0575342465753424,0.9952435174746336,ATM,17.2,0.0556,0.010665163472378805
2023-08-25,2023-09-15,CALL,4413.905,4430.0,49.9,50.2,50.05,133,716,21,0.0575342465753424,0.996366817155756,ATM,17.2,0.0556,0.011297968397291195
2023-08-25,2023-09-15,CALL,4413.905,4425.0,52.7,53.0,52.85,117,1019,21,0.0575342465753424,0.9974926553672316,ATM,17.2,0.0556,0.011943502824858758
2023-08-25,2023-09-15,CALL,4413.905,4420.0,55.5,55.9,55.7,51,1366,21,0.0575342465753424,0.9986210407239818,ATM,17.2,0.0556,0.012601809954751133
2023-08-25,2023-09-15,CALL,4413.905,4625.0,2.0,2.1,2.05,70,1282,21,0.0575342465753424,0.9543578378378378,OTM,17.2,0.0556,0.0004432432432432432
2023-08-25,2023-09-15,CALL,4413.905,4415.0,58.5,58.9,58.7,163,451,21,0.0575342465753424,0.9997519818799546,ATM,17.2,0.0556,0.013295583238958098
2023-08-25,2023-09-15,CALL,4413.905,4630.0,1.8,1.9,1.85,24,594,21,0.0575342465753424,0.953327213822894,OTM,17.2,0.0556,0.00039956803455723543
2023-08-25,2023-09-15,CALL,4413.905,4640.0,1.45,1.55,1.5,17,1053,21,0.0575342465753424,0.9512726293103448,OTM,17.2,0.0556,0.0003232758620689655
2023-08-25,2023-09-11,CALL,4413.905,4440.0,34.2,34.6,34.400000000000006,7,134,17,0.0465753424657534,0.9941227477477476,ATM,17.2,0.0556,0.007747747747747749
2023-08-25,2023-09-11,CALL,4413.905,4435.0,36.7,37.1,36.900000000000006,6,44,17,0.0465753424657534,0.9952435174746336,ATM,17.2,0.0556,0.008320180383314545
2023-08-25,2023-09-08,CALL,4413.905,4530.0,5.4,5.6,5.5,173,1951,14,0.0383561643835616,0.9743719646799116,ATM,17.2,0.0556,0.0012141280353200883
2023-08-25,2023-09-15,CALL,4413.905,4555.0,7.7,7.9,7.800000000000001,106,956,21,0.0575342465753424,0.9690241492864984,OTM,17.2,0.0556,0.0017124039517014272
2023-08-25,2023-09-15,CALL,4413.905,4550.0,8.5,8.7,8.6,308,6080,21,0.0575342465753424,0.9700890109890108,ATM,17.2,0.0556,0.00189010989010989
2023-08-25,2023-09-15,CALL,4413.905,4545.0,9.3,9.5,9.4,61,564,21,0.0575342465753424,0.971156215621562,ATM,17.2,0.0556,0.0020682068206820683
2023-08-25,2023-09-15,CALL,4413.905,4540.0,10.1,10.3,10.2,114,669,21,0.0575342465753424,0.97222577092511,ATM,17.2,0.0556,0.0022466960352422907
2023-08-25,2023-09-15,CALL,4413.905,4560.0,7.0,7.2,7.1,1934,2279,21,0.0575342465753424,0.9679616228070176,OTM,17.2,0.0556,0.001557017543859649
2023-08-25,2023-09-15,CALL,4413.905,4535.0,11.1,11.3,11.2,77,495,21,0.0575342465753424,0.973297684674752,ATM,17.2,0.0556,0.0024696802646085995
2023-08-25,2023-09-15,CALL,4413.905,4530.0,12.1,12.3,12.2,106,488,21,0.0575342465753424,0.9743719646799116,ATM,17.2,0.0556,0.0026931567328918322
2023-08-25,2023-09-15,CALL,4413.905,4525.0,13.1,13.4,13.25,266,1780,21,0.0575342465753424,0.9754486187845304,ATM,17.2,0.0556,0.0029281767955801107
2023-08-25,2023-09-15,CALL,4413.905,4520.0,14.3,14.6,14.45,87,511,21,0.0575342465753424,0.9765276548672566,ATM,17.2,0.0556,0.0031969026548672565
2023-08-25,2023-09-15,CALL,4413.905,4515.0,15.6,15.8,15.7,24,1061,21,0.0575342465753424,0.9776090808416388,ATM,17.2,0.0556,0.003477297895902547
2023-08-25,2023-09-15,CALL,4413.905,4510.0,16.8,17.2,17.0,140,447,21,0.0575342465753424,0.9786929046563192,ATM,17.2,0.0556,0.00376940133037694
2023-08-25,2023-09-15,CALL,4413.905,4565.0,6.4,6.6,6.5,60,526,21,0.0575342465753424,0.9669014238773276,OTM,17.2,0.0556,0.0014238773274917853
2023-08-25,2023-09-15,CALL,4413.905,4570.0,5.8,6.0,5.9,135,1633,21,0.0575342465753424,0.965843544857768,OTM,17.2,0.0556,0.0012910284463894968
2023-08-25,2023-09-15,CALL,4413.905,4650.0,1.2,1.3,1.25,250,1592,21,0.0575342465753424,0.94922688172043,OTM,17.2,0.0556,0.00026881720430107527
2023-08-25,2023-09-15,CALL,4413.905,4635.0,1.6,1.75,1.675,8,275,21,0.0575342465753424,0.9522988133764833,OTM,17.2,0.0556,0.00036138079827400214
2023-08-25,2023-09-15,CALL,4413.905,4410.0,61.6,61.9,61.75,304,340,21,0.0575342465753424,1.0008854875283446,ATM,17.2,0.0556,0.014002267573696145
2023-08-25,2023-09-15,CALL,4413.905,4405.0,64.7,65.1,64.9,145,484,21,0.0575342465753424,1.0020215664018162,ATM,17.2,0.0556,0.014733257661748015
2023-08-25,2023-09-15,CALL,4413.905,4400.0,67.8,68.2,68.0,389,2099,21,0.0575342465753424,1.0031602272727271,ATM,17.2,0.0556,0.015454545454545455
2023-08-25,2023-09-18,CALL,4413.905,4465.0,34.6,35.1,34.85,6,32,24,0.0657534246575342,0.9885565509518476,ATM,17.2,0.0556,0.00780515117581187
2023-08-25,2023-09-18,CALL,4413.905,4460.0,36.9,37.3,37.1,14,31,24,0.0657534246575342,0.989664798206278,ATM,17.2,0.0556,0.008318385650224216
2023-08-25,2023-09-18,CALL,4413.905,4450.0,41.6,42.1,41.85,52,711,24,0.0657534246575342,0.9918887640449436,ATM,17.2,0.0556,0.009404494382022472
2023-08-25,2023-09-18,CALL,4413.905,4445.0,44.1,44.6,44.35,2,39,24,0.0657534246575342,0.9930044994375704,ATM,17.2,0.0556,0.009977502812148481
2023-08-25,2023-09-18,CALL,4413.905,4440.0,46.6,47.2,46.900000000000006,37,64,24,0.0657534246575342,0.9941227477477476,ATM,17.2,0.0556,0.010563063063063064
2023-08-25,2023-09-18,CALL,4413.905,4425.0,54.9,55.4,55.15,304,17,24,0.0657534246575342,0.9974926553672316,ATM,17.2,0.0556,0.012463276836158192
2023-08-25,2023-09-18,CALL,4413.905,4420.0,57.7,58.5,58.1,6,28,24,0.0657534246575342,0.9986210407239818,ATM,17.2,0.0556,0.013144796380090498
2023-08-25,2023-09-18,CALL,4413.905,4415.0,60.9,61.3,61.1,2,26,24,0.0657534246575342,0.9997519818799546,ATM,17.2,0.0556,0.013839184597961495
2023-08-25,2023-09-18,CALL,4413.905,4410.0,63.8,64.5,64.15,5,45,24,0.0657534246575342,1.0008854875283446,ATM,17.2,0.0556,0.014546485260770976
2023-08-25,2023-09-18,CALL,4413.905,4400.0,70.0,71.2,70.6,10,824,24,0.0657534246575342,1.0031602272727271,ATM,17.2,0.0556,0.016045454545454543
2023-08-25,2023-09-15,CALL,4413.905,4755.0,0.2,0.3,0.25,50,528,21,0.0575342465753424,0.92826603575184,OTM,17.2,0.0556,5.257623554153522e-05
2023-08-25,2023-09-15,CALL,4413.905,4750.0,0.25,0.35,0.3,92,1513,21,0.0575342465753424,0.9292431578947368,OTM,17.2,0.0556,6.31578947368421e-05
2023-08-25,2023-09-15,CALL,4413.905,4745.0,0.25,0.35,0.3,4,386,21,0.0575342465753424,0.930222339304531,OTM,17.2,0.0556,6.322444678609062e-05
2023-08-25,2023-09-15,CALL,4413.905,4740.0,0.25,0.35,0.3,2,596,21,0.0575342465753424,0.9312035864978904,OTM,17.2,0.0556,6.329113924050633e-05
2023-08-25,2023-09-15,CALL,4413.905,4735.0,0.3,0.4,0.35,7,3057,21,0.0575342465753424,0.9321869060190072,OTM,17.2,0.0556,7.391763463569166e-05
2023-08-25,2023-09-15,CALL,4413.905,4730.0,0.3,0.4,0.35,30,704,21,0.0575342465753424,0.9331723044397462,OTM,17.2,0.0556,7.399577167019027e-05
2023-08-25,2023-09-15,CALL,4413.905,4725.0,0.35,0.4,0.375,34,962,21,0.0575342465753424,0.9341597883597884,OTM,17.2,0.0556,7.936507936507937e-05
2023-08-25,2023-09-18,CALL,4413.905,4395.0,73.0,74.3,73.65,81,16,24,0.0657534246575342,1.004301478953356,ATM,17.2,0.0556,0.016757679180887372
2023-08-25,2023-09-18,CALL,4413.905,4350.0,105.5,106.0,105.75,1,38,24,0.0657534246575342,1.014690804597701,ATM,17.2,0.0556,0.024310344827586206
2023-08-25,2023-09-18,CALL,4413.905,4310.0,136.1,138.6,137.35,16,5,24,0.0657534246575342,1.0241078886310904,ATM,17.2,0.0556,0.031867749419953594
2023-08-25,2023-09-18,CALL,4413.905,4385.0,79.8,81.1,80.44999999999999,1,64,24,0.0657534246575342,1.0065917901938426,ATM,17.2,0.0556,0.018346636259977192
2023-08-25,2023-09-15,CALL,4413.905,4395.0,71.1,71.5,71.3,174,308,21,0.0575342465753424,1.004301478953356,ATM,17.2,0.0556,0.01622298065984073
2023-08-25,2023-09-15,CALL,4413.905,4655.0,1.1,1.2,1.15,24,889,21,0.0575342465753424,0.9482073039742211,OTM,17.2,0.0556,0.00024704618689581095
2023-08-25,2023-09-15,CALL,4413.905,4445.0,41.9,42.3,42.1,109,872,21,0.0575342465753424,0.9930044994375704,ATM,17.2,0.0556,0.009471316085489314
2023-08-25,2023-09-15,CALL,4413.905,4450.0,39.5,39.8,39.65,173,3491,21,0.0575342465753424,0.9918887640449436,ATM,17.2,0.0556,0.00891011235955056
2023-08-25,2023-09-15,CALL,4413.905,4495.0,21.3,21.6,21.450000000000003,178,738,21,0.0575342465753424,0.9819588431590656,ATM,17.2,0.0556,0.004771968854282537
2023-08-25,2023-09-15,CALL,4413.905,4490.0,22.9,23.3,23.1,182,1261,21,0.0575342465753424,0.9830523385300668,ATM,17.2,0.0556,0.005144766146993319
2023-08-25,2023-09-15,CALL,4413.905,4485.0,24.7,25.1,24.9,60,289,21,0.0575342465753424,0.9841482720178372,ATM,17.2,0.0556,0.005551839464882943
2023-08-25,2023-09-15,CALL,4413.905,4480.0,26.5,26.9,26.7,226,1291,21,0.0575342465753424,0.9852466517857142,ATM,17.2,0.0556,0.005959821428571428
2023-08-25,2023-09-15,CALL,4413.905,4715.0,0.4,0.45,0.425,40,352,21,0.0575342465753424,0.9361410392364792,OTM,17.2,0.0556,9.013785790031814e-05
2023-08-25,2023-09-15,CALL,4413.905,4475.0,28.5,28.8,28.65,296,1897,21,0.0575342465753424,0.9863474860335196,ATM,17.2,0.0556,0.006402234636871508
2023-08-25,2023-09-15,CALL,4413.905,4465.0,32.5,32.9,32.7,218,519,21,0.0575342465753424,0.9885565509518476,ATM,17.2,0.0556,0.007323628219484883
2023-08-25,2023-09-15,CALL,4413.905,4460.0,34.8,35.1,34.95,228,864,21,0.0575342465753424,0.989664798206278,ATM,17.2,0.0556,0.007836322869955158
2023-08-25,2023-09-15,CALL,4413.905,4455.0,37.1,37.4,37.25,148,785,21,0.0575342465753424,0.9907755331088663,ATM,17.2,0.0556,0.008361391694725029
2023-08-25,2023-09-15,CALL,4413.905,4660.0,1.0,1.1,1.05,66,674,21,0.0575342465753424,0.94718991416309,OTM,17.2,0.0556,0.0002253218884120172
2023-08-25,2023-09-15,CALL,4413.905,4665.0,0.9,1.0,0.95,56,641,21,0.0575342465753424,0.9461747052518756,OTM,17.2,0.0556,0.00020364415862808146
2023-08-25,2023-09-18,CALL,4413.905,4380.0,83.3,84.5,83.9,2,13,24,0.0657534246575342,1.0077408675799089,ATM,17.2,0.0556,0.019155251141552514
2023-08-25,2023-09-18,CALL,4413.905,4365.0,94.4,94.9,94.65,2,23,24,0.0657534246575342,1.0112038946162656,ATM,17.2,0.0556,0.02168384879725086
2023-08-25,2023-09-18,CALL,4413.905,4360.0,97.6,98.9,98.25,1,24,24,0.0657534246575342,1.0123635321100917,ATM,17.2,0.0556,0.02253440366972477
2023-08-25,2023-09-15,CALL,4413.905,4470.0,30.5,30.9,30.7,436,769,21,0.0575342465753424,0.9874507829977628,ATM,17.2,0.0556,0.006868008948545861
2023-08-25,2023-10-20,CALL,4413.905,4590.0,28.4,28.8,28.6,18,522,56,0.1534246575342465,0.9616350762527232,OTM,17.2,0.05534,0.006230936819172113
2023-08-25,2023-10-20,CALL,4413.905,4640.0,16.9,17.2,17.049999999999997,7,604,56,0.1534246575342465,0.9512726293103448,OTM,17.2,0.05534,0.003674568965517241
2023-08-25,2023-10-20,CALL,4413.905,4645.0,16.0,16.3,16.15,2,107,56,0.1534246575342465,0.950248654467169,OTM,17.2,0.05534,0.003476856835306781
2023-08-25,2023-09-19,CALL,4413.905,4375.0,89.4,89.9,89.65,48,23,25,0.0684931506849315,1.0088925714285717,ATM,17.2,0.0556,0.020491428571428574
2023-08-25,2023-09-18,CALL,4413.905,4555.0,8.6,8.9,8.75,3,12,24,0.0657534246575342,0.9690241492864984,OTM,17.2,0.0556,0.0019209659714599342
2023-08-25,2023-09-18,CALL,4413.905,4550.0,9.4,9.7,9.55,30,205,24,0.0657534246575342,0.9700890109890108,ATM,17.2,0.0556,0.002098901098901099
2023-08-25,2023-09-18,CALL,4413.905,4540.0,11.2,11.6,11.4,5,48,24,0.0657534246575342,0.97222577092511,ATM,17.2,0.0556,0.002511013215859031
2023-08-25,2023-09-18,CALL,4413.905,4530.0,13.3,13.6,13.45,41,19,24,0.0657534246575342,0.9743719646799116,ATM,17.2,0.0556,0.0029690949227373065
2023-08-25,2023-09-18,CALL,4413.905,4525.0,14.4,14.8,14.6,107,163,24,0.0657534246575342,0.9754486187845304,ATM,17.2,0.0556,0.0032265193370165745
2023-08-25,2023-09-18,CALL,4413.905,4520.0,15.7,16.1,15.9,106,13,24,0.0657534246575342,0.9765276548672566,ATM,17.2,0.0556,0.003517699115044248
2023-08-25,2023-09-18,CALL,4413.905,4515.0,17.0,17.4,17.2,11,45,24,0.0657534246575342,0.9776090808416388,ATM,17.2,0.0556,0.0038095238095238095
2023-08-25,2023-09-18,CALL,4413.905,4510.0,18.3,18.7,18.5,7,35,24,0.0657534246575342,0.9786929046563192,ATM,17.2,0.0556,0.004101995565410199
2023-08-25,2023-09-18,CALL,4413.905,4500.0,21.3,21.7,21.5,104,122,24,0.0657534246575342,0.9808677777777776,ATM,17.2,0.0556,0.0047777777777777775
2023-08-25,2023-09-18,CALL,4413.905,4495.0,23.0,23.4,23.2,3,87,24,0.0657534246575342,0.9819588431590656,ATM,17.2,0.0556,0.005161290322580645
2023-08-25,2023-09-18,CALL,4413.905,4490.0,24.7,25.1,24.9,4,187,24,0.0657534246575342,0.9830523385300668,ATM,17.2,0.0556,0.0055456570155902
2023-08-25,2023-09-18,CALL,4413.905,4485.0,26.5,26.9,26.7,15,43,24,0.0657534246575342,0.9841482720178372,ATM,17.2,0.0556,0.005953177257525083
2023-08-25,2023-09-18,CALL,4413.905,4560.0,7.8,8.2,8.0,30,5,24,0.0657534246575342,0.9679616228070176,OTM,17.2,0.0556,0.0017543859649122807
2023-08-25,2023-09-20,CALL,4413.905,4375.0,93.2,93.7,93.45,4,28,26,0.0712328767123287,1.0088925714285717,ATM,17.2,0.0556,0.02136
2023-08-25,2023-09-18,CALL,4413.905,4575.0,5.9,6.3,6.1,25,48,24,0.0657534246575342,0.9647879781420764,OTM,17.2,0.0556,0.0013333333333333333
2023-08-25,2023-09-18,CALL,4413.905,4590.0,4.5,4.7,4.6,1,10,24,0.0657534246575342,0.9616350762527232,OTM,17.2,0.0556,0.0010021786492374726
2023-08-25,2023-09-19,CALL,4413.905,4380.0,85.9,86.4,86.15,2,52,25,0.0684931506849315,1.0077408675799089,ATM,17.2,0.0556,0.0196689497716895
2023-08-25,2023-09-19,CALL,4413.905,4365.0,96.6,97.1,96.85,2,1,25,0.0684931506849315,1.0112038946162656,ATM,17.2,0.0556,0.022187857961053836
2023-08-25,2023-09-20,CALL,4413.905,4350.0,111.4,111.8,111.6,4,20,26,0.0712328767123287,1.014690804597701,ATM,17.2,0.0556,0.0256551724137931
2023-08-25,2023-09-19,CALL,4413.905,4475.0,32.2,32.6,32.400000000000006,7,14,25,0.0684931506849315,0.9863474860335196,ATM,17.2,0.0556,0.0072402234636871525
2023-08-25,2023-09-22,CALL,4413.905,4775.0,0.4,0.5,0.45,8,117,28,0.0767123287671232,0.9243780104712042,OTM,17.2,0.0556,9.424083769633507e-05
2023-08-25,2023-09-22,CALL,4413.905,4750.0,0.55,0.65,0.6000000000000001,38,433,28,0.0767123287671232,0.9292431578947368,OTM,17.2,0.0556,0.00012631578947368423
2023-08-25,2023-09-22,CALL,4413.905,4740.0,0.65,0.75,0.7,7,39,28,0.0767123287671232,0.9312035864978904,OTM,17.2,0.0556,0.00014767932489451475
2023-08-25,2023-09-22,CALL,4413.905,4725.0,0.8,0.9,0.8500000000000001,8,99,28,0.0767123287671232,0.9341597883597884,OTM,17.2,0.0556,0.00017989417989417992
2023-08-25,2023-09-19,CALL,4413.905,4700.0,0.65,0.8,0.7250000000000001,1,18,25,0.0684931506849315,0.9391287234042552,OTM,17.2,0.0556,0.00015425531914893618
2023-08-25,2023-09-19,CALL,4413.905,4600.0,4.2,4.5,4.35,1,227,25,0.0684931506849315,0.9595445652173912,OTM,17.2,0.0556,0.0009456521739130434
2023-08-25,2023-09-19,CALL,4413.905,4550.0,10.4,10.7,10.55,17,11,25,0.0684931506849315,0.9700890109890108,ATM,17.2,0.0556,0.0023186813186813187
2023-08-25,2023-09-19,CALL,4413.905,4540.0,12.3,12.7,12.5,5,6,25,0.0684931506849315,0.97222577092511,ATM,17.2,0.0556,0.0027533039647577094
2023-08-25,2023-09-19,CALL,4413.905,4530.0,14.5,14.9,14.7,2,15,25,0.0684931506849315,0.9743719646799116,ATM,17.2,0.0556,0.0032450331125827812
2023-08-25,2023-09-19,CALL,4413.905,4520.0,17.0,17.4,17.2,9,1,25,0.0684931506849315,0.9765276548672566,ATM,17.2,0.0556,0.003805309734513274
2023-08-25,2023-09-19,CALL,4413.905,4500.0,22.9,23.3,23.1,44,67,25,0.0684931506849315,0.9808677777777776,ATM,17.2,0.0556,0.0051333333333333335
2023-08-25,2023-09-19,CALL,4413.905,4800.0,0.15,0.25,0.2,15,5,25,0.0684931506849315,0.9195635416666668,OTM,17.2,0.0556,4.166666666666667e-05
2023-08-25,2023-09-19,CALL,4413.905,4490.0,26.4,26.8,26.6,22,1,25,0.0684931506849315,0.9830523385300668,ATM,17.2,0.0556,0.0059242761692650334
2023-08-25,2023-09-19,CALL,4413.905,4460.0,38.8,39.3,39.05,1,1,25,0.0684931506849315,0.989664798206278,ATM,17.2,0.0556,0.008755605381165918
2023-08-25,2023-09-19,CALL,4413.905,4450.0,43.6,44.1,43.85,2,430,25,0.0684931506849315,0.9918887640449436,ATM,17.2,0.0556,0.009853932584269663
2023-08-25,2023-09-19,CALL,4413.905,4430.0,54.3,54.7,54.5,4,23,25,0.0684931506849315,0.996366817155756,ATM,17.2,0.0556,0.012302483069977426
2023-08-25,2023-09-19,CALL,4413.905,4385.0,82.4,82.9,82.65,2,20,25,0.0684931506849315,1.0065917901938426,ATM,17.2,0.0556,0.018848346636259977
2023-08-25,2023-09-20,CALL,4413.905,4370.0,96.7,97.2,96.95,2,10,26,0.0712328767123287,1.0100469107551486,ATM,17.2,0.0556,0.022185354691075517
2023-08-25,2023-09-22,CALL,4413.905,4800.0,0.3,0.4,0.35,135,221,28,0.0767123287671232,0.9195635416666668,OTM,17.2,0.0556,7.291666666666666e-05
2023-08-25,2023-09-19,CALL,4413.905,4305.0,141.3,145.4,143.35000000000002,6,9,25,0.0684931506849315,1.0252973286875726,ATM,17.2,0.0556,0.03329849012775843
2023-08-25,2023-09-18,CALL,4413.905,4800.0,0.15,0.25,0.2,4,108,24,0.0657534246575342,0.9195635416666668,OTM,17.2,0.0556,4.166666666666667e-05
2023-08-25,2023-09-20,CALL,4413.905,4500.0,25.8,26.2,26.0,460,4806,26,0.0712328767123287,0.9808677777777776,ATM,17.2,0.0556,0.0057777777777777775
2023-08-25,2023-09-20,CALL,4413.905,4380.0,89.7,90.2,89.95,25,46,26,0.0712328767123287,1.0077408675799089,ATM,17.2,0.0556,0.020536529680365297
2023-08-25,2023-09-20,CALL,4413.905,4525.0,18.0,18.6,18.3,5,147,26,0.0712328767123287,0.9754486187845304,ATM,17.2,0.0556,0.004044198895027625
2023-08-25,2023-09-20,CALL,4413.905,4600.0,5.3,5.5,5.4,1007,328,26,0.0712328767123287,0.9595445652173912,OTM,17.2,0.0556,0.0011739130434782609
2023-08-25,2023-09-21,CALL,4413.905,4700.0,1.05,1.2,1.125,17,9,27,0.073972602739726,0.9391287234042552,OTM,17.2,0.0556,0.00023936170212765956
2023-08-25,2023-09-21,CALL,4413.905,4600.0,6.0,6.3,6.15,3,261,27,0.073972602739726,0.9595445652173912,OTM,17.2,0.0556,0.0013369565217391305
2023-08-25,2023-09-21,CALL,4413.905,4475.0,37.9,38.5,38.2,4,126,27,0.073972602739726,0.9863474860335196,ATM,17.2,0.0556,0.008536312849162012
2023-08-25,2023-09-21,CALL,4413.905,4450.0,49.9,50.4,50.15,2,678,27,0.073972602739726,0.9918887640449436,ATM,17.2,0.0556,0.011269662921348315
2023-08-25,2023-09-21,CALL,4413.905,4360.0,107.1,107.7,107.4,2,10,27,0.073972602739726,1.0123635321100917,ATM,17.2,0.0556,0.02463302752293578
2023-08-25,2023-09-21,CALL,4413.905,4325.0,131.8,135.9,133.85000000000002,2,3,27,0.073972602739726,1.0205560693641618,ATM,17.2,0.0556,0.030947976878612723
2023-08-25,2023-09-21,CALL,4413.905,4300.0,151.8,156.1,153.95,2,6,27,0.073972602739726,1.0264895348837209,ATM,17.2,0.0556,0.035802325581395344
2023-08-25,2023-09-21,CALL,4413.905,4275.0,172.6,176.9,174.75,32,14,27,0.073972602739726,1.032492397660819,ITM,17.2,0.0556,0.04087719298245614
2023-08-25,2023-09-21,CALL,4413.905,4250.0,194.0,198.4,196.2,3,26,27,0.073972602739726,1.0385658823529411,ITM,17.2,0.0556,0.04616470588235294
2023-08-25,2023-09-21,CALL,4413.905,4150.0,284.6,288.9,286.75,2,13,27,0.073972602739726,1.06359156626506,ITM,17.2,0.0556,0.06909638554216868
2023-08-25,2023-09-20,CALL,4413.905,4550.0,12.3,12.7,12.5,2,3,26,0.0712328767123287,0.9700890109890108,ATM,17.2,0.0556,0.0027472527472527475
2023-08-25,2023-09-25,CALL,4413.905,4390.0,87.3,92.8,90.05,29,31,31,0.084931506849315,1.0054453302961277,ATM,17.2,0.055589999999999994,0.0205125284738041
2023-08-25,2023-09-29,CALL,4413.905,4775.0,0.75,0.9,0.825,22,1258,35,0.0958904109589041,0.9243780104712042,OTM,17.2,0.055549999999999995,0.00017277486910994763
2023-08-25,2023-09-20,CALL,4413.905,4385.0,86.3,86.7,86.5,3,39,26,0.0712328767123287,1.0065917901938426,ATM,17.2,0.0556,0.019726339794754848
2023-08-25,2023-09-19,CALL,4413.905,4300.0,145.4,149.6,147.5,2,11,25,0.0684931506849315,1.0264895348837209,ATM,17.2,0.0556,0.03430232558139535
2023-08-25,2023-09-20,CALL,4413.905,4395.0,79.5,80.0,79.75,18,2,26,0.0712328767123287,1.004301478953356,ATM,17.2,0.0556,0.018145620022753127
2023-08-25,2023-09-20,CALL,4413.905,4405.0,73.1,73.6,73.35,2,2,26,0.0712328767123287,1.0020215664018162,ATM,17.2,0.0556,0.016651532349602722
2023-08-25,2023-09-18,CALL,4413.905,4700.0,0.55,0.7,0.625,5,86,24,0.0657534246575342,0.9391287234042552,OTM,17.2,0.0556,0.00013297872340425532
2023-08-25,2023-09-18,CALL,4413.905,4650.0,1.45,1.55,1.5,309,106,24,0.0657534246575342,0.94922688172043,OTM,17.2,0.0556,0.0003225806451612903
2023-08-25,2023-09-18,CALL,4413.905,4600.0,3.7,3.9,3.8,9,135,24,0.0657534246575342,0.9595445652173912,OTM,17.2,0.0556,0.0008260869565217391
2023-08-25,2023-09-18,CALL,4413.905,4580.0,5.4,5.7,5.550000000000001,1,69,24,0.0657534246575342,0.9637347161572052,OTM,17.2,0.0556,0.0012117903930131005
2023-08-25,2023-09-22,CALL,4413.905,4280.0,171.7,173.6,172.64999999999998,2,36,28,0.0767123287671232,1.0312862149532709,ITM,17.2,0.0556,0.04033878504672897
2023-08-25,2023-09-22,CALL,4413.905,4150.0,287.0,289.2,288.1,1,3,28,0.0767123287671232,1.06359156626506,ITM,17.2,0.0556,0.06942168674698795
2023-08-25,2023-09-22,CALL,4413.905,4275.0,175.6,177.7,176.64999999999998,2,52,28,0.0767123287671232,1.032492397660819,ITM,17.2,0.0556,0.04132163742690058
2023-08-25,2023-09-22,CALL,4413.905,4250.0,197.5,199.1,198.3,10,392,28,0.0767123287671232,1.0385658823529411,ITM,17.2,0.0556,0.046658823529411766
2023-08-25,2023-09-22,CALL,4413.905,4240.0,205.8,207.9,206.85,2,1,28,0.0767123287671232,1.041015330188679,ITM,17.2,0.0556,0.04878537735849056
2023-08-25,2023-09-22,CALL,4413.905,4220.0,224.0,225.4,224.7,50,13,28,0.0767123287671232,1.0459490521327013,ITM,17.2,0.0556,0.05324644549763033
2023-08-25,2023-09-22,CALL,4413.905,4200.0,241.0,243.4,242.2,7,213,28,0.0767123287671232,1.050929761904762,ITM,17.2,0.0556,0.057666666666666665
2023-08-25,2023-09-20,CALL,4413.905,4495.0,27.6,28.0,27.8,2,16,26,0.0712328767123287,0.9819588431590656,ATM,17.2,0.0556,0.006184649610678532
2023-08-25,2023-09-20,CALL,4413.905,4475.0,35.5,36.0,35.75,57,30,26,0.0712328767123287,0.9863474860335196,ATM,17.2,0.0556,0.007988826815642457
2023-08-25,2023-09-20,CALL,4413.905,4455.0,44.8,45.2,45.0,1,16,26,0.0712328767123287,0.9907755331088663,ATM,17.2,0.0556,0.010101010101010102
2023-08-25,2023-09-20,CALL,4413.905,4450.0,47.3,47.7,47.5,6,682,26,0.0712328767123287,0.9918887640449436,ATM,17.2,0.0556,0.010674157303370787
2023-08-25,2023-09-20,CALL,4413.905,4435.0,55.2,55.7,55.45,17,15,26,0.0712328767123287,0.9952435174746336,ATM,17.2,0.0556,0.012502818489289741
2023-08-25,2023-09-20,CALL,4413.905,4410.0,69.9,70.4,70.15,10,8,26,0.0712328767123287,1.0008854875283446,ATM,17.2,0.0556,0.01590702947845805
2023-08-25,2023-09-20,CALL,4413.905,4400.0,76.3,76.8,76.55,2,304,26,0.0712328767123287,1.0031602272727271,ATM,17.2,0.0556,0.017397727272727273
2023-08-25,2023-09-22,CALL,4413.905,4850.0,0.15,0.25,0.2,14,217,28,0.0767123287671232,0.9100835051546392,OTM,17.2,0.0556,4.1237113402061855e-05
2023-08-25,2023-09-22,CALL,4413.905,4730.0,0.75,0.85,0.8,21,7,28,0.0767123287671232,0.9331723044397462,OTM,17.2,0.0556,0.00016913319238900636
2023-08-25,2023-09-22,CALL,4413.905,4720.0,0.85,0.95,0.8999999999999999,1,43,28,0.0767123287671232,0.9351493644067796,OTM,17.2,0.0556,0.0001906779661016949
2023-08-25,2023-09-22,CALL,4413.905,4500.0,29.4,29.8,29.6,1079,2014,28,0.0767123287671232,0.9808677777777776,ATM,17.2,0.0556,0.006577777777777778
2023-08-25,2023-09-22,CALL,4413.905,4495.0,31.3,31.8,31.55,12,183,28,0.0767123287671232,0.9819588431590656,ATM,17.2,0.0556,0.007018909899888765
2023-08-25,2023-09-22,CALL,4413.905,4490.0,33.2,33.8,33.5,27,826,28,0.0767123287671232,0.9830523385300668,ATM,17.2,0.0556,0.007461024498886414
2023-08-25,2023-09-22,CALL,4413.905,4425.0,65.8,66.2,66.0,5,281,28,0.0767123287671232,0.9974926553672316,ATM,17.2,0.0556,0.014915254237288136
2023-08-25,2023-09-22,CALL,4413.905,4420.0,68.8,69.2,69.0,34,144,28,0.0767123287671232,0.9986210407239818,ATM,17.2,0.0556,0.015610859728506787
2023-08-25,2023-09-22,CALL,4413.905,4350.0,116.6,117.2,116.9,207,586,28,0.0767123287671232,1.014690804597701,ATM,17.2,0.0556,0.026873563218390805
2023-08-25,2023-09-22,CALL,4413.905,4340.0,124.2,124.8,124.5,7,31,28,0.0767123287671232,1.017028801843318,ATM,17.2,0.0556,0.028686635944700462
2023-08-25,2023-09-22,CALL,4413.905,4330.0,131.7,133.0,132.35,4,21,28,0.0767123287671232,1.019377598152425,ATM,17.2,0.0556,0.030565819861431868
2023-08-25,2023-09-22,CALL,4413.905,4325.0,135.1,137.1,136.1,1,45,28,0.0767123287671232,1.0205560693641618,ATM,17.2,0.0556,0.031468208092485545
2023-08-25,2023-09-22,CALL,4413.905,4300.0,154.9,156.9,155.9,1,65,28,0.0767123287671232,1.0264895348837209,ATM,17.2,0.0556,0.036255813953488376
2023-08-25,2023-09-22,CALL,4413.905,4360.0,109.0,110.2,109.6,99,91,28,0.0767123287671232,1.0123635321100917,ATM,17.2,0.0556,0.025137614678899082
2023-08-25,2023-09-22,CALL,4413.905,4415.0,71.7,72.4,72.05000000000001,80,187,28,0.0767123287671232,0.9997519818799546,ATM,17.2,0.0556,0.0163193657984145
2023-08-25,2023-09-22,CALL,4413.905,4410.0,75.0,75.4,75.2,62,181,28,0.0767123287671232,1.0008854875283446,ATM,17.2,0.0556,0.017052154195011337
2023-08-25,2023-09-22,CALL,4413.905,4405.0,78.2,78.6,78.4,109,142,28,0.0767123287671232,1.0020215664018162,ATM,17.2,0.0556,0.01779795686719637
2023-08-25,2023-09-22,CALL,4413.905,4400.0,81.4,82.0,81.7,211,838,28,0.0767123287671232,1.0031602272727271,ATM,17.2,0.0556,0.01856818181818182
2023-08-25,2023-09-22,CALL,4413.905,4395.0,84.6,85.6,85.1,125,53,28,0.0767123287671232,1.004301478953356,ATM,17.2,0.0556,0.01936291240045506
2023-08-25,2023-09-22,CALL,4413.905,4390.0,87.4,89.0,88.2,16,262,28,0.0767123287671232,1.0054453302961277,ATM,17.2,0.0556,0.02009111617312073
2023-08-25,2023-09-22,CALL,4413.905,4505.0,27.6,28.0,27.8,22,263,28,0.0767123287671232,0.9797791342952274,ATM,17.2,0.0556,0.006170921198668146
2023-08-25,2023-09-22,CALL,4413.905,4385.0,91.4,92.0,91.7,2,74,28,0.0767123287671232,1.0065917901938426,ATM,17.2,0.0556,0.020912200684150513
2023-08-25,2023-09-22,CALL,4413.905,4510.0,25.8,26.4,26.1,72,393,28,0.0767123287671232,0.9786929046563192,ATM,17.2,0.0556,0.005787139689578715
2023-08-25,2023-09-22,CALL,4413.905,4520.0,22.7,23.1,22.9,187,595,28,0.0767123287671232,0.9765276548672566,ATM,17.2,0.0556,0.005066371681415929
2023-08-25,2023-09-22,CALL,4413.905,4470.0,42.0,42.4,42.2,822,335,28,0.0767123287671232,0.9874507829977628,ATM,17.2,0.0556,0.009440715883668904
2023-08-25,2023-09-22,CALL,4413.905,4465.0,44.2,44.8,44.5,38,151,28,0.0767123287671232,0.9885565509518476,ATM,17.2,0.0556,0.009966405375139977
2023-08-25,2023-09-22,CALL,4413.905,4460.0,46.6,47.2,46.900000000000006,646,431,28,0.0767123287671232,0.989664798206278,ATM,17.2,0.0556,0.010515695067264576
2023-08-25,2023-09-22,CALL,4413.905,4455.0,49.3,49.7,49.5,15,200,28,0.0767123287671232,0.9907755331088663,ATM,17.2,0.0556,0.011111111111111112
2023-08-25,2023-09-22,CALL,4413.905,4450.0,51.8,52.4,52.1,933,970,28,0.0767123287671232,0.9918887640449436,ATM,17.2,0.0556,0.011707865168539326
2023-08-25,2023-09-22,CALL,4413.905,4445.0,54.4,55.0,54.7,8,136,28,0.0767123287671232,0.9930044994375704,ATM,17.2,0.0556,0.012305961754780654
2023-08-25,2023-09-22,CALL,4413.905,4440.0,57.2,57.6,57.400000000000006,315,718,28,0.0767123287671232,0.9941227477477476,ATM,17.2,0.0556,0.01292792792792793
2023-08-25,2023-09-22,CALL,4413.905,4435.0,59.9,60.6,60.25,4,143,28,0.0767123287671232,0.9952435174746336,ATM,17.2,0.0556,0.01358511837655017
2023-08-25,2023-09-22,CALL,4413.905,4430.0,62.8,63.4,63.1,783,176,28,0.0767123287671232,0.996366817155756,ATM,17.2,0.0556,0.014243792325056433
2023-08-25,2023-09-22,CALL,4413.905,4480.0,37.4,38.0,37.7,226,319,28,0.0767123287671232,0.9852466517857142,ATM,17.2,0.0556,0.008415178571428572
2023-08-25,2023-09-22,CALL,4413.905,4485.0,35.2,35.8,35.5,4,243,28,0.0767123287671232,0.9841482720178372,ATM,17.2,0.0556,0.007915273132664437
2023-08-25,2023-09-22,CALL,4413.905,4550.0,14.8,15.1,14.95,185,1640,28,0.0767123287671232,0.9700890109890108,ATM,17.2,0.0556,0.0032857142857142855
2023-08-25,2023-09-22,CALL,4413.905,4545.0,15.9,16.2,16.05,45,204,28,0.0767123287671232,0.971156215621562,ATM,17.2,0.0556,0.0035313531353135313
2023-08-25,2023-09-22,CALL,4413.905,4540.0,17.1,17.5,17.3,53,216,28,0.0767123287671232,0.97222577092511,ATM,17.2,0.0556,0.00381057268722467
2023-08-25,2023-09-22,CALL,4413.905,4535.0,18.4,18.8,18.6,120,1620,28,0.0767123287671232,0.973297684674752,ATM,17.2,0.0556,0.004101433296582139
2023-08-25,2023-09-22,CALL,4413.905,4530.0,19.8,20.2,20.0,49,292,28,0.0767123287671232,0.9743719646799116,ATM,17.2,0.0556,0.004415011037527594
2023-08-25,2023-09-22,CALL,4413.905,4525.0,21.2,21.5,21.35,155,662,28,0.0767123287671232,0.9754486187845304,ATM,17.2,0.0556,0.004718232044198896
2023-08-25,2023-09-22,CALL,4413.905,4515.0,24.3,24.6,24.450000000000003,108,350,28,0.0767123287671232,0.9776090808416388,ATM,17.2,0.0556,0.005415282392026578
2023-08-25,2023-09-22,CALL,4413.905,4380.0,94.3,95.9,95.1,8,182,28,0.0767123287671232,1.0077408675799089,ATM,17.2,0.0556,0.021712328767123288
2023-08-25,2023-09-22,CALL,4413.905,4375.0,98.4,99.0,98.7,81,175,28,0.0767123287671232,1.0088925714285717,ATM,17.2,0.0556,0.02256
2023-08-25,2023-09-22,CALL,4413.905,4370.0,101.8,102.9,102.35,40,42,28,0.0767123287671232,1.0100469107551486,ATM,17.2,0.0556,0.023421052631578947
2023-08-25,2023-09-22,CALL,4413.905,4675.0,1.8,1.95,1.875,102,219,28,0.0767123287671232,0.9441508021390372,OTM,17.2,0.0556,0.00040106951871657755
2023-08-25,2023-09-22,CALL,4413.905,4670.0,2.0,2.1,2.05,163,231,28,0.0767123287671232,0.945161670235546,OTM,17.2,0.0556,0.0004389721627408993
2023-08-25,2023-09-22,CALL,4413.905,4660.0,2.35,2.5,2.425,9,185,28,0.0767123287671232,0.94718991416309,OTM,17.2,0.0556,0.0005203862660944205
2023-08-25,2023-09-22,CALL,4413.905,4650.0,2.8,2.95,2.875,1921,2160,28,0.0767123287671232,0.94922688172043,OTM,17.2,0.0556,0.0006182795698924732
2023-08-25,2023-09-22,CALL,4413.905,4640.0,3.3,3.5,3.4,11,372,28,0.0767123287671232,0.9512726293103448,OTM,17.2,0.0556,0.0007327586206896552
2023-08-25,2023-09-22,CALL,4413.905,4630.0,4.0,4.2,4.1,18,344,28,0.0767123287671232,0.953327213822894,OTM,17.2,0.0556,0.0008855291576673866
2023-08-25,2023-09-22,CALL,4413.905,4625.0,4.3,4.5,4.4,60,201,28,0.0767123287671232,0.9543578378378378,OTM,17.2,0.0556,0.0009513513513513515
2023-08-25,2023-09-22,CALL,4413.905,4620.0,4.7,4.9,4.800000000000001,19,338,28,0.0767123287671232,0.9553906926406924,OTM,17.2,0.0556,0.0010389610389610392
