date,expiration,option_type,S,strike,bid,ask,market_price,volume,open_interest,days_to_expiration,T,moneyness,moneyness_category,sigma,r,market_price_over_K
2023-08-25,2023-09-12,PUT,4413.905,4500.0,91.6,93.2,92.4,2,4,18,0.0493150684931506,0.9808677777777776,ATM,17.2,0.0556,0.020533333333333334
2023-08-25,2023-08-31,PUT,440.79,429.0,0.26,0.27,0.265,1722,1666,6,0.0164383561643835,1.0274825174825173,ATM,17.2,0.0556,0.0006177156177156177
2023-08-25,2023-08-30,PUT,440.79,446.0,5.58,5.73,5.655,189,746,5,0.0136986301369863,0.988318385650224,ATM,17.2,0.0556,0.012679372197309418
2023-08-25,2023-08-30,PUT,440.79,445.0,4.85,4.93,4.89,144,1619,5,0.0136986301369863,0.9905393258426964,ATM,17.2,0.0556,0.01098876404494382
2023-08-25,2023-08-30,PUT,440.79,444.0,4.16,4.21,4.1850000000000005,102,1051,5,0.0136986301369863,0.9927702702702702,ATM,17.2,0.0556,0.009425675675675677
2023-08-25,2023-08-30,PUT,440.79,443.0,3.53,3.56,3.545,615,1561,5,0.0136986301369863,0.9950112866817156,ATM,17.2,0.0556,0.008002257336343115
2023-08-25,2023-08-30,PUT,440.79,442.0,2.97,2.98,2.975,2237,1052,5,0.0136986301369863,0.997262443438914,ATM,17.2,0.0556,0.006730769230769231
2023-08-25,2023-08-30,PUT,440.79,441.0,2.47,2.48,2.475,5847,1379,5,0.0136986301369863,0.9995238095238096,ATM,17.2,0.0556,0.005612244897959184
2023-08-25,2023-08-30,PUT,440.79,440.0,2.03,2.04,2.035,8570,3298,5,0.0136986301369863,1.0017954545454544,ATM,17.2,0.0556,0.004625000000000001
2023-08-25,2023-08-30,PUT,440.79,439.0,1.65,1.67,1.66,11694,2626,5,0.0136986301369863,1.0040774487471524,ATM,17.2,0.0556,0.00378132118451025
2023-08-25,2023-08-28,PUT,440.79,437.0,0.39,0.4,0.395,110778,5117,3,0.0082191780821917,1.0086727688787185,ATM,17.2,0.0556,0.0009038901601830664
2023-08-25,2023-08-30,PUT,440.79,438.0,1.34,1.35,1.3450000000000002,16983,2778,5,0.0136986301369863,1.0063698630136986,ATM,17.2,0.0556,0.003070776255707763
2023-08-25,2023-08-30,PUT,440.79,448.0,7.27,7.45,7.359999999999999,556,692,5,0.0136986301369863,0.98390625,ATM,17.2,0.0556,0.016428571428571428
2023-08-25,2023-08-31,PUT,440.79,428.0,0.22,0.23,0.225,2980,1271,6,0.0164383561643835,1.0298831775700934,ATM,17.2,0.0556,0.0005257009345794393
2023-08-25,2023-08-31,PUT,440.79,427.0,0.18,0.19,0.185,1602,2755,6,0.0164383561643835,1.032295081967213,ITM,17.2,0.0556,0.0004332552693208431
2023-08-25,2023-08-31,PUT,440.79,426.0,0.16,0.17,0.165,4531,5576,6,0.0164383561643835,1.0347183098591548,ITM,17.2,0.0556,0.0003873239436619718
2023-08-25,2023-08-31,PUT,440.79,425.0,0.14,0.15,0.145,4460,17392,6,0.0164383561643835,1.0371529411764706,ITM,17.2,0.0556,0.00034117647058823526
2023-08-25,2023-08-31,PUT,440.79,424.0,0.12,0.13,0.125,641,1636,6,0.0164383561643835,1.0395990566037736,ITM,17.2,0.0556,0.00029481132075471697
2023-08-25,2023-08-30,PUT,440.79,480.0,39.07,39.31,39.19,24,7,5,0.0136986301369863,0.9183125,OTM,17.2,0.0556,0.08164583333333333
2023-08-25,2023-08-30,PUT,440.79,465.0,24.08,24.32,24.2,3,1,5,0.0136986301369863,0.9479354838709676,OTM,17.2,0.0556,0.05204301075268817
2023-08-25,2023-08-30,PUT,440.79,452.0,11.09,11.32,11.205,1,6,5,0.0136986301369863,0.9751991150442476,ATM,17.2,0.0556,0.02478982300884956
2023-08-25,2023-08-30,PUT,440.79,447.0,6.4,6.58,6.49,147,671,5,0.0136986301369863,0.9861073825503356,ATM,17.2,0.0556,0.014519015659955259
2023-08-25,2023-08-30,PUT,440.79,451.0,10.1,10.32,10.21,12,13,5,0.0136986301369863,0.977361419068736,ATM,17.2,0.0556,0.02263858093126386
2023-08-25,2023-08-28,PUT,440.79,438.0,0.56,0.57,0.565,120179,4835,3,0.0082191780821917,1.0063698630136986,ATM,17.2,0.0556,0.0012899543378995433
2023-08-25,2023-08-28,PUT,440.79,440.0,1.15,1.16,1.1549999999999998,88030,5102,3,0.0082191780821917,1.0017954545454544,ATM,17.2,0.0556,0.0026249999999999997
2023-08-25,2023-08-29,PUT,440.79,438.0,0.99,1.0,0.995,19749,2552,4,0.010958904109589,1.0063698630136986,ATM,17.2,0.0556,0.002271689497716895
2023-08-25,2023-08-29,PUT,440.79,437.0,0.76,0.77,0.765,22075,4195,4,0.010958904109589,1.0086727688787185,ATM,17.2,0.0556,0.0017505720823798626
2023-08-25,2023-08-29,PUT,440.79,436.0,0.57,0.58,0.575,18309,9264,4,0.010958904109589,1.01098623853211,ATM,17.2,0.0556,0.0013188073394495411
2023-08-25,2023-08-29,PUT,440.79,435.0,0.43,0.44,0.435,16164,2023,4,0.010958904109589,1.0133103448275862,ATM,17.2,0.0556,0.001
2023-08-25,2023-08-29,PUT,440.79,434.0,0.32,0.33,0.325,6652,2019,4,0.010958904109589,1.0156451612903226,ATM,17.2,0.0556,0.0007488479262672812
2023-08-25,2023-08-29,PUT,440.79,433.0,0.24,0.25,0.245,9511,2722,4,0.010958904109589,1.0179907621247113,ATM,17.2,0.0556,0.0005658198614318707
2023-08-25,2023-08-29,PUT,440.79,432.0,0.18,0.19,0.185,6753,1958,4,0.010958904109589,1.020347222222222,ATM,17.2,0.0556,0.00042824074074074075
2023-08-25,2023-08-28,PUT,440.79,449.0,8.1,8.31,8.205,75,19,3,0.0082191780821917,0.9817149220489976,ATM,17.2,0.0556,0.018273942093541204
2023-08-25,2023-08-28,PUT,440.79,448.0,7.1,7.32,7.21,81,101,3,0.0082191780821917,0.98390625,ATM,17.2,0.0556,0.01609375
2023-08-25,2023-08-28,PUT,440.79,439.0,0.81,0.82,0.815,94229,3329,3,0.0082191780821917,1.0040774487471524,ATM,17.2,0.0556,0.0018564920273348518
2023-08-25,2023-08-28,PUT,440.79,447.0,6.14,6.33,6.234999999999999,649,842,3,0.0082191780821917,0.9861073825503356,ATM,17.2,0.0556,0.013948545861297538
2023-08-25,2023-08-28,PUT,440.79,434.0,0.12,0.13,0.125,39571,5389,3,0.0082191780821917,1.0156451612903226,ATM,17.2,0.0556,0.0002880184331797235
2023-08-25,2023-08-29,PUT,440.79,441.0,2.08,2.1,2.09,9689,3058,4,0.010958904109589,0.9995238095238096,ATM,17.2,0.0556,0.004739229024943311
2023-08-25,2023-08-28,PUT,440.79,435.0,0.18,0.19,0.185,100456,5526,3,0.0082191780821917,1.0133103448275862,ATM,17.2,0.0556,0.00042528735632183906
2023-08-25,2023-08-28,PUT,440.79,436.0,0.26,0.27,0.265,94890,3603,3,0.0082191780821917,1.01098623853211,ATM,17.2,0.0556,0.0006077981651376147
2023-08-25,2023-08-28,PUT,440.79,445.0,4.32,4.46,4.390000000000001,3001,3263,3,0.0082191780821917,0.9905393258426964,ATM,17.2,0.0556,0.009865168539325843
2023-08-25,2023-08-28,PUT,440.79,444.0,3.51,3.59,3.55,1928,1961,3,0.0082191780821917,0.9927702702702702,ATM,17.2,0.0556,0.007995495495495495
2023-08-25,2023-08-28,PUT,440.79,443.0,2.78,2.83,2.805,2554,1453,3,0.0082191780821917,0.9950112866817156,ATM,17.2,0.0556,0.006331828442437923
2023-08-25,2023-08-28,PUT,440.79,442.0,2.14,2.16,2.1500000000000004,8850,2069,3,0.0082191780821917,0.997262443438914,ATM,17.2,0.0556,0.004864253393665159
2023-08-25,2023-08-28,PUT,440.79,441.0,1.59,1.6,1.5950000000000002,32870,3931,3,0.0082191780821917,0.9995238095238096,ATM,17.2,0.0556,0.0036167800453514743
2023-08-25,2023-08-28,PUT,440.79,446.0,5.2,5.37,5.285,1343,1432,3,0.0082191780821917,0.988318385650224,ATM,17.2,0.0556,0.011849775784753363
2023-08-25,2023-08-30,PUT,440.79,450.0,9.12,9.33,9.225,50,515,5,0.0136986301369863,0.9795333333333331,ATM,17.2,0.0556,0.0205
2023-08-25,2023-08-30,PUT,440.79,449.0,8.18,8.38,8.280000000000001,24,43,5,0.0136986301369863,0.9817149220489976,ATM,17.2,0.0556,0.01844097995545657
2023-08-25,2023-08-30,PUT,440.79,437.0,1.07,1.08,1.0750000000000002,11665,3605,5,0.0136986301369863,1.0086727688787185,ATM,17.2,0.0556,0.0024599542334096114
2023-08-25,2023-09-05,PUT,440.79,439.0,2.55,2.57,2.56,1963,308,11,0.0301369863013698,1.0040774487471524,ATM,17.2,0.0556,0.005831435079726652
2023-08-25,2023-09-08,PUT,440.79,460.0,19.07,19.32,19.195,5,5,14,0.0383561643835616,0.9582391304347824,OTM,17.2,0.0556,0.041728260869565215
2023-08-25,2023-09-08,PUT,440.79,457.5,16.59,16.82,16.705,1,1,14,0.0383561643835616,0.9634754098360656,OTM,17.2,0.0556,0.03651366120218579
2023-08-25,2023-09-08,PUT,440.79,457.0,16.07,16.32,16.195,16,10,14,0.0383561643835616,0.9645295404814004,OTM,17.2,0.0556,0.035437636761487964
2023-08-25,2023-09-08,PUT,440.79,456.0,15.09,15.32,15.205,8,26,14,0.0383561643835616,0.9666447368421052,OTM,17.2,0.0556,0.03334429824561404
2023-08-25,2023-09-08,PUT,440.79,464.0,23.07,23.32,23.195,2,2,14,0.0383561643835616,0.949978448275862,OTM,17.2,0.0556,0.04998922413793103
2023-08-25,2023-09-08,PUT,440.79,454.0,13.09,13.34,13.215,4,343,14,0.0383561643835616,0.9709030837004404,ATM,17.2,0.0556,0.0291079295154185
2023-08-25,2023-09-08,PUT,440.79,453.0,12.15,12.39,12.27,45,27,14,0.0383561643835616,0.973046357615894,ATM,17.2,0.0556,0.027086092715231786
2023-08-25,2023-09-08,PUT,440.79,452.5,11.68,11.92,11.8,6,1455,14,0.0383561643835616,0.974121546961326,ATM,17.2,0.0556,0.026077348066298345
2023-08-25,2023-09-05,PUT,440.79,438.0,2.23,2.24,2.2350000000000003,1732,331,11,0.0301369863013698,1.0063698630136986,ATM,17.2,0.0556,0.005102739726027398
2023-08-25,2023-09-08,PUT,440.79,452.0,11.23,11.46,11.345,9,2439,14,0.0383561643835616,0.9751991150442476,ATM,17.2,0.0556,0.025099557522123894
2023-08-25,2023-09-15,PUT,440.79,401.0,0.34,0.35,0.345,401,12396,21,0.0575342465753424,1.099226932668329,ITM,17.2,0.0556,0.0008603491271820448
2023-08-25,2023-09-15,PUT,440.79,402.0,0.36,0.37,0.365,8558,16937,21,0.0575342465753424,1.0964925373134329,ITM,17.2,0.0556,0.0009079601990049751
2023-08-25,2023-09-15,PUT,440.79,412.0,0.62,0.63,0.625,922,21636,21,0.0575342465753424,1.069878640776699,ITM,17.2,0.0556,0.001516990291262136
2023-08-25,2023-09-15,PUT,440.79,411.0,0.58,0.59,0.585,453,6262,21,0.0575342465753424,1.0724817518248175,ITM,17.2,0.0556,0.0014233576642335767
2023-08-25,2023-09-15,PUT,440.79,410.0,0.55,0.56,0.555,11464,78490,21,0.0575342465753424,1.0750975609756095,ITM,17.2,0.0556,0.001353658536585366
2023-08-25,2023-09-15,PUT,440.79,409.0,0.51,0.52,0.515,583,20279,21,0.0575342465753424,1.077726161369193,ITM,17.2,0.0556,0.0012591687041564792
2023-08-25,2023-09-15,PUT,440.79,408.0,0.49,0.5,0.495,191,15755,21,0.0575342465753424,1.0803676470588237,ITM,17.2,0.0556,0.0012132352941176471
2023-08-25,2023-09-15,PUT,440.79,407.0,0.46,0.47,0.4649999999999999,988,12799,21,0.0575342465753424,1.083022113022113,ITM,17.2,0.0556,0.0011425061425061423
2023-08-25,2023-09-15,PUT,440.79,406.0,0.44,0.45,0.445,392,12879,21,0.0575342465753424,1.0856896551724138,ITM,17.2,0.0556,0.0010960591133004926
2023-08-25,2023-09-08,PUT,440.79,455.0,14.09,14.32,14.205,18,177,14,0.0383561643835616,0.9687692307692308,OTM,17.2,0.0556,0.03121978021978022
2023-08-25,2023-08-30,PUT,440.79,427.0,0.12,0.13,0.125,3440,4989,5,0.0136986301369863,1.032295081967213,ITM,17.2,0.0556,0.0002927400468384075
2023-08-25,2023-08-30,PUT,440.79,428.0,0.14,0.15,0.145,3681,996,5,0.0136986301369863,1.0298831775700934,ATM,17.2,0.0556,0.00033878504672897196
2023-08-25,2023-08-30,PUT,440.79,429.0,0.17,0.18,0.175,3547,1054,5,0.0136986301369863,1.0274825174825173,ATM,17.2,0.0556,0.0004079254079254079
2023-08-25,2023-08-30,PUT,440.79,436.0,0.85,0.86,0.855,10152,10747,5,0.0136986301369863,1.01098623853211,ATM,17.2,0.0556,0.0019610091743119265
2023-08-25,2023-08-29,PUT,440.79,484.0,43.08,43.31,43.195,1,1,4,0.010958904109589,0.9107231404958676,OTM,17.2,0.0556,0.08924586776859504
2023-08-25,2023-08-29,PUT,440.79,454.0,13.09,13.32,13.205,42,17,4,0.010958904109589,0.9709030837004404,ATM,17.2,0.0556,0.029085903083700442
2023-08-25,2023-08-29,PUT,440.79,453.0,12.09,12.32,12.205,12,11,4,0.010958904109589,0.973046357615894,ATM,17.2,0.0556,0.02694260485651214
2023-08-25,2023-08-29,PUT,440.79,452.0,11.1,11.32,11.21,1,10,4,0.010958904109589,0.9751991150442476,ATM,17.2,0.0556,0.024800884955752216
2023-08-25,2023-08-29,PUT,440.79,451.0,10.1,10.32,10.21,11,4,4,0.010958904109589,0.977361419068736,ATM,17.2,0.0556,0.02263858093126386
2023-08-25,2023-08-29,PUT,440.79,450.0,9.1,9.32,9.21,20,24,4,0.010958904109589,0.9795333333333331,ATM,17.2,0.0556,0.020466666666666668
2023-08-25,2023-08-29,PUT,440.79,449.0,8.11,8.32,8.215,6,7,4,0.010958904109589,0.9817149220489976,ATM,17.2,0.0556,0.01829621380846325
2023-08-25,2023-08-29,PUT,440.79,448.0,7.16,7.36,7.26,14,56,4,0.010958904109589,0.98390625,ATM,17.2,0.0556,0.016205357142857143
2023-08-25,2023-08-29,PUT,440.79,447.0,6.25,6.43,6.34,31,380,4,0.010958904109589,0.9861073825503356,ATM,17.2,0.0556,0.0141834451901566
2023-08-25,2023-08-29,PUT,440.79,446.0,5.38,5.54,5.46,78,951,4,0.010958904109589,0.988318385650224,ATM,17.2,0.0556,0.012242152466367713
2023-08-25,2023-08-29,PUT,440.79,445.0,4.57,4.71,4.640000000000001,320,1399,4,0.010958904109589,0.9905393258426964,ATM,17.2,0.0556,0.010426966292134833
2023-08-25,2023-08-29,PUT,440.79,444.0,3.86,3.93,3.895,763,1667,4,0.010958904109589,0.9927702702702702,ATM,17.2,0.0556,0.008772522522522523
2023-08-25,2023-08-29,PUT,440.79,443.0,3.2,3.23,3.215,859,1526,4,0.010958904109589,0.9950112866817156,ATM,17.2,0.0556,0.007257336343115124
2023-08-25,2023-08-29,PUT,440.79,442.0,2.6,2.62,2.6100000000000003,3292,1867,4,0.010958904109589,0.997262443438914,ATM,17.2,0.0556,0.005904977375565611
2023-08-25,2023-08-30,PUT,440.79,435.0,0.67,0.68,0.675,19891,7153,5,0.0136986301369863,1.0133103448275862,ATM,17.2,0.0556,0.0015517241379310346
2023-08-25,2023-08-30,PUT,440.79,434.0,0.53,0.54,0.535,3884,4372,5,0.0136986301369863,1.0156451612903226,ATM,17.2,0.0556,0.0012327188940092168
2023-08-25,2023-08-30,PUT,440.79,433.0,0.42,0.43,0.425,5156,1985,5,0.0136986301369863,1.0179907621247113,ATM,17.2,0.0556,0.0009815242494226328
2023-08-25,2023-08-30,PUT,440.79,432.0,0.33,0.34,0.335,5670,1476,5,0.0136986301369863,1.020347222222222,ATM,17.2,0.0556,0.000775462962962963
2023-08-25,2023-08-30,PUT,440.79,431.0,0.26,0.27,0.265,3410,2630,5,0.0136986301369863,1.0227146171693735,ATM,17.2,0.0556,0.0006148491879350348
2023-08-25,2023-08-30,PUT,440.79,430.0,0.21,0.22,0.215,12903,12367,5,0.0136986301369863,1.025093023255814,ATM,17.2,0.0556,0.0005
2023-08-25,2023-08-29,PUT,440.79,439.0,1.28,1.3,1.29,17323,2568,4,0.010958904109589,1.0040774487471524,ATM,17.2,0.0556,0.002938496583143508
2023-08-25,2023-09-15,PUT,440.79,405.0,0.41,0.42,0.415,9865,45695,21,0.0575342465753424,1.0883703703703702,ITM,17.2,0.0556,0.0010246913580246914
2023-08-25,2023-08-29,PUT,440.79,440.0,1.65,1.66,1.6549999999999998,21336,4302,4,0.010958904109589,1.0017954545454544,ATM,17.2,0.0556,0.003761363636363636
2023-08-25,2023-08-28,PUT,440.79,470.0,29.08,29.31,29.195,1,2,3,0.0082191780821917,0.9378510638297872,OTM,17.2,0.0556,0.06211702127659575
2023-08-25,2023-08-31,PUT,440.79,430.0,0.32,0.33,0.325,8235,6898,6,0.0164383561643835,1.025093023255814,ATM,17.2,0.0556,0.0007558139534883722
2023-08-25,2023-09-05,PUT,440.79,424.0,0.32,0.33,0.325,848,97,11,0.0301369863013698,1.0395990566037736,ITM,17.2,0.0556,0.0007665094339622642
2023-08-25,2023-09-05,PUT,440.79,423.0,0.28,0.29,0.285,191,39,11,0.0301369863013698,1.0420567375886525,ITM,17.2,0.0556,0.0006737588652482269
2023-08-25,2023-09-05,PUT,440.79,422.0,0.25,0.26,0.255,226,36,11,0.0301369863013698,1.0445260663507108,ITM,17.2,0.0556,0.0006042654028436019
2023-08-25,2023-09-05,PUT,440.79,421.0,0.23,0.24,0.235,63,277,11,0.0301369863013698,1.0470071258907363,ITM,17.2,0.0556,0.0005581947743467933
2023-08-25,2023-09-05,PUT,440.79,420.0,0.21,0.22,0.215,322,376,11,0.0301369863013698,1.0495,ITM,17.2,0.0556,0.0005119047619047619
2023-08-25,2023-09-05,PUT,440.79,419.0,0.19,0.2,0.195,93,145,11,0.0301369863013698,1.0520047732696896,ITM,17.2,0.0556,0.00046539379474940337
2023-08-25,2023-09-05,PUT,440.79,418.0,0.18,0.19,0.185,348,30,11,0.0301369863013698,1.0545215311004783,ITM,17.2,0.0556,0.0004425837320574163
2023-08-25,2023-09-05,PUT,440.79,425.0,0.36,0.37,0.365,1235,467,11,0.0301369863013698,1.0371529411764706,ITM,17.2,0.0556,0.0008588235294117647
2023-08-25,2023-08-31,PUT,440.79,441.0,2.72,2.74,2.7300000000000004,6404,1388,6,0.0164383561643835,0.9995238095238096,ATM,17.2,0.0556,0.0061904761904761916
2023-08-25,2023-09-05,PUT,440.79,417.0,0.16,0.17,0.165,71,27,11,0.0301369863013698,1.05705035971223,ITM,17.2,0.0556,0.0003956834532374101
2023-08-25,2023-09-05,PUT,440.79,414.0,0.13,0.14,0.135,43,149,11,0.0301369863013698,1.0647101449275362,ITM,17.2,0.0556,0.00032608695652173916
2023-08-25,2023-09-05,PUT,440.79,413.0,0.13,0.14,0.135,11,10,11,0.0301369863013698,1.0672881355932202,ITM,17.2,0.0556,0.0003268765133171913
2023-08-25,2023-09-05,PUT,440.79,412.0,0.12,0.13,0.125,89,1,11,0.0301369863013698,1.069878640776699,ITM,17.2,0.0556,0.00030339805825242716
2023-08-25,2023-09-01,PUT,440.79,476.0,35.07,35.32,35.195,26,10,7,0.0191780821917808,0.9260294117647058,OTM,17.2,0.0556,0.07393907563025211
2023-08-25,2023-09-01,PUT,440.79,466.0,25.07,25.32,25.195,1,1,7,0.0191780821917808,0.945901287553648,OTM,17.2,0.0556,0.05406652360515021
2023-08-25,2023-09-01,PUT,440.79,465.0,24.07,24.32,24.195,1,4,7,0.0191780821917808,0.9479354838709676,OTM,17.2,0.0556,0.052032258064516126
2023-08-25,2023-09-01,PUT,440.79,464.0,23.07,23.32,23.195,1,1,7,0.0191780821917808,0.949978448275862,OTM,17.2,0.0556,0.04998922413793103
2023-08-25,2023-09-05,PUT,440.79,416.0,0.15,0.16,0.155,53,10,11,0.0301369863013698,1.059591346153846,ITM,17.2,0.0556,0.00037259615384615386
2023-08-25,2023-09-05,PUT,440.79,426.0,0.41,0.42,0.415,143,220,11,0.0301369863013698,1.0347183098591548,ITM,17.2,0.0556,0.0009741784037558685
2023-08-25,2023-09-05,PUT,440.79,415.0,0.14,0.15,0.145,73,4,11,0.0301369863013698,1.0621445783132528,ITM,17.2,0.0556,0.00034939759036144575
2023-08-25,2023-09-05,PUT,440.79,427.0,0.47,0.48,0.475,425,143,11,0.0301369863013698,1.032295081967213,ITM,17.2,0.0556,0.0011124121779859484
2023-08-25,2023-08-31,PUT,440.79,442.0,3.21,3.23,3.22,4677,4011,6,0.0164383561643835,0.997262443438914,ATM,17.2,0.0556,0.007285067873303168
2023-08-25,2023-08-31,PUT,440.79,444.0,4.37,4.41,4.390000000000001,304,3424,6,0.0164383561643835,0.9927702702702702,ATM,17.2,0.0556,0.009887387387387389
2023-08-25,2023-08-31,PUT,440.79,455.0,14.09,14.32,14.205,15,14,6,0.0164383561643835,0.9687692307692308,OTM,17.2,0.0556,0.03121978021978022
2023-08-25,2023-08-31,PUT,440.79,454.0,13.09,13.32,13.205,130,34,6,0.0164383561643835,0.9709030837004404,ATM,17.2,0.0556,0.029085903083700442
2023-08-25,2023-08-31,PUT,440.79,439.0,1.92,1.93,1.925,9304,3915,6,0.0164383561643835,1.0040774487471524,ATM,17.2,0.0556,0.00438496583143508
2023-08-25,2023-08-31,PUT,440.79,438.0,1.59,1.6,1.5950000000000002,10411,1525,6,0.0164383561643835,1.0063698630136986,ATM,17.2,0.0556,0.0036415525114155255
2023-08-25,2023-08-31,PUT,440.79,437.0,1.31,1.32,1.315,11905,5670,6,0.0164383561643835,1.0086727688787185,ATM,17.2,0.0556,0.003009153318077803
2023-08-25,2023-08-31,PUT,440.79,436.0,1.08,1.09,1.085,6658,935,6,0.0164383561643835,1.01098623853211,ATM,17.2,0.0556,0.002488532110091743
2023-08-25,2023-08-31,PUT,440.79,435.0,0.88,0.89,0.885,7852,5032,6,0.0164383561643835,1.0133103448275862,ATM,17.2,0.0556,0.0020344827586206895
2023-08-25,2023-08-31,PUT,440.79,434.0,0.71,0.72,0.715,5553,3434,6,0.0164383561643835,1.0156451612903226,ATM,17.2,0.0556,0.0016474654377880184
2023-08-25,2023-08-31,PUT,440.79,433.0,0.58,0.59,0.585,14319,1940,6,0.0164383561643835,1.0179907621247113,ATM,17.2,0.0556,0.0013510392609699768
2023-08-25,2023-08-31,PUT,440.79,443.0,3.76,3.78,3.77,1600,2140,6,0.0164383561643835,0.9950112866817156,ATM,17.2,0.0556,0.008510158013544019
2023-08-25,2023-08-31,PUT,440.79,432.0,0.47,0.48,0.475,25535,7083,6,0.0164383561643835,1.020347222222222,ATM,17.2,0.0556,0.0010995370370370369
2023-08-25,2023-08-31,PUT,440.79,440.0,2.29,2.31,2.3,14487,3504,6,0.0164383561643835,1.0017954545454544,ATM,17.2,0.0556,0.005227272727272727
2023-08-25,2023-09-01,PUT,440.79,437.0,1.61,1.62,1.6150000000000002,15449,11116,7,0.0191780821917808,1.0086727688787185,ATM,17.2,0.0556,0.003695652173913044
2023-08-25,2023-08-31,PUT,440.79,451.0,10.1,10.33,10.215,3,3,6,0.0164383561643835,0.977361419068736,ATM,17.2,0.0556,0.022649667405764965
2023-08-25,2023-08-31,PUT,440.79,450.0,9.15,9.36,9.255,16,13,6,0.0164383561643835,0.9795333333333331,ATM,17.2,0.0556,0.020566666666666667
2023-08-25,2023-08-31,PUT,440.79,449.0,8.22,8.42,8.32,20,128,6,0.0164383561643835,0.9817149220489976,ATM,17.2,0.0556,0.018530066815144765
2023-08-25,2023-08-31,PUT,440.79,448.0,7.34,7.52,7.43,87,423,6,0.0164383561643835,0.98390625,ATM,17.2,0.0556,0.016584821428571428
2023-08-25,2023-08-31,PUT,440.79,447.0,6.5,6.66,6.58,502,112,6,0.0164383561643835,0.9861073825503356,ATM,17.2,0.0556,0.014720357941834452
2023-08-25,2023-08-31,PUT,440.79,446.0,5.74,5.85,5.795,36,932,6,0.0164383561643835,0.988318385650224,ATM,17.2,0.0556,0.012993273542600896
2023-08-25,2023-08-31,PUT,440.79,445.0,5.04,5.1,5.07,135,2926,6,0.0164383561643835,0.9905393258426964,ATM,17.2,0.0556,0.011393258426966292
2023-08-25,2023-08-31,PUT,440.79,431.0,0.38,0.4,0.39,35901,6162,6,0.0164383561643835,1.0227146171693735,ATM,17.2,0.0556,0.0009048723897911833
2023-08-25,2023-09-05,PUT,440.79,437.0,1.94,1.95,1.945,1321,436,11,0.0301369863013698,1.0086727688787185,ATM,17.2,0.0556,0.004450800915331808
2023-08-25,2023-09-05,PUT,440.79,436.0,1.68,1.69,1.685,939,209,11,0.0301369863013698,1.01098623853211,ATM,17.2,0.0556,0.003864678899082569
2023-08-25,2023-09-05,PUT,440.79,435.0,1.46,1.47,1.465,2712,356,11,0.0301369863013698,1.0133103448275862,ATM,17.2,0.0556,0.003367816091954023
2023-08-25,2023-09-01,PUT,440.79,457.0,16.09,16.32,16.205,34,12,7,0.0191780821917808,0.9645295404814004,OTM,17.2,0.0556,0.03545951859956236
2023-08-25,2023-09-01,PUT,440.79,456.0,15.09,15.32,15.205,68,18,7,0.0191780821917808,0.9666447368421052,OTM,17.2,0.0556,0.03334429824561404
2023-08-25,2023-09-01,PUT,440.79,455.0,14.09,14.32,14.205,437,138,7,0.0191780821917808,0.9687692307692308,OTM,17.2,0.0556,0.03121978021978022
2023-08-25,2023-09-01,PUT,440.79,454.0,13.09,13.32,13.205,1310,986,7,0.0191780821917808,0.9709030837004404,ATM,17.2,0.0556,0.029085903083700442
2023-08-25,2023-09-01,PUT,440.79,453.0,12.09,12.32,12.205,1352,801,7,0.0191780821917808,0.973046357615894,ATM,17.2,0.0556,0.02694260485651214
2023-08-25,2023-09-01,PUT,440.79,452.5,11.59,11.82,11.705,2,273,7,0.0191780821917808,0.974121546961326,ATM,17.2,0.0556,0.025867403314917128
2023-08-25,2023-09-01,PUT,440.79,452.0,11.11,11.33,11.22,34,1343,7,0.0191780821917808,0.9751991150442476,ATM,17.2,0.0556,0.024823008849557522
2023-08-25,2023-09-01,PUT,440.79,451.0,10.13,10.35,10.24,97,378,7,0.0191780821917808,0.977361419068736,ATM,17.2,0.0556,0.02270509977827051
2023-08-25,2023-09-01,PUT,440.79,450.0,9.2,9.41,9.305,421,8936,7,0.0191780821917808,0.9795333333333331,ATM,17.2,0.0556,0.020677777777777778
2023-08-25,2023-09-01,PUT,440.79,457.5,16.57,16.82,16.695,1,5,7,0.0191780821917808,0.9634754098360656,OTM,17.2,0.0556,0.03649180327868853
2023-08-25,2023-09-01,PUT,440.79,449.0,8.31,8.5,8.405000000000001,124,4607,7,0.0191780821917808,0.9817149220489976,ATM,17.2,0.0556,0.018719376391982186
2023-08-25,2023-08-28,PUT,440.79,480.0,39.08,39.31,39.195,4,4,3,0.0082191780821917,0.9183125,OTM,17.2,0.0556,0.08165625
2023-08-25,2023-08-28,PUT,440.79,464.0,23.08,23.31,23.195,2,1,3,0.0082191780821917,0.949978448275862,OTM,17.2,0.0556,0.04998922413793103
2023-08-25,2023-08-28,PUT,440.79,457.0,16.08,16.31,16.195,5,5,3,0.0082191780821917,0.9645295404814004,OTM,17.2,0.0556,0.035437636761487964
2023-08-25,2023-08-28,PUT,440.79,455.0,14.1,14.31,14.205,20,29,3,0.0082191780821917,0.9687692307692308,OTM,17.2,0.0556,0.03121978021978022
2023-08-25,2023-08-28,PUT,440.79,454.0,13.1,13.31,13.205,40,12,3,0.0082191780821917,0.9709030837004404,ATM,17.2,0.0556,0.029085903083700442
2023-08-25,2023-08-28,PUT,440.79,453.0,12.1,12.31,12.205,86,10,3,0.0082191780821917,0.973046357615894,ATM,17.2,0.0556,0.02694260485651214
2023-08-25,2023-08-28,PUT,440.79,452.0,11.15,11.31,11.23,40,11,3,0.0082191780821917,0.9751991150442476,ATM,17.2,0.0556,0.024845132743362832
2023-08-25,2023-08-28,PUT,440.79,451.0,10.1,10.31,10.205,35,22,3,0.0082191780821917,0.977361419068736,ATM,17.2,0.0556,0.02262749445676275
2023-08-25,2023-08-28,PUT,440.79,450.0,9.1,9.31,9.205,1809,30,3,0.0082191780821917,0.9795333333333331,ATM,17.2,0.0556,0.020455555555555557
2023-08-25,2023-09-01,PUT,440.79,448.0,7.46,7.63,7.545,156,3750,7,0.0191780821917808,0.98390625,ATM,17.2,0.0556,0.016841517857142857
2023-08-25,2023-09-01,PUT,440.79,447.5,7.06,7.21,7.135,101,2359,7,0.0191780821917808,0.9850055865921789,ATM,17.2,0.0556,0.01594413407821229
2023-08-25,2023-09-01,PUT,440.79,447.0,6.66,6.81,6.734999999999999,408,4303,7,0.0191780821917808,0.9861073825503356,ATM,17.2,0.0556,0.01506711409395973
2023-08-25,2023-09-01,PUT,440.79,437.5,1.75,1.76,1.755,7918,3538,7,0.0191780821917808,1.00752,ATM,17.2,0.0556,0.004011428571428571
2023-08-25,2023-09-05,PUT,440.79,434.0,1.26,1.28,1.27,876,106,11,0.0301369863013698,1.0156451612903226,ATM,17.2,0.0556,0.0029262672811059907
2023-08-25,2023-09-05,PUT,440.79,433.0,1.09,1.1,1.0950000000000002,1295,326,11,0.0301369863013698,1.0179907621247113,ATM,17.2,0.0556,0.0025288683602771368
2023-08-25,2023-09-05,PUT,440.79,432.0,0.94,0.95,0.945,384,288,11,0.0301369863013698,1.020347222222222,ATM,17.2,0.0556,0.0021874999999999998
2023-08-25,2023-09-05,PUT,440.79,431.0,0.82,0.83,0.825,745,284,11,0.0301369863013698,1.0227146171693735,ATM,17.2,0.0556,0.0019141531322505799
2023-08-25,2023-09-05,PUT,440.79,430.0,0.71,0.72,0.715,1141,403,11,0.0301369863013698,1.025093023255814,ATM,17.2,0.0556,0.0016627906976744186
2023-08-25,2023-09-05,PUT,440.79,429.0,0.61,0.62,0.615,344,198,11,0.0301369863013698,1.0274825174825173,ATM,17.2,0.0556,0.0014335664335664335
2023-08-25,2023-09-05,PUT,440.79,428.0,0.53,0.54,0.535,245,308,11,0.0301369863013698,1.0298831775700934,ATM,17.2,0.0556,0.00125
2023-08-25,2023-09-01,PUT,440.79,461.0,20.07,20.32,20.195,2,3,7,0.0191780821917808,0.9561605206073752,OTM,17.2,0.0556,0.043806941431670285
2023-08-25,2023-09-01,PUT,440.79,460.0,19.07,19.32,19.195,78,21,7,0.0191780821917808,0.9582391304347824,OTM,17.2,0.0556,0.041728260869565215
2023-08-25,2023-09-01,PUT,440.79,459.0,18.07,18.32,18.195,1,1,7,0.0191780821917808,0.9603267973856208,OTM,17.2,0.0556,0.03964052287581699
2023-08-25,2023-09-01,PUT,440.79,458.0,17.07,17.32,17.195,1,1,7,0.0191780821917808,0.962423580786026,OTM,17.2,0.0556,0.037543668122270744
2023-08-25,2023-09-01,PUT,440.79,446.0,5.92,6.04,5.98,252,2759,7,0.0191780821917808,0.988318385650224,ATM,17.2,0.0556,0.013408071748878925
2023-08-25,2023-09-01,PUT,440.79,445.0,5.26,5.31,5.285,1111,8316,7,0.0191780821917808,0.9905393258426964,ATM,17.2,0.0556,0.011876404494382023
2023-08-25,2023-09-01,PUT,440.79,444.0,4.62,4.66,4.640000000000001,683,4352,7,0.0191780821917808,0.9927702702702702,ATM,17.2,0.0556,0.010450450450450451
2023-08-25,2023-09-01,PUT,440.79,443.0,4.05,4.06,4.055,3421,3879,7,0.0191780821917808,0.9950112866817156,ATM,17.2,0.0556,0.009153498871331827
2023-08-25,2023-09-01,PUT,440.79,442.5,3.77,3.79,3.78,3082,4702,7,0.0191780821917808,0.996135593220339,ATM,17.2,0.0556,0.008542372881355932
2023-08-25,2023-09-01,PUT,440.79,442.0,3.51,3.53,3.52,4358,4957,7,0.0191780821917808,0.997262443438914,ATM,17.2,0.0556,0.007963800904977376
2023-08-25,2023-09-01,PUT,440.79,441.0,3.04,3.05,3.045,11071,5596,7,0.0191780821917808,0.9995238095238096,ATM,17.2,0.0556,0.006904761904761905
2023-08-25,2023-09-01,PUT,440.79,440.0,2.61,2.62,2.615,24915,23791,7,0.0191780821917808,1.0017954545454544,ATM,17.2,0.0556,0.005943181818181819
2023-08-25,2023-09-01,PUT,440.79,439.0,2.23,2.25,2.24,19480,5663,7,0.0191780821917808,1.0040774487471524,ATM,17.2,0.0556,0.00510250569476082
2023-08-25,2023-09-01,PUT,440.79,438.0,1.9,1.91,1.905,28420,9053,7,0.0191780821917808,1.0063698630136986,ATM,17.2,0.0556,0.004349315068493151
2023-08-25,2023-08-29,PUT,440.79,431.0,0.14,0.15,0.145,3832,3059,4,0.010958904109589,1.0227146171693735,ATM,17.2,0.0556,0.00033642691415313223
2023-08-25,2023-09-15,PUT,440.79,404.0,0.39,0.4,0.395,418,7244,21,0.0575342465753424,1.0910643564356437,ITM,17.2,0.0556,0.0009777227722772277
2023-08-25,2023-09-15,PUT,440.79,403.0,0.37,0.38,0.375,393,10019,21,0.0575342465753424,1.0937717121588089,ITM,17.2,0.0556,0.0009305210918114144
2023-08-25,2023-09-08,PUT,440.79,451.0,10.34,10.56,10.45,138,822,14,0.0383561643835616,0.977361419068736,ATM,17.2,0.0556,0.023170731707317073
2023-08-25,2023-09-08,PUT,440.79,412.0,0.25,0.26,0.255,538,1027,14,0.0383561643835616,1.069878640776699,ITM,17.2,0.0556,0.0006189320388349515
2023-08-25,2023-09-08,PUT,440.79,411.0,0.23,0.24,0.235,173,265,14,0.0383561643835616,1.0724817518248175,ITM,17.2,0.0556,0.0005717761557177616
2023-08-25,2023-09-08,PUT,440.79,410.0,0.22,0.23,0.225,521,13066,14,0.0383561643835616,1.0750975609756095,ITM,17.2,0.0556,0.0005487804878048781
2023-08-25,2023-09-08,PUT,440.79,409.0,0.21,0.22,0.215,245,1345,14,0.0383561643835616,1.077726161369193,ITM,17.2,0.0556,0.0005256723716381418
2023-08-25,2023-09-08,PUT,440.79,408.0,0.2,0.21,0.205,245,438,14,0.0383561643835616,1.0803676470588237,ITM,17.2,0.0556,0.0005024509803921569
2023-08-25,2023-09-08,PUT,440.79,407.0,0.19,0.2,0.195,392,276,14,0.0383561643835616,1.083022113022113,ITM,17.2,0.0556,0.0004791154791154791
2023-08-25,2023-09-08,PUT,440.79,406.0,0.18,0.19,0.185,43,134,14,0.0383561643835616,1.0856896551724138,ITM,17.2,0.0556,0.00045566502463054186
2023-08-25,2023-09-08,PUT,440.79,405.0,0.17,0.18,0.175,360,54955,14,0.0383561643835616,1.0883703703703702,ITM,17.2,0.0556,0.00043209876543209873
2023-08-25,2023-09-08,PUT,440.79,404.0,0.16,0.17,0.165,101,180,14,0.0383561643835616,1.0910643564356437,ITM,17.2,0.0556,0.00040841584158415845
2023-08-25,2023-09-08,PUT,440.79,413.0,0.26,0.27,0.265,202,3164,14,0.0383561643835616,1.0672881355932202,ITM,17.2,0.0556,0.0006416464891041162
2023-08-25,2023-09-08,PUT,440.79,403.0,0.16,0.17,0.165,19,71,14,0.0383561643835616,1.0937717121588089,ITM,17.2,0.0556,0.00040942928039702233
2023-08-25,2023-09-08,PUT,440.79,401.0,0.14,0.15,0.145,92,61,14,0.0383561643835616,1.099226932668329,ITM,17.2,0.0556,0.00036159600997506233
2023-08-25,2023-09-08,PUT,440.79,415.0,0.3,0.31,0.305,1997,9750,14,0.0383561643835616,1.0621445783132528,ITM,17.2,0.0556,0.0007349397590361446
2023-08-25,2023-09-08,PUT,440.79,416.0,0.32,0.33,0.325,114,1268,14,0.0383561643835616,1.059591346153846,ITM,17.2,0.0556,0.00078125
2023-08-25,2023-09-08,PUT,440.79,428.0,0.97,0.98,0.975,2029,3259,14,0.0383561643835616,1.0298831775700934,ATM,17.2,0.0556,0.00227803738317757
2023-08-25,2023-09-08,PUT,440.79,427.0,0.87,0.89,0.88,875,3787,14,0.0383561643835616,1.032295081967213,ITM,17.2,0.0556,0.0020608899297423888
2023-08-25,2023-09-08,PUT,440.79,426.0,0.79,0.8,0.795,866,2613,14,0.0383561643835616,1.0347183098591548,ITM,17.2,0.0556,0.0018661971830985916
2023-08-25,2023-09-08,PUT,440.79,425.0,0.71,0.72,0.715,9124,19286,14,0.0383561643835616,1.0371529411764706,ITM,17.2,0.0556,0.0016823529411764705
2023-08-25,2023-09-08,PUT,440.79,424.0,0.65,0.66,0.655,10581,1560,14,0.0383561643835616,1.0395990566037736,ITM,17.2,0.0556,0.001544811320754717
2023-08-25,2023-09-08,PUT,440.79,423.0,0.59,0.6,0.595,1544,4849,14,0.0383561643835616,1.0420567375886525,ITM,17.2,0.0556,0.0014066193853427896
2023-08-25,2023-09-08,PUT,440.79,402.0,0.15,0.16,0.155,93,46,14,0.0383561643835616,1.0964925373134329,ITM,17.2,0.0556,0.0003855721393034826
2023-08-25,2023-09-08,PUT,440.79,422.0,0.53,0.54,0.535,500,23398,14,0.0383561643835616,1.0445260663507108,ITM,17.2,0.0556,0.0012677725118483414
2023-08-25,2023-09-08,PUT,440.79,414.0,0.28,0.29,0.285,142,5737,14,0.0383561643835616,1.0647101449275362,ITM,17.2,0.0556,0.0006884057971014492
2023-08-25,2023-09-06,PUT,440.79,408.0,0.13,0.14,0.135,1,6,12,0.0328767123287671,1.0803676470588237,ITM,17.2,0.0556,0.0003308823529411765
2023-08-25,2023-09-05,PUT,440.79,444.0,4.88,4.91,4.895,213,391,11,0.0301369863013698,0.9927702702702702,ATM,17.2,0.0556,0.011024774774774773
2023-08-25,2023-09-05,PUT,440.79,443.0,4.32,4.34,4.33,191,744,11,0.0301369863013698,0.9950112866817156,ATM,17.2,0.0556,0.009774266365688488
2023-08-25,2023-09-05,PUT,440.79,442.0,3.8,3.82,3.81,233,509,11,0.0301369863013698,0.997262443438914,ATM,17.2,0.0556,0.008619909502262444
2023-08-25,2023-09-05,PUT,440.79,441.0,3.34,3.36,3.35,545,691,11,0.0301369863013698,0.9995238095238096,ATM,17.2,0.0556,0.007596371882086168
2023-08-25,2023-09-05,PUT,440.79,440.0,2.93,2.94,2.935,7130,718,11,0.0301369863013698,1.0017954545454544,ATM,17.2,0.0556,0.006670454545454545
2023-08-25,2023-09-05,PUT,440.79,450.0,9.29,9.48,9.385,47,131,11,0.0301369863013698,0.9795333333333331,ATM,17.2,0.0556,0.020855555555555554
2023-08-25,2023-09-06,PUT,440.79,424.0,0.43,0.44,0.435,155,228,12,0.0328767123287671,1.0395990566037736,ITM,17.2,0.0556,0.001025943396226415
2023-08-25,2023-09-06,PUT,440.79,423.0,0.38,0.39,0.385,367,247,12,0.0328767123287671,1.0420567375886525,ITM,17.2,0.0556,0.0009101654846335697
2023-08-25,2023-09-06,PUT,440.79,422.0,0.34,0.35,0.345,83,236,12,0.0328767123287671,1.0445260663507108,ITM,17.2,0.0556,0.0008175355450236966
2023-08-25,2023-09-06,PUT,440.79,450.0,9.37,9.56,9.465,7,147,12,0.0328767123287671,0.9795333333333331,ATM,17.2,0.0556,0.021033333333333334
2023-08-25,2023-09-06,PUT,440.79,421.0,0.31,0.32,0.315,76,432,12,0.0328767123287671,1.0470071258907363,ITM,17.2,0.0556,0.0007482185273159145
2023-08-25,2023-09-06,PUT,440.79,419.0,0.26,0.27,0.265,198,83,12,0.0328767123287671,1.0520047732696896,ITM,17.2,0.0556,0.0006324582338902148
2023-08-25,2023-09-06,PUT,440.79,418.0,0.24,0.25,0.245,13,281,12,0.0328767123287671,1.0545215311004783,ITM,17.2,0.0556,0.0005861244019138756
2023-08-25,2023-09-06,PUT,440.79,417.0,0.22,0.23,0.225,4,49,12,0.0328767123287671,1.05705035971223,ITM,17.2,0.0556,0.000539568345323741
2023-08-25,2023-09-06,PUT,440.79,416.0,0.2,0.21,0.205,203,43,12,0.0328767123287671,1.059591346153846,ITM,17.2,0.0556,0.0004927884615384615
2023-08-25,2023-09-06,PUT,440.79,415.0,0.19,0.2,0.195,41,17,12,0.0328767123287671,1.0621445783132528,ITM,17.2,0.0556,0.00046987951807228915
2023-08-25,2023-09-06,PUT,440.79,413.0,0.17,0.18,0.175,15,21,12,0.0328767123287671,1.0672881355932202,ITM,17.2,0.0556,0.000423728813559322
2023-08-25,2023-09-06,PUT,440.79,412.0,0.16,0.17,0.165,10,25,12,0.0328767123287671,1.069878640776699,ITM,17.2,0.0556,0.0004004854368932039
2023-08-25,2023-09-06,PUT,440.79,411.0,0.15,0.16,0.155,11,24,12,0.0328767123287671,1.0724817518248175,ITM,17.2,0.0556,0.00037712895377128955
2023-08-25,2023-09-06,PUT,440.79,410.0,0.14,0.15,0.145,24,152,12,0.0328767123287671,1.0750975609756095,ITM,17.2,0.0556,0.00035365853658536584
2023-08-25,2023-09-06,PUT,440.79,420.0,0.28,0.29,0.285,182,311,12,0.0328767123287671,1.0495,ITM,17.2,0.0556,0.0006785714285714286
2023-08-25,2023-09-08,PUT,440.79,421.0,0.49,0.5,0.495,287,2467,14,0.0383561643835616,1.0470071258907363,ITM,17.2,0.0556,0.001175771971496437
2023-08-25,2023-09-08,PUT,440.79,420.0,0.45,0.46,0.455,5272,38155,14,0.0383561643835616,1.0495,ITM,17.2,0.0556,0.0010833333333333333
2023-08-25,2023-09-08,PUT,440.79,419.0,0.41,0.42,0.415,1061,4403,14,0.0383561643835616,1.0520047732696896,ITM,17.2,0.0556,0.000990453460620525
2023-08-25,2023-08-28,PUT,4413.905,4535.0,118.7,122.4,120.55,7,24,3,0.0082191780821917,0.973297684674752,ATM,17.2,0.0556,0.026582138919514883
2023-08-25,2023-08-28,PUT,4413.905,4530.0,113.6,117.4,115.5,7,257,3,0.0082191780821917,0.9743719646799116,ATM,17.2,0.0556,0.025496688741721854
2023-08-25,2023-08-28,PUT,4413.905,4525.0,108.7,112.4,110.55,9,23,3,0.0082191780821917,0.9754486187845304,ATM,17.2,0.0556,0.024430939226519337
2023-08-25,2023-08-28,PUT,4413.905,4520.0,103.7,107.4,105.55,41,76,3,0.0082191780821917,0.9765276548672566,ATM,17.2,0.0556,0.023351769911504425
2023-08-25,2023-08-28,PUT,4413.905,4515.0,98.7,102.4,100.55,55,35,3,0.0082191780821917,0.9776090808416388,ATM,17.2,0.0556,0.022270210409745292
2023-08-25,2023-08-28,PUT,4413.905,4510.0,93.8,96.1,94.95,26,57,3,0.0082191780821917,0.9786929046563192,ATM,17.2,0.0556,0.02105321507760532
2023-08-25,2023-08-28,PUT,4413.905,4505.0,88.8,92.5,90.65,26,45,3,0.0082191780821917,0.9797791342952274,ATM,17.2,0.0556,0.02012208657047725
2023-08-25,2023-08-28,PUT,4413.905,4540.0,123.5,127.5,125.5,5,42,3,0.0082191780821917,0.97222577092511,ATM,17.2,0.0556,0.0276431718061674
2023-08-25,2023-08-28,PUT,4413.905,4495.0,78.9,82.6,80.75,27,110,3,0.0082191780821917,0.9819588431590656,ATM,17.2,0.0556,0.01796440489432703
2023-08-25,2023-09-08,PUT,238.33,250.0,14.8,14.9,14.85,791,1305,14,0.0383561643835616,0.95332,OTM,17.2,0.0556,0.0594
2023-08-25,2023-08-28,PUT,4413.905,4490.0,74.7,76.4,75.55000000000001,117,154,3,0.0082191780821917,0.9830523385300668,ATM,17.2,0.0556,0.016826280623608022
2023-08-25,2023-08-28,PUT,4413.905,4480.0,65.2,66.5,65.85,341,177,3,0.0082191780821917,0.9852466517857142,ATM,17.2,0.0556,0.014698660714285713
2023-08-25,2023-08-28,PUT,4413.905,4500.0,85.0,86.2,85.6,58,746,3,0.0082191780821917,0.9808677777777776,ATM,17.2,0.0556,0.01902222222222222
2023-08-25,2023-08-28,PUT,4413.905,4545.0,128.5,132.5,130.5,15,34,3,0.0082191780821917,0.971156215621562,ATM,17.2,0.0556,0.028712871287128714
2023-08-25,2023-08-28,PUT,4413.905,4550.0,133.5,137.5,135.5,143,1042,3,0.0082191780821917,0.9700890109890108,ATM,17.2,0.0556,0.02978021978021978
2023-08-25,2023-08-28,PUT,4413.905,4555.0,138.5,142.5,140.5,33,17,3,0.0082191780821917,0.9690241492864984,OTM,17.2,0.0556,0.03084522502744237
2023-08-25,2023-08-29,PUT,4413.905,4145.0,0.2,0.3,0.25,39,62,4,0.010958904109589,1.0648745476477683,ITM,17.2,0.0556,6.031363088057901e-05
2023-08-25,2023-08-29,PUT,4413.905,4135.0,0.2,0.25,0.225,1,21,4,0.010958904109589,1.0674498186215235,ITM,17.2,0.0556,5.441354292623942e-05
2023-08-25,2023-08-29,PUT,4413.905,4130.0,0.2,0.25,0.225,532,3987,4,0.010958904109589,1.068742130750605,ITM,17.2,0.0556,5.4479418886198546e-05
2023-08-25,2023-08-29,PUT,4413.905,4125.0,0.2,0.25,0.225,24,427,4,0.010958904109589,1.0700375757575755,ITM,17.2,0.0556,5.4545454545454546e-05
2023-08-25,2023-08-28,PUT,4413.905,4485.0,69.9,71.6,70.75,58,91,3,0.0082191780821917,0.9841482720178372,ATM,17.2,0.0556,0.01577480490523969
2023-08-25,2023-09-08,PUT,238.33,247.5,13.0,13.1,13.05,214,12,14,0.0383561643835616,0.9629494949494948,OTM,17.2,0.0556,0.05272727272727273
2023-08-25,2023-09-07,PUT,440.79,438.0,2.67,2.69,2.68,1206,55,13,0.0356164383561643,1.0063698630136986,ATM,17.2,0.0556,0.006118721461187215
2023-08-25,2023-09-07,PUT,440.79,439.0,3.0,3.02,3.01,1377,35,13,0.0356164383561643,1.0040774487471524,ATM,17.2,0.0556,0.006856492027334851
2023-08-25,2023-09-08,PUT,440.79,418.0,0.38,0.39,0.385,1593,1839,14,0.0383561643835616,1.0545215311004783,ITM,17.2,0.0556,0.0009210526315789473
2023-08-25,2023-09-08,PUT,440.79,417.0,0.35,0.36,0.355,371,1670,14,0.0383561643835616,1.05705035971223,ITM,17.2,0.0556,0.0008513189448441247
2023-08-25,2023-09-07,PUT,440.79,448.0,7.83,7.98,7.905,1,276,13,0.0356164383561643,0.98390625,ATM,17.2,0.0556,0.017645089285714285
2023-08-25,2023-09-07,PUT,440.79,447.0,7.1,7.24,7.17,2,146,13,0.0356164383561643,0.9861073825503356,ATM,17.2,0.0556,0.01604026845637584
2023-08-25,2023-09-07,PUT,440.79,435.0,1.88,1.89,1.885,1310,63,13,0.0356164383561643,1.0133103448275862,ATM,17.2,0.0556,0.004333333333333333
2023-08-25,2023-09-07,PUT,440.79,434.0,1.67,1.69,1.68,1225,10,13,0.0356164383561643,1.0156451612903226,ATM,17.2,0.0556,0.003870967741935484
2023-08-25,2023-09-07,PUT,440.79,433.0,1.48,1.5,1.49,862,25,13,0.0356164383561643,1.0179907621247113,ATM,17.2,0.0556,0.003441108545034642
2023-08-25,2023-09-07,PUT,440.79,432.0,1.32,1.33,1.3250000000000002,309,42,13,0.0356164383561643,1.020347222222222,ATM,17.2,0.0556,0.00306712962962963
2023-08-25,2023-09-07,PUT,440.79,431.0,1.17,1.18,1.1749999999999998,275,50,13,0.0356164383561643,1.0227146171693735,ATM,17.2,0.0556,0.0027262180974477954
2023-08-25,2023-09-07,PUT,440.79,430.0,1.04,1.05,1.045,1121,183,13,0.0356164383561643,1.025093023255814,ATM,17.2,0.0556,0.0024302325581395346
2023-08-25,2023-09-07,PUT,440.79,420.0,0.36,0.37,0.365,385,400,13,0.0356164383561643,1.0495,ITM,17.2,0.0556,0.000869047619047619
2023-08-25,2023-09-07,PUT,440.79,410.0,0.18,0.19,0.185,568,29,13,0.0356164383561643,1.0750975609756095,ITM,17.2,0.0556,0.00045121951219512197
2023-08-25,2023-09-07,PUT,440.79,436.0,2.12,2.13,2.125,976,109,13,0.0356164383561643,1.01098623853211,ATM,17.2,0.0556,0.004873853211009175
2023-08-25,2023-09-07,PUT,440.79,437.0,2.38,2.39,2.385,962,2123,13,0.0356164383561643,1.0086727688787185,ATM,17.2,0.0556,0.005457665903890159
2023-08-25,2023-09-07,PUT,440.79,446.0,6.45,6.51,6.48,1,5,13,0.0356164383561643,0.988318385650224,ATM,17.2,0.0556,0.014529147982062781
2023-08-25,2023-09-07,PUT,440.79,445.0,5.82,5.87,5.845000000000001,159,23,13,0.0356164383561643,0.9905393258426964,ATM,17.2,0.0556,0.013134831460674158
2023-08-25,2023-09-07,PUT,440.79,444.0,5.24,5.27,5.255,186,34,13,0.0356164383561643,0.9927702702702702,ATM,17.2,0.0556,0.011835585585585586
2023-08-25,2023-09-07,PUT,440.79,443.0,4.71,4.73,4.720000000000001,761,28,13,0.0356164383561643,0.9950112866817156,ATM,17.2,0.0556,0.010654627539503388
2023-08-25,2023-09-07,PUT,440.79,442.0,4.21,4.24,4.225,605,12,13,0.0356164383561643,0.997262443438914,ATM,17.2,0.0556,0.009558823529411764
2023-08-25,2023-09-07,PUT,440.79,441.0,3.77,3.79,3.78,1045,42,13,0.0356164383561643,0.9995238095238096,ATM,17.2,0.0556,0.00857142857142857
2023-08-25,2023-09-07,PUT,440.79,440.0,3.37,3.38,3.375,2643,305,13,0.0356164383561643,1.0017954545454544,ATM,17.2,0.0556,0.007670454545454545
2023-08-25,2023-09-05,PUT,440.79,445.0,5.49,5.54,5.515000000000001,212,387,11,0.0301369863013698,0.9905393258426964,ATM,17.2,0.0556,0.012393258426966293
2023-08-25,2023-09-05,PUT,440.79,446.0,6.12,6.24,6.18,38,132,11,0.0301369863013698,0.988318385650224,ATM,17.2,0.0556,0.013856502242152466
2023-08-25,2023-09-05,PUT,440.79,447.0,6.84,6.99,6.915,18,7,11,0.0301369863013698,0.9861073825503356,ATM,17.2,0.0556,0.015469798657718121
2023-08-25,2023-09-05,PUT,440.79,448.0,7.61,7.77,7.689999999999999,4,11,11,0.0301369863013698,0.98390625,ATM,17.2,0.0556,0.017165178571428567
2023-08-25,2023-09-15,PUT,440.79,445.0,7.49,7.55,7.52,2053,47409,21,0.0575342465753424,0.9905393258426964,ATM,17.2,0.0556,0.016898876404494383
2023-08-25,2023-09-15,PUT,440.79,444.0,6.94,7.0,6.970000000000001,412,18671,21,0.0575342465753424,0.9927702702702702,ATM,17.2,0.0556,0.0156981981981982
2023-08-25,2023-09-15,PUT,440.79,443.0,6.42,6.47,6.445,4482,20513,21,0.0575342465753424,0.9950112866817156,ATM,17.2,0.0556,0.014548532731376976
2023-08-25,2023-09-15,PUT,440.79,442.0,5.95,5.97,5.96,1782,15997,21,0.0575342465753424,0.997262443438914,ATM,17.2,0.0556,0.013484162895927602
2023-08-25,2023-09-15,PUT,440.79,441.0,5.5,5.52,5.51,2925,12377,21,0.0575342465753424,0.9995238095238096,ATM,17.2,0.0556,0.012494331065759636
2023-08-25,2023-09-15,PUT,440.79,440.0,5.09,5.1,5.095,32289,95583,21,0.0575342465753424,1.0017954545454544,ATM,17.2,0.0556,0.011579545454545453
2023-08-25,2023-09-15,PUT,440.79,439.0,4.7,4.71,4.705,9741,17509,21,0.0575342465753424,1.0040774487471524,ATM,17.2,0.0556,0.01071753986332574
2023-08-25,2023-09-15,PUT,440.79,448.0,9.32,9.58,9.45,291,15039,21,0.0575342465753424,0.98390625,ATM,17.2,0.0556,0.021093749999999998
2023-08-25,2023-09-15,PUT,440.79,449.0,9.95,10.27,10.11,42,18865,21,0.0575342465753424,0.9817149220489976,ATM,17.2,0.0556,0.022516703786191535
2023-08-25,2023-09-15,PUT,440.79,446.0,8.06,8.17,8.115,168,18132,21,0.0575342465753424,0.988318385650224,ATM,17.2,0.0556,0.01819506726457399
2023-08-25,2023-09-15,PUT,440.79,459.0,18.31,18.95,18.63,1,222,21,0.0575342465753424,0.9603267973856208,OTM,17.2,0.0556,0.04058823529411765
2023-08-25,2023-09-15,PUT,440.79,456.0,15.59,16.19,15.89,65,11654,21,0.0575342465753424,0.9666447368421052,OTM,17.2,0.0556,0.034846491228070174
2023-08-25,2023-09-15,PUT,440.79,455.0,14.66,15.3,14.98,168,18194,21,0.0575342465753424,0.9687692307692308,OTM,17.2,0.0556,0.03292307692307692
2023-08-25,2023-09-15,PUT,440.79,454.0,13.84,14.43,14.135,44,14180,21,0.0575342465753424,0.9709030837004404,ATM,17.2,0.0556,0.031134361233480175
2023-08-25,2023-09-15,PUT,440.79,453.0,12.95,13.58,13.265,11,1233,21,0.0575342465753424,0.973046357615894,ATM,17.2,0.0556,0.029282560706401766
2023-08-25,2023-09-15,PUT,440.79,452.0,12.17,12.76,12.465,54,17482,21,0.0575342465753424,0.9751991150442476,ATM,17.2,0.0556,0.027577433628318583
2023-08-25,2023-09-15,PUT,440.79,451.0,11.38,11.97,11.675,32,446,21,0.0575342465753424,0.977361419068736,ATM,17.2,0.0556,0.025886917960088695
2023-08-25,2023-09-15,PUT,440.79,450.0,10.68,11.1,10.89,4276,44886,21,0.0575342465753424,0.9795333333333331,ATM,17.2,0.0556,0.024200000000000003
2023-08-25,2023-09-15,PUT,440.79,438.0,4.34,4.35,4.345,24747,18779,21,0.0575342465753424,1.0063698630136986,ATM,17.2,0.0556,0.009920091324200913
2023-08-25,2023-09-15,PUT,440.79,437.0,4.01,4.02,4.015,13093,15524,21,0.0575342465753424,1.0086727688787185,ATM,17.2,0.0556,0.009187643020594966
2023-08-25,2023-09-15,PUT,440.79,458.0,17.39,18.0,17.695,5,9325,21,0.0575342465753424,0.962423580786026,OTM,17.2,0.0556,0.0386353711790393
2023-08-25,2023-09-15,PUT,440.79,447.0,8.64,8.91,8.775,85,14877,21,0.0575342465753424,0.9861073825503356,ATM,17.2,0.0556,0.019630872483221477
2023-08-25,2023-09-08,PUT,440.79,442.5,4.63,4.65,4.640000000000001,1227,1744,14,0.0383561643835616,0.996135593220339,ATM,17.2,0.0556,0.010485875706214691
2023-08-25,2023-09-08,PUT,440.79,443.0,4.88,4.9,4.890000000000001,985,4811,14,0.0383561643835616,0.9950112866817156,ATM,17.2,0.0556,0.011038374717832958
2023-08-25,2023-09-08,PUT,440.79,450.0,9.48,9.7,9.59,219,6940,14,0.0383561643835616,0.9795333333333331,ATM,17.2,0.0556,0.02131111111111111
2023-08-25,2023-09-08,PUT,440.79,440.0,3.56,3.57,3.565,12268,17600,14,0.0383561643835616,1.0017954545454544,ATM,17.2,0.0556,0.008102272727272727
2023-08-25,2023-09-08,PUT,440.79,439.0,3.2,3.21,3.205,4394,5905,14,0.0383561643835616,1.0040774487471524,ATM,17.2,0.0556,0.007300683371298406
2023-08-25,2023-09-08,PUT,440.79,438.0,2.87,2.88,2.875,3994,3917,14,0.0383561643835616,1.0063698630136986,ATM,17.2,0.0556,0.006563926940639269
2023-08-25,2023-09-08,PUT,440.79,437.0,2.57,2.59,2.58,3557,4378,14,0.0383561643835616,1.0086727688787185,ATM,17.2,0.0556,0.005903890160183067
2023-08-25,2023-09-08,PUT,440.79,436.0,2.31,2.32,2.315,4975,5385,14,0.0383561643835616,1.01098623853211,ATM,17.2,0.0556,0.0053096330275229356
2023-08-25,2023-09-08,PUT,440.79,435.0,2.07,2.08,2.075,8935,6313,14,0.0383561643835616,1.0133103448275862,ATM,17.2,0.0556,0.004770114942528736
2023-08-25,2023-09-08,PUT,440.79,434.0,1.85,1.87,1.86,11063,23570,14,0.0383561643835616,1.0156451612903226,ATM,17.2,0.0556,0.004285714285714286
2023-08-25,2023-09-08,PUT,440.79,433.0,1.66,1.67,1.665,4196,2141,14,0.0383561643835616,1.0179907621247113,ATM,17.2,0.0556,0.0038452655889145496
2023-08-25,2023-09-08,PUT,440.79,432.0,1.49,1.5,1.495,2687,4773,14,0.0383561643835616,1.020347222222222,ATM,17.2,0.0556,0.0034606481481481485
2023-08-25,2023-09-08,PUT,440.79,431.0,1.34,1.35,1.3450000000000002,1872,1552,14,0.0383561643835616,1.0227146171693735,ATM,17.2,0.0556,0.003120649651972158
2023-08-25,2023-09-15,PUT,440.79,413.0,0.66,0.67,0.665,281,27122,21,0.0575342465753424,1.0672881355932202,ITM,17.2,0.0556,0.0016101694915254237
2023-08-25,2023-09-08,PUT,440.79,441.0,3.96,3.97,3.965,3014,2982,14,0.0383561643835616,0.9995238095238096,ATM,17.2,0.0556,0.008990929705215419
2023-08-25,2023-09-08,PUT,440.79,442.0,4.4,4.41,4.405,2222,3215,14,0.0383561643835616,0.997262443438914,ATM,17.2,0.0556,0.00996606334841629
2023-08-25,2023-09-08,PUT,440.79,449.0,8.68,8.87,8.774999999999999,15,2503,14,0.0383561643835616,0.9817149220489976,ATM,17.2,0.0556,0.019543429844097994
2023-08-25,2023-09-08,PUT,440.79,448.0,7.92,8.08,8.0,46,2813,14,0.0383561643835616,0.98390625,ATM,17.2,0.0556,0.017857142857142856
2023-08-25,2023-09-08,PUT,440.79,447.5,7.56,7.71,7.635,1,1595,14,0.0383561643835616,0.9850055865921789,ATM,17.2,0.0556,0.01706145251396648
2023-08-25,2023-09-08,PUT,440.79,447.0,7.21,7.36,7.285,61,3903,14,0.0383561643835616,0.9861073825503356,ATM,17.2,0.0556,0.016297539149888143
2023-08-25,2023-09-08,PUT,440.79,446.0,6.59,6.65,6.62,103,4012,14,0.0383561643835616,0.988318385650224,ATM,17.2,0.0556,0.01484304932735426
2023-08-25,2023-09-08,PUT,440.79,445.0,5.98,6.01,5.995,868,14423,14,0.0383561643835616,0.9905393258426964,ATM,17.2,0.0556,0.01347191011235955
2023-08-25,2023-09-08,PUT,440.79,444.0,5.41,5.43,5.42,731,10445,14,0.0383561643835616,0.9927702702702702,ATM,17.2,0.0556,0.012207207207207207
2023-08-25,2023-09-15,PUT,440.79,424.0,1.44,1.45,1.4449999999999998,1856,16109,21,0.0575342465753424,1.0395990566037736,ITM,17.2,0.0556,0.003408018867924528
2023-08-25,2023-08-31,PUT,440.79,457.0,16.07,16.32,16.195,1,1,6,0.0164383561643835,0.9645295404814004,OTM,17.2,0.0556,0.035437636761487964
2023-08-25,2023-09-15,PUT,440.79,423.0,1.33,1.34,1.335,2282,10868,21,0.0575342465753424,1.0420567375886525,ITM,17.2,0.0556,0.003156028368794326
2023-08-25,2023-09-15,PUT,440.79,421.0,1.15,1.16,1.1549999999999998,1841,30071,21,0.0575342465753424,1.0470071258907363,ITM,17.2,0.0556,0.002743467933491686
2023-08-25,2023-09-06,PUT,440.79,437.0,2.16,2.18,2.17,964,212,12,0.0328767123287671,1.0086727688787185,ATM,17.2,0.0556,0.004965675057208237
2023-08-25,2023-09-06,PUT,440.79,431.0,1.0,1.01,1.005,681,96,12,0.0328767123287671,1.0227146171693735,ATM,17.2,0.0556,0.002331786542923434
2023-08-25,2023-09-06,PUT,440.79,430.0,0.88,0.89,0.885,905,351,12,0.0328767123287671,1.025093023255814,ATM,17.2,0.0556,0.002058139534883721
2023-08-25,2023-09-06,PUT,440.79,429.0,0.77,0.79,0.78,389,212,12,0.0328767123287671,1.0274825174825173,ATM,17.2,0.0556,0.0018181818181818182
2023-08-25,2023-09-06,PUT,440.79,428.0,0.68,0.69,0.685,266,378,12,0.0328767123287671,1.0298831775700934,ATM,17.2,0.0556,0.0016004672897196263
2023-08-25,2023-09-06,PUT,440.79,432.0,1.14,1.15,1.145,493,117,12,0.0328767123287671,1.020347222222222,ATM,17.2,0.0556,0.002650462962962963
2023-08-25,2023-09-06,PUT,440.79,438.0,2.46,2.47,2.465,768,420,12,0.0328767123287671,1.0063698630136986,ATM,17.2,0.0556,0.005627853881278538
2023-08-25,2023-09-06,PUT,440.79,448.0,7.73,7.88,7.805,25,247,12,0.0328767123287671,0.98390625,ATM,17.2,0.0556,0.017421875
2023-08-25,2023-09-06,PUT,440.79,447.0,6.98,7.11,7.045,52,364,12,0.0328767123287671,0.9861073825503356,ATM,17.2,0.0556,0.01576062639821029
2023-08-25,2023-09-06,PUT,440.79,433.0,1.29,1.31,1.3,313,266,12,0.0328767123287671,1.0179907621247113,ATM,17.2,0.0556,0.003002309468822171
2023-08-25,2023-09-06,PUT,440.79,446.0,6.31,6.37,6.34,1,118,12,0.0328767123287671,0.988318385650224,ATM,17.2,0.0556,0.0142152466367713
2023-08-25,2023-09-06,PUT,440.79,444.0,5.07,5.09,5.08,67,250,12,0.0328767123287671,0.9927702702702702,ATM,17.2,0.0556,0.01144144144144144
2023-08-25,2023-09-06,PUT,440.79,443.0,4.52,4.54,4.529999999999999,712,382,12,0.0328767123287671,0.9950112866817156,ATM,17.2,0.0556,0.01022573363431151
2023-08-25,2023-09-06,PUT,440.79,442.0,4.02,4.03,4.025,1112,249,12,0.0328767123287671,0.997262443438914,ATM,17.2,0.0556,0.00910633484162896
2023-08-25,2023-09-06,PUT,440.79,441.0,3.56,3.58,3.5700000000000003,1456,687,12,0.0328767123287671,0.9995238095238096,ATM,17.2,0.0556,0.008095238095238096
2023-08-25,2023-09-06,PUT,440.79,440.0,3.15,3.17,3.16,2092,516,12,0.0328767123287671,1.0017954545454544,ATM,17.2,0.0556,0.0071818181818181824
2023-08-25,2023-09-06,PUT,440.79,439.0,2.78,2.8,2.79,1450,417,12,0.0328767123287671,1.0040774487471524,ATM,17.2,0.0556,0.006355353075170843
2023-08-25,2023-09-06,PUT,440.79,427.0,0.6,0.61,0.605,332,39,12,0.0328767123287671,1.032295081967213,ITM,17.2,0.0556,0.0014168618266978922
2023-08-25,2023-09-06,PUT,440.79,426.0,0.54,0.55,0.545,96,474,12,0.0328767123287671,1.0347183098591548,ITM,17.2,0.0556,0.001279342723004695
2023-08-25,2023-09-06,PUT,440.79,425.0,0.48,0.49,0.485,775,767,12,0.0328767123287671,1.0371529411764706,ITM,17.2,0.0556,0.0011411764705882353
2023-08-25,2023-09-06,PUT,440.79,445.0,5.66,5.71,5.6850000000000005,305,381,12,0.0328767123287671,0.9905393258426964,ATM,17.2,0.0556,0.012775280898876406
2023-08-25,2023-09-06,PUT,440.79,434.0,1.47,1.48,1.475,423,326,12,0.0328767123287671,1.0156451612903226,ATM,17.2,0.0556,0.0033986175115207377
2023-08-25,2023-09-06,PUT,440.79,435.0,1.68,1.69,1.685,2549,1756,12,0.0328767123287671,1.0133103448275862,ATM,17.2,0.0556,0.0038735632183908046
2023-08-25,2023-09-06,PUT,440.79,436.0,1.91,1.92,1.915,845,110,12,0.0328767123287671,1.01098623853211,ATM,17.2,0.0556,0.004392201834862385
2023-08-25,2023-09-15,PUT,440.79,420.0,1.07,1.08,1.0750000000000002,20446,98403,21,0.0575342465753424,1.0495,ITM,17.2,0.0556,0.00255952380952381
2023-08-25,2023-09-15,PUT,440.79,419.0,0.99,1.0,0.995,1649,8872,21,0.0575342465753424,1.0520047732696896,ITM,17.2,0.0556,0.0023747016706443915
2023-08-25,2023-09-15,PUT,440.79,418.0,0.92,0.93,0.925,524,54288,21,0.0575342465753424,1.0545215311004783,ITM,17.2,0.0556,0.0022129186602870814
2023-08-25,2023-09-15,PUT,440.79,417.0,0.86,0.87,0.865,1556,34329,21,0.0575342465753424,1.05705035971223,ITM,17.2,0.0556,0.0020743405275779375
2023-08-25,2023-09-15,PUT,440.79,416.0,0.8,0.81,0.805,4123,5860,21,0.0575342465753424,1.059591346153846,ITM,17.2,0.0556,0.001935096153846154
2023-08-25,2023-09-15,PUT,440.79,415.0,0.75,0.76,0.755,13771,86104,21,0.0575342465753424,1.0621445783132528,ITM,17.2,0.0556,0.0018192771084337349
2023-08-25,2023-09-15,PUT,440.79,425.0,1.55,1.56,1.5550000000000002,9673,93561,21,0.0575342465753424,1.0371529411764706,ITM,17.2,0.0556,0.003658823529411765
2023-08-25,2023-09-15,PUT,440.79,414.0,0.7,0.71,0.705,536,9850,21,0.0575342465753424,1.0647101449275362,ITM,17.2,0.0556,0.0017028985507246376
2023-08-25,2023-09-15,PUT,440.79,436.0,3.7,3.72,3.71,12782,27523,21,0.0575342465753424,1.01098623853211,ATM,17.2,0.0556,0.008509174311926606
2023-08-25,2023-09-15,PUT,440.79,435.0,3.42,3.43,3.425,24363,50630,21,0.0575342465753424,1.0133103448275862,ATM,17.2,0.0556,0.007873563218390804
2023-08-25,2023-09-15,PUT,440.79,434.0,3.16,3.17,3.165,8130,22617,21,0.0575342465753424,1.0156451612903226,ATM,17.2,0.0556,0.0072926267281105996
2023-08-25,2023-09-15,PUT,440.79,433.0,2.92,2.93,2.925,8398,20639,21,0.0575342465753424,1.0179907621247113,ATM,17.2,0.0556,0.006755196304849884
2023-08-25,2023-09-15,PUT,440.79,432.0,2.7,2.71,2.705,5415,23606,21,0.0575342465753424,1.020347222222222,ATM,17.2,0.0556,0.006261574074074074
2023-08-25,2023-09-15,PUT,440.79,431.0,2.49,2.5,2.495,8678,20491,21,0.0575342465753424,1.0227146171693735,ATM,17.2,0.0556,0.005788863109048724
2023-08-25,2023-09-15,PUT,440.79,430.0,2.3,2.31,2.305,37886,147338,21,0.0575342465753424,1.025093023255814,ATM,17.2,0.0556,0.00536046511627907
2023-08-25,2023-09-15,PUT,440.79,429.0,2.12,2.14,2.13,6047,16346,21,0.0575342465753424,1.0274825174825173,ATM,17.2,0.0556,0.004965034965034964
2023-08-25,2023-09-15,PUT,440.79,428.0,1.96,1.97,1.965,4391,64587,21,0.0575342465753424,1.0298831775700934,ATM,17.2,0.0556,0.004591121495327103
2023-08-25,2023-09-15,PUT,440.79,427.0,1.81,1.82,1.815,3377,54461,21,0.0575342465753424,1.032295081967213,ITM,17.2,0.0556,0.004250585480093677
2023-08-25,2023-09-15,PUT,440.79,426.0,1.68,1.69,1.685,3059,16832,21,0.0575342465753424,1.0347183098591548,ITM,17.2,0.0556,0.003955399061032864
2023-08-25,2023-09-08,PUT,440.79,430.0,1.2,1.21,1.205,8008,13422,14,0.0383561643835616,1.025093023255814,ATM,17.2,0.0556,0.002802325581395349
2023-08-25,2023-09-08,PUT,440.79,429.0,1.08,1.09,1.085,1275,1713,14,0.0383561643835616,1.0274825174825173,ATM,17.2,0.0556,0.0025291375291375292
2023-08-25,2023-09-15,PUT,440.79,422.0,1.23,1.24,1.235,5400,33005,21,0.0575342465753424,1.0445260663507108,ITM,17.2,0.0556,0.00292654028436019
2023-08-25,2023-09-01,PUT,440.79,428.0,0.33,0.34,0.335,3859,4956,7,0.0191780821917808,1.0298831775700934,ATM,17.2,0.0556,0.0007827102803738318
2023-08-25,2023-09-01,PUT,440.79,429.0,0.4,0.41,0.405,14283,6190,7,0.0191780821917808,1.0274825174825173,ATM,17.2,0.0556,0.0009440559440559442
2023-08-25,2023-09-01,PUT,440.79,430.0,0.47,0.48,0.475,38381,38778,7,0.0191780821917808,1.025093023255814,ATM,17.2,0.0556,0.0011046511627906977
2023-08-25,2023-09-22,PUT,440.79,402.0,0.62,0.63,0.625,13,198,28,0.0767123287671232,1.0964925373134329,ITM,17.2,0.0556,0.001554726368159204
2023-08-25,2023-09-22,PUT,440.79,401.0,0.59,0.6,0.595,31,39,28,0.0767123287671232,1.099226932668329,ITM,17.2,0.0556,0.001483790523690773
2023-08-25,2023-09-15,PUT,440.79,470.0,29.03,29.68,29.355,22,162,21,0.0575342465753424,0.9378510638297872,OTM,17.2,0.0556,0.06245744680851064
2023-08-25,2023-09-15,PUT,440.79,466.0,25.08,25.73,25.405,4,13,21,0.0575342465753424,0.945901287553648,OTM,17.2,0.0556,0.05451716738197425
2023-08-25,2023-09-15,PUT,440.79,465.0,24.14,24.73,24.435,14,45,21,0.0575342465753424,0.9479354838709676,OTM,17.2,0.0556,0.05254838709677419
2023-08-25,2023-09-22,PUT,440.79,413.0,1.14,1.15,1.145,227,1353,28,0.0767123287671232,1.0672881355932202,ITM,17.2,0.0556,0.0027723970944309928
2023-08-25,2023-09-22,PUT,440.79,414.0,1.2,1.22,1.21,264,585,28,0.0767123287671232,1.0647101449275362,ITM,17.2,0.0556,0.002922705314009662
2023-08-25,2023-09-22,PUT,440.79,416.0,1.36,1.37,1.3650000000000002,234,963,28,0.0767123287671232,1.059591346153846,ITM,17.2,0.0556,0.0032812500000000003
2023-08-25,2023-09-22,PUT,440.79,428.0,2.84,2.86,2.85,354,531,28,0.0767123287671232,1.0298831775700934,ATM,17.2,0.0556,0.006658878504672897
2023-08-25,2023-09-22,PUT,440.79,403.0,0.66,0.67,0.665,118,66,28,0.0767123287671232,1.0937717121588089,ITM,17.2,0.0556,0.0016501240694789083
2023-08-25,2023-09-22,PUT,440.79,427.0,2.67,2.69,2.68,505,2764,28,0.0767123287671232,1.032295081967213,ITM,17.2,0.0556,0.006276346604215457
2023-08-25,2023-09-22,PUT,440.79,425.0,2.35,2.37,2.3600000000000003,3206,9631,28,0.0767123287671232,1.0371529411764706,ITM,17.2,0.0556,0.005552941176470589
2023-08-25,2023-09-22,PUT,440.79,424.0,2.21,2.23,2.22,1086,896,28,0.0767123287671232,1.0395990566037736,ITM,17.2,0.0556,0.005235849056603774
2023-08-25,2023-09-22,PUT,440.79,423.0,2.08,2.09,2.085,369,252,28,0.0767123287671232,1.0420567375886525,ITM,17.2,0.0556,0.0049290780141843975
2023-08-25,2023-09-22,PUT,440.79,422.0,1.96,1.97,1.965,424,458,28,0.0767123287671232,1.0445260663507108,ITM,17.2,0.0556,0.004656398104265403
2023-08-25,2023-09-22,PUT,440.79,421.0,1.84,1.85,1.845,580,1514,28,0.0767123287671232,1.0470071258907363,ITM,17.2,0.0556,0.004382422802850356
2023-08-25,2023-09-22,PUT,440.79,420.0,1.73,1.74,1.735,1394,4063,28,0.0767123287671232,1.0495,ITM,17.2,0.0556,0.004130952380952381
2023-08-25,2023-09-22,PUT,440.79,419.0,1.63,1.64,1.6349999999999998,309,339,28,0.0767123287671232,1.0520047732696896,ITM,17.2,0.0556,0.0039021479713603814
2023-08-25,2023-09-22,PUT,440.79,418.0,1.53,1.54,1.535,335,1010,28,0.0767123287671232,1.0545215311004783,ITM,17.2,0.0556,0.003672248803827751
2023-08-25,2023-09-22,PUT,440.79,417.0,1.44,1.46,1.45,306,228,28,0.0767123287671232,1.05705035971223,ITM,17.2,0.0556,0.003477218225419664
2023-08-25,2023-09-22,PUT,440.79,426.0,2.51,2.52,2.515,2130,562,28,0.0767123287671232,1.0347183098591548,ITM,17.2,0.0556,0.005903755868544601
2023-08-25,2023-09-22,PUT,440.79,415.0,1.28,1.29,1.285,457,2415,28,0.0767123287671232,1.0621445783132528,ITM,17.2,0.0556,0.0030963855421686746
2023-08-25,2023-09-22,PUT,440.79,404.0,0.69,0.7,0.695,97,99,28,0.0767123287671232,1.0910643564356437,ITM,17.2,0.0556,0.00172029702970297
2023-08-25,2023-09-22,PUT,440.79,406.0,0.77,0.78,0.775,143,291,28,0.0767123287671232,1.0856896551724138,ITM,17.2,0.0556,0.0019088669950738917
2023-08-25,2023-09-22,PUT,440.79,435.0,4.41,4.43,4.42,2873,4608,28,0.0767123287671232,1.0133103448275862,ATM,17.2,0.0556,0.010160919540229884
2023-08-25,2023-09-22,PUT,440.79,440.0,6.07,6.09,6.08,2559,4500,28,0.0767123287671232,1.0017954545454544,ATM,17.2,0.0556,0.013818181818181818
2023-08-25,2023-09-22,PUT,440.79,448.0,9.88,10.31,10.095,19,416,28,0.0767123287671232,0.98390625,ATM,17.2,0.0556,0.022533482142857143
2023-08-25,2023-09-22,PUT,440.79,447.5,9.58,10.09,9.835,3,230,28,0.0767123287671232,0.9850055865921789,ATM,17.2,0.0556,0.021977653631284916
2023-08-25,2023-09-22,PUT,440.79,447.0,9.36,9.66,9.51,39,415,28,0.0767123287671232,0.9861073825503356,ATM,17.2,0.0556,0.0212751677852349
2023-08-25,2023-09-22,PUT,440.79,446.0,8.79,9.07,8.93,23,855,28,0.0767123287671232,0.988318385650224,ATM,17.2,0.0556,0.020022421524663676
2023-08-25,2023-09-22,PUT,440.79,445.0,8.37,8.4,8.385,553,3439,28,0.0767123287671232,0.9905393258426964,ATM,17.2,0.0556,0.018842696629213482
2023-08-25,2023-09-22,PUT,440.79,444.0,7.85,7.88,7.865,411,1500,28,0.0767123287671232,0.9927702702702702,ATM,17.2,0.0556,0.017713963963963963
2023-08-25,2023-09-22,PUT,440.79,443.0,7.36,7.39,7.375,248,830,28,0.0767123287671232,0.9950112866817156,ATM,17.2,0.0556,0.01664785553047404
2023-08-25,2023-09-22,PUT,440.79,405.0,0.73,0.74,0.735,173,1166,28,0.0767123287671232,1.0883703703703702,ITM,17.2,0.0556,0.0018148148148148147
2023-08-25,2023-09-22,PUT,440.79,442.5,7.13,7.16,7.145,107,1067,28,0.0767123287671232,0.996135593220339,ATM,17.2,0.0556,0.016146892655367232
2023-08-25,2023-09-22,PUT,440.79,441.0,6.47,6.5,6.484999999999999,283,1409,28,0.0767123287671232,0.9995238095238096,ATM,17.2,0.0556,0.014705215419501132
2023-08-25,2023-09-22,PUT,440.79,430.0,3.22,3.24,3.2300000000000004,5608,6650,28,0.0767123287671232,1.025093023255814,ATM,17.2,0.0556,0.007511627906976745
2023-08-25,2023-09-22,PUT,440.79,429.0,3.02,3.04,3.03,509,3178,28,0.0767123287671232,1.0274825174825173,ATM,17.2,0.0556,0.007062937062937063
2023-08-25,2023-09-22,PUT,440.79,412.0,1.07,1.08,1.0750000000000002,100,625,28,0.0767123287671232,1.069878640776699,ITM,17.2,0.0556,0.002609223300970874
2023-08-25,2023-09-22,PUT,440.79,411.0,1.01,1.02,1.015,74,340,28,0.0767123287671232,1.0724817518248175,ITM,17.2,0.0556,0.0024695863746958635
2023-08-25,2023-09-22,PUT,440.79,410.0,0.95,0.97,0.96,9483,6450,28,0.0767123287671232,1.0750975609756095,ITM,17.2,0.0556,0.0023414634146341463
2023-08-25,2023-09-22,PUT,440.79,409.0,0.9,0.91,0.905,46,548,28,0.0767123287671232,1.077726161369193,ITM,17.2,0.0556,0.002212713936430318
2023-08-25,2023-09-22,PUT,440.79,408.0,0.85,0.86,0.855,75,264,28,0.0767123287671232,1.0803676470588237,ITM,17.2,0.0556,0.0020955882352941177
2023-08-25,2023-09-22,PUT,440.79,407.0,0.81,0.82,0.815,62,256,28,0.0767123287671232,1.083022113022113,ITM,17.2,0.0556,0.0020024570024570025
2023-08-25,2023-09-22,PUT,440.79,442.0,6.91,6.93,6.92,269,857,28,0.0767123287671232,0.997262443438914,ATM,17.2,0.0556,0.015656108597285067
2023-08-25,2023-09-22,PUT,440.79,449.0,10.48,10.99,10.735,5,275,28,0.0767123287671232,0.9817149220489976,ATM,17.2,0.0556,0.023908685968819596
2023-08-25,2023-09-22,PUT,440.79,450.0,11.23,11.73,11.48,54,953,28,0.0767123287671232,0.9795333333333331,ATM,17.2,0.0556,0.025511111111111113
2023-08-25,2023-09-29,PUT,440.79,425.0,2.99,3.0,2.995,2595,53606,35,0.0958904109589041,1.0371529411764706,ITM,17.2,0.055549999999999995,0.007047058823529412
2023-08-25,2023-09-22,PUT,440.79,457.0,16.73,17.29,17.009999999999998,5,167,28,0.0767123287671232,0.9645295404814004,OTM,17.2,0.0556,0.03722100656455142
2023-08-25,2023-09-22,PUT,440.79,455.0,15.05,15.55,15.3,7,342,28,0.0767123287671232,0.9687692307692308,OTM,17.2,0.0556,0.03362637362637363
2023-08-25,2023-09-22,PUT,440.79,453.0,13.26,13.94,13.6,8,219,28,0.0767123287671232,0.973046357615894,ATM,17.2,0.0556,0.030022075055187638
2023-08-25,2023-09-22,PUT,440.79,451.0,12.03,12.48,12.255,12,112,28,0.0767123287671232,0.977361419068736,ATM,17.2,0.0556,0.027172949002217298
2023-08-25,2023-09-29,PUT,440.79,413.0,1.59,1.6,1.5950000000000002,126,2210,35,0.0958904109589041,1.0672881355932202,ITM,17.2,0.055549999999999995,0.003861985472154964
2023-08-25,2023-09-29,PUT,440.79,412.0,1.51,1.52,1.515,607,3515,35,0.0958904109589041,1.069878640776699,ITM,17.2,0.055549999999999995,0.003677184466019417
2023-08-25,2023-09-29,PUT,440.79,411.0,1.43,1.44,1.435,415,968,35,0.0958904109589041,1.0724817518248175,ITM,17.2,0.055549999999999995,0.003491484184914842
2023-08-25,2023-09-29,PUT,440.79,410.0,1.36,1.37,1.3650000000000002,1653,26018,35,0.0958904109589041,1.0750975609756095,ITM,17.2,0.055549999999999995,0.003329268292682927
2023-08-25,2023-09-29,PUT,440.79,409.0,1.29,1.3,1.295,237,710,35,0.0958904109589041,1.077726161369193,ITM,17.2,0.055549999999999995,0.0031662591687041564
2023-08-25,2023-09-22,PUT,440.79,458.0,17.37,18.21,17.79,1,100,28,0.0767123287671232,0.962423580786026,OTM,17.2,0.0556,0.03884279475982533
2023-08-25,2023-09-29,PUT,440.79,408.0,1.23,1.24,1.235,221,11828,35,0.0958904109589041,1.0803676470588237,ITM,17.2,0.055549999999999995,0.003026960784313726
2023-08-25,2023-09-29,PUT,440.79,406.0,1.11,1.12,1.1150000000000002,631,748,35,0.0958904109589041,1.0856896551724138,ITM,17.2,0.055549999999999995,0.002746305418719212
2023-08-25,2023-09-29,PUT,440.79,405.0,1.06,1.07,1.065,3549,24575,35,0.0958904109589041,1.0883703703703702,ITM,17.2,0.055549999999999995,0.0026296296296296293
2023-08-25,2023-09-29,PUT,440.79,404.0,1.01,1.02,1.015,851,504,35,0.0958904109589041,1.0910643564356437,ITM,17.2,0.055549999999999995,0.002512376237623762
2023-08-25,2023-09-29,PUT,440.79,403.0,0.96,0.97,0.965,381,9375,35,0.0958904109589041,1.0937717121588089,ITM,17.2,0.055549999999999995,0.0023945409429280396
2023-08-25,2023-09-29,PUT,440.79,402.0,0.91,0.92,0.915,244,706,35,0.0958904109589041,1.0964925373134329,ITM,17.2,0.055549999999999995,0.0022761194029850746
2023-08-25,2023-09-29,PUT,440.79,401.0,0.87,0.88,0.875,356,329,35,0.0958904109589041,1.099226932668329,ITM,17.2,0.055549999999999995,0.0021820448877805485
2023-08-25,2023-12-15,PUT,440.79,449.0,15.63,16.09,15.86,37,1458,112,0.3068493150684931,0.9817149220489976,ATM,17.2,0.055964516129032256,0.03532293986636971
2023-08-25,2023-12-15,PUT,440.79,448.0,15.18,15.47,15.325,1,3875,112,0.3068493150684931,0.98390625,ATM,17.2,0.055964516129032256,0.03420758928571428
2023-08-25,2023-12-15,PUT,440.79,447.0,14.78,15.02,14.9,7,4073,112,0.3068493150684931,0.9861073825503356,ATM,17.2,0.055964516129032256,0.03333333333333333
2023-08-25,2023-09-29,PUT,440.79,407.0,1.17,1.18,1.1749999999999998,619,3820,35,0.0958904109589041,1.083022113022113,ITM,17.2,0.055549999999999995,0.0028869778869778867
2023-08-25,2023-09-22,PUT,440.79,460.0,19.16,20.32,19.74,105,381,28,0.0767123287671232,0.9582391304347824,OTM,17.2,0.0556,0.042913043478260866
2023-08-25,2023-09-29,PUT,440.79,414.0,1.67,1.68,1.6749999999999998,1260,2169,35,0.0958904109589041,1.0647101449275362,ITM,17.2,0.055549999999999995,0.004045893719806763
2023-08-25,2023-09-29,PUT,440.79,415.0,1.76,1.77,1.765,2492,21369,35,0.0958904109589041,1.0621445783132528,ITM,17.2,0.055549999999999995,0.0042530120481927705
2023-08-25,2023-09-29,PUT,440.79,424.0,2.83,2.85,2.84,1878,29860,35,0.0958904109589041,1.0395990566037736,ITM,17.2,0.055549999999999995,0.00669811320754717
2023-08-25,2023-09-29,PUT,440.79,423.0,2.69,2.7,2.6950000000000003,797,1127,35,0.0958904109589041,1.0420567375886525,ITM,17.2,0.055549999999999995,0.006371158392434989
2023-08-25,2023-09-29,PUT,440.79,422.0,2.55,2.56,2.555,1010,4414,35,0.0958904109589041,1.0445260663507108,ITM,17.2,0.055549999999999995,0.006054502369668247
2023-08-25,2023-09-29,PUT,440.79,426.0,3.15,3.17,3.16,1137,2452,35,0.0958904109589041,1.0347183098591548,ITM,17.2,0.055549999999999995,0.007417840375586855
2023-08-25,2023-09-29,PUT,440.79,421.0,2.42,2.43,2.425,603,496,35,0.0958904109589041,1.0470071258907363,ITM,17.2,0.055549999999999995,0.005760095011876484
2023-08-25,2023-09-29,PUT,440.79,420.0,2.3,2.31,2.305,11029,41369,35,0.0958904109589041,1.0495,ITM,17.2,0.055549999999999995,0.005488095238095238
2023-08-25,2023-09-29,PUT,440.79,419.0,2.17,2.19,2.18,581,1845,35,0.0958904109589041,1.0520047732696896,ITM,17.2,0.055549999999999995,0.005202863961813843
2023-08-25,2023-09-29,PUT,440.79,418.0,2.06,2.07,2.065,830,3196,35,0.0958904109589041,1.0545215311004783,ITM,17.2,0.055549999999999995,0.004940191387559808
2023-08-25,2023-09-29,PUT,440.79,417.0,1.96,1.97,1.965,845,4970,35,0.0958904109589041,1.05705035971223,ITM,17.2,0.055549999999999995,0.004712230215827338
2023-08-25,2023-09-29,PUT,440.79,416.0,1.86,1.87,1.865,749,3341,35,0.0958904109589041,1.059591346153846,ITM,17.2,0.055549999999999995,0.004483173076923077
2023-08-25,2023-09-29,PUT,440.79,427.0,3.33,3.34,3.335,1799,2665,35,0.0958904109589041,1.032295081967213,ITM,17.2,0.055549999999999995,0.007810304449648712
2023-08-25,2023-09-29,PUT,440.79,428.0,3.51,3.53,3.52,1849,14736,35,0.0958904109589041,1.0298831775700934,ATM,17.2,0.055549999999999995,0.00822429906542056
2023-08-25,2023-09-29,PUT,440.79,437.0,5.73,5.75,5.74,3083,1022,35,0.0958904109589041,1.0086727688787185,ATM,17.2,0.055549999999999995,0.013135011441647597
2023-08-25,2023-09-29,PUT,440.79,436.0,5.42,5.44,5.43,4017,2581,35,0.0958904109589041,1.01098623853211,ATM,17.2,0.055549999999999995,0.012454128440366972
2023-08-25,2023-09-29,PUT,440.79,435.0,5.13,5.15,5.140000000000001,10749,48032,35,0.0958904109589041,1.0133103448275862,ATM,17.2,0.055549999999999995,0.01181609195402299
2023-08-25,2023-09-29,PUT,440.79,434.0,4.86,4.87,4.865,2816,29979,35,0.0958904109589041,1.0156451612903226,ATM,17.2,0.055549999999999995,0.011209677419354839
2023-08-25,2023-09-29,PUT,440.79,433.0,4.6,4.62,4.609999999999999,2646,1746,35,0.0958904109589041,1.0179907621247113,ATM,17.2,0.055549999999999995,0.010646651270207851
2023-08-25,2023-09-29,PUT,440.79,432.0,4.36,4.37,4.365,2440,5068,35,0.0958904109589041,1.020347222222222,ATM,17.2,0.055549999999999995,0.010104166666666668
2023-08-25,2023-09-29,PUT,440.79,431.0,4.13,4.14,4.135,3207,3308,35,0.0958904109589041,1.0227146171693735,ATM,17.2,0.055549999999999995,0.009593967517401391
2023-08-25,2023-09-29,PUT,440.79,430.0,3.91,3.93,3.92,7141,57744,35,0.0958904109589041,1.025093023255814,ATM,17.2,0.055549999999999995,0.009116279069767442
2023-08-25,2023-09-29,PUT,440.79,429.0,3.7,3.72,3.71,1943,1947,35,0.0958904109589041,1.0274825174825173,ATM,17.2,0.055549999999999995,0.008648018648018648
2023-08-25,2023-09-22,PUT,440.79,431.0,3.43,3.45,3.4400000000000004,1364,935,28,0.0767123287671232,1.0227146171693735,ATM,17.2,0.0556,0.007981438515081207
2023-08-25,2023-09-22,PUT,440.79,432.0,3.65,3.67,3.66,783,415,28,0.0767123287671232,1.020347222222222,ATM,17.2,0.0556,0.008472222222222223
2023-08-25,2023-09-22,PUT,440.79,433.0,3.89,3.91,3.9,1286,784,28,0.0767123287671232,1.0179907621247113,ATM,17.2,0.0556,0.009006928406466512
2023-08-25,2023-09-22,PUT,440.79,434.0,4.14,4.16,4.15,944,1385,28,0.0767123287671232,1.0156451612903226,ATM,17.2,0.0556,0.009562211981566822
2023-08-25,2023-09-29,PUT,440.79,445.0,9.0,9.02,9.01,561,20830,35,0.0958904109589041,0.9905393258426964,ATM,17.2,0.055549999999999995,0.020247191011235954
2023-08-25,2023-09-29,PUT,440.79,444.0,8.5,8.52,8.51,88,4710,35,0.0958904109589041,0.9927702702702702,ATM,17.2,0.055549999999999995,0.019166666666666665
2023-08-25,2023-09-29,PUT,440.79,443.0,8.03,8.05,8.04,124,1815,35,0.0958904109589041,0.9950112866817156,ATM,17.2,0.055549999999999995,0.018148984198645596
2023-08-25,2023-09-29,PUT,440.79,442.0,7.59,7.61,7.6,1409,16302,35,0.0958904109589041,0.997262443438914,ATM,17.2,0.055549999999999995,0.017194570135746604
2023-08-25,2023-09-29,PUT,440.79,441.0,7.17,7.19,7.18,704,1568,35,0.0958904109589041,0.9995238095238096,ATM,17.2,0.055549999999999995,0.016281179138321996
2023-08-25,2023-09-29,PUT,440.79,440.0,6.77,6.8,6.785,2887,31426,35,0.0958904109589041,1.0017954545454544,ATM,17.2,0.055549999999999995,0.015420454545454546
2023-08-25,2023-09-29,PUT,440.79,450.0,11.76,12.09,11.925,850,43087,35,0.0958904109589041,0.9795333333333331,ATM,17.2,0.055549999999999995,0.026500000000000003
2023-08-25,2023-09-29,PUT,440.79,451.0,12.36,12.95,12.655,18,3874,35,0.0958904109589041,0.977361419068736,ATM,17.2,0.055549999999999995,0.028059866962305984
2023-08-25,2023-09-29,PUT,440.79,460.0,19.44,20.34,19.89,33,2888,35,0.0958904109589041,0.9582391304347824,OTM,17.2,0.055549999999999995,0.04323913043478261
2023-08-25,2023-09-29,PUT,440.79,446.0,9.37,9.69,9.53,23,2832,35,0.0958904109589041,0.988318385650224,ATM,17.2,0.055549999999999995,0.021367713004484302
2023-08-25,2023-09-29,PUT,440.79,459.0,18.56,19.43,18.995,2,2148,35,0.0958904109589041,0.9603267973856208,OTM,17.2,0.055549999999999995,0.04138344226579521
2023-08-25,2023-09-29,PUT,440.79,457.0,16.85,17.68,17.265,2,3309,35,0.0958904109589041,0.9645295404814004,OTM,17.2,0.055549999999999995,0.03777899343544858
2023-08-25,2023-09-29,PUT,440.79,456.0,16.02,16.83,16.424999999999997,18,3287,35,0.0958904109589041,0.9666447368421052,OTM,17.2,0.055549999999999995,0.03601973684210526
2023-08-25,2023-09-29,PUT,440.79,455.0,15.24,16.01,15.625,7,4685,35,0.0958904109589041,0.9687692307692308,OTM,17.2,0.055549999999999995,0.034340659340659344
2023-08-25,2023-09-29,PUT,440.79,454.0,14.47,15.2,14.835,7,2981,35,0.0958904109589041,0.9709030837004404,ATM,17.2,0.055549999999999995,0.0326762114537445
2023-08-25,2023-09-29,PUT,440.79,453.0,13.72,14.42,14.07,10,4173,35,0.0958904109589041,0.973046357615894,ATM,17.2,0.055549999999999995,0.031059602649006625
2023-08-25,2023-09-29,PUT,440.79,452.0,13.0,13.67,13.335,10,2513,35,0.0958904109589041,0.9751991150442476,ATM,17.2,0.055549999999999995,0.02950221238938053
2023-08-25,2023-10-06,PUT,440.79,441.0,7.78,7.81,7.795,34,19,42,0.1150684931506849,0.9995238095238096,ATM,17.2,0.05548,0.017675736961451246
2023-08-25,2023-10-06,PUT,440.79,442.0,8.19,8.22,8.205,165,209,42,0.1150684931506849,0.997262443438914,ATM,17.2,0.05548,0.018563348416289593
2023-08-25,2023-10-20,PUT,440.79,419.0,3.51,3.53,3.52,92769,2116,56,0.1534246575342465,1.0520047732696896,ITM,17.2,0.05534,0.008400954653937948
2023-08-25,2023-09-29,PUT,440.79,458.0,17.68,18.55,18.115,25,1443,35,0.0958904109589041,0.962423580786026,OTM,17.2,0.055549999999999995,0.039552401746724884
2023-08-25,2023-09-29,PUT,440.79,447.0,9.92,10.25,10.085,43,1475,35,0.0958904109589041,0.9861073825503356,ATM,17.2,0.055549999999999995,0.022561521252796424
2023-08-25,2023-09-29,PUT,440.79,448.0,10.49,10.84,10.665,37,3787,35,0.0958904109589041,0.98390625,ATM,17.2,0.055549999999999995,0.023805803571428568
2023-08-25,2023-09-29,PUT,440.79,449.0,11.02,11.59,11.305,7,686,35,0.0958904109589041,0.9817149220489976,ATM,17.2,0.055549999999999995,0.02517817371937639
2023-08-25,2023-08-31,PUT,4413.905,4570.0,151.5,155.5,153.5,43,640,6,0.0164383561643835,0.965843544857768,OTM,17.2,0.0556,0.033588621444201314
2023-08-25,2023-10-06,PUT,440.79,430.0,4.48,4.5,4.49,621,180,42,0.1150684931506849,1.025093023255814,ATM,17.2,0.05548,0.01044186046511628
2023-08-25,2023-10-06,PUT,440.79,425.0,3.51,3.53,3.52,2835,1251,42,0.1150684931506849,1.0371529411764706,ITM,17.2,0.05548,0.00828235294117647
2023-08-25,2023-10-06,PUT,440.79,420.0,2.75,2.77,2.76,417,131,42,0.1150684931506849,1.0495,ITM,17.2,0.05548,0.006571428571428571
2023-08-25,2023-10-06,PUT,440.79,415.0,2.17,2.19,2.18,763,526,42,0.1150684931506849,1.0621445783132528,ITM,17.2,0.05548,0.0052530120481927714
2023-08-25,2023-10-06,PUT,440.79,410.0,1.72,1.73,1.725,454,368,42,0.1150684931506849,1.0750975609756095,ITM,17.2,0.05548,0.004207317073170732
2023-08-25,2023-10-06,PUT,440.79,405.0,1.36,1.38,1.37,251,141,42,0.1150684931506849,1.0883703703703702,ITM,17.2,0.05548,0.0033827160493827163
2023-08-25,2023-09-29,PUT,440.79,465.0,24.05,25.03,24.54,48,1262,35,0.0958904109589041,0.9479354838709676,OTM,17.2,0.055549999999999995,0.0527741935483871
2023-08-25,2023-10-06,PUT,440.79,431.0,4.71,4.73,4.720000000000001,134,63,42,0.1150684931506849,1.0227146171693735,ATM,17.2,0.05548,0.010951276102088169
2023-08-25,2023-10-06,PUT,440.79,432.0,4.94,4.97,4.955,171,17,42,0.1150684931506849,1.020347222222222,ATM,17.2,0.05548,0.011469907407407408
2023-08-25,2023-10-06,PUT,440.79,440.0,7.39,7.42,7.404999999999999,524,243,42,0.1150684931506849,1.0017954545454544,ATM,17.2,0.05548,0.016829545454545455
2023-08-25,2023-10-06,PUT,440.79,439.0,7.02,7.05,7.035,482,124,42,0.1150684931506849,1.0040774487471524,ATM,17.2,0.05548,0.0160250569476082
2023-08-25,2023-10-06,PUT,440.79,438.0,6.67,6.7,6.6850000000000005,505,202,42,0.1150684931506849,1.0063698630136986,ATM,17.2,0.05548,0.015262557077625572
2023-08-25,2023-10-06,PUT,440.79,437.5,6.51,6.54,6.525,365,4,42,0.1150684931506849,1.00752,ATM,17.2,0.05548,0.014914285714285715
2023-08-25,2023-10-06,PUT,440.79,437.0,6.35,6.37,6.359999999999999,388,84,42,0.1150684931506849,1.0086727688787185,ATM,17.2,0.05548,0.014553775743707092
2023-08-25,2023-10-06,PUT,440.79,436.0,6.03,6.06,6.045,178,100,42,0.1150684931506849,1.01098623853211,ATM,17.2,0.05548,0.013864678899082569
2023-08-25,2023-10-06,PUT,440.79,435.0,5.74,5.76,5.75,970,250,42,0.1150684931506849,1.0133103448275862,ATM,17.2,0.05548,0.013218390804597701
2023-08-25,2023-10-06,PUT,440.79,434.0,5.46,5.49,5.475,256,318,42,0.1150684931506849,1.0156451612903226,ATM,17.2,0.05548,0.012615207373271889
2023-08-25,2023-10-06,PUT,440.79,433.0,5.2,5.22,5.21,369,111,42,0.1150684931506849,1.0179907621247113,ATM,17.2,0.05548,0.012032332563510393
2023-08-25,2023-10-06,PUT,440.79,432.5,5.07,5.09,5.08,27,19,42,0.1150684931506849,1.0191676300578034,ATM,17.2,0.05548,0.011745664739884393
2023-08-25,2023-09-29,PUT,440.79,462.0,21.25,22.18,21.715,1,216,35,0.0958904109589041,0.954090909090909,OTM,17.2,0.055549999999999995,0.047002164502164503
2023-08-25,2023-10-20,PUT,440.79,418.0,3.37,3.39,3.38,49495,15725,56,0.1534246575342465,1.0545215311004783,ITM,17.2,0.05534,0.008086124401913876
2023-08-25,2023-12-15,PUT,440.79,446.0,14.35,14.64,14.495,58,1513,112,0.3068493150684931,0.988318385650224,ATM,17.2,0.055964516129032256,0.0325
2023-08-25,2023-10-20,PUT,440.79,417.0,3.24,3.26,3.25,471,54889,56,0.1534246575342465,1.05705035971223,ITM,17.2,0.05534,0.0077937649880095924
2023-08-25,2023-10-20,PUT,440.79,420.0,3.66,3.68,3.67,44516,80835,56,0.1534246575342465,1.0495,ITM,17.2,0.05534,0.008738095238095238
2023-08-25,2023-10-06,PUT,440.79,444.0,9.08,9.11,9.095,106,61,42,0.1150684931506849,0.9927702702702702,ATM,17.2,0.05548,0.020484234234234237
2023-08-25,2023-10-06,PUT,440.79,443.0,8.62,8.66,8.64,1172,94,42,0.1150684931506849,0.9950112866817156,ATM,17.2,0.05548,0.019503386004514674
2023-08-25,2023-10-06,PUT,440.79,442.5,8.4,8.44,8.42,320,81,42,0.1150684931506849,0.996135593220339,ATM,17.2,0.05548,0.01902824858757062
2023-08-25,2023-10-06,PUT,440.79,451.0,12.73,13.37,13.05,4,1,42,0.1150684931506849,0.977361419068736,ATM,17.2,0.05548,0.028935698447893572
2023-08-25,2023-10-20,PUT,440.79,407.0,2.18,2.19,2.185,549,1063,56,0.1534246575342465,1.083022113022113,ITM,17.2,0.05534,0.005368550368550369
2023-08-25,2023-10-20,PUT,440.79,406.0,2.09,2.11,2.1,1051,21678,56,0.1534246575342465,1.0856896551724138,ITM,17.2,0.05534,0.005172413793103448
2023-08-25,2023-10-20,PUT,440.79,405.0,2.01,2.03,2.02,2912,27853,56,0.1534246575342465,1.0883703703703702,ITM,17.2,0.05534,0.004987654320987654
2023-08-25,2023-10-20,PUT,440.79,404.0,1.94,1.95,1.945,745,1216,56,0.1534246575342465,1.0910643564356437,ITM,17.2,0.05534,0.004814356435643564
2023-08-25,2023-10-20,PUT,440.79,403.0,1.87,1.88,1.875,573,5145,56,0.1534246575342465,1.0937717121588089,ITM,17.2,0.05534,0.004652605459057072
2023-08-25,2023-10-06,PUT,440.79,445.0,9.57,9.59,9.58,37,38,42,0.1150684931506849,0.9905393258426964,ATM,17.2,0.05548,0.02152808988764045
2023-08-25,2023-10-20,PUT,440.79,402.0,1.8,1.81,1.805,909,1796,56,0.1534246575342465,1.0964925373134329,ITM,17.2,0.05534,0.004490049751243781
2023-08-25,2023-10-06,PUT,440.79,455.0,15.54,16.3,15.92,2,3,42,0.1150684931506849,0.9687692307692308,OTM,17.2,0.05548,0.03498901098901099
2023-08-25,2023-10-20,PUT,440.79,432.0,6.03,6.05,6.04,957,6809,56,0.1534246575342465,1.020347222222222,ATM,17.2,0.05534,0.013981481481481482
2023-08-25,2023-09-29,PUT,440.79,439.0,6.4,6.43,6.415,1351,1013,35,0.0958904109589041,1.0040774487471524,ATM,17.2,0.055549999999999995,0.014612756264236903
2023-08-25,2023-09-29,PUT,440.79,438.0,6.06,6.08,6.07,3742,5620,35,0.0958904109589041,1.0063698630136986,ATM,17.2,0.055549999999999995,0.013858447488584476
2023-08-25,2023-09-22,PUT,440.79,438.0,5.34,5.36,5.35,2443,1611,28,0.0767123287671232,1.0063698630136986,ATM,17.2,0.0556,0.012214611872146118
2023-08-25,2023-09-22,PUT,440.79,437.5,5.17,5.19,5.18,560,332,28,0.0767123287671232,1.00752,ATM,17.2,0.0556,0.01184
2023-08-25,2023-09-22,PUT,440.79,437.0,5.01,5.03,5.02,1030,649,28,0.0767123287671232,1.0086727688787185,ATM,17.2,0.0556,0.011487414187643019
2023-08-25,2023-09-22,PUT,440.79,436.0,4.7,4.72,4.71,1030,1160,28,0.0767123287671232,1.01098623853211,ATM,17.2,0.0556,0.010802752293577982
2023-08-25,2023-09-22,PUT,440.79,439.0,5.69,5.71,5.7,709,646,28,0.0767123287671232,1.0040774487471524,ATM,17.2,0.0556,0.012984054669703872
2023-08-25,2023-10-20,PUT,440.79,401.0,1.73,1.75,1.74,565,4501,56,0.1534246575342465,1.099226932668329,ITM,17.2,0.05534,0.004339152119700748
2023-08-25,2023-10-06,PUT,440.79,446.0,10.07,10.1,10.085,5,5,42,0.1150684931506849,0.988318385650224,ATM,17.2,0.05548,0.022612107623318386
2023-08-25,2023-10-06,PUT,440.79,447.0,10.36,10.88,10.62,6,3,42,0.1150684931506849,0.9861073825503356,ATM,17.2,0.05548,0.023758389261744964
2023-08-25,2023-10-06,PUT,440.79,447.5,10.63,11.17,10.9,10,3,42,0.1150684931506849,0.9850055865921789,ATM,17.2,0.05548,0.02435754189944134
2023-08-25,2023-10-20,PUT,440.79,414.0,2.87,2.88,2.875,1049,4014,56,0.1534246575342465,1.0647101449275362,ITM,17.2,0.05534,0.006944444444444444
2023-08-25,2023-10-20,PUT,440.79,413.0,2.76,2.77,2.765,3244,20743,56,0.1534246575342465,1.0672881355932202,ITM,17.2,0.05534,0.006694915254237288
2023-08-25,2023-10-20,PUT,440.79,412.0,2.65,2.66,2.655,544,1390,56,0.1534246575342465,1.069878640776699,ITM,17.2,0.05534,0.006444174757281553
2023-08-25,2023-10-20,PUT,440.79,411.0,2.54,2.56,2.55,443,3801,56,0.1534246575342465,1.0724817518248175,ITM,17.2,0.05534,0.0062043795620437955
2023-08-25,2023-10-20,PUT,440.79,410.0,2.45,2.46,2.455,10820,80467,56,0.1534246575342465,1.0750975609756095,ITM,17.2,0.05534,0.005987804878048781
2023-08-25,2023-10-20,PUT,440.79,415.0,2.99,3.0,2.995,145567,97869,56,0.1534246575342465,1.0621445783132528,ITM,17.2,0.05534,0.007216867469879518
2023-08-25,2023-10-20,PUT,440.79,421.0,3.81,3.83,3.82,978,9003,56,0.1534246575342465,1.0470071258907363,ITM,17.2,0.05534,0.009073634204275535
2023-08-25,2023-10-20,PUT,440.79,431.0,5.78,5.8,5.79,1010,2794,56,0.1534246575342465,1.0227146171693735,ATM,17.2,0.05534,0.013433874709976798
2023-08-25,2023-10-20,PUT,440.79,430.0,5.55,5.57,5.5600000000000005,13874,100063,56,0.1534246575342465,1.025093023255814,ATM,17.2,0.05534,0.012930232558139536
2023-08-25,2023-10-20,PUT,440.79,429.0,5.32,5.34,5.33,647,20690,56,0.1534246575342465,1.0274825174825173,ATM,17.2,0.05534,0.012424242424242424
2023-08-25,2023-10-20,PUT,440.79,428.0,5.1,5.12,5.109999999999999,909,28753,56,0.1534246575342465,1.0298831775700934,ATM,17.2,0.05534,0.011939252336448597
2023-08-25,2023-10-20,PUT,440.79,427.0,4.89,4.91,4.9,427,10743,56,0.1534246575342465,1.032295081967213,ITM,17.2,0.05534,0.011475409836065575
2023-08-25,2023-10-20,PUT,440.79,426.0,4.69,4.71,4.7,648,43295,56,0.1534246575342465,1.0347183098591548,ITM,17.2,0.05534,0.011032863849765259
2023-08-25,2023-10-20,PUT,440.79,425.0,4.5,4.52,4.51,6222,44105,56,0.1534246575342465,1.0371529411764706,ITM,17.2,0.05534,0.010611764705882352
2023-08-25,2023-10-20,PUT,440.79,424.0,4.31,4.33,4.32,1664,36717,56,0.1534246575342465,1.0395990566037736,ITM,17.2,0.05534,0.010188679245283019
2023-08-25,2023-10-20,PUT,440.79,423.0,4.14,4.16,4.15,2482,27633,56,0.1534246575342465,1.0420567375886525,ITM,17.2,0.05534,0.009810874704491726
2023-08-25,2023-10-20,PUT,440.79,422.0,3.97,3.99,3.98,1361,5071,56,0.1534246575342465,1.0445260663507108,ITM,17.2,0.05534,0.00943127962085308
2023-08-25,2023-10-20,PUT,440.79,409.0,2.35,2.37,2.3600000000000003,965,1406,56,0.1534246575342465,1.077726161369193,ITM,17.2,0.05534,0.005770171149144255
2023-08-25,2023-10-20,PUT,440.79,408.0,2.26,2.28,2.27,3598,5297,56,0.1534246575342465,1.0803676470588237,ITM,17.2,0.05534,0.0055637254901960784
2023-08-25,2023-10-06,PUT,440.79,450.0,12.1,12.7,12.4,6,19,42,0.1150684931506849,0.9795333333333331,ATM,17.2,0.05548,0.027555555555555555
2023-08-25,2023-10-06,PUT,440.79,449.0,11.49,12.06,11.775,2,1,42,0.1150684931506849,0.9817149220489976,ATM,17.2,0.05548,0.026224944320712696
2023-08-25,2023-10-20,PUT,440.79,416.0,3.11,3.12,3.115,898,22938,56,0.1534246575342465,1.059591346153846,ITM,17.2,0.05534,0.007487980769230769
2023-08-25,2023-08-29,PUT,4413.905,4120.0,0.2,0.25,0.225,41,35,4,0.010958904109589,1.0713361650485436,ITM,17.2,0.0556,5.4611650485436894e-05
2023-08-25,2023-12-15,PUT,440.79,445.0,14.04,14.15,14.095,131,10798,112,0.3068493150684931,0.9905393258426964,ATM,17.2,0.055964516129032256,0.03167415730337079
2023-08-25,2023-12-15,PUT,440.79,443.0,13.27,13.3,13.285,410,3932,112,0.3068493150684931,0.9950112866817156,ATM,17.2,0.055964516129032256,0.029988713318284423
2023-08-25,2023-10-20,PUT,440.79,447.0,11.58,11.61,11.595,77,489,56,0.1534246575342465,0.9861073825503356,ATM,17.2,0.05534,0.02593959731543624
2023-08-25,2023-10-20,PUT,440.79,446.0,11.08,11.1,11.09,93,4530,56,0.1534246575342465,0.988318385650224,ATM,17.2,0.05534,0.024865470852017936
2023-08-25,2023-12-15,PUT,440.79,408.0,5.19,5.21,5.2,23,10455,112,0.3068493150684931,1.0803676470588237,ITM,17.2,0.055964516129032256,0.012745098039215686
2023-08-25,2023-11-17,PUT,440.79,412.0,4.22,4.25,4.234999999999999,392,2093,84,0.2301369863013698,1.069878640776699,ITM,17.2,0.055919354838709676,0.010279126213592232
2023-08-25,2023-11-17,PUT,440.79,414.0,4.49,4.51,4.5,314,4075,84,0.2301369863013698,1.0647101449275362,ITM,17.2,0.055919354838709676,0.010869565217391304
2023-08-25,2023-11-17,PUT,440.79,455.0,17.49,18.17,17.83,34,11485,84,0.2301369863013698,0.9687692307692308,OTM,17.2,0.055919354838709676,0.039186813186813184
2023-08-25,2023-11-17,PUT,440.79,454.0,16.86,17.53,17.195,3,27,84,0.2301369863013698,0.9709030837004404,ATM,17.2,0.055919354838709676,0.03787444933920705
2023-08-25,2023-11-17,PUT,440.79,452.0,15.69,16.31,16.0,3,203,84,0.2301369863013698,0.9751991150442476,ATM,17.2,0.055919354838709676,0.035398230088495575
2023-08-25,2023-11-17,PUT,440.79,450.0,14.78,14.99,14.885,73,17227,84,0.2301369863013698,0.9795333333333331,ATM,17.2,0.055919354838709676,0.033077777777777775
2023-08-25,2023-10-20,PUT,440.79,448.0,11.9,12.33,12.115,22,4783,56,0.1534246575342465,0.98390625,ATM,17.2,0.05534,0.027042410714285713
2023-08-25,2023-11-17,PUT,440.79,456.0,18.13,18.84,18.485,1,55,84,0.2301369863013698,0.9666447368421052,OTM,17.2,0.055919354838709676,0.040537280701754386
2023-08-25,2023-11-17,PUT,440.79,445.0,12.45,12.48,12.465,1129,15687,84,0.2301369863013698,0.9905393258426964,ATM,17.2,0.055919354838709676,0.02801123595505618
2023-08-25,2023-11-17,PUT,440.79,444.0,12.02,12.05,12.035,194,538,84,0.2301369863013698,0.9927702702702702,ATM,17.2,0.055919354838709676,0.027105855855855857
2023-08-25,2023-11-17,PUT,440.79,442.0,11.21,11.24,11.225,516,514,84,0.2301369863013698,0.997262443438914,ATM,17.2,0.055919354838709676,0.025395927601809955
2023-08-25,2023-11-17,PUT,440.79,448.0,13.85,13.88,13.865,29,731,84,0.2301369863013698,0.98390625,ATM,17.2,0.055919354838709676,0.030948660714285713
2023-08-25,2023-11-17,PUT,440.79,458.0,19.48,20.24,19.86,4,111,84,0.2301369863013698,0.962423580786026,OTM,17.2,0.055919354838709676,0.04336244541484716
2023-08-25,2023-12-15,PUT,440.79,406.0,4.94,4.96,4.95,5,2586,112,0.3068493150684931,1.0856896551724138,ITM,17.2,0.055964516129032256,0.012192118226600986
2023-08-25,2023-12-15,PUT,440.79,405.0,4.82,4.84,4.83,446,21756,112,0.3068493150684931,1.0883703703703702,ITM,17.2,0.055964516129032256,0.011925925925925927
2023-08-25,2023-12-15,PUT,440.79,404.0,4.7,4.72,4.71,120,3882,112,0.3068493150684931,1.0910643564356437,ITM,17.2,0.055964516129032256,0.011658415841584158
2023-08-25,2023-12-15,PUT,440.79,403.0,4.59,4.6,4.595,199,1956,112,0.3068493150684931,1.0937717121588089,ITM,17.2,0.055964516129032256,0.01140198511166253
2023-08-25,2023-11-17,PUT,440.79,446.0,12.9,12.93,12.915,1062,1110,84,0.2301369863013698,0.988318385650224,ATM,17.2,0.055919354838709676,0.028957399103139013
2023-08-25,2023-12-15,PUT,440.79,402.0,4.48,4.49,4.485,162,919,112,0.3068493150684931,1.0964925373134329,ITM,17.2,0.055964516129032256,0.011156716417910448
2023-08-25,2023-10-20,PUT,440.79,449.0,12.45,12.89,12.67,7,365,56,0.1534246575342465,0.9817149220489976,ATM,17.2,0.05534,0.02821826280623608
2023-08-25,2023-10-20,PUT,440.79,451.0,13.56,14.1,13.83,17,144,56,0.1534246575342465,0.977361419068736,ATM,17.2,0.05534,0.03066518847006652
2023-08-25,2023-11-17,PUT,440.79,401.0,3.05,3.07,3.06,63,926,84,0.2301369863013698,1.099226932668329,ITM,17.2,0.055919354838709676,0.007630922693266833
2023-08-25,2023-10-20,PUT,440.79,480.0,38.77,39.81,39.290000000000006,10,29,56,0.1534246575342465,0.9183125,OTM,17.2,0.05534,0.08185416666666669
2023-08-25,2023-10-20,PUT,440.79,456.0,16.9,17.44,17.17,8,6209,56,0.1534246575342465,0.9666447368421052,OTM,17.2,0.05534,0.03765350877192983
2023-08-25,2023-10-20,PUT,440.79,455.0,16.32,16.68,16.5,341,13880,56,0.1534246575342465,0.9687692307692308,OTM,17.2,0.05534,0.03626373626373627
2023-08-25,2023-10-20,PUT,440.79,443.0,9.69,9.72,9.705,279,1100,56,0.1534246575342465,0.9950112866817156,ATM,17.2,0.05534,0.02190744920993228
2023-08-25,2023-10-20,PUT,440.79,442.0,9.28,9.3,9.29,1140,5580,56,0.1534246575342465,0.997262443438914,ATM,17.2,0.05534,0.02101809954751131
2023-08-25,2023-10-20,PUT,440.79,441.0,8.88,8.9,8.89,1169,2102,56,0.1534246575342465,0.9995238095238096,ATM,17.2,0.05534,0.02015873015873016
2023-08-25,2023-10-20,PUT,440.79,440.0,8.5,8.52,8.51,17223,50950,56,0.1534246575342465,1.0017954545454544,ATM,17.2,0.05534,0.01934090909090909
2023-08-25,2023-10-20,PUT,440.79,439.0,8.14,8.16,8.15,2195,1603,56,0.1534246575342465,1.0040774487471524,ATM,17.2,0.05534,0.01856492027334852
2023-08-25,2023-10-20,PUT,440.79,450.0,13.18,13.33,13.255,360,30097,56,0.1534246575342465,0.9795333333333331,ATM,17.2,0.05534,0.029455555555555558
2023-08-25,2023-10-20,PUT,440.79,438.0,7.79,7.81,7.8,4040,4640,56,0.1534246575342465,1.0063698630136986,ATM,17.2,0.05534,0.01780821917808219
2023-08-25,2023-10-20,PUT,440.79,436.0,7.15,7.17,7.16,2882,13620,56,0.1534246575342465,1.01098623853211,ATM,17.2,0.05534,0.016422018348623852
2023-08-25,2023-10-20,PUT,440.79,435.0,6.85,6.87,6.859999999999999,22023,54530,56,0.1534246575342465,1.0133103448275862,ATM,17.2,0.05534,0.015770114942528734
2023-08-25,2023-10-20,PUT,440.79,434.0,6.56,6.59,6.574999999999999,1480,7434,56,0.1534246575342465,1.0156451612903226,ATM,17.2,0.05534,0.015149769585253454
2023-08-25,2023-11-17,PUT,440.79,411.0,4.1,4.12,4.109999999999999,265,2915,84,0.2301369863013698,1.0724817518248175,ITM,17.2,0.055919354838709676,0.009999999999999998
2023-08-25,2023-10-20,PUT,440.79,444.0,10.13,10.16,10.145,475,5616,56,0.1534246575342465,0.9927702702702702,ATM,17.2,0.05534,0.022849099099099098
2023-08-25,2023-10-20,PUT,440.79,445.0,10.6,10.62,10.61,1523,26927,56,0.1534246575342465,0.9905393258426964,ATM,17.2,0.05534,0.023842696629213483
2023-08-25,2023-10-20,PUT,440.79,454.0,15.49,15.96,15.725,8,6112,56,0.1534246575342465,0.9709030837004404,ATM,17.2,0.05534,0.03463656387665198
2023-08-25,2023-10-20,PUT,440.79,453.0,14.82,15.33,15.075,2,13,56,0.1534246575342465,0.973046357615894,ATM,17.2,0.05534,0.033278145695364234
2023-08-25,2023-10-20,PUT,440.79,452.0,14.18,14.73,14.455,32,6431,56,0.1534246575342465,0.9751991150442476,ATM,17.2,0.05534,0.031980088495575223
2023-08-25,2023-10-20,PUT,440.79,437.0,7.46,7.49,7.475,6632,3470,56,0.1534246575342465,1.0086727688787185,ATM,17.2,0.05534,0.017105263157894735
2023-08-25,2023-12-15,PUT,440.79,401.0,4.37,4.39,4.38,673,1084,112,0.3068493150684931,1.099226932668329,ITM,17.2,0.055964516129032256,0.010922693266832918
2023-08-25,2023-11-17,PUT,440.79,470.0,29.29,30.23,29.76,5,723,84,0.2301369863013698,0.9378510638297872,OTM,17.2,0.055919354838709676,0.06331914893617022
2023-08-25,2023-11-17,PUT,440.79,465.0,24.89,25.78,25.335,936,12291,84,0.2301369863013698,0.9479354838709676,OTM,17.2,0.055919354838709676,0.05448387096774194
2023-08-25,2023-11-17,PUT,440.79,434.0,8.53,8.56,8.545,340,4088,84,0.2301369863013698,1.0156451612903226,ATM,17.2,0.055919354838709676,0.0196889400921659
2023-08-25,2023-11-17,PUT,440.79,433.0,8.25,8.28,8.265,196,5311,84,0.2301369863013698,1.0179907621247113,ATM,17.2,0.055919354838709676,0.019087759815242494
2023-08-25,2023-11-17,PUT,440.79,432.0,7.98,8.01,7.995,847,7585,84,0.2301369863013698,1.020347222222222,ATM,17.2,0.055919354838709676,0.018506944444444444
2023-08-25,2023-11-17,PUT,440.79,431.0,7.72,7.75,7.734999999999999,386,10379,84,0.2301369863013698,1.0227146171693735,ATM,17.2,0.055919354838709676,0.017946635730858466
2023-08-25,2023-11-17,PUT,440.79,430.0,7.47,7.49,7.48,6522,18153,84,0.2301369863013698,1.025093023255814,ATM,17.2,0.055919354838709676,0.017395348837209303
2023-08-25,2023-09-15,PUT,440.79,460.0,19.26,19.89,19.575000000000003,44,9618,21,0.0575342465753424,0.9582391304347824,OTM,17.2,0.0556,0.04255434782608696
2023-08-25,2023-09-01,PUT,440.79,425.0,0.21,0.22,0.215,11633,28080,7,0.0191780821917808,1.0371529411764706,ITM,17.2,0.0556,0.0005058823529411764
2023-08-25,2023-09-01,PUT,440.79,424.0,0.19,0.2,0.195,3491,7554,7,0.0191780821917808,1.0395990566037736,ITM,17.2,0.0556,0.0004599056603773585
2023-08-25,2023-09-01,PUT,440.79,423.0,0.17,0.18,0.175,1529,6242,7,0.0191780821917808,1.0420567375886525,ITM,17.2,0.0556,0.0004137115839243499
2023-08-25,2023-11-17,PUT,440.79,435.0,8.82,8.85,8.835,3847,15641,84,0.2301369863013698,1.0133103448275862,ATM,17.2,0.055919354838709676,0.02031034482758621
2023-08-25,2023-09-01,PUT,440.79,422.0,0.15,0.16,0.155,6731,9159,7,0.0191780821917808,1.0445260663507108,ITM,17.2,0.0556,0.0003672985781990521
2023-08-25,2023-09-01,PUT,440.79,420.0,0.12,0.13,0.125,13007,31971,7,0.0191780821917808,1.0495,ITM,17.2,0.0556,0.00029761904761904765
2023-08-25,2023-09-01,PUT,440.79,426.0,0.24,0.25,0.245,5617,6815,7,0.0191780821917808,1.0347183098591548,ITM,17.2,0.0556,0.0005751173708920188
2023-08-25,2023-09-01,PUT,440.79,427.0,0.28,0.29,0.285,4831,3991,7,0.0191780821917808,1.032295081967213,ITM,17.2,0.0556,0.000667447306791569
2023-08-25,2023-09-01,PUT,440.79,436.0,1.36,1.37,1.3650000000000002,19700,13013,7,0.0191780821917808,1.01098623853211,ATM,17.2,0.0556,0.003130733944954129
2023-08-25,2023-09-01,PUT,440.79,435.0,1.14,1.15,1.145,43314,30564,7,0.0191780821917808,1.0133103448275862,ATM,17.2,0.0556,0.002632183908045977
2023-08-25,2023-09-01,PUT,440.79,434.0,0.96,0.97,0.965,10330,8790,7,0.0191780821917808,1.0156451612903226,ATM,17.2,0.0556,0.0022235023041474655
2023-08-25,2023-09-01,PUT,440.79,433.0,0.8,0.81,0.805,14233,5207,7,0.0191780821917808,1.0179907621247113,ATM,17.2,0.0556,0.0018591224018475751
2023-08-25,2023-09-01,PUT,440.79,432.0,0.67,0.68,0.675,23527,12402,7,0.0191780821917808,1.020347222222222,ATM,17.2,0.0556,0.0015625
2023-08-25,2023-09-01,PUT,440.79,431.0,0.56,0.57,0.565,10462,5050,7,0.0191780821917808,1.0227146171693735,ATM,17.2,0.0556,0.0013109048723897912
2023-08-25,2023-09-01,PUT,440.79,421.0,0.13,0.14,0.135,1122,4693,7,0.0191780821917808,1.0470071258907363,ITM,17.2,0.0556,0.00032066508313539194
2023-08-25,2023-11-17,PUT,440.79,436.0,9.13,9.15,9.14,363,4601,84,0.2301369863013698,1.01098623853211,ATM,17.2,0.055919354838709676,0.020963302752293578
2023-08-25,2023-11-17,PUT,440.79,437.0,9.44,9.47,9.455,1212,5969,84,0.2301369863013698,1.0086727688787185,ATM,17.2,0.055919354838709676,0.021636155606407324
2023-08-25,2023-11-17,PUT,440.79,438.0,9.77,9.8,9.785,632,5226,84,0.2301369863013698,1.0063698630136986,ATM,17.2,0.055919354838709676,0.022340182648401825
2023-08-25,2023-11-17,PUT,440.79,464.0,24.05,24.93,24.49,30,4411,84,0.2301369863013698,0.949978448275862,OTM,17.2,0.055919354838709676,0.0527801724137931
2023-08-25,2023-11-17,PUT,440.79,462.0,22.4,23.29,22.845,56,2139,84,0.2301369863013698,0.954090909090909,OTM,17.2,0.055919354838709676,0.04944805194805194
2023-08-25,2023-11-17,PUT,440.79,460.0,20.92,21.72,21.32,70,11807,84,0.2301369863013698,0.9582391304347824,OTM,17.2,0.055919354838709676,0.04634782608695652
2023-08-25,2023-11-17,PUT,440.79,440.0,10.46,10.49,10.475,6181,19066,84,0.2301369863013698,1.0017954545454544,ATM,17.2,0.055919354838709676,0.023806818181818182
2023-08-25,2023-11-17,PUT,440.79,439.0,10.11,10.13,10.12,1606,9632,84,0.2301369863013698,1.0040774487471524,ATM,17.2,0.055919354838709676,0.02305239179954442
2023-08-25,2023-11-17,PUT,440.79,426.0,6.56,6.58,6.57,68,7562,84,0.2301369863013698,1.0347183098591548,ITM,17.2,0.055919354838709676,0.015422535211267607
2023-08-25,2023-11-17,PUT,440.79,425.0,6.35,6.37,6.359999999999999,783,21481,84,0.2301369863013698,1.0371529411764706,ITM,17.2,0.055919354838709676,0.014964705882352939
2023-08-25,2023-11-17,PUT,440.79,424.0,6.15,6.17,6.16,94,7424,84,0.2301369863013698,1.0395990566037736,ITM,17.2,0.055919354838709676,0.014528301886792452
2023-08-25,2023-11-17,PUT,440.79,423.0,5.96,5.98,5.970000000000001,539,3410,84,0.2301369863013698,1.0420567375886525,ITM,17.2,0.055919354838709676,0.014113475177304966
2023-08-25,2023-11-17,PUT,440.79,422.0,5.77,5.79,5.779999999999999,543,1679,84,0.2301369863013698,1.0445260663507108,ITM,17.2,0.055919354838709676,0.013696682464454974
2023-08-25,2023-11-17,PUT,440.79,421.0,5.59,5.61,5.6,274,1688,84,0.2301369863013698,1.0470071258907363,ITM,17.2,0.055919354838709676,0.01330166270783848
2023-08-25,2023-11-17,PUT,440.79,420.0,5.42,5.43,5.425,1436,21141,84,0.2301369863013698,1.0495,ITM,17.2,0.055919354838709676,0.012916666666666667
2023-08-25,2023-11-17,PUT,440.79,419.0,5.25,5.27,5.26,368,2246,84,0.2301369863013698,1.0520047732696896,ITM,17.2,0.055919354838709676,0.012553699284009547
2023-08-25,2023-11-17,PUT,440.79,418.0,5.09,5.1,5.095,46,2469,84,0.2301369863013698,1.0545215311004783,ITM,17.2,0.055919354838709676,0.012188995215311004
2023-08-25,2023-11-17,PUT,440.79,417.0,4.93,4.95,4.94,153,3275,84,0.2301369863013698,1.05705035971223,ITM,17.2,0.055919354838709676,0.01184652278177458
2023-08-25,2023-11-17,PUT,440.79,416.0,4.78,4.8,4.79,385,1885,84,0.2301369863013698,1.059591346153846,ITM,17.2,0.055919354838709676,0.011514423076923077
2023-08-25,2023-11-17,PUT,440.79,415.0,4.63,4.65,4.640000000000001,960,9697,84,0.2301369863013698,1.0621445783132528,ITM,17.2,0.055919354838709676,0.011180722891566266
2023-08-25,2023-11-17,PUT,440.79,427.0,6.77,6.8,6.785,170,3652,84,0.2301369863013698,1.032295081967213,ITM,17.2,0.055919354838709676,0.01588992974238876
2023-08-25,2023-11-17,PUT,440.79,413.0,4.36,4.38,4.37,434,3950,84,0.2301369863013698,1.0672881355932202,ITM,17.2,0.055919354838709676,0.010581113801452784
2023-08-25,2023-11-17,PUT,440.79,428.0,7.0,7.02,7.01,675,1240,84,0.2301369863013698,1.0298831775700934,ATM,17.2,0.055919354838709676,0.016378504672897195
2023-08-25,2023-11-17,PUT,440.79,429.0,7.23,7.25,7.24,63,4702,84,0.2301369863013698,1.0274825174825173,ATM,17.2,0.055919354838709676,0.016876456876456877
2023-08-25,2023-11-17,PUT,440.79,402.0,3.14,3.16,3.1500000000000004,198,9539,84,0.2301369863013698,1.0964925373134329,ITM,17.2,0.055919354838709676,0.00783582089552239
2023-08-25,2023-11-17,PUT,440.79,403.0,3.23,3.25,3.24,91,3985,84,0.2301369863013698,1.0937717121588089,ITM,17.2,0.055919354838709676,0.008039702233250621
2023-08-25,2023-11-17,PUT,440.79,404.0,3.33,3.34,3.335,92,1928,84,0.2301369863013698,1.0910643564356437,ITM,17.2,0.055919354838709676,0.008254950495049505
2023-08-25,2023-11-17,PUT,440.79,405.0,3.43,3.44,3.435,479,9780,84,0.2301369863013698,1.0883703703703702,ITM,17.2,0.055919354838709676,0.008481481481481482
2023-08-25,2023-12-15,PUT,440.79,412.0,5.75,5.76,5.755,137,1858,112,0.3068493150684931,1.069878640776699,ITM,17.2,0.055964516129032256,0.013968446601941747
2023-08-25,2023-12-15,PUT,440.79,411.0,5.59,5.61,5.6,81,1304,112,0.3068493150684931,1.0724817518248175,ITM,17.2,0.055964516129032256,0.01362530413625304
2023-08-25,2023-12-15,PUT,440.79,410.0,5.46,5.48,5.470000000000001,777,42754,112,0.3068493150684931,1.0750975609756095,ITM,17.2,0.055964516129032256,0.013341463414634148
2023-08-25,2023-12-15,PUT,440.79,426.0,8.26,8.29,8.274999999999999,232,1064,112,0.3068493150684931,1.0347183098591548,ITM,17.2,0.055964516129032256,0.01942488262910798
2023-08-25,2023-12-15,PUT,440.79,438.0,11.49,11.52,11.505,1878,3075,112,0.3068493150684931,1.0063698630136986,ATM,17.2,0.055964516129032256,0.026267123287671234
2023-08-25,2023-12-15,PUT,440.79,437.0,11.17,11.2,11.185,425,3451,112,0.3068493150684931,1.0086727688787185,ATM,17.2,0.055964516129032256,0.02559496567505721
2023-08-25,2023-12-15,PUT,440.79,436.0,10.86,10.89,10.875,365,2505,112,0.3068493150684931,1.01098623853211,ATM,17.2,0.055964516129032256,0.024942660550458715
2023-08-25,2023-12-15,PUT,440.79,435.0,10.56,10.59,10.575,799,27098,112,0.3068493150684931,1.0133103448275862,ATM,17.2,0.055964516129032256,0.024310344827586206
2023-08-25,2023-12-15,PUT,440.79,434.0,10.27,10.3,10.285,252,22083,112,0.3068493150684931,1.0156451612903226,ATM,17.2,0.055964516129032256,0.02369815668202765
2023-08-25,2023-12-15,PUT,440.79,413.0,5.89,5.91,5.9,617,1419,112,0.3068493150684931,1.0672881355932202,ITM,17.2,0.055964516129032256,0.014285714285714287
2023-08-25,2023-12-15,PUT,440.79,433.0,9.99,10.02,10.005,189,4949,112,0.3068493150684931,1.0179907621247113,ATM,17.2,0.055964516129032256,0.023106235565819862
2023-08-25,2023-12-15,PUT,440.79,431.0,9.46,9.48,9.47,449,2412,112,0.3068493150684931,1.0227146171693735,ATM,17.2,0.055964516129032256,0.021972157772621813
2023-08-25,2023-12-15,PUT,440.79,430.0,9.2,9.23,9.215,1189,44260,112,0.3068493150684931,1.025093023255814,ATM,17.2,0.055964516129032256,0.021430232558139535
2023-08-25,2023-12-15,PUT,440.79,429.0,8.96,8.99,8.975000000000001,56,1326,112,0.3068493150684931,1.0274825174825173,ATM,17.2,0.055964516129032256,0.020920745920745925
2023-08-25,2023-12-15,PUT,440.79,428.0,8.72,8.74,8.73,146,1979,112,0.3068493150684931,1.0298831775700934,ATM,17.2,0.055964516129032256,0.020397196261682245
2023-08-25,2023-12-15,PUT,440.79,427.0,8.49,8.51,8.5,3,1780,112,0.3068493150684931,1.032295081967213,ITM,17.2,0.055964516129032256,0.01990632318501171
2023-08-25,2023-12-15,PUT,440.79,465.0,25.45,26.51,25.98,6,2068,112,0.3068493150684931,0.9479354838709676,OTM,17.2,0.055964516129032256,0.055870967741935486
2023-08-25,2023-12-15,PUT,440.79,466.0,26.24,27.31,26.775,2,486,112,0.3068493150684931,0.945901287553648,OTM,17.2,0.055964516129032256,0.057457081545064376
2023-08-25,2023-09-01,PUT,238.33,262.5,24.4,24.55,24.475,632,190,7,0.0191780821917808,0.9079238095238096,OTM,17.2,0.0556,0.09323809523809524
2023-08-25,2023-09-01,PUT,238.33,260.0,22.05,22.15,22.1,2043,2121,7,0.0191780821917808,0.916653846153846,OTM,17.2,0.0556,0.085
2023-08-25,2023-12-15,PUT,440.79,432.0,9.72,9.75,9.735,108,3870,112,0.3068493150684931,1.020347222222222,ATM,17.2,0.055964516129032256,0.02253472222222222
2023-08-25,2023-12-15,PUT,440.79,414.0,6.04,6.06,6.05,409,3769,112,0.3068493150684931,1.0647101449275362,ITM,17.2,0.055964516129032256,0.014613526570048309
2023-08-25,2023-12-15,PUT,440.79,415.0,6.19,6.22,6.205,1165,14072,112,0.3068493150684931,1.0621445783132528,ITM,17.2,0.055964516129032256,0.014951807228915663
2023-08-25,2023-12-15,PUT,440.79,416.0,6.36,6.38,6.37,85,2088,112,0.3068493150684931,1.059591346153846,ITM,17.2,0.055964516129032256,0.0153125
2023-08-25,2023-12-15,PUT,440.79,442.0,12.89,12.92,12.905,146,5914,112,0.3068493150684931,0.997262443438914,ATM,17.2,0.055964516129032256,0.029196832579185518
2023-08-25,2023-12-15,PUT,440.79,441.0,12.52,12.55,12.535,257,3712,112,0.3068493150684931,0.9995238095238096,ATM,17.2,0.055964516129032256,0.02842403628117914
2023-08-25,2023-12-15,PUT,440.79,450.0,16.24,16.4,16.32,542,23592,112,0.3068493150684931,0.9795333333333331,ATM,17.2,0.055964516129032256,0.03626666666666667
2023-08-25,2023-12-15,PUT,440.79,451.0,16.72,16.92,16.82,1011,1888,112,0.3068493150684931,0.977361419068736,ATM,17.2,0.055964516129032256,0.03729490022172949
2023-08-25,2023-12-15,PUT,440.79,464.0,24.68,25.72,25.2,2,391,112,0.3068493150684931,0.949978448275862,OTM,17.2,0.055964516129032256,0.054310344827586204
2023-08-25,2023-12-15,PUT,440.79,463.0,23.92,24.95,24.435,52,871,112,0.3068493150684931,0.9520302375809936,OTM,17.2,0.055964516129032256,0.052775377969762415
2023-08-25,2023-12-15,PUT,440.79,456.0,19.25,19.85,19.55,12,1343,112,0.3068493150684931,0.9666447368421052,OTM,17.2,0.055964516129032256,0.04287280701754386
2023-08-25,2023-12-15,PUT,440.79,455.0,18.68,19.22,18.95,54,2031,112,0.3068493150684931,0.9687692307692308,OTM,17.2,0.055964516129032256,0.04164835164835164
2023-08-25,2023-12-15,PUT,440.79,454.0,18.12,18.63,18.375,7,2686,112,0.3068493150684931,0.9709030837004404,ATM,17.2,0.055964516129032256,0.04047356828193833
2023-08-25,2023-12-15,PUT,440.79,452.0,17.05,17.64,17.345,2,2051,112,0.3068493150684931,0.9751991150442476,ATM,17.2,0.055964516129032256,0.038373893805309735
2023-08-25,2023-12-15,PUT,440.79,440.0,12.17,12.19,12.18,2303,13842,112,0.3068493150684931,1.0017954545454544,ATM,17.2,0.055964516129032256,0.027681818181818182
2023-08-25,2023-12-15,PUT,440.79,439.0,11.82,11.86,11.84,237,3164,112,0.3068493150684931,1.0040774487471524,ATM,17.2,0.055964516129032256,0.026970387243735763
2023-08-25,2023-12-15,PUT,440.79,425.0,8.04,8.07,8.055,2732,32033,112,0.3068493150684931,1.0371529411764706,ITM,17.2,0.055964516129032256,0.01895294117647059
2023-08-25,2023-12-15,PUT,440.79,424.0,7.83,7.86,7.845000000000001,760,21623,112,0.3068493150684931,1.0395990566037736,ITM,17.2,0.055964516129032256,0.01850235849056604
2023-08-25,2023-12-15,PUT,440.79,423.0,7.63,7.65,7.640000000000001,347,590,112,0.3068493150684931,1.0420567375886525,ITM,17.2,0.055964516129032256,0.01806146572104019
2023-08-25,2023-12-15,PUT,440.79,422.0,7.43,7.45,7.439999999999999,173,978,112,0.3068493150684931,1.0445260663507108,ITM,17.2,0.055964516129032256,0.0176303317535545
2023-08-25,2023-12-15,PUT,440.79,421.0,7.24,7.26,7.25,194,3787,112,0.3068493150684931,1.0470071258907363,ITM,17.2,0.055964516129032256,0.0172209026128266
2023-08-25,2023-12-15,PUT,440.79,420.0,7.05,7.07,7.0600000000000005,2432,27398,112,0.3068493150684931,1.0495,ITM,17.2,0.055964516129032256,0.016809523809523812
2023-08-25,2023-12-15,PUT,440.79,419.0,6.87,6.89,6.88,364,994,112,0.3068493150684931,1.0520047732696896,ITM,17.2,0.055964516129032256,0.016420047732696896
2023-08-25,2023-12-15,PUT,440.79,418.0,6.69,6.71,6.7,275,1838,112,0.3068493150684931,1.0545215311004783,ITM,17.2,0.055964516129032256,0.01602870813397129
2023-08-25,2023-12-15,PUT,440.79,417.0,6.52,6.54,6.529999999999999,190,1802,112,0.3068493150684931,1.05705035971223,ITM,17.2,0.055964516129032256,0.015659472422062348
2023-08-25,2023-09-01,PUT,238.33,257.5,19.75,19.85,19.8,427,200,7,0.0191780821917808,0.9255533980582524,OTM,17.2,0.0556,0.07689320388349515
2023-08-25,2023-12-15,PUT,440.79,444.0,13.66,13.69,13.675,274,3009,112,0.3068493150684931,0.9927702702702702,ATM,17.2,0.055964516129032256,0.03079954954954955
2023-08-25,2023-09-01,PUT,238.33,255.0,17.45,17.6,17.525,769,1177,7,0.0191780821917808,0.934627450980392,OTM,17.2,0.0556,0.06872549019607843
2023-08-25,2023-09-01,PUT,238.33,250.0,13.2,13.3,13.25,2386,2832,7,0.0191780821917808,0.95332,OTM,17.2,0.0556,0.053
2023-08-25,2023-09-01,PUT,238.33,225.0,1.39,1.41,1.4,31645,6958,7,0.0191780821917808,1.0592444444444444,ITM,17.2,0.0556,0.006222222222222222
2023-08-25,2023-09-01,PUT,238.33,222.5,1.03,1.05,1.04,8836,2827,7,0.0191780821917808,1.0711460674157305,ITM,17.2,0.0556,0.004674157303370787
2023-08-25,2023-09-01,PUT,238.33,220.0,0.75,0.77,0.76,22857,7119,7,0.0191780821917808,1.0833181818181818,ITM,17.2,0.0556,0.0034545454545454545
2023-08-25,2023-09-01,PUT,238.33,217.5,0.55,0.56,0.555,11304,12255,7,0.0191780821917808,1.0957701149425287,ITM,17.2,0.0556,0.0025517241379310347
2023-08-25,2023-10-20,PUT,440.79,433.0,6.29,6.31,6.3,1238,6156,56,0.1534246575342465,1.0179907621247113,ATM,17.2,0.05534,0.014549653579676674
2023-08-25,2023-12-15,PUT,440.79,409.0,5.32,5.34,5.33,7,2372,112,0.3068493150684931,1.077726161369193,ITM,17.2,0.055964516129032256,0.013031784841075795
2023-08-25,2023-12-15,PUT,440.79,407.0,5.06,5.08,5.07,244,1181,112,0.3068493150684931,1.083022113022113,ITM,17.2,0.055964516129032256,0.012457002457002458
2023-08-25,2023-10-20,PUT,440.79,470.0,29.01,30.0,29.505000000000003,46,248,56,0.1534246575342465,0.9378510638297872,OTM,17.2,0.05534,0.06277659574468086
2023-08-25,2023-10-20,PUT,440.79,465.0,24.33,25.29,24.81,2,4334,56,0.1534246575342465,0.9479354838709676,OTM,17.2,0.05534,0.053354838709677416
2023-08-25,2023-09-01,PUT,238.33,227.5,1.85,1.88,1.865,12121,4293,7,0.0191780821917808,1.0476043956043954,ITM,17.2,0.0556,0.008197802197802197
2023-08-25,2023-10-20,PUT,440.79,464.0,23.45,24.37,23.91,2,2157,56,0.1534246575342465,0.949978448275862,OTM,17.2,0.05534,0.0515301724137931
2023-08-25,2023-10-20,PUT,440.79,458.0,18.41,19.23,18.82,584,7384,56,0.1534246575342465,0.962423580786026,OTM,17.2,0.05534,0.04109170305676856
2023-08-25,2023-10-20,PUT,440.79,457.0,17.64,18.44,18.04,1,245,56,0.1534246575342465,0.9645295404814004,OTM,17.2,0.05534,0.03947483588621444
2023-08-25,2023-10-20,PUT,440.79,462.0,21.7,22.59,22.145,1,3400,56,0.1534246575342465,0.954090909090909,OTM,17.2,0.05534,0.04793290043290043
2023-08-25,2023-10-20,PUT,440.79,472.0,30.92,31.94,31.43,1,2,56,0.1534246575342465,0.9338771186440676,OTM,17.2,0.05534,0.06658898305084746
2023-08-25,2023-11-17,PUT,440.79,410.0,3.98,4.0,3.99,1134,19042,84,0.2301369863013698,1.0750975609756095,ITM,17.2,0.055919354838709676,0.00973170731707317
2023-08-25,2023-11-17,PUT,440.79,409.0,3.86,3.88,3.87,92,6809,84,0.2301369863013698,1.077726161369193,ITM,17.2,0.055919354838709676,0.009462102689486553
2023-08-25,2023-11-17,PUT,440.79,408.0,3.75,3.76,3.755,246,5404,84,0.2301369863013698,1.0803676470588237,ITM,17.2,0.055919354838709676,0.00920343137254902
2023-08-25,2023-11-17,PUT,440.79,407.0,3.64,3.65,3.645,126,10719,84,0.2301369863013698,1.083022113022113,ITM,17.2,0.055919354838709676,0.008955773955773955
2023-08-25,2023-11-17,PUT,440.79,406.0,3.53,3.55,3.54,358,1446,84,0.2301369863013698,1.0856896551724138,ITM,17.2,0.055919354838709676,0.008719211822660099
2023-08-25,2023-10-20,PUT,440.79,460.0,20.01,20.87,20.44,393,13085,56,0.1534246575342465,0.9582391304347824,OTM,17.2,0.05534,0.044434782608695655
2023-08-25,2023-09-01,PUT,238.33,230.0,2.45,2.47,2.46,46837,6987,7,0.0191780821917808,1.0362173913043478,ITM,17.2,0.0556,0.010695652173913044
2023-08-25,2023-09-01,PUT,238.33,232.5,3.15,3.2,3.175,19751,4315,7,0.0191780821917808,1.0250752688172042,ATM,17.2,0.0556,0.013655913978494623
2023-08-25,2023-09-01,PUT,238.33,235.0,4.05,4.1,4.074999999999999,24241,4748,7,0.0191780821917808,1.014170212765957,ATM,17.2,0.0556,0.01734042553191489
2023-08-25,2023-09-01,PUT,238.33,247.5,11.25,11.35,11.3,919,480,7,0.0191780821917808,0.9629494949494948,OTM,17.2,0.0556,0.04565656565656566
2023-08-25,2023-09-01,PUT,238.33,245.0,9.45,9.55,9.5,2517,1656,7,0.0191780821917808,0.9727755102040816,ATM,17.2,0.0556,0.03877551020408163
2023-08-25,2023-09-01,PUT,238.33,242.5,7.85,7.95,7.9,2563,1520,7,0.0191780821917808,0.9828041237113402,ATM,17.2,0.0556,0.03257731958762887
2023-08-25,2023-09-01,PUT,238.33,252.5,15.3,15.4,15.35,550,321,7,0.0191780821917808,0.9438811881188118,OTM,17.2,0.0556,0.06079207920792079
2023-08-25,2023-09-08,PUT,238.33,220.0,1.94,1.96,1.95,3063,2860,14,0.0383561643835616,1.0833181818181818,ITM,17.2,0.0556,0.008863636363636363
2023-08-25,2023-09-08,PUT,238.33,245.0,11.35,11.45,11.4,1283,2411,14,0.0383561643835616,0.9727755102040816,ATM,17.2,0.0556,0.04653061224489796
2023-08-25,2023-09-08,PUT,238.33,242.5,9.85,9.95,9.9,875,128,14,0.0383561643835616,0.9828041237113402,ATM,17.2,0.0556,0.04082474226804124
2023-08-25,2023-09-08,PUT,238.33,240.0,8.5,8.55,8.525,1246,1834,14,0.0383561643835616,0.9930416666666666,ATM,17.2,0.0556,0.035520833333333335
2023-08-25,2023-09-08,PUT,238.33,237.5,7.25,7.3,7.275,3646,341,14,0.0383561643835616,1.0034947368421052,ATM,17.2,0.0556,0.030631578947368423
2023-08-25,2023-09-08,PUT,238.33,235.0,6.15,6.2,6.175000000000001,4983,1479,14,0.0383561643835616,1.014170212765957,ATM,17.2,0.0556,0.026276595744680855
2023-08-25,2023-09-08,PUT,238.33,232.5,5.15,5.2,5.175000000000001,1885,1279,14,0.0383561643835616,1.0250752688172042,ATM,17.2,0.0556,0.022258064516129036
2023-08-25,2023-09-08,PUT,238.33,230.0,4.3,4.35,4.324999999999999,5218,3144,14,0.0383561643835616,1.0362173913043478,ITM,17.2,0.0556,0.018804347826086955
2023-08-25,2023-09-08,PUT,238.33,227.5,3.55,3.6,3.575,1959,798,14,0.0383561643835616,1.0476043956043954,ITM,17.2,0.0556,0.015714285714285715
2023-08-25,2023-09-08,PUT,238.33,225.0,2.94,2.96,2.95,2395,2531,14,0.0383561643835616,1.0592444444444444,ITM,17.2,0.0556,0.013111111111111112
2023-08-25,2023-09-08,PUT,238.33,222.5,2.4,2.42,2.41,740,1124,14,0.0383561643835616,1.0711460674157305,ITM,17.2,0.0556,0.010831460674157304
2023-08-25,2023-09-01,PUT,238.33,240.0,6.4,6.45,6.425000000000001,9648,4283,7,0.0191780821917808,0.9930416666666666,ATM,17.2,0.0556,0.026770833333333337
2023-08-25,2023-09-01,PUT,238.33,237.5,5.15,5.2,5.175000000000001,14408,3590,7,0.0191780821917808,1.0034947368421052,ATM,17.2,0.0556,0.02178947368421053
2023-08-25,2023-12-15,PUT,440.79,478.0,36.91,38.06,37.485,1,1,112,0.3068493150684931,0.9221548117154812,OTM,17.2,0.055964516129032256,0.0784205020920502
2023-08-25,2023-12-15,PUT,440.79,475.0,34.09,35.23,34.66,3,2143,112,0.3068493150684931,0.927978947368421,OTM,17.2,0.055964516129032256,0.07296842105263157
2023-08-25,2023-12-15,PUT,440.79,470.0,29.58,30.7,30.14,11,828,112,0.3068493150684931,0.9378510638297872,OTM,17.2,0.055964516129032256,0.06412765957446809
2023-08-25,2023-12-15,PUT,440.79,468.0,27.88,28.98,28.43,1014,2100,112,0.3068493150684931,0.9418589743589744,OTM,17.2,0.055964516129032256,0.06074786324786325
2023-08-25,2023-09-08,PUT,238.33,217.5,1.56,1.58,1.57,843,506,14,0.0383561643835616,1.0957701149425287,ITM,17.2,0.0556,0.007218390804597702
2023-08-25,2023-08-29,PUT,4413.905,4100.0,0.2,0.25,0.225,52,523,4,0.010958904109589,1.076562195121951,ITM,17.2,0.0556,5.4878048780487806e-05
2023-08-25,2023-08-29,PUT,4413.905,4090.0,0.2,0.25,0.225,4,137,4,0.010958904109589,1.0791943765281171,ITM,17.2,0.0556,5.501222493887531e-05
2023-08-25,2023-08-29,PUT,4413.905,4075.0,0.2,0.25,0.225,1332,154,4,0.010958904109589,1.083166871165644,ITM,17.2,0.0556,5.521472392638037e-05
2023-08-25,2023-09-15,PUT,4413.905,4110.0,4.8,5.0,4.9,114,997,21,0.0575342465753424,1.073942822384428,ITM,17.2,0.0556,0.0011922141119221413
2023-08-25,2023-09-15,PUT,4413.905,4100.0,4.5,4.7,4.6,4446,38139,21,0.0575342465753424,1.076562195121951,ITM,17.2,0.0556,0.001121951219512195
2023-08-25,2023-09-22,PUT,238.33,240.0,12.2,12.3,12.25,344,705,28,0.0767123287671232,0.9930416666666666,ATM,17.2,0.0556,0.051041666666666666
2023-08-25,2023-09-22,PUT,238.33,235.0,9.85,9.95,9.9,271,1334,28,0.0767123287671232,1.014170212765957,ATM,17.2,0.0556,0.04212765957446809
2023-08-25,2023-09-22,PUT,238.33,230.0,7.8,7.9,7.85,1280,3547,28,0.0767123287671232,1.0362173913043478,ITM,17.2,0.0556,0.034130434782608694
2023-08-25,2023-09-22,PUT,238.33,225.0,6.15,6.2,6.175000000000001,943,1393,28,0.0767123287671232,1.0592444444444444,ITM,17.2,0.0556,0.02744444444444445
2023-08-25,2023-09-22,PUT,238.33,220.0,4.75,4.8,4.775,1190,1368,28,0.0767123287671232,1.0833181818181818,ITM,17.2,0.0556,0.021704545454545456
2023-08-25,2023-09-15,PUT,238.33,260.0,24.1,24.2,24.15,427,14281,21,0.0575342465753424,0.916653846153846,OTM,17.2,0.0556,0.09288461538461538
2023-08-25,2023-09-15,PUT,238.33,258.33,22.75,22.85,22.8,44,3325,21,0.0575342465753424,0.922579646188983,OTM,17.2,0.0556,0.08825920334455929
2023-08-25,2023-09-15,PUT,4413.905,4475.0,78.6,79.4,79.0,15,14415,21,0.0575342465753424,0.9863474860335196,ATM,17.2,0.0556,0.0176536312849162
2023-08-25,2023-09-15,PUT,238.33,255.0,20.15,20.25,20.2,144,5532,21,0.0575342465753424,0.934627450980392,OTM,17.2,0.0556,0.0792156862745098
2023-08-25,2023-09-22,PUT,238.33,245.0,14.95,15.05,15.0,78,286,28,0.0767123287671232,0.9727755102040816,ATM,17.2,0.0556,0.061224489795918366
2023-08-25,2023-09-22,PUT,238.33,250.0,18.05,18.15,18.1,71,1141,28,0.0767123287671232,0.95332,OTM,17.2,0.0556,0.0724
2023-08-25,2023-09-29,PUT,238.33,250.0,19.35,19.5,19.425,217,989,35,0.0958904109589041,0.95332,OTM,17.2,0.055549999999999995,0.0777
2023-08-25,2023-09-29,PUT,238.33,245.0,16.35,16.45,16.4,166,373,35,0.0958904109589041,0.9727755102040816,ATM,17.2,0.055549999999999995,0.06693877551020408
2023-08-25,2023-09-29,PUT,238.33,240.0,13.65,13.75,13.7,196,641,35,0.0958904109589041,0.9930416666666666,ATM,17.2,0.055549999999999995,0.05708333333333333
2023-08-25,2023-09-29,PUT,238.33,235.0,11.25,11.35,11.3,359,964,35,0.0958904109589041,1.014170212765957,ATM,17.2,0.055549999999999995,0.04808510638297873
2023-08-25,2023-09-29,PUT,238.33,230.0,9.2,9.3,9.25,1516,1354,35,0.0958904109589041,1.0362173913043478,ITM,17.2,0.055549999999999995,0.04021739130434782
2023-08-25,2023-09-29,PUT,238.33,225.0,7.4,7.5,7.45,279,1740,35,0.0958904109589041,1.0592444444444444,ITM,17.2,0.055549999999999995,0.03311111111111111
2023-08-25,2023-09-29,PUT,238.33,220.0,5.9,6.0,5.95,1603,1619,35,0.0958904109589041,1.0833181818181818,ITM,17.2,0.055549999999999995,0.027045454545454546
2023-08-25,2023-09-15,PUT,238.33,253.33,18.9,19.0,18.95,44,2707,21,0.0575342465753424,0.9407886945880866,OTM,17.2,0.0556,0.07480361583705047
2023-08-25,2023-09-22,PUT,238.33,260.0,25.1,25.85,25.475,289,1900,28,0.0767123287671232,0.916653846153846,OTM,17.2,0.0556,0.09798076923076923
2023-08-25,2023-09-15,PUT,4413.905,4480.0,81.7,82.6,82.15,49,13780,21,0.0575342465753424,0.9852466517857142,ATM,17.2,0.0556,0.018337053571428574
2023-08-25,2023-09-15,PUT,4413.905,4490.0,88.1,89.0,88.55,3,10885,21,0.0575342465753424,0.9830523385300668,ATM,17.2,0.0556,0.019721603563474386
2023-08-25,2023-09-15,PUT,4413.905,4600.0,174.6,184.1,179.35,9,44704,21,0.0575342465753424,0.9595445652173912,OTM,17.2,0.0556,0.03898913043478261
2023-08-25,2023-09-15,PUT,4413.905,4530.0,115.0,120.4,117.7,1,9434,21,0.0575342465753424,0.9743719646799116,ATM,17.2,0.0556,0.02598233995584989
2023-08-25,2023-09-15,PUT,4413.905,4525.0,110.7,116.4,113.55,3,8044,21,0.0575342465753424,0.9754486187845304,ATM,17.2,0.0556,0.025093922651933703
2023-08-25,2023-09-15,PUT,4413.905,4460.0,69.9,70.7,70.30000000000001,5,7675,21,0.0575342465753424,0.989664798206278,ATM,17.2,0.0556,0.015762331838565024
2023-08-25,2023-09-15,PUT,4413.905,4455.0,67.2,68.0,67.6,7,8982,21,0.0575342465753424,0.9907755331088663,ATM,17.2,0.0556,0.015173961840628506
2023-08-25,2023-09-15,PUT,4413.905,4450.0,64.6,65.4,65.0,1223,51599,21,0.0575342465753424,0.9918887640449436,ATM,17.2,0.0556,0.014606741573033709
2023-08-25,2023-09-15,PUT,4413.905,4445.0,62.1,62.9,62.5,4,8611,21,0.0575342465753424,0.9930044994375704,ATM,17.2,0.0556,0.0140607424071991
2023-08-25,2023-09-15,PUT,4413.905,4440.0,59.6,60.4,60.0,7,8932,21,0.0575342465753424,0.9941227477477476,ATM,17.2,0.0556,0.013513513513513514
2023-08-25,2023-09-15,PUT,4413.905,4435.0,57.3,58.0,57.65,5,10597,21,0.0575342465753424,0.9952435174746336,ATM,17.2,0.0556,0.012998872604284104
2023-08-25,2023-09-15,PUT,4413.905,4485.0,84.8,85.8,85.3,2,14028,21,0.0575342465753424,0.9841482720178372,ATM,17.2,0.0556,0.019018952062430323
2023-08-25,2023-09-15,PUT,4413.905,4430.0,55.0,55.8,55.4,65,10094,21,0.0575342465753424,0.996366817155756,ATM,17.2,0.0556,0.012505643340857787
2023-08-25,2023-09-15,PUT,4413.905,4420.0,50.7,51.5,51.1,3819,12942,21,0.0575342465753424,0.9986210407239818,ATM,17.2,0.0556,0.011561085972850679
2023-08-25,2023-09-15,PUT,4413.905,4415.0,48.7,49.4,49.05,3142,15136,21,0.0575342465753424,0.9997519818799546,ATM,17.2,0.0556,0.011109852774631937
2023-08-25,2023-09-15,PUT,4413.905,4410.0,46.9,47.4,47.15,1550,13200,21,0.0575342465753424,1.0008854875283446,ATM,17.2,0.0556,0.010691609977324263
2023-08-25,2023-09-15,PUT,4413.905,4465.0,72.7,73.5,73.1,10,8829,21,0.0575342465753424,0.9885565509518476,ATM,17.2,0.0556,0.01637178051511758
2023-08-25,2023-09-15,PUT,4413.905,4470.0,75.6,76.5,76.05,35,7110,21,0.0575342465753424,0.9874507829977628,ATM,17.2,0.0556,0.017013422818791944
2023-08-25,2023-09-15,PUT,4413.905,4520.0,106.2,113.7,109.95,2,6850,21,0.0575342465753424,0.9765276548672566,ATM,17.2,0.0556,0.024325221238938054
2023-08-25,2023-09-15,PUT,4413.905,4510.0,99.4,105.1,102.25,299,7257,21,0.0575342465753424,0.9786929046563192,ATM,17.2,0.0556,0.022671840354767183
2023-08-25,2023-09-15,PUT,4413.905,4505.0,95.1,102.6,98.85,4,7695,21,0.0575342465753424,0.9797791342952274,ATM,17.2,0.0556,0.021942286348501663
2023-08-25,2023-09-15,PUT,4413.905,4500.0,92.8,97.7,95.25,33,53706,21,0.0575342465753424,0.9808677777777776,ATM,17.2,0.0556,0.021166666666666667
2023-08-25,2023-09-15,PUT,4413.905,4425.0,52.8,53.6,53.2,2805,16259,21,0.0575342465753424,0.9974926553672316,ATM,17.2,0.0556,0.012022598870056498
2023-08-25,2023-09-22,PUT,238.33,255.0,21.4,22.05,21.725,37,1579,28,0.0767123287671232,0.934627450980392,OTM,17.2,0.0556,0.08519607843137256
2023-08-25,2023-09-15,PUT,238.33,250.0,16.5,16.6,16.55,491,26250,21,0.0575342465753424,0.95332,OTM,17.2,0.0556,0.06620000000000001
2023-08-25,2023-09-15,PUT,238.33,246.67,14.35,14.4,14.375,274,2980,21,0.0575342465753424,0.9661896460858636,OTM,17.2,0.0556,0.05827623951027689
2023-08-25,2023-12-15,PUT,238.33,235.0,22.65,22.75,22.7,335,3445,112,0.3068493150684931,1.014170212765957,ATM,17.2,0.055964516129032256,0.09659574468085107
2023-08-25,2023-12-15,PUT,238.33,230.0,20.35,20.45,20.4,462,5786,112,0.3068493150684931,1.0362173913043478,ITM,17.2,0.055964516129032256,0.08869565217391304
2023-08-25,2023-12-15,PUT,238.33,225.0,18.25,18.35,18.3,188,4491,112,0.3068493150684931,1.0592444444444444,ITM,17.2,0.055964516129032256,0.08133333333333334
2023-08-25,2023-12-15,PUT,238.33,220.0,16.25,16.35,16.3,234,16875,112,0.3068493150684931,1.0833181818181818,ITM,17.2,0.055964516129032256,0.0740909090909091
2023-08-25,2023-11-17,PUT,238.33,260.0,34.05,34.75,34.4,23,1769,84,0.2301369863013698,0.916653846153846,OTM,17.2,0.055919354838709676,0.1323076923076923
2023-08-25,2023-11-17,PUT,238.33,255.0,30.6,31.2,30.9,7239,4518,84,0.2301369863013698,0.934627450980392,OTM,17.2,0.055919354838709676,0.12117647058823529
2023-08-25,2023-11-17,PUT,238.33,250.0,28.0,28.1,28.05,581,7012,84,0.2301369863013698,0.95332,OTM,17.2,0.055919354838709676,0.11220000000000001
2023-08-25,2023-12-15,PUT,238.33,250.0,30.55,30.65,30.6,292,7477,112,0.3068493150684931,0.95332,OTM,17.2,0.055964516129032256,0.12240000000000001
2023-08-25,2023-12-15,PUT,238.33,255.0,33.5,33.6,33.55,90,1127,112,0.3068493150684931,0.934627450980392,OTM,17.2,0.055964516129032256,0.13156862745098039
2023-08-25,2023-12-15,PUT,238.33,240.0,25.1,25.25,25.175,320,9992,112,0.3068493150684931,0.9930416666666666,ATM,17.2,0.055964516129032256,0.10489583333333334
2023-08-25,2023-09-15,PUT,4413.905,4095.0,4.4,4.6,4.5,1,1004,21,0.0575342465753424,1.0778766788766787,ITM,17.2,0.0556,0.001098901098901099
2023-08-25,2023-09-15,PUT,4413.905,4085.0,4.2,4.4,4.300000000000001,6,2265,21,0.0575342465753424,1.0805152998776009,ITM,17.2,0.0556,0.0010526315789473686
2023-08-25,2023-09-15,PUT,4413.905,4080.0,4.1,4.2,4.15,6,498,21,0.0575342465753424,1.0818394607843136,ITM,17.2,0.0556,0.0010171568627450982
2023-08-25,2023-09-15,PUT,4413.905,4075.0,4.0,4.1,4.05,105,7537,21,0.0575342465753424,1.083166871165644,ITM,17.2,0.0556,0.0009938650306748466
2023-08-25,2023-09-15,PUT,4413.905,4070.0,3.9,4.0,3.95,30,1156,21,0.0575342465753424,1.084497542997543,ITM,17.2,0.0556,0.0009705159705159706
2023-08-25,2023-09-15,PUT,4413.905,4065.0,3.7,3.9,3.8,6,665,21,0.0575342465753424,1.0858314883148832,ITM,17.2,0.0556,0.0009348093480934809
2023-08-25,2023-09-15,PUT,4413.905,4060.0,3.7,3.8,3.75,1,1108,21,0.0575342465753424,1.087168719211823,ITM,17.2,0.0556,0.0009236453201970443
2023-08-25,2023-09-15,PUT,4413.905,4050.0,3.5,3.6,3.55,197,18484,21,0.0575342465753424,1.089853086419753,ITM,17.2,0.0556,0.0008765432098765431
2023-08-25,2023-09-15,PUT,4413.905,4040.0,3.3,3.5,3.4,204,3506,21,0.0575342465753424,1.092550742574257,ITM,17.2,0.0556,0.0008415841584158416
2023-08-25,2023-09-15,PUT,4413.905,4035.0,3.2,3.4,3.3,1,678,21,0.0575342465753424,1.09390458488228,ITM,17.2,0.0556,0.0008178438661710037
2023-08-25,2023-09-15,PUT,4413.905,4090.0,4.3,4.5,4.4,39,1216,21,0.0575342465753424,1.0791943765281171,ITM,17.2,0.0556,0.001075794621026895
2023-08-25,2023-12-15,PUT,238.33,245.0,27.75,27.85,27.8,171,1994,112,0.3068493150684931,0.9727755102040816,ATM,17.2,0.055964516129032256,0.11346938775510204
2023-08-25,2023-09-15,PUT,4413.905,4105.0,4.7,4.9,4.800000000000001,151,837,21,0.0575342465753424,1.0752509135200974,ITM,17.2,0.0556,0.0011693057247259442
2023-08-25,2023-09-15,PUT,238.33,226.67,5.1,5.2,5.15,955,3790,21,0.0575342465753424,1.0514404199938236,ITM,17.2,0.0556,0.022720254113910092
2023-08-25,2023-09-15,PUT,238.33,222.5,3.95,4.05,4.0,1554,2071,21,0.0575342465753424,1.0711460674157305,ITM,17.2,0.0556,0.017977528089887642
2023-08-25,2023-09-15,PUT,238.33,220.0,3.4,3.45,3.425,6963,32920,21,0.0575342465753424,1.0833181818181818,ITM,17.2,0.0556,0.015568181818181818
2023-08-25,2023-09-15,PUT,238.33,217.5,2.89,2.91,2.9000000000000004,394,537,21,0.0575342465753424,1.0957701149425287,ITM,17.2,0.0556,0.013333333333333334
2023-08-25,2023-09-15,PUT,238.33,216.67,2.73,2.76,2.745,717,5912,21,0.0575342465753424,1.0999676928047262,ITM,17.2,0.0556,0.012669035860986754
2023-08-25,2023-09-08,PUT,238.33,262.5,25.1,25.2,25.15,21,39,14,0.0383561643835616,0.9079238095238096,OTM,17.2,0.0556,0.0958095238095238
2023-08-25,2023-09-08,PUT,238.33,260.0,22.9,23.0,22.95,216,699,14,0.0383561643835616,0.916653846153846,OTM,17.2,0.0556,0.08826923076923077
2023-08-25,2023-09-08,PUT,238.33,257.5,20.75,20.85,20.8,9,37,14,0.0383561643835616,0.9255533980582524,OTM,17.2,0.0556,0.08077669902912622
2023-08-25,2023-09-08,PUT,238.33,255.0,18.65,18.75,18.7,123,1070,14,0.0383561643835616,0.934627450980392,OTM,17.2,0.0556,0.07333333333333333
2023-08-25,2023-09-08,PUT,238.33,252.5,16.7,16.8,16.75,19,2,14,0.0383561643835616,0.9438811881188118,OTM,17.2,0.0556,0.06633663366336634
2023-08-25,2023-09-15,PUT,238.33,225.0,4.6,4.7,4.65,2118,17441,21,0.0575342465753424,1.0592444444444444,ITM,17.2,0.0556,0.020666666666666667
2023-08-25,2023-09-29,PUT,238.33,255.0,22.65,23.3,22.975,30,799,35,0.0958904109589041,0.934627450980392,OTM,17.2,0.055549999999999995,0.09009803921568628
2023-08-25,2023-09-15,PUT,238.33,245.0,13.3,13.4,13.35,829,8064,21,0.0575342465753424,0.9727755102040816,ATM,17.2,0.0556,0.05448979591836735
2023-08-25,2023-09-15,PUT,238.33,242.5,11.85,11.95,11.9,870,283,21,0.0575342465753424,0.9828041237113402,ATM,17.2,0.0556,0.04907216494845361
2023-08-25,2023-09-15,PUT,238.33,241.67,11.4,11.45,11.425,863,3556,21,0.0575342465753424,0.9861795009724004,ATM,17.2,0.0556,0.047275209997103496
2023-08-25,2023-09-15,PUT,238.33,240.0,10.5,10.6,10.55,1765,16215,21,0.0575342465753424,0.9930416666666666,ATM,17.2,0.0556,0.043958333333333335
2023-08-25,2023-09-15,PUT,238.33,237.5,9.25,9.35,9.3,2035,1093,21,0.0575342465753424,1.0034947368421052,ATM,17.2,0.0556,0.03915789473684211
2023-08-25,2023-09-15,PUT,238.33,235.0,8.15,8.2,8.175,3765,7468,21,0.0575342465753424,1.014170212765957,ATM,17.2,0.0556,0.0347872340425532
2023-08-25,2023-09-15,PUT,238.33,233.33,7.45,7.5,7.475,1980,6529,21,0.0575342465753424,1.0214288775553937,ATM,17.2,0.0556,0.0320361719453135
2023-08-25,2023-09-15,PUT,238.33,232.5,7.1,7.2,7.15,3632,1400,21,0.0575342465753424,1.0250752688172042,ATM,17.2,0.0556,0.030752688172043012
2023-08-25,2023-09-15,PUT,238.33,230.0,6.2,6.25,6.225,6259,19207,21,0.0575342465753424,1.0362173913043478,ITM,17.2,0.0556,0.027065217391304346
2023-08-25,2023-09-15,PUT,238.33,227.5,5.35,5.45,5.4,1271,1022,21,0.0575342465753424,1.0476043956043954,ITM,17.2,0.0556,0.023736263736263738
2023-08-25,2023-09-15,PUT,4413.905,4625.0,199.1,207.8,203.45,269,2510,21,0.0575342465753424,0.9543578378378378,OTM,17.2,0.0556,0.04398918918918919
2023-08-25,2023-09-15,PUT,4413.905,4650.0,223.8,231.7,227.75,6,1059,21,0.0575342465753424,0.94922688172043,OTM,17.2,0.0556,0.048978494623655916
2023-08-25,2023-09-15,PUT,4413.905,4595.0,169.4,179.4,174.4,2,8804,21,0.0575342465753424,0.960588683351469,OTM,17.2,0.0556,0.03795429815016322
2023-08-25,2023-09-15,PUT,4413.905,4560.0,138.0,147.6,142.8,6,5079,21,0.0575342465753424,0.9679616228070176,OTM,17.2,0.0556,0.031315789473684214
2023-08-25,2023-08-30,PUT,4413.905,4405.0,19.8,20.1,19.950000000000003,328,160,5,0.0136986301369863,1.0020215664018162,ATM,17.2,0.0556,0.004528944381384791
2023-08-25,2023-08-30,PUT,4413.905,4400.0,17.9,18.2,18.05,1303,989,5,0.0136986301369863,1.0031602272727271,ATM,17.2,0.0556,0.004102272727272728
2023-08-25,2023-08-30,PUT,4413.905,4395.0,16.1,16.4,16.25,221,611,5,0.0136986301369863,1.004301478953356,ATM,17.2,0.0556,0.003697383390216155
2023-08-25,2023-08-30,PUT,4413.905,4390.0,14.5,14.7,14.6,435,250,5,0.0136986301369863,1.0054453302961277,ATM,17.2,0.0556,0.0033257403189066058
2023-08-25,2023-08-30,PUT,4413.905,4385.0,13.0,13.2,13.1,383,147,5,0.0136986301369863,1.0065917901938426,ATM,17.2,0.0556,0.0029874572405929303
2023-08-25,2023-09-15,PUT,4413.905,4345.0,27.6,28.0,27.8,89,2424,21,0.0575342465753424,1.0158584579976984,ATM,17.2,0.0556,0.006398158803222095
2023-08-25,2023-09-15,PUT,4413.905,4340.0,26.5,26.9,26.7,53,2916,21,0.0575342465753424,1.017028801843318,ATM,17.2,0.0556,0.0061520737327188935
2023-08-25,2023-09-15,PUT,4413.905,4335.0,25.4,25.9,25.65,16,2384,21,0.0575342465753424,1.01820184544406,ATM,17.2,0.0556,0.005916955017301038
2023-08-25,2023-09-15,PUT,4413.905,4330.0,24.4,24.8,24.6,606,709,21,0.0575342465753424,1.019377598152425,ATM,17.2,0.0556,0.005681293302540416
2023-08-25,2023-08-30,PUT,4413.905,4410.0,21.9,22.2,22.05,377,563,5,0.0136986301369863,1.0008854875283446,ATM,17.2,0.0556,0.005
2023-08-25,2023-09-15,PUT,4413.905,4325.0,23.5,23.9,23.7,1176,20013,21,0.0575342465753424,1.0205560693641618,ATM,17.2,0.0556,0.005479768786127167
2023-08-25,2023-09-15,PUT,4413.905,4310.0,20.7,21.1,20.9,120,1310,21,0.0575342465753424,1.0241078886310904,ATM,17.2,0.0556,0.004849187935034803
2023-08-25,2023-09-15,PUT,4413.905,4305.0,19.9,20.3,20.1,3,10657,21,0.0575342465753424,1.0252973286875726,ATM,17.2,0.0556,0.004668989547038328
2023-08-25,2023-09-15,PUT,4413.905,4300.0,19.1,19.5,19.3,8352,55387,21,0.0575342465753424,1.0264895348837209,ATM,17.2,0.0556,0.004488372093023256
2023-08-25,2023-09-15,PUT,4413.905,4295.0,18.4,18.7,18.55,105,1417,21,0.0575342465753424,1.027684516880093,ATM,17.2,0.0556,0.004318975552968569
2023-08-25,2023-09-15,PUT,4413.905,4315.0,21.6,22.0,21.8,5,1985,21,0.0575342465753424,1.0229212050984935,ATM,17.2,0.0556,0.005052143684820394
2023-08-25,2023-09-15,PUT,4413.905,4350.0,28.8,29.2,29.0,7696,27053,21,0.0575342465753424,1.014690804597701,ATM,17.2,0.0556,0.006666666666666667
2023-08-25,2023-09-15,PUT,4413.905,4355.0,30.0,30.4,30.2,26,5081,21,0.0575342465753424,1.0135258323765786,ATM,17.2,0.0556,0.006934557979334098
2023-08-25,2023-09-15,PUT,4413.905,4400.0,43.2,43.7,43.45,17366,61089,21,0.0575342465753424,1.0031602272727271,ATM,17.2,0.0556,0.009875
2023-08-25,2023-09-15,PUT,4413.905,4395.0,41.5,42.0,41.75,3113,6323,21,0.0575342465753424,1.004301478953356,ATM,17.2,0.0556,0.009499431171786121
2023-08-25,2023-09-15,PUT,4413.905,4320.0,22.5,22.9,22.7,81,2464,21,0.0575342465753424,1.0217372685185184,ATM,17.2,0.0556,0.005254629629629629
2023-08-25,2023-08-30,PUT,4413.905,4415.0,24.2,24.4,24.3,182,549,5,0.0136986301369863,0.9997519818799546,ATM,17.2,0.0556,0.0055039637599094
2023-08-25,2023-08-30,PUT,4413.905,4420.0,26.6,26.8,26.700000000000003,204,181,5,0.0136986301369863,0.9986210407239818,ATM,17.2,0.0556,0.006040723981900453
2023-08-25,2023-08-30,PUT,4413.905,4425.0,29.1,29.4,29.25,65,387,5,0.0136986301369863,0.9974926553672316,ATM,17.2,0.0556,0.006610169491525424
2023-08-25,2023-08-30,PUT,4413.905,4500.0,85.6,87.3,86.44999999999999,15,1117,5,0.0136986301369863,0.9808677777777776,ATM,17.2,0.0556,0.01921111111111111
2023-08-25,2023-08-30,PUT,4413.905,4560.0,143.1,147.1,145.1,2,57,5,0.0136986301369863,0.9679616228070176,OTM,17.2,0.0556,0.03182017543859649
2023-08-25,2023-08-30,PUT,4413.905,4545.0,128.2,132.2,130.2,4,19,5,0.0136986301369863,0.971156215621562,ATM,17.2,0.0556,0.028646864686468643
2023-08-25,2023-08-30,PUT,4413.905,4530.0,114.6,116.2,115.4,2,244,5,0.0136986301369863,0.9743719646799116,ATM,17.2,0.0556,0.02547461368653422
2023-08-25,2023-08-30,PUT,4413.905,4520.0,104.6,106.4,105.5,5,109,5,0.0136986301369863,0.9765276548672566,ATM,17.2,0.0556,0.02334070796460177
2023-08-25,2023-08-30,PUT,4413.905,4515.0,100.0,101.7,100.85,1,106,5,0.0136986301369863,0.9776090808416388,ATM,17.2,0.0556,0.022336655592469546
2023-08-25,2023-08-30,PUT,4413.905,4510.0,95.0,96.8,95.9,1,99,5,0.0136986301369863,0.9786929046563192,ATM,17.2,0.0556,0.02126385809312639
2023-08-25,2023-08-30,PUT,4413.905,4435.0,34.8,35.1,34.95,21,203,5,0.0136986301369863,0.9952435174746336,ATM,17.2,0.0556,0.007880496054114994
2023-08-25,2023-08-30,PUT,4413.905,4430.0,31.9,32.2,32.05,58,163,5,0.0136986301369863,0.996366817155756,ATM,17.2,0.0556,0.0072347629796839725
2023-08-25,2023-08-30,PUT,4413.905,4370.0,9.3,9.5,9.4,616,286,5,0.0136986301369863,1.0100469107551486,ATM,17.2,0.0556,0.002151029748283753
2023-08-25,2023-08-30,PUT,4413.905,4365.0,8.2,8.4,8.3,280,233,5,0.0136986301369863,1.0112038946162656,ATM,17.2,0.0556,0.0019014891179839634
2023-08-25,2023-08-30,PUT,4413.905,4360.0,7.3,7.5,7.4,372,1315,5,0.0136986301369863,1.0123635321100917,ATM,17.2,0.0556,0.0016972477064220184
2023-08-25,2023-08-30,PUT,4413.905,4355.0,6.5,6.7,6.6,501,493,5,0.0136986301369863,1.0135258323765786,ATM,17.2,0.0556,0.001515499425947187
2023-08-25,2023-08-30,PUT,4413.905,4350.0,5.7,5.9,5.800000000000001,2269,1726,5,0.0136986301369863,1.014690804597701,ATM,17.2,0.0556,0.0013333333333333335
2023-08-25,2023-08-30,PUT,4413.905,4345.0,5.1,5.2,5.15,738,548,5,0.0136986301369863,1.0158584579976984,ATM,17.2,0.0556,0.001185270425776755
2023-08-25,2023-08-30,PUT,4413.905,4340.0,4.5,4.7,4.6,353,350,5,0.0136986301369863,1.017028801843318,ATM,17.2,0.0556,0.0010599078341013825
2023-08-25,2023-08-30,PUT,4413.905,4335.0,3.9,4.1,4.0,129,1053,5,0.0136986301369863,1.01820184544406,ATM,17.2,0.0556,0.000922722029988466
2023-08-25,2023-08-30,PUT,4413.905,4330.0,3.5,3.7,3.6,290,483,5,0.0136986301369863,1.019377598152425,ATM,17.2,0.0556,0.0008314087759815243
2023-08-25,2023-08-30,PUT,4413.905,4325.0,3.1,3.3,3.2,362,968,5,0.0136986301369863,1.0205560693641618,ATM,17.2,0.0556,0.0007398843930635839
2023-08-25,2023-08-30,PUT,4413.905,4375.0,10.4,10.6,10.5,853,1049,5,0.0136986301369863,1.0088925714285717,ATM,17.2,0.0556,0.0024
2023-08-25,2023-08-30,PUT,4413.905,4380.0,11.6,11.8,11.7,507,296,5,0.0136986301369863,1.0077408675799089,ATM,17.2,0.0556,0.0026712328767123285
2023-08-25,2023-09-15,PUT,4413.905,4390.0,39.8,40.3,40.05,2057,7487,21,0.0575342465753424,1.0054453302961277,ATM,17.2,0.0556,0.009123006833712984
2023-08-25,2023-09-15,PUT,4413.905,4025.0,3.1,3.3,3.2,50,7623,21,0.0575342465753424,1.096622360248447,ITM,17.2,0.0556,0.0007950310559006211
2023-08-25,2023-09-15,PUT,4413.905,4385.0,38.2,38.7,38.45,603,8081,21,0.0575342465753424,1.0065917901938426,ATM,17.2,0.0556,0.008768529076396808
2023-08-25,2023-09-15,PUT,4413.905,4375.0,35.2,35.7,35.45,2687,16650,21,0.0575342465753424,1.0088925714285717,ATM,17.2,0.0556,0.008102857142857144
2023-08-25,2023-09-15,PUT,4413.905,4275.0,15.6,16.0,15.8,1426,6038,21,0.0575342465753424,1.032492397660819,ITM,17.2,0.0556,0.003695906432748538
2023-08-25,2023-09-15,PUT,4413.905,4270.0,15.0,15.4,15.2,23,1300,21,0.0575342465753424,1.0337014051522249,ITM,17.2,0.0556,0.003559718969555035
2023-08-25,2023-09-15,PUT,4413.905,4265.0,14.4,14.8,14.6,82,584,21,0.0575342465753424,1.0349132473622509,ITM,17.2,0.0556,0.0034232121922626027
2023-08-25,2023-09-15,PUT,4413.905,4260.0,13.9,14.2,14.05,21,1637,21,0.0575342465753424,1.0361279342723004,ITM,17.2,0.0556,0.0032981220657277
2023-08-25,2023-09-15,PUT,4413.905,4255.0,13.4,13.7,13.55,87,1114,21,0.0575342465753424,1.0373454759106933,ITM,17.2,0.0556,0.00318448883666275
2023-08-25,2023-09-15,PUT,4413.905,4250.0,12.8,13.2,13.0,1217,29697,21,0.0575342465753424,1.0385658823529411,ITM,17.2,0.0556,0.003058823529411765
2023-08-25,2023-09-15,PUT,4413.905,4245.0,12.4,12.7,12.55,34,557,21,0.0575342465753424,1.0397891637220258,ITM,17.2,0.0556,0.0029564193168433455
2023-08-25,2023-09-15,PUT,4413.905,4240.0,11.9,12.2,12.05,160,4188,21,0.0575342465753424,1.041015330188679,ITM,17.2,0.0556,0.002841981132075472
2023-08-25,2023-09-15,PUT,4413.905,4235.0,11.4,11.7,11.55,2,665,21,0.0575342465753424,1.0422443919716646,ITM,17.2,0.0556,0.0027272727272727275
2023-08-25,2023-09-15,PUT,4413.905,4280.0,16.3,16.6,16.450000000000003,15,4395,21,0.0575342465753424,1.0312862149532709,ITM,17.2,0.0556,0.003843457943925234
2023-08-25,2023-09-15,PUT,4413.905,4230.0,11.0,11.3,11.15,23,1247,21,0.0575342465753424,1.0434763593380614,ITM,17.2,0.0556,0.0026359338061465723
2023-08-25,2023-09-15,PUT,4413.905,4210.0,9.5,9.7,9.6,17,2193,21,0.0575342465753424,1.0484334916864608,ITM,17.2,0.0556,0.0022802850356294538
2023-08-25,2023-09-15,PUT,4413.905,4115.0,5.0,5.2,5.1,8,944,21,0.0575342465753424,1.0726379100850547,ITM,17.2,0.0556,0.0012393681652490885
2023-08-25,2023-09-15,PUT,4413.905,4580.0,155.7,165.1,160.39999999999998,6,8541,21,0.0575342465753424,0.9637347161572052,OTM,17.2,0.0556,0.03502183406113537
2023-08-25,2023-09-15,PUT,4413.905,4575.0,151.2,160.7,155.95,1,13235,21,0.0575342465753424,0.9647879781420764,OTM,17.2,0.0556,0.03408743169398907
2023-08-25,2023-09-15,PUT,4413.905,4570.0,146.7,156.4,151.55,1,6243,21,0.0575342465753424,0.965843544857768,OTM,17.2,0.0556,0.03316192560175055
2023-08-25,2023-09-15,PUT,4413.905,4590.0,165.0,174.7,169.85,1,10015,21,0.0575342465753424,0.9616350762527232,OTM,17.2,0.0556,0.03700435729847495
2023-08-25,2023-09-15,PUT,4413.905,4550.0,132.2,136.0,134.1,13,29565,21,0.0575342465753424,0.9700890109890108,ATM,17.2,0.0556,0.02947252747252747
2023-08-25,2023-09-15,PUT,4413.905,4545.0,127.3,132.6,129.95,3,8060,21,0.0575342465753424,0.971156215621562,ATM,17.2,0.0556,0.02859185918591859
2023-08-25,2023-09-15,PUT,4413.905,4535.0,118.9,124.4,121.65,1,9282,21,0.0575342465753424,0.973297684674752,ATM,17.2,0.0556,0.026824696802646087
2023-08-25,2023-09-15,PUT,4413.905,4225.0,10.6,10.9,10.75,175,7517,21,0.0575342465753424,1.0447112426035503,ITM,17.2,0.0556,0.002544378698224852
2023-08-25,2023-09-15,PUT,4413.905,4220.0,10.2,10.5,10.35,23,1536,21,0.0575342465753424,1.0459490521327013,ITM,17.2,0.0556,0.00245260663507109
2023-08-25,2023-09-15,PUT,4413.905,4205.0,9.1,9.4,9.25,1,531,21,0.0575342465753424,1.049680142687277,ITM,17.2,0.0556,0.0021997621878715816
2023-08-25,2023-09-15,PUT,4413.905,4405.0,45.0,45.5,45.25,4765,10223,21,0.0575342465753424,1.0020215664018162,ATM,17.2,0.0556,0.010272417707150965
2023-08-25,2023-09-15,PUT,4413.905,4370.0,33.8,34.3,34.05,583,3124,21,0.0575342465753424,1.0100469107551486,ATM,17.2,0.0556,0.007791762013729976
2023-08-25,2023-09-15,PUT,4413.905,4365.0,32.5,33.0,32.75,394,4800,21,0.0575342465753424,1.0112038946162656,ATM,17.2,0.0556,0.007502863688430699
2023-08-25,2023-09-15,PUT,4413.905,4360.0,31.2,31.7,31.45,100,6827,21,0.0575342465753424,1.0123635321100917,ATM,17.2,0.0556,0.007213302752293578
2023-08-25,2023-09-15,PUT,4413.905,4290.0,17.6,18.0,17.8,42,3006,21,0.0575342465753424,1.0288822843822842,ATM,17.2,0.0556,0.00414918414918415
2023-08-25,2023-09-15,PUT,4413.905,4285.0,16.9,17.3,17.1,107,1334,21,0.0575342465753424,1.0300828471411902,ITM,17.2,0.0556,0.003990665110851809
2023-08-25,2023-09-15,PUT,4413.905,4190.0,8.2,8.4,8.3,18,1099,21,0.0575342465753424,1.0534379474940334,ITM,17.2,0.0556,0.00198090692124105
2023-08-25,2023-09-15,PUT,4413.905,4185.0,7.9,8.1,8.0,2,1239,21,0.0575342465753424,1.0546965352449222,ITM,17.2,0.0556,0.0019115890083632018
2023-08-25,2023-09-15,PUT,4413.905,4180.0,7.6,7.8,7.699999999999999,20,2017,21,0.0575342465753424,1.0559581339712918,ITM,17.2,0.0556,0.0018421052631578945
2023-08-25,2023-09-15,PUT,4413.905,4175.0,7.4,7.6,7.5,230,7088,21,0.0575342465753424,1.057222754491018,ITM,17.2,0.0556,0.0017964071856287425
2023-08-25,2023-09-15,PUT,4413.905,4170.0,7.1,7.3,7.199999999999999,38,1746,21,0.0575342465753424,1.0584904076738608,ITM,17.2,0.0556,0.001726618705035971
2023-08-25,2023-09-15,PUT,4413.905,4165.0,6.9,7.1,7.0,20,894,21,0.0575342465753424,1.0597611044417767,ITM,17.2,0.0556,0.0016806722689075631
2023-08-25,2023-09-15,PUT,4413.905,4160.0,6.6,6.8,6.699999999999999,134,2055,21,0.0575342465753424,1.0610348557692306,ITM,17.2,0.0556,0.001610576923076923
2023-08-25,2023-09-15,PUT,4413.905,4155.0,6.4,6.6,6.5,10,465,21,0.0575342465753424,1.0623116726835138,ITM,17.2,0.0556,0.0015643802647412755
2023-08-25,2023-09-15,PUT,4413.905,4150.0,6.2,6.4,6.300000000000001,8779,42911,21,0.0575342465753424,1.06359156626506,ITM,17.2,0.0556,0.0015180722891566267
2023-08-25,2023-09-15,PUT,4413.905,4145.0,6.0,6.2,6.1,41,783,21,0.0575342465753424,1.0648745476477683,ITM,17.2,0.0556,0.0014716525934861278
2023-08-25,2023-09-15,PUT,4413.905,4140.0,5.8,6.0,5.9,42,3278,21,0.0575342465753424,1.0661606280193237,ITM,17.2,0.0556,0.00142512077294686
2023-08-25,2023-09-15,PUT,4413.905,4135.0,5.6,5.8,5.699999999999999,101,2090,21,0.0575342465753424,1.0674498186215235,ITM,17.2,0.0556,0.001378476420798065
2023-08-25,2023-09-15,PUT,4413.905,4130.0,5.5,5.7,5.6,108,1751,21,0.0575342465753424,1.068742130750605,ITM,17.2,0.0556,0.0013559322033898304
2023-08-25,2023-09-15,PUT,4413.905,4125.0,5.3,5.5,5.4,11,21769,21,0.0575342465753424,1.0700375757575755,ITM,17.2,0.0556,0.0013090909090909093
2023-08-25,2023-09-15,PUT,4413.905,4120.0,5.1,5.3,5.199999999999999,10,745,21,0.0575342465753424,1.0713361650485436,ITM,17.2,0.0556,0.001262135922330097
2023-08-25,2023-09-15,PUT,4413.905,4200.0,8.8,9.1,8.95,5127,45041,21,0.0575342465753424,1.050929761904762,ITM,17.2,0.0556,0.002130952380952381
2023-08-25,2023-09-15,PUT,4413.905,4380.0,36.7,37.2,36.95,1307,8183,21,0.0575342465753424,1.0077408675799089,ATM,17.2,0.0556,0.00843607305936073
2023-08-25,2023-08-30,PUT,4413.905,4490.0,76.4,78.1,77.25,30,69,5,0.0136986301369863,0.9830523385300668,ATM,17.2,0.0556,0.017204899777282852
2023-08-25,2023-09-15,PUT,4413.905,4015.0,2.95,3.1,3.0250000000000004,36,424,21,0.0575342465753424,1.0993536737235368,ITM,17.2,0.0556,0.0007534246575342467
2023-08-25,2023-11-17,PUT,238.33,245.0,25.15,25.3,25.225,113,2702,84,0.2301369863013698,0.9727755102040816,ATM,17.2,0.055919354838709676,0.10295918367346939
2023-08-25,2023-10-20,PUT,4413.905,4245.0,40.5,41.0,40.75,121,189,56,0.1534246575342465,1.0397891637220258,ITM,17.2,0.05534,0.009599528857479387
2023-08-25,2023-10-20,PUT,4413.905,4235.0,38.8,39.4,39.1,1,2615,56,0.1534246575342465,1.0422443919716646,ITM,17.2,0.05534,0.00923258559622196
2023-08-25,2023-10-20,PUT,4413.905,4230.0,38.1,38.6,38.35,4,743,56,0.1534246575342465,1.0434763593380614,ITM,17.2,0.05534,0.009066193853427896
2023-08-25,2023-10-20,PUT,4413.905,4140.0,26.5,26.9,26.7,4,267,56,0.1534246575342465,1.0661606280193237,ITM,17.2,0.05534,0.006449275362318841
2023-08-25,2023-10-20,PUT,4413.905,4130.0,25.5,25.9,25.7,2,794,56,0.1534246575342465,1.068742130750605,ITM,17.2,0.05534,0.0062227602905569005
2023-08-25,2023-10-20,PUT,4413.905,4125.0,25.0,25.4,25.2,65,15783,56,0.1534246575342465,1.0700375757575755,ITM,17.2,0.05534,0.006109090909090909
2023-08-25,2023-10-20,PUT,4413.905,4120.0,24.5,24.9,24.7,52,499,56,0.1534246575342465,1.0713361650485436,ITM,17.2,0.05534,0.005995145631067961
2023-08-25,2023-09-15,PUT,4413.905,4700.0,270.9,280.8,275.85,1,393,21,0.0575342465753424,0.9391287234042552,OTM,17.2,0.0556,0.05869148936170213
2023-08-25,2023-10-20,PUT,4413.905,4015.0,16.4,16.7,16.549999999999997,1,1,56,0.1534246575342465,1.0993536737235368,ITM,17.2,0.05534,0.004122042341220423
2023-08-25,2023-10-20,PUT,4413.905,4250.0,41.2,41.9,41.55,6686,24088,56,0.1534246575342465,1.0385658823529411,ITM,17.2,0.05534,0.009776470588235293
2023-08-25,2023-10-20,PUT,4413.905,4115.0,24.0,24.4,24.2,1,135,56,0.1534246575342465,1.0726379100850547,ITM,17.2,0.05534,0.005880923450789793
2023-08-25,2023-10-20,PUT,4413.905,4100.0,22.6,23.0,22.8,580,18551,56,0.1534246575342465,1.076562195121951,ITM,17.2,0.05534,0.005560975609756098
2023-08-25,2023-10-20,PUT,4413.905,4095.0,22.2,22.6,22.4,1,13,56,0.1534246575342465,1.0778766788766787,ITM,17.2,0.05534,0.00547008547008547
2023-08-25,2023-10-20,PUT,4413.905,4090.0,21.8,22.1,21.950000000000003,1,360,56,0.1534246575342465,1.0791943765281171,ITM,17.2,0.05534,0.00536674816625917
2023-08-25,2023-10-20,PUT,4413.905,4085.0,21.4,21.7,21.55,2,6,56,0.1534246575342465,1.0805152998776009,ITM,17.2,0.05534,0.005275397796817626
2023-08-25,2023-10-20,PUT,4413.905,4080.0,21.0,21.3,21.15,2079,3521,56,0.1534246575342465,1.0818394607843136,ITM,17.2,0.05534,0.005183823529411764
2023-08-25,2023-10-20,PUT,4413.905,4075.0,20.6,20.9,20.75,7,1787,56,0.1534246575342465,1.083166871165644,ITM,17.2,0.05534,0.0050920245398773005
2023-08-25,2023-10-20,PUT,4413.905,4070.0,20.2,20.5,20.35,2,757,56,0.1534246575342465,1.084497542997543,ITM,17.2,0.05534,0.005
2023-08-25,2023-10-20,PUT,4413.905,4060.0,19.4,19.8,19.6,231,623,56,0.1534246575342465,1.087168719211823,ITM,17.2,0.05534,0.004827586206896552
2023-08-25,2023-10-20,PUT,4413.905,4055.0,19.1,19.4,19.25,24,6,56,0.1534246575342465,1.08850924784217,ITM,17.2,0.05534,0.004747225647348952
2023-08-25,2023-10-20,PUT,4413.905,4110.0,23.5,23.9,23.7,3,927,56,0.1534246575342465,1.073942822384428,ITM,17.2,0.05534,0.005766423357664233
2023-08-25,2023-10-20,PUT,4413.905,4050.0,18.7,19.0,18.85,526,9221,56,0.1534246575342465,1.089853086419753,ITM,17.2,0.05534,0.004654320987654321
2023-08-25,2023-10-20,PUT,4413.905,4260.0,43.0,43.6,43.3,4,2644,56,0.1534246575342465,1.0361279342723004,ITM,17.2,0.05534,0.010164319248826291
2023-08-25,2023-10-20,PUT,4413.905,4270.0,44.8,45.4,45.1,2,480,56,0.1534246575342465,1.0337014051522249,ITM,17.2,0.05534,0.010562060889929743
2023-08-25,2023-10-20,PUT,4413.905,4205.0,34.4,34.9,34.65,5,195,56,0.1534246575342465,1.049680142687277,ITM,17.2,0.05534,0.008240190249702734
2023-08-25,2023-10-20,PUT,4413.905,4200.0,33.8,34.2,34.0,3676,31315,56,0.1534246575342465,1.050929761904762,ITM,17.2,0.05534,0.008095238095238095
2023-08-25,2023-10-20,PUT,4413.905,4195.0,33.0,33.5,33.25,21,312,56,0.1534246575342465,1.052182359952324,ITM,17.2,0.05534,0.007926102502979739
2023-08-25,2023-10-20,PUT,4413.905,4190.0,32.4,32.8,32.599999999999994,4,1740,56,0.1534246575342465,1.0534379474940334,ITM,17.2,0.05534,0.007780429594272075
2023-08-25,2023-10-20,PUT,4413.905,4185.0,31.7,32.2,31.950000000000003,4,169,56,0.1534246575342465,1.0546965352449222,ITM,17.2,0.05534,0.007634408602150538
2023-08-25,2023-10-20,PUT,4413.905,4215.0,35.8,36.3,36.05,46,952,56,0.1534246575342465,1.0471897983392644,ITM,17.2,0.05534,0.008552787663107948
2023-08-25,2023-10-20,PUT,4413.905,4180.0,31.1,31.5,31.3,72,984,56,0.1534246575342465,1.0559581339712918,ITM,17.2,0.05534,0.007488038277511962
2023-08-25,2023-10-20,PUT,4413.905,4175.0,30.5,30.9,30.7,65,4614,56,0.1534246575342465,1.057222754491018,ITM,17.2,0.05534,0.007353293413173653
2023-08-25,2023-10-20,PUT,4413.905,4170.0,29.9,30.3,30.1,50,266,56,0.1534246575342465,1.0584904076738608,ITM,17.2,0.05534,0.007218225419664269
2023-08-25,2023-10-20,PUT,4413.905,4265.0,43.9,44.5,44.2,12,1222,56,0.1534246575342465,1.0349132473622509,ITM,17.2,0.05534,0.010363423212192264
2023-08-25,2023-10-20,PUT,4413.905,4165.0,29.3,29.7,29.5,3,309,56,0.1534246575342465,1.0597611044417767,ITM,17.2,0.05534,0.007082833133253301
2023-08-25,2023-10-20,PUT,4413.905,4155.0,28.1,28.5,28.3,10,208,56,0.1534246575342465,1.0623116726835138,ITM,17.2,0.05534,0.006811070998796631
2023-08-25,2023-10-20,PUT,4413.905,4150.0,27.6,28.0,27.8,1537,12566,56,0.1534246575342465,1.06359156626506,ITM,17.2,0.05534,0.006698795180722892
2023-08-25,2023-10-20,PUT,4413.905,4220.0,36.5,37.1,36.8,46,1026,56,0.1534246575342465,1.0459490521327013,ITM,17.2,0.05534,0.00872037914691943
2023-08-25,2023-10-20,PUT,4413.905,4225.0,37.2,37.8,37.5,75,8942,56,0.1534246575342465,1.0447112426035503,ITM,17.2,0.05534,0.008875739644970414
2023-08-25,2023-10-20,PUT,4413.905,4300.0,50.7,51.3,51.0,1570,25667,56,0.1534246575342465,1.0264895348837209,ATM,17.2,0.05534,0.01186046511627907
2023-08-25,2023-10-20,PUT,4413.905,4295.0,49.6,50.3,49.95,6,984,56,0.1534246575342465,1.027684516880093,ATM,17.2,0.05534,0.011629802095459838
2023-08-25,2023-10-20,PUT,4413.905,4290.0,48.6,49.3,48.95,245,1044,56,0.1534246575342465,1.0288822843822842,ATM,17.2,0.05534,0.011410256410256411
2023-08-25,2023-10-20,PUT,4413.905,4280.0,46.6,47.3,46.95,46,2062,56,0.1534246575342465,1.0312862149532709,ITM,17.2,0.05534,0.0109696261682243
2023-08-25,2023-10-20,PUT,4413.905,4275.0,45.7,46.4,46.05,41,3244,56,0.1534246575342465,1.032492397660819,ITM,17.2,0.05534,0.010771929824561403
2023-08-25,2023-10-20,PUT,4413.905,4160.0,28.7,29.1,28.9,104,8348,56,0.1534246575342465,1.0610348557692306,ITM,17.2,0.05534,0.006947115384615384
2023-08-25,2023-10-20,PUT,4413.905,4040.0,18.0,18.3,18.15,5,607,56,0.1534246575342465,1.092550742574257,ITM,17.2,0.05534,0.004492574257425742
2023-08-25,2023-10-20,PUT,4413.905,4030.0,17.3,17.7,17.5,1,1012,56,0.1534246575342465,1.095261786600496,ITM,17.2,0.05534,0.004342431761786601
2023-08-25,2023-10-20,PUT,4413.905,4020.0,16.7,17.0,16.85,6,377,56,0.1534246575342465,1.09798631840796,ITM,17.2,0.05534,0.004191542288557214
2023-08-25,2023-10-20,PUT,4413.905,4360.0,64.9,65.7,65.30000000000001,1,458,56,0.1534246575342465,1.0123635321100917,ATM,17.2,0.05534,0.01497706422018349
2023-08-25,2023-10-20,PUT,4413.905,4355.0,63.6,64.4,64.0,5,150,56,0.1534246575342465,1.0135258323765786,ATM,17.2,0.05534,0.014695752009184845
2023-08-25,2023-10-20,PUT,4413.905,4350.0,62.3,63.0,62.65,544,10145,56,0.1534246575342465,1.014690804597701,ATM,17.2,0.05534,0.014402298850574712
2023-08-25,2023-10-20,PUT,4413.905,4345.0,61.0,61.7,61.35,10,253,56,0.1534246575342465,1.0158584579976984,ATM,17.2,0.05534,0.014119677790563867
2023-08-25,2023-10-20,PUT,4413.905,4340.0,59.7,60.5,60.1,17,790,56,0.1534246575342465,1.017028801843318,ATM,17.2,0.05534,0.013847926267281107
2023-08-25,2023-10-20,PUT,4413.905,4335.0,58.5,59.2,58.85,7,198,56,0.1534246575342465,1.01820184544406,ATM,17.2,0.05534,0.013575547866205306
2023-08-25,2023-10-20,PUT,4413.905,4330.0,57.3,58.0,57.65,22,674,56,0.1534246575342465,1.019377598152425,ATM,17.2,0.05534,0.013314087759815242
2023-08-25,2023-10-20,PUT,4413.905,4325.0,56.2,56.9,56.55,675,2869,56,0.1534246575342465,1.0205560693641618,ATM,17.2,0.05534,0.01307514450867052
2023-08-25,2023-10-20,PUT,4413.905,4320.0,55.0,55.7,55.35,4,738,56,0.1534246575342465,1.0217372685185184,ATM,17.2,0.05534,0.012812500000000001
2023-08-25,2023-10-20,PUT,4413.905,4365.0,66.3,67.1,66.69999999999999,44,512,56,0.1534246575342465,1.0112038946162656,ATM,17.2,0.05534,0.015280641466208474
2023-08-25,2023-10-20,PUT,4413.905,4315.0,53.9,54.6,54.25,29,978,56,0.1534246575342465,1.0229212050984935,ATM,17.2,0.05534,0.01257242178447277
2023-08-25,2023-10-20,PUT,4413.905,4425.0,85.7,86.2,85.95,478,5447,56,0.1534246575342465,0.9974926553672316,ATM,17.2,0.05534,0.019423728813559322
2023-08-25,2023-10-20,PUT,4413.905,4420.0,83.6,84.4,84.0,161,483,56,0.1534246575342465,0.9986210407239818,ATM,17.2,0.05534,0.019004524886877826
2023-08-25,2023-10-20,PUT,4413.905,4415.0,81.8,82.6,82.19999999999999,11,603,56,0.1534246575342465,0.9997519818799546,ATM,17.2,0.05534,0.018618346545866363
2023-08-25,2023-10-20,PUT,4413.905,4410.0,80.1,80.9,80.5,17,1007,56,0.1534246575342465,1.0008854875283446,ATM,17.2,0.05534,0.018253968253968255
2023-08-25,2023-10-20,PUT,4413.905,4405.0,78.4,79.2,78.80000000000001,5,408,56,0.1534246575342465,1.0020215664018162,ATM,17.2,0.05534,0.017888762769580024
2023-08-25,2023-10-20,PUT,4413.905,4400.0,76.7,77.6,77.15,888,18358,56,0.1534246575342465,1.0031602272727271,ATM,17.2,0.05534,0.01753409090909091
2023-08-25,2023-10-20,PUT,4413.905,4395.0,75.1,76.0,75.55,42,1410,56,0.1534246575342465,1.004301478953356,ATM,17.2,0.05534,0.017189988623435723
2023-08-25,2023-10-20,PUT,4413.905,4390.0,73.6,74.4,74.0,21,544,56,0.1534246575342465,1.0054453302961277,ATM,17.2,0.05534,0.01685649202733485
2023-08-25,2023-10-20,PUT,4413.905,4385.0,72.0,72.9,72.45,6,696,56,0.1534246575342465,1.0065917901938426,ATM,17.2,0.05534,0.01652223489167617
2023-08-25,2023-10-20,PUT,4413.905,4370.0,67.7,68.5,68.1,12,341,56,0.1534246575342465,1.0100469107551486,ATM,17.2,0.05534,0.015583524027459952
2023-08-25,2023-10-20,PUT,4413.905,4430.0,87.3,88.1,87.69999999999999,4,879,56,0.1534246575342465,0.996366817155756,ATM,17.2,0.05534,0.019796839729119636
2023-08-25,2023-10-20,PUT,4413.905,4435.0,89.1,89.9,89.5,92,973,56,0.1534246575342465,0.9952435174746336,ATM,17.2,0.05534,0.020180383314543405
2023-08-25,2023-10-20,PUT,4413.905,4505.0,120.3,121.7,121.0,5,125,56,0.1534246575342465,0.9797791342952274,ATM,17.2,0.05534,0.02685904550499445
2023-08-25,2023-10-20,PUT,4413.905,4305.0,51.7,52.4,52.05,2,397,56,0.1534246575342465,1.0252973286875726,ATM,17.2,0.05534,0.012090592334494773
2023-08-25,2023-10-20,PUT,4413.905,4310.0,52.8,53.5,53.15,86,1453,56,0.1534246575342465,1.0241078886310904,ATM,17.2,0.05534,0.012331786542923433
2023-08-25,2023-10-20,PUT,4413.905,4495.0,115.2,116.4,115.8,2,190,56,0.1534246575342465,0.9819588431590656,ATM,17.2,0.05534,0.025761957730812014
2023-08-25,2023-10-20,PUT,4413.905,4490.0,112.6,113.9,113.25,100,720,56,0.1534246575342465,0.9830523385300668,ATM,17.2,0.05534,0.02522271714922049
2023-08-25,2023-10-20,PUT,4413.905,4475.0,105.6,106.8,106.2,15,3748,56,0.1534246575342465,0.9863474860335196,ATM,17.2,0.05534,0.023731843575418996
2023-08-25,2023-10-20,PUT,4413.905,4470.0,103.4,104.5,103.95,1,2295,56,0.1534246575342465,0.9874507829977628,ATM,17.2,0.05534,0.02325503355704698
2023-08-25,2023-10-20,PUT,4413.905,4465.0,101.2,102.3,101.75,2,128,56,0.1534246575342465,0.9885565509518476,ATM,17.2,0.05534,0.02278835386338186
2023-08-25,2023-10-20,PUT,4413.905,4460.0,99.0,100.1,99.55,1,712,56,0.1534246575342465,0.989664798206278,ATM,17.2,0.05534,0.022320627802690583
2023-08-25,2023-10-20,PUT,4413.905,4455.0,96.9,98.0,97.45,2,327,56,0.1534246575342465,0.9907755331088663,ATM,17.2,0.05534,0.021874298540965207
2023-08-25,2023-10-20,PUT,4413.905,4450.0,94.8,95.9,95.35,272,10027,56,0.1534246575342465,0.9918887640449436,ATM,17.2,0.05534,0.02142696629213483
2023-08-25,2023-10-20,PUT,4413.905,4445.0,93.0,93.8,93.4,67,390,56,0.1534246575342465,0.9930044994375704,ATM,17.2,0.05534,0.021012373453318335
2023-08-25,2023-10-20,PUT,4413.905,4500.0,117.7,119.0,118.35,666,16592,56,0.1534246575342465,0.9808677777777776,ATM,17.2,0.05534,0.0263
2023-08-25,2023-10-20,PUT,4413.905,4560.0,152.4,153.9,153.15,1,257,56,0.1534246575342465,0.9679616228070176,OTM,17.2,0.05534,0.033585526315789475
2023-08-25,2023-10-20,PUT,4413.905,4555.0,149.2,150.7,149.95,1,428,56,0.1534246575342465,0.9690241492864984,OTM,17.2,0.05534,0.0329198682766191
2023-08-25,2023-10-20,PUT,4413.905,4550.0,146.1,147.4,146.75,662,5536,56,0.1534246575342465,0.9700890109890108,ATM,17.2,0.05534,0.03225274725274725
2023-08-25,2023-10-20,PUT,4413.905,4540.0,139.8,141.4,140.60000000000002,4,144,56,0.1534246575342465,0.97222577092511,ATM,17.2,0.05534,0.03096916299559472
2023-08-25,2023-10-20,PUT,4413.905,4535.0,137.0,138.4,137.7,8,150,56,0.1534246575342465,0.973297684674752,ATM,17.2,0.05534,0.0303638368246968
2023-08-25,2023-10-20,PUT,4413.905,4525.0,131.2,132.5,131.85,175,2738,56,0.1534246575342465,0.9754486187845304,ATM,17.2,0.05534,0.029138121546961326
2023-08-25,2023-10-20,PUT,4413.905,4520.0,128.4,129.8,129.10000000000002,15,238,56,0.1534246575342465,0.9765276548672566,ATM,17.2,0.05534,0.028561946902654872
2023-08-25,2023-10-20,PUT,4413.905,4515.0,125.5,126.9,126.2,2,304,56,0.1534246575342465,0.9776090808416388,ATM,17.2,0.05534,0.027951273532668883
2023-08-25,2023-10-20,PUT,4413.905,4510.0,122.8,124.2,123.5,27,1428,56,0.1534246575342465,0.9786929046563192,ATM,17.2,0.05534,0.027383592017738358
2023-08-25,2023-10-20,PUT,4413.905,4210.0,35.1,35.6,35.35,7,443,56,0.1534246575342465,1.0484334916864608,ITM,17.2,0.05534,0.008396674584323041
2023-08-25,2023-10-20,PUT,4413.905,4565.0,155.7,157.2,156.45,3,273,56,0.1534246575342465,0.9669014238773276,OTM,17.2,0.05534,0.034271631982475355
2023-08-25,2023-11-17,PUT,4413.905,4385.0,91.9,92.8,92.35,150,17,84,0.2301369863013698,1.0065917901938426,ATM,17.2,0.055919354838709676,0.02106043329532497
2023-08-25,2023-11-17,PUT,4413.905,4400.0,96.5,97.5,97.0,731,5921,84,0.2301369863013698,1.0031602272727271,ATM,17.2,0.055919354838709676,0.022045454545454545
2023-08-25,2023-11-17,PUT,4413.905,4070.0,34.6,35.0,34.8,250,339,84,0.2301369863013698,1.084497542997543,ITM,17.2,0.055919354838709676,0.00855036855036855
2023-08-25,2023-11-17,PUT,4413.905,4060.0,33.6,34.0,33.8,75,291,84,0.2301369863013698,1.087168719211823,ITM,17.2,0.055919354838709676,0.00832512315270936
2023-08-25,2023-11-17,PUT,4413.905,4050.0,32.7,33.1,32.900000000000006,119,4651,84,0.2301369863013698,1.089853086419753,ITM,17.2,0.055919354838709676,0.008123456790123457
2023-08-25,2023-11-17,PUT,4413.905,4045.0,32.2,32.6,32.400000000000006,3,2,84,0.2301369863013698,1.0912002472187885,ITM,17.2,0.055919354838709676,0.00800988875154512
2023-08-25,2023-11-17,PUT,4413.905,4025.0,30.4,30.8,30.6,39,1041,84,0.2301369863013698,1.096622360248447,ITM,17.2,0.055919354838709676,0.00760248447204969
2023-08-25,2023-11-17,PUT,4413.905,4020.0,29.9,30.3,30.1,251,242,84,0.2301369863013698,1.09798631840796,ITM,17.2,0.055919354838709676,0.007487562189054726
2023-08-25,2023-11-17,PUT,4413.905,4100.0,37.8,38.2,38.0,121,21382,84,0.2301369863013698,1.076562195121951,ITM,17.2,0.055919354838709676,0.009268292682926829
2023-08-25,2023-10-20,PUT,4413.905,4830.0,381.9,388.3,385.1,1,11,56,0.1534246575342465,0.913851966873706,OTM,17.2,0.05534,0.07973084886128365
2023-08-25,2023-10-20,PUT,4413.905,4810.0,362.8,369.1,365.9500000000001,2,3,56,0.1534246575342465,0.9176517671517672,OTM,17.2,0.05534,0.07608108108108111
2023-08-25,2023-11-17,PUT,4413.905,4075.0,35.1,35.6,35.35,3,1363,84,0.2301369863013698,1.083166871165644,ITM,17.2,0.055919354838709676,0.008674846625766872
2023-08-25,2023-11-17,PUT,4413.905,4125.0,40.7,41.2,40.95,173,6386,84,0.2301369863013698,1.0700375757575755,ITM,17.2,0.055919354838709676,0.009927272727272727
2023-08-25,2023-11-17,PUT,4413.905,4140.0,42.6,43.1,42.85,2,365,84,0.2301369863013698,1.0661606280193237,ITM,17.2,0.055919354838709676,0.01035024154589372
2023-08-25,2023-11-17,PUT,4413.905,4255.0,60.6,61.4,61.0,2,202,84,0.2301369863013698,1.0373454759106933,ITM,17.2,0.055919354838709676,0.014336075205640423
2023-08-25,2023-11-17,PUT,4413.905,4250.0,59.7,60.3,60.0,32,7981,84,0.2301369863013698,1.0385658823529411,ITM,17.2,0.055919354838709676,0.01411764705882353
2023-08-25,2023-11-17,PUT,4413.905,4240.0,57.8,58.6,58.2,2,566,84,0.2301369863013698,1.041015330188679,ITM,17.2,0.055919354838709676,0.013726415094339623
2023-08-25,2023-11-17,PUT,4413.905,4230.0,56.1,56.8,56.45,1,1323,84,0.2301369863013698,1.0434763593380614,ITM,17.2,0.055919354838709676,0.013345153664302601
2023-08-25,2023-11-17,PUT,4413.905,4225.0,55.2,55.9,55.55,22,3743,84,0.2301369863013698,1.0447112426035503,ITM,17.2,0.055919354838709676,0.01314792899408284
2023-08-25,2023-11-17,PUT,4413.905,4215.0,53.5,54.2,53.85,1,2,84,0.2301369863013698,1.0471897983392644,ITM,17.2,0.055919354838709676,0.012775800711743772
2023-08-25,2023-11-17,PUT,4413.905,4210.0,52.7,53.4,53.05,60,2235,84,0.2301369863013698,1.0484334916864608,ITM,17.2,0.055919354838709676,0.012600950118764845
2023-08-25,2023-11-17,PUT,4413.905,4200.0,51.1,51.7,51.400000000000006,410,15416,84,0.2301369863013698,1.050929761904762,ITM,17.2,0.055919354838709676,0.012238095238095239
2023-08-25,2023-11-17,PUT,4413.905,4130.0,41.4,41.8,41.6,5,198,84,0.2301369863013698,1.068742130750605,ITM,17.2,0.055919354838709676,0.010072639225181599
2023-08-25,2023-11-17,PUT,4413.905,4080.0,35.6,36.1,35.85,2,123,84,0.2301369863013698,1.0818394607843136,ITM,17.2,0.055919354838709676,0.008786764705882353
2023-08-25,2023-10-20,PUT,238.33,230.0,14.4,14.5,14.45,1643,14143,56,0.1534246575342465,1.0362173913043478,ITM,17.2,0.05534,0.06282608695652174
2023-08-25,2023-10-20,PUT,238.33,235.0,16.6,16.7,16.65,2420,4778,56,0.1534246575342465,1.014170212765957,ATM,17.2,0.05534,0.07085106382978723
2023-08-25,2023-11-17,PUT,238.33,240.0,22.55,22.65,22.6,841,3729,84,0.2301369863013698,0.9930416666666666,ATM,17.2,0.055919354838709676,0.09416666666666668
2023-08-25,2023-10-20,PUT,238.33,220.0,10.6,10.7,10.65,3473,15694,56,0.1534246575342465,1.0833181818181818,ITM,17.2,0.05534,0.04840909090909091
2023-08-25,2023-10-06,PUT,238.33,255.0,24.5,24.75,24.625,6,3,42,0.1150684931506849,0.934627450980392,OTM,17.2,0.05548,0.0965686274509804
2023-08-25,2023-10-06,PUT,238.33,250.0,21.3,21.55,21.425,9,8,42,0.1150684931506849,0.95332,OTM,17.2,0.05548,0.0857
2023-08-25,2023-10-06,PUT,238.33,245.0,18.4,18.6,18.5,40,2,42,0.1150684931506849,0.9727755102040816,ATM,17.2,0.05548,0.07551020408163266
2023-08-25,2023-10-06,PUT,238.33,240.0,15.65,15.9,15.775,51,8,42,0.1150684931506849,0.9930416666666666,ATM,17.2,0.05548,0.06572916666666667
2023-08-25,2023-10-06,PUT,238.33,235.0,13.25,13.5,13.375,142,12,42,0.1150684931506849,1.014170212765957,ATM,17.2,0.05548,0.056914893617021275
2023-08-25,2023-10-06,PUT,238.33,230.0,11.15,11.4,11.275,156,31,42,0.1150684931506849,1.0362173913043478,ITM,17.2,0.05548,0.04902173913043478
2023-08-25,2023-10-06,PUT,238.33,225.0,9.25,9.5,9.375,42,32,42,0.1150684931506849,1.0592444444444444,ITM,17.2,0.05548,0.041666666666666664
2023-08-25,2023-10-06,PUT,238.33,220.0,7.65,7.85,7.75,1060,67,42,0.1150684931506849,1.0833181818181818,ITM,17.2,0.05548,0.035227272727272725
2023-08-25,2023-10-20,PUT,238.33,225.0,12.4,12.5,12.45,697,4661,56,0.1534246575342465,1.0592444444444444,ITM,17.2,0.05534,0.05533333333333333
2023-08-25,2023-09-29,PUT,238.33,260.0,25.85,27.0,26.425,94,88,35,0.0958904109589041,0.916653846153846,OTM,17.2,0.055549999999999995,0.10163461538461539
2023-08-25,2023-11-17,PUT,238.33,235.0,20.1,20.2,20.15,193,5291,84,0.2301369863013698,1.014170212765957,ATM,17.2,0.055919354838709676,0.08574468085106382
2023-08-25,2023-11-17,PUT,238.33,230.0,17.8,17.9,17.85,841,4827,84,0.2301369863013698,1.0362173913043478,ITM,17.2,0.055919354838709676,0.07760869565217392
2023-08-25,2023-11-17,PUT,238.33,225.0,15.75,15.85,15.8,284,4288,84,0.2301369863013698,1.0592444444444444,ITM,17.2,0.055919354838709676,0.07022222222222223
2023-08-25,2023-11-17,PUT,238.33,220.0,13.85,13.9,13.875,251,5917,84,0.2301369863013698,1.0833181818181818,ITM,17.2,0.055919354838709676,0.06306818181818181
2023-08-25,2023-10-20,PUT,238.33,260.0,30.55,31.3,30.925,79,6610,56,0.1534246575342465,0.916653846153846,OTM,17.2,0.05534,0.1189423076923077
2023-08-25,2023-10-20,PUT,238.33,255.0,27.65,27.8,27.725,43,2978,56,0.1534246575342465,0.934627450980392,OTM,17.2,0.05534,0.10872549019607844
2023-08-25,2023-10-20,PUT,238.33,250.0,24.55,24.65,24.6,169,10776,56,0.1534246575342465,0.95332,OTM,17.2,0.05534,0.0984
2023-08-25,2023-10-20,PUT,238.33,245.0,21.7,21.8,21.75,377,2769,56,0.1534246575342465,0.9727755102040816,ATM,17.2,0.05534,0.08877551020408163
2023-08-25,2023-10-20,PUT,238.33,240.0,19.05,19.15,19.1,881,7526,56,0.1534246575342465,0.9930416666666666,ATM,17.2,0.05534,0.07958333333333334
2023-08-25,2023-11-17,PUT,4413.905,4195.0,50.4,51.0,50.7,49,17,84,0.2301369863013698,1.052182359952324,ITM,17.2,0.055919354838709676,0.012085816448152563
2023-08-25,2023-12-15,PUT,238.33,260.0,36.3,37.2,36.75,14,4599,112,0.3068493150684931,0.916653846153846,OTM,17.2,0.055964516129032256,0.14134615384615384
2023-08-25,2023-11-17,PUT,4413.905,4190.0,49.6,50.2,49.900000000000006,1,2152,84,0.2301369863013698,1.0534379474940334,ITM,17.2,0.055919354838709676,0.01190930787589499
2023-08-25,2023-11-17,PUT,4413.905,4175.0,47.3,48.0,47.65,81,4615,84,0.2301369863013698,1.057222754491018,ITM,17.2,0.055919354838709676,0.01141317365269461
2023-08-25,2023-11-17,PUT,4413.905,4490.0,130.2,131.4,130.8,2,149,84,0.2301369863013698,0.9830523385300668,ATM,17.2,0.055919354838709676,0.029131403118040092
2023-08-25,2023-11-17,PUT,4413.905,4365.0,86.1,87.0,86.55,2,631,84,0.2301369863013698,1.0112038946162656,ATM,17.2,0.055919354838709676,0.019828178694158077
2023-08-25,2023-11-17,PUT,4413.905,4360.0,84.7,85.6,85.15,3,109,84,0.2301369863013698,1.0123635321100917,ATM,17.2,0.055919354838709676,0.01952981651376147
2023-08-25,2023-11-17,PUT,4413.905,4355.0,83.4,84.3,83.85,2,471,84,0.2301369863013698,1.0135258323765786,ATM,17.2,0.055919354838709676,0.019253731343283582
2023-08-25,2023-11-17,PUT,4413.905,4350.0,82.1,82.8,82.44999999999999,279,1900,84,0.2301369863013698,1.014690804597701,ATM,17.2,0.055919354838709676,0.018954022988505743
2023-08-25,2023-11-17,PUT,4413.905,4335.0,78.2,79.0,78.6,7,114,84,0.2301369863013698,1.01820184544406,ATM,17.2,0.055919354838709676,0.018131487889273355
2023-08-25,2023-11-17,PUT,4413.905,4330.0,76.9,77.8,77.35,1,361,84,0.2301369863013698,1.019377598152425,ATM,17.2,0.055919354838709676,0.017863741339491916
2023-08-25,2023-11-17,PUT,4413.905,4325.0,75.7,76.5,76.1,5,973,84,0.2301369863013698,1.0205560693641618,ATM,17.2,0.055919354838709676,0.01759537572254335
2023-08-25,2023-11-17,PUT,4413.905,4315.0,73.3,74.2,73.75,2,937,84,0.2301369863013698,1.0229212050984935,ATM,17.2,0.055919354838709676,0.017091541135573582
2023-08-25,2023-11-17,PUT,4413.905,4495.0,132.4,133.6,133.0,1,24,84,0.2301369863013698,0.9819588431590656,ATM,17.2,0.055919354838709676,0.029588431590656286
2023-08-25,2023-11-17,PUT,4413.905,4300.0,69.9,70.6,70.25,1613,10757,84,0.2301369863013698,1.0264895348837209,ATM,17.2,0.055919354838709676,0.016337209302325583
2023-08-25,2023-11-17,PUT,4413.905,4275.0,64.6,65.3,64.94999999999999,57,982,84,0.2301369863013698,1.032492397660819,ITM,17.2,0.055919354838709676,0.015192982456140348
2023-08-25,2023-11-17,PUT,4413.905,4375.0,89.0,89.9,89.45,281,996,84,0.2301369863013698,1.0088925714285717,ATM,17.2,0.055919354838709676,0.020445714285714286
2023-08-25,2023-11-17,PUT,4413.905,4380.0,90.4,91.4,90.9,1,664,84,0.2301369863013698,1.0077408675799089,ATM,17.2,0.055919354838709676,0.02075342465753425
2023-08-25,2023-11-17,PUT,4413.905,4475.0,123.8,125.0,124.4,75,1914,84,0.2301369863013698,0.9863474860335196,ATM,17.2,0.055919354838709676,0.027798882681564246
2023-08-25,2023-11-17,PUT,4413.905,4470.0,121.7,122.9,122.3,2,163,84,0.2301369863013698,0.9874507829977628,ATM,17.2,0.055919354838709676,0.027360178970917224
2023-08-25,2023-11-17,PUT,4413.905,4450.0,113.9,114.9,114.4,46,3395,84,0.2301369863013698,0.9918887640449436,ATM,17.2,0.055919354838709676,0.025707865168539328
2023-08-25,2023-11-17,PUT,4413.905,4440.0,110.2,111.2,110.7,2,851,84,0.2301369863013698,0.9941227477477476,ATM,17.2,0.055919354838709676,0.024932432432432435
2023-08-25,2023-11-17,PUT,4413.905,4415.0,101.4,102.4,101.9,3,289,84,0.2301369863013698,0.9997519818799546,ATM,17.2,0.055919354838709676,0.023080407701019254
2023-08-25,2023-11-17,PUT,4413.905,4405.0,98.1,99.1,98.6,1,51,84,0.2301369863013698,1.0020215664018162,ATM,17.2,0.055919354838709676,0.02238365493757094
2023-08-25,2023-11-17,PUT,4413.905,4280.0,65.6,66.4,66.0,417,331,84,0.2301369863013698,1.0312862149532709,ITM,17.2,0.055919354838709676,0.01542056074766355
2023-08-25,2023-11-17,PUT,4413.905,4700.0,258.7,264.0,261.35,1,331,84,0.2301369863013698,0.9391287234042552,OTM,17.2,0.055919354838709676,0.05560638297872341
2023-08-25,2023-11-17,PUT,4413.905,4600.0,188.7,190.4,189.55,13,3348,84,0.2301369863013698,0.9595445652173912,OTM,17.2,0.055919354838709676,0.04120652173913044
2023-08-25,2023-11-17,PUT,4413.905,4500.0,134.7,135.9,135.3,552,3195,84,0.2301369863013698,0.9808677777777776,ATM,17.2,0.055919354838709676,0.03006666666666667
2023-08-25,2023-11-17,PUT,4413.905,4170.0,46.6,47.2,46.900000000000006,1,156,84,0.2301369863013698,1.0584904076738608,ITM,17.2,0.055919354838709676,0.011247002398081535
2023-08-25,2023-11-17,PUT,4413.905,4160.0,45.2,45.8,45.5,26,1064,84,0.2301369863013698,1.0610348557692306,ITM,17.2,0.055919354838709676,0.0109375
2023-08-25,2023-11-17,PUT,4413.905,4155.0,44.6,45.1,44.85,1,417,84,0.2301369863013698,1.0623116726835138,ITM,17.2,0.055919354838709676,0.010794223826714801
2023-08-25,2023-11-17,PUT,4413.905,4150.0,43.9,44.4,44.15,321,9266,84,0.2301369863013698,1.06359156626506,ITM,17.2,0.055919354838709676,0.01063855421686747
2023-08-25,2023-10-20,PUT,4413.905,4790.0,343.4,349.8,346.6,1,15,56,0.1534246575342465,0.921483298538622,OTM,17.2,0.05534,0.07235908141962422
2023-08-25,2023-10-20,PUT,4413.905,4615.0,189.3,194.4,191.85,5,245,56,0.1534246575342465,0.9564257854821234,OTM,17.2,0.05534,0.041570964247020586
2023-08-25,2023-10-20,PUT,4413.905,4600.0,178.3,183.0,180.65,23,13764,56,0.1534246575342465,0.9595445652173912,OTM,17.2,0.05534,0.03927173913043478
2023-08-25,2023-10-20,PUT,4413.905,4580.0,164.0,168.6,166.3,22,283,56,0.1534246575342465,0.9637347161572052,OTM,17.2,0.05534,0.03631004366812227
2023-08-25,2023-10-20,PUT,4413.905,4575.0,160.8,165.4,163.10000000000002,5,3202,56,0.1534246575342465,0.9647879781420764,OTM,17.2,0.05534,0.035650273224043724
2023-08-25,2023-11-17,PUT,4413.905,4260.0,61.6,62.3,61.95,11,421,84,0.2301369863013698,1.0361279342723004,ITM,17.2,0.055919354838709676,0.014542253521126761
2023-08-25,2023-10-20,PUT,4413.905,4570.0,157.3,161.8,159.55,2,84,56,0.1534246575342465,0.965843544857768,OTM,17.2,0.05534,0.03491247264770241
2023-08-25,2023-11-17,PUT,4413.905,4270.0,63.5,64.3,63.9,50,722,84,0.2301369863013698,1.0337014051522249,ITM,17.2,0.055919354838709676,0.01496487119437939
2023-08-25,2023-11-17,PUT,4413.905,4595.0,185.6,187.3,186.45,10,3,84,0.2301369863013698,0.960588683351469,OTM,17.2,0.055919354838709676,0.04057671381936888
2023-08-25,2023-11-17,PUT,4413.905,4580.0,176.4,178.1,177.25,4,91,84,0.2301369863013698,0.9637347161572052,OTM,17.2,0.055919354838709676,0.03870087336244542
2023-08-25,2023-11-17,PUT,4413.905,4575.0,173.5,175.3,174.4,7,237,84,0.2301369863013698,0.9647879781420764,OTM,17.2,0.055919354838709676,0.03812021857923498
2023-08-25,2023-11-17,PUT,4413.905,4565.0,167.7,169.4,168.55,4,27,84,0.2301369863013698,0.9669014238773276,OTM,17.2,0.055919354838709676,0.036922234392113916
2023-08-25,2023-11-17,PUT,4413.905,4560.0,164.9,166.5,165.7,1,220,84,0.2301369863013698,0.9679616228070176,OTM,17.2,0.055919354838709676,0.03633771929824561
2023-08-25,2023-11-17,PUT,4413.905,4550.0,159.4,161.0,160.2,1,3593,84,0.2301369863013698,0.9700890109890108,ATM,17.2,0.055919354838709676,0.03520879120879121
2023-08-25,2023-11-17,PUT,4413.905,4535.0,151.4,153.1,152.25,1,7,84,0.2301369863013698,0.973297684674752,ATM,17.2,0.055919354838709676,0.033572216097023155
2023-08-25,2023-11-17,PUT,4413.905,4520.0,144.0,145.4,144.7,5,94,84,0.2301369863013698,0.9765276548672566,ATM,17.2,0.055919354838709676,0.03201327433628318
2023-08-25,2023-11-17,PUT,4413.905,4515.0,141.7,142.9,142.3,1,12,84,0.2301369863013698,0.9776090808416388,ATM,17.2,0.055919354838709676,0.0315171650055371
2023-08-25,2023-11-17,PUT,4413.905,4180.0,48.1,48.7,48.400000000000006,22,1165,84,0.2301369863013698,1.0559581339712918,ITM,17.2,0.055919354838709676,0.011578947368421053
2023-08-25,2023-09-29,PUT,4413.905,4310.0,37.3,37.6,37.45,82,393,35,0.0958904109589041,1.0241078886310904,ATM,17.2,0.055549999999999995,0.00868909512761021
2023-08-25,2023-08-30,PUT,4413.905,4440.0,37.9,38.2,38.05,23,298,5,0.0136986301369863,0.9941227477477476,ATM,17.2,0.0556,0.008569819819819819
2023-08-25,2023-08-30,PUT,4413.905,4450.0,44.1,45.5,44.8,85,768,5,0.0136986301369863,0.9918887640449436,ATM,17.2,0.0556,0.010067415730337079
2023-08-25,2023-12-15,PUT,4413.905,4100.0,51.7,52.2,51.95,875,51643,112,0.3068493150684931,1.076562195121951,ITM,17.2,0.055964516129032256,0.012670731707317074
2023-08-25,2023-12-15,PUT,4413.905,4090.0,50.5,51.0,50.75,2,194,112,0.3068493150684931,1.0791943765281171,ITM,17.2,0.055964516129032256,0.012408312958435207
2023-08-25,2023-12-15,PUT,4413.905,4075.0,48.6,49.1,48.85,1807,10423,112,0.3068493150684931,1.083166871165644,ITM,17.2,0.055964516129032256,0.011987730061349693
2023-08-25,2023-12-15,PUT,4413.905,4060.0,46.9,47.3,47.1,2,332,112,0.3068493150684931,1.087168719211823,ITM,17.2,0.055964516129032256,0.011600985221674878
2023-08-25,2023-12-15,PUT,4413.905,4050.0,45.7,46.2,45.95,564,19534,112,0.3068493150684931,1.089853086419753,ITM,17.2,0.055964516129032256,0.01134567901234568
2023-08-25,2023-12-15,PUT,4413.905,4040.0,44.6,45.1,44.85,3,1276,112,0.3068493150684931,1.092550742574257,ITM,17.2,0.055964516129032256,0.011101485148514853
2023-08-25,2023-12-15,PUT,4413.905,4025.0,43.0,43.5,43.25,1144,5496,112,0.3068493150684931,1.096622360248447,ITM,17.2,0.055964516129032256,0.010745341614906832
2023-08-25,2023-12-15,PUT,4413.905,4175.0,62.4,63.0,62.7,30,3523,112,0.3068493150684931,1.057222754491018,ITM,17.2,0.055964516129032256,0.015017964071856288
2023-08-25,2023-12-15,PUT,4413.905,4750.0,297.9,303.1,300.5,2,768,112,0.3068493150684931,0.9292431578947368,OTM,17.2,0.055964516129032256,0.06326315789473684
2023-08-25,2023-12-15,PUT,4413.905,4110.0,53.0,53.5,53.25,1,159,112,0.3068493150684931,1.073942822384428,ITM,17.2,0.055964516129032256,0.012956204379562044
2023-08-25,2023-12-15,PUT,4413.905,4350.0,98.6,99.3,98.95,1839,15274,112,0.3068493150684931,1.014690804597701,ATM,17.2,0.055964516129032256,0.02274712643678161
2023-08-25,2023-12-15,PUT,4413.905,4330.0,93.5,94.2,93.85,1,146,112,0.3068493150684931,1.019377598152425,ATM,17.2,0.055964516129032256,0.0216743648960739
2023-08-25,2023-12-15,PUT,4413.905,4325.0,92.3,93.0,92.65,1,2064,112,0.3068493150684931,1.0205560693641618,ATM,17.2,0.055964516129032256,0.021421965317919078
2023-08-25,2023-12-15,PUT,4413.905,4320.0,91.1,91.8,91.45,3,92,112,0.3068493150684931,1.0217372685185184,ATM,17.2,0.055964516129032256,0.021168981481481483
2023-08-25,2023-12-15,PUT,4413.905,4300.0,86.4,86.9,86.65,1746,42064,112,0.3068493150684931,1.0264895348837209,ATM,17.2,0.055964516129032256,0.020151162790697674
2023-08-25,2023-12-15,PUT,4413.905,4275.0,80.9,81.4,81.15,4,7680,112,0.3068493150684931,1.032492397660819,ITM,17.2,0.055964516129032256,0.01898245614035088
2023-08-25,2023-12-15,PUT,4413.905,4250.0,75.7,76.3,76.0,902,19003,112,0.3068493150684931,1.0385658823529411,ITM,17.2,0.055964516129032256,0.01788235294117647
2023-08-25,2023-12-15,PUT,4413.905,4240.0,73.8,74.4,74.1,1,481,112,0.3068493150684931,1.041015330188679,ITM,17.2,0.055964516129032256,0.01747641509433962
2023-08-25,2023-12-15,PUT,4413.905,4225.0,71.0,71.5,71.25,20,15475,112,0.3068493150684931,1.0447112426035503,ITM,17.2,0.055964516129032256,0.01686390532544379
2023-08-25,2023-12-15,PUT,4413.905,4220.0,70.1,70.7,70.4,20,264,112,0.3068493150684931,1.0459490521327013,ITM,17.2,0.055964516129032256,0.016682464454976304
2023-08-25,2023-12-15,PUT,4413.905,4340.0,96.0,96.8,96.4,4,215,112,0.3068493150684931,1.017028801843318,ATM,17.2,0.055964516129032256,0.022211981566820277
2023-08-25,2023-12-15,PUT,4413.905,4210.0,68.3,68.9,68.6,20,279,112,0.3068493150684931,1.0484334916864608,ITM,17.2,0.055964516129032256,0.016294536817102138
2023-08-25,2023-12-15,PUT,4413.905,4125.0,55.0,55.6,55.3,4,5091,112,0.3068493150684931,1.0700375757575755,ITM,17.2,0.055964516129032256,0.013406060606060605
2023-08-25,2023-12-15,PUT,4413.905,4140.0,57.1,57.7,57.400000000000006,2,180,112,0.3068493150684931,1.0661606280193237,ITM,17.2,0.055964516129032256,0.01386473429951691
2023-08-25,2023-12-15,PUT,4413.905,4450.0,129.6,130.2,129.89999999999998,1036,22053,112,0.3068493150684931,0.9918887640449436,ATM,17.2,0.055964516129032256,0.02919101123595505
2023-08-25,2023-12-15,PUT,4413.905,4525.0,159.7,160.8,160.25,6,4689,112,0.3068493150684931,0.9754486187845304,ATM,17.2,0.055964516129032256,0.035414364640883975
2023-08-25,2023-12-15,PUT,4413.905,4425.0,121.0,121.6,121.3,754,1822,112,0.3068493150684931,0.9974926553672316,ATM,17.2,0.055964516129032256,0.027412429378531073
2023-08-25,2023-12-15,PUT,4413.905,4420.0,119.2,120.1,119.65,12,187,112,0.3068493150684931,0.9986210407239818,ATM,17.2,0.055964516129032256,0.027070135746606334
2023-08-25,2023-12-15,PUT,4413.905,4410.0,116.0,116.9,116.45,3,745,112,0.3068493150684931,1.0008854875283446,ATM,17.2,0.055964516129032256,0.026405895691609976
2023-08-25,2023-12-15,PUT,4413.905,4400.0,113.0,113.5,113.25,1108,43902,112,0.3068493150684931,1.0031602272727271,ATM,17.2,0.055964516129032256,0.025738636363636363
2023-08-25,2023-12-15,PUT,4413.905,4390.0,109.9,110.7,110.3,1,255,112,0.3068493150684931,1.0054453302961277,ATM,17.2,0.055964516129032256,0.025125284738041
2023-08-25,2023-12-15,PUT,4413.905,4380.0,106.9,107.7,107.3,2,1004,112,0.3068493150684931,1.0077408675799089,ATM,17.2,0.055964516129032256,0.024497716894977168
2023-08-25,2023-12-15,PUT,4413.905,4540.0,166.6,167.8,167.2,6,72,112,0.3068493150684931,0.97222577092511,ATM,17.2,0.055964516129032256,0.03682819383259912
2023-08-25,2023-12-15,PUT,4413.905,4130.0,55.7,56.2,55.95,8,142,112,0.3068493150684931,1.068742130750605,ITM,17.2,0.055964516129032256,0.01354721549636804
2023-08-25,2023-12-15,PUT,4413.905,4730.0,282.5,287.7,285.1,5,128,112,0.3068493150684931,0.9331723044397462,OTM,17.2,0.055964516129032256,0.06027484143763214
2023-08-25,2023-12-15,PUT,4413.905,4680.0,246.4,251.3,248.85,6,283,112,0.3068493150684931,0.943142094017094,OTM,17.2,0.055964516129032256,0.05317307692307692
2023-08-25,2023-12-15,PUT,4413.905,4650.0,228.1,229.4,228.75,551,5965,112,0.3068493150684931,0.94922688172043,OTM,17.2,0.055964516129032256,0.049193548387096775
2023-08-25,2023-12-15,PUT,4413.905,4640.0,221.6,223.2,222.4,10,132,112,0.3068493150684931,0.9512726293103448,OTM,17.2,0.055964516129032256,0.04793103448275862
2023-08-25,2023-12-15,PUT,4413.905,4560.0,176.4,177.8,177.10000000000002,5,269,112,0.3068493150684931,0.9679616228070176,OTM,17.2,0.055964516129032256,0.03883771929824562
2023-08-25,2023-12-15,PUT,4413.905,4550.0,171.5,172.6,172.05,1014,19884,112,0.3068493150684931,0.9700890109890108,ATM,17.2,0.055964516129032256,0.037813186813186815
2023-08-25,2023-12-15,PUT,4413.905,4375.0,105.5,106.3,105.9,124,3445,112,0.3068493150684931,1.0088925714285717,ATM,17.2,0.055964516129032256,0.02420571428571429
2023-08-25,2023-12-15,PUT,4413.905,4360.0,101.3,102.1,101.7,2,752,112,0.3068493150684931,1.0123635321100917,ATM,17.2,0.055964516129032256,0.023325688073394496
2023-08-25,2023-12-15,PUT,4413.905,4170.0,61.6,62.2,61.900000000000006,11,788,112,0.3068493150684931,1.0584904076738608,ITM,17.2,0.055964516129032256,0.014844124700239809
2023-08-25,2023-12-15,PUT,4413.905,4150.0,58.6,59.1,58.85,12,26914,112,0.3068493150684931,1.06359156626506,ITM,17.2,0.055964516129032256,0.014180722891566265
2023-08-25,2023-12-15,PUT,4413.905,4700.0,261.8,263.9,262.85,1,9292,112,0.3068493150684931,0.9391287234042552,OTM,17.2,0.055964516129032256,0.05592553191489362
2023-08-25,2023-12-15,PUT,4413.905,4200.0,66.6,67.1,66.85,3331,28946,112,0.3068493150684931,1.050929761904762,ITM,17.2,0.055964516129032256,0.015916666666666666
2023-08-25,2023-12-15,PUT,4413.905,4180.0,63.2,63.8,63.5,40,354,112,0.3068493150684931,1.0559581339712918,ITM,17.2,0.055964516129032256,0.015191387559808613
2023-08-25,2023-08-28,PUT,4413.905,4295.0,0.3,0.35,0.3249999999999999,2141,2097,3,0.0082191780821917,1.027684516880093,ATM,17.2,0.0556,7.566938300349242e-05
2023-08-25,2023-08-28,PUT,4413.905,4135.0,0.1,0.2,0.15,80,423,3,0.0082191780821917,1.0674498186215235,ITM,17.2,0.0556,3.627569528415961e-05
2023-08-25,2023-08-28,PUT,4413.905,4130.0,0.1,0.15,0.125,507,1019,3,0.0082191780821917,1.068742130750605,ITM,17.2,0.0556,3.026634382566586e-05
2023-08-25,2023-08-28,PUT,4413.905,4125.0,0.1,0.15,0.125,10,367,3,0.0082191780821917,1.0700375757575755,ITM,17.2,0.0556,3.0303030303030302e-05
2023-08-25,2023-08-28,PUT,4413.905,4120.0,0.1,0.15,0.125,28,1553,3,0.0082191780821917,1.0713361650485436,ITM,17.2,0.0556,3.0339805825242717e-05
2023-08-25,2023-08-28,PUT,4413.905,4110.0,0.1,0.15,0.125,5,4560,3,0.0082191780821917,1.073942822384428,ITM,17.2,0.0556,3.0413625304136255e-05
2023-08-25,2023-08-28,PUT,4413.905,4100.0,0.1,0.15,0.125,1367,1125,3,0.0082191780821917,1.076562195121951,ITM,17.2,0.0556,3.048780487804878e-05
2023-08-25,2023-08-28,PUT,4413.905,4090.0,0.1,0.15,0.125,73,771,3,0.0082191780821917,1.0791943765281171,ITM,17.2,0.0556,3.0562347188264056e-05
2023-08-25,2023-08-28,PUT,4413.905,4080.0,0.1,0.15,0.125,6,1007,3,0.0082191780821917,1.0818394607843136,ITM,17.2,0.0556,3.0637254901960784e-05
2023-08-25,2023-08-28,PUT,4413.905,4075.0,0.1,0.15,0.125,1331,2136,3,0.0082191780821917,1.083166871165644,ITM,17.2,0.0556,3.067484662576687e-05
2023-08-25,2023-08-28,PUT,4413.905,4140.0,0.1,0.2,0.15,218,164,3,0.0082191780821917,1.0661606280193237,ITM,17.2,0.0556,3.6231884057971014e-05
2023-08-25,2023-08-28,PUT,4413.905,4070.0,0.1,0.15,0.125,113,225,3,0.0082191780821917,1.084497542997543,ITM,17.2,0.0556,3.071253071253071e-05
2023-08-25,2023-08-28,PUT,4413.905,4050.0,0.1,0.15,0.125,2250,1325,3,0.0082191780821917,1.089853086419753,ITM,17.2,0.0556,3.08641975308642e-05
2023-08-25,2023-12-15,PUT,4413.905,4900.0,425.7,432.4,429.05,10,3163,112,0.3068493150684931,0.90079693877551,OTM,17.2,0.055964516129032256,0.08756122448979592
2023-08-25,2023-08-28,PUT,4413.905,4150.0,0.1,0.2,0.15,634,6050,3,0.0082191780821917,1.06359156626506,ITM,17.2,0.0556,3.614457831325301e-05
2023-08-25,2023-08-28,PUT,4413.905,4155.0,0.1,0.2,0.15,87,261,3,0.0082191780821917,1.0623116726835138,ITM,17.2,0.0556,3.610108303249097e-05
2023-08-25,2023-08-28,PUT,4413.905,4160.0,0.1,0.2,0.15,178,181,3,0.0082191780821917,1.0610348557692306,ITM,17.2,0.0556,3.6057692307692304e-05
2023-08-25,2023-08-28,PUT,4413.905,4230.0,0.15,0.2,0.175,439,447,3,0.0082191780821917,1.0434763593380614,ITM,17.2,0.0556,4.1371158392434986e-05
2023-08-25,2023-08-28,PUT,4413.905,4225.0,0.15,0.2,0.175,1867,3967,3,0.0082191780821917,1.0447112426035503,ITM,17.2,0.0556,4.142011834319526e-05
2023-08-25,2023-08-28,PUT,4413.905,4220.0,0.15,0.2,0.175,917,786,3,0.0082191780821917,1.0459490521327013,ITM,17.2,0.0556,4.1469194312796206e-05
2023-08-25,2023-08-28,PUT,4413.905,4215.0,0.15,0.2,0.175,272,303,3,0.0082191780821917,1.0471897983392644,ITM,17.2,0.0556,4.1518386714116246e-05
2023-08-25,2023-08-28,PUT,4413.905,4060.0,0.1,0.15,0.125,183,107,3,0.0082191780821917,1.087168719211823,ITM,17.2,0.0556,3.0788177339901475e-05
2023-08-25,2023-08-28,PUT,4413.905,4145.0,0.1,0.2,0.15,311,45,3,0.0082191780821917,1.0648745476477683,ITM,17.2,0.0556,3.6188178528347406e-05
2023-08-25,2023-08-28,PUT,4413.905,4235.0,0.15,0.2,0.175,321,528,3,0.0082191780821917,1.0422443919716646,ITM,17.2,0.0556,4.132231404958677e-05
2023-08-25,2023-08-28,PUT,4413.905,4240.0,0.15,0.25,0.2,215,497,3,0.0082191780821917,1.041015330188679,ITM,17.2,0.0556,4.716981132075472e-05
2023-08-25,2023-08-28,PUT,4413.905,4290.0,0.25,0.35,0.3,3966,779,3,0.0082191780821917,1.0288822843822842,ATM,17.2,0.0556,6.993006993006993e-05
2023-08-25,2023-08-28,PUT,4413.905,4285.0,0.25,0.3,0.275,3226,724,3,0.0082191780821917,1.0300828471411902,ITM,17.2,0.0556,6.417736289381564e-05
2023-08-25,2023-08-28,PUT,4413.905,4280.0,0.25,0.3,0.275,1977,676,3,0.0082191780821917,1.0312862149532709,ITM,17.2,0.0556,6.425233644859814e-05
2023-08-25,2023-08-28,PUT,4413.905,4275.0,0.2,0.3,0.25,2184,733,3,0.0082191780821917,1.032492397660819,ITM,17.2,0.0556,5.847953216374269e-05
2023-08-25,2023-08-28,PUT,4413.905,4270.0,0.2,0.25,0.225,4037,386,3,0.0082191780821917,1.0337014051522249,ITM,17.2,0.0556,5.269320843091335e-05
2023-08-25,2023-08-28,PUT,4413.905,4265.0,0.2,0.25,0.225,5955,945,3,0.0082191780821917,1.0349132473622509,ITM,17.2,0.0556,5.275498241500586e-05
2023-08-25,2023-08-28,PUT,4413.905,4260.0,0.2,0.25,0.225,1569,1222,3,0.0082191780821917,1.0361279342723004,ITM,17.2,0.0556,5.281690140845071e-05
2023-08-25,2023-08-28,PUT,4413.905,4255.0,0.15,0.25,0.2,550,414,3,0.0082191780821917,1.0373454759106933,ITM,17.2,0.0556,4.700352526439483e-05
2023-08-25,2023-08-28,PUT,4413.905,4250.0,0.2,0.25,0.225,1980,4339,3,0.0082191780821917,1.0385658823529411,ITM,17.2,0.0556,5.294117647058824e-05
2023-08-25,2023-08-28,PUT,4413.905,4300.0,0.35,0.4,0.375,10383,2717,3,0.0082191780821917,1.0264895348837209,ATM,17.2,0.0556,8.72093023255814e-05
2023-08-25,2023-08-28,PUT,4413.905,4305.0,0.35,0.4,0.375,5150,535,3,0.0082191780821917,1.0252973286875726,ATM,17.2,0.0556,8.710801393728223e-05
2023-08-25,2023-08-28,PUT,4413.905,4350.0,1.35,1.4,1.375,8963,9191,3,0.0082191780821917,1.014690804597701,ATM,17.2,0.0556,0.0003160919540229885
2023-08-25,2023-08-28,PUT,4413.905,4345.0,1.1,1.2,1.15,3293,1090,3,0.0082191780821917,1.0158584579976984,ATM,17.2,0.0556,0.00026467203682393553
2023-08-25,2023-08-28,PUT,4413.905,4340.0,0.9,1.0,0.95,6616,500,3,0.0082191780821917,1.017028801843318,ATM,17.2,0.0556,0.00021889400921658986
2023-08-25,2023-08-28,PUT,4413.905,4335.0,0.75,0.85,0.8,3782,266,3,0.0082191780821917,1.01820184544406,ATM,17.2,0.0556,0.0001845444059976932
2023-08-25,2023-08-28,PUT,4413.905,4330.0,0.65,0.75,0.7,10816,3139,3,0.0082191780821917,1.019377598152425,ATM,17.2,0.0556,0.00016166281755196303
2023-08-25,2023-08-28,PUT,4413.905,4325.0,0.55,0.65,0.6000000000000001,4651,1684,3,0.0082191780821917,1.0205560693641618,ATM,17.2,0.0556,0.000138728323699422
2023-08-25,2023-08-28,PUT,4413.905,4320.0,0.5,0.55,0.525,5413,1153,3,0.0082191780821917,1.0217372685185184,ATM,17.2,0.0556,0.00012152777777777779
2023-08-25,2023-08-28,PUT,4413.905,4315.0,0.45,0.5,0.475,3169,1117,3,0.0082191780821917,1.0229212050984935,ATM,17.2,0.0556,0.0001100811123986095
2023-08-25,2023-08-28,PUT,4413.905,4310.0,0.4,0.45,0.425,4233,1358,3,0.0082191780821917,1.0241078886310904,ATM,17.2,0.0556,9.860788863109048e-05
2023-08-25,2023-08-28,PUT,4413.905,4245.0,0.2,0.25,0.225,1160,239,3,0.0082191780821917,1.0397891637220258,ITM,17.2,0.0556,5.3003533568904595e-05
2023-08-25,2023-12-15,PUT,4413.905,4470.0,136.8,137.9,137.35000000000002,20,198,112,0.3068493150684931,0.9874507829977628,ATM,17.2,0.055964516129032256,0.03072706935123043
2023-08-25,2023-12-15,PUT,4413.905,4500.0,148.8,149.9,149.35000000000002,6810,25857,112,0.3068493150684931,0.9808677777777776,ATM,17.2,0.055964516129032256,0.03318888888888889
2023-08-25,2023-08-28,PUT,4413.905,4355.0,1.6,1.7,1.65,4906,586,3,0.0082191780821917,1.0135258323765786,ATM,17.2,0.0556,0.00037887485648679676
2023-08-25,2023-08-28,PUT,4413.905,4360.0,2.0,2.05,2.025,6090,4577,3,0.0082191780821917,1.0123635321100917,ATM,17.2,0.0556,0.00046444954128440366
2023-08-25,2023-08-28,PUT,4413.905,4420.0,17.6,17.8,17.700000000000003,1306,384,3,0.0082191780821917,0.9986210407239818,ATM,17.2,0.0556,0.004004524886877829
2023-08-25,2023-08-28,PUT,4413.905,4465.0,51.2,52.4,51.8,67,105,3,0.0082191780821917,0.9885565509518476,ATM,17.2,0.0556,0.0116013437849944
2023-08-25,2023-08-28,PUT,4413.905,4460.0,46.7,47.5,47.1,334,220,3,0.0082191780821917,0.989664798206278,ATM,17.2,0.0556,0.010560538116591928
2023-08-25,2023-08-28,PUT,4413.905,4455.0,42.4,43.3,42.85,61,981,3,0.0082191780821917,0.9907755331088663,ATM,17.2,0.0556,0.009618406285072953
2023-08-25,2023-08-28,PUT,4413.905,4450.0,38.2,38.8,38.5,464,765,3,0.0082191780821917,0.9918887640449436,ATM,17.2,0.0556,0.008651685393258427
2023-08-25,2023-08-28,PUT,4413.905,4445.0,34.1,35.0,34.55,53,126,3,0.0082191780821917,0.9930044994375704,ATM,17.2,0.0556,0.007772778402699662
2023-08-25,2023-08-28,PUT,4413.905,4440.0,30.3,31.0,30.65,207,1190,3,0.0082191780821917,0.9941227477477476,ATM,17.2,0.0556,0.006903153153153153
2023-08-25,2023-08-28,PUT,4413.905,4435.0,26.7,27.5,27.1,110,227,3,0.0082191780821917,0.9952435174746336,ATM,17.2,0.0556,0.006110484780157836
2023-08-25,2023-08-28,PUT,4413.905,4430.0,23.5,23.8,23.65,348,312,3,0.0082191780821917,0.996366817155756,ATM,17.2,0.0556,0.005338600451467269
2023-08-25,2023-08-28,PUT,4413.905,4415.0,15.0,15.2,15.1,1535,321,3,0.0082191780821917,0.9997519818799546,ATM,17.2,0.0556,0.003420158550396376
2023-08-25,2023-08-28,PUT,4413.905,4425.0,20.4,20.7,20.55,956,507,3,0.0082191780821917,0.9974926553672316,ATM,17.2,0.0556,0.004644067796610169
2023-08-25,2023-08-29,PUT,4413.905,4170.0,0.2,0.3,0.25,286,13,4,0.010958904109589,1.0584904076738608,ITM,17.2,0.0556,5.995203836930456e-05
2023-08-25,2023-08-29,PUT,4413.905,4390.0,10.7,10.9,10.8,893,227,4,0.010958904109589,1.0054453302961277,ATM,17.2,0.0556,0.0024601366742596814
2023-08-25,2023-08-29,PUT,4413.905,4385.0,9.4,9.6,9.5,421,425,4,0.010958904109589,1.0065917901938426,ATM,17.2,0.0556,0.002166476624857469
2023-08-25,2023-08-29,PUT,4413.905,4380.0,8.2,8.4,8.3,642,295,4,0.010958904109589,1.0077408675799089,ATM,17.2,0.0556,0.0018949771689497719
2023-08-25,2023-08-29,PUT,4413.905,4375.0,7.1,7.3,7.199999999999999,711,301,4,0.010958904109589,1.0088925714285717,ATM,17.2,0.0556,0.0016457142857142855
2023-08-25,2023-08-29,PUT,4413.905,4395.0,12.2,12.4,12.3,694,200,4,0.010958904109589,1.004301478953356,ATM,17.2,0.0556,0.0027986348122866897
2023-08-25,2023-08-29,PUT,4413.905,4365.0,5.4,5.5,5.45,448,290,4,0.010958904109589,1.0112038946162656,ATM,17.2,0.0556,0.0012485681557846506
2023-08-25,2023-08-29,PUT,4413.905,4360.0,4.6,4.8,4.699999999999999,1093,238,4,0.010958904109589,1.0123635321100917,ATM,17.2,0.0556,0.0010779816513761466
2023-08-25,2023-08-29,PUT,4413.905,4355.0,4.0,4.2,4.1,372,175,4,0.010958904109589,1.0135258323765786,ATM,17.2,0.0556,0.000941446613088404
2023-08-25,2023-08-29,PUT,4413.905,4155.0,0.2,0.3,0.25,21,379,4,0.010958904109589,1.0623116726835138,ITM,17.2,0.0556,6.016847172081829e-05
2023-08-25,2023-08-29,PUT,4413.905,4150.0,0.2,0.3,0.25,563,263,4,0.010958904109589,1.06359156626506,ITM,17.2,0.0556,6.0240963855421684e-05
2023-08-25,2023-08-28,PUT,4413.905,4365.0,2.4,2.5,2.45,3233,964,3,0.0082191780821917,1.0112038946162656,ATM,17.2,0.0556,0.0005612829324169531
2023-08-25,2023-08-28,PUT,4413.905,4370.0,2.95,3.1,3.0250000000000004,6755,452,3,0.0082191780821917,1.0100469107551486,ATM,17.2,0.0556,0.0006922196796338674
2023-08-25,2023-08-29,PUT,4413.905,4070.0,0.15,0.25,0.2,131,133,4,0.010958904109589,1.084497542997543,ITM,17.2,0.0556,4.914004914004914e-05
2023-08-25,2023-08-29,PUT,4413.905,4050.0,0.15,0.25,0.2,87,71,4,0.010958904109589,1.089853086419753,ITM,17.2,0.0556,4.938271604938272e-05
2023-08-25,2023-08-29,PUT,4413.905,4025.0,0.15,0.25,0.2,43,102,4,0.010958904109589,1.096622360248447,ITM,17.2,0.0556,4.968944099378882e-05
2023-08-25,2023-08-28,PUT,4413.905,4650.0,233.5,237.4,235.45,8,143,3,0.0082191780821917,0.94922688172043,OTM,17.2,0.0556,0.05063440860215054
2023-08-25,2023-08-28,PUT,4413.905,4625.0,208.5,212.4,210.45,3,57,3,0.0082191780821917,0.9543578378378378,OTM,17.2,0.0556,0.0455027027027027
2023-08-25,2023-08-28,PUT,4413.905,4610.0,193.5,197.4,195.45,1,27,3,0.0082191780821917,0.9574631236442516,OTM,17.2,0.0556,0.04239696312364425
2023-08-25,2023-08-28,PUT,4413.905,4600.0,183.5,187.4,185.45,4,191,3,0.0082191780821917,0.9595445652173912,OTM,17.2,0.0556,0.040315217391304344
2023-08-25,2023-08-28,PUT,4413.905,4595.0,178.5,182.5,180.5,1,53,3,0.0082191780821917,0.960588683351469,OTM,17.2,0.0556,0.03928182807399347
2023-08-25,2023-08-28,PUT,4413.905,4575.0,158.5,162.5,160.5,2,56,3,0.0082191780821917,0.9647879781420764,OTM,17.2,0.0556,0.035081967213114754
2023-08-25,2023-08-28,PUT,4413.905,4570.0,153.5,157.5,155.5,3,32,3,0.0082191780821917,0.965843544857768,OTM,17.2,0.0556,0.034026258205689275
2023-08-25,2023-08-28,PUT,4413.905,4560.0,143.5,147.5,145.5,6,64,3,0.0082191780821917,0.9679616228070176,OTM,17.2,0.0556,0.03190789473684211
2023-08-25,2023-08-28,PUT,4413.905,4475.0,60.2,61.8,61.0,91,260,3,0.0082191780821917,0.9863474860335196,ATM,17.2,0.0556,0.013631284916201117
2023-08-25,2023-08-28,PUT,4413.905,4470.0,55.9,56.9,56.4,571,89,3,0.0082191780821917,0.9874507829977628,ATM,17.2,0.0556,0.01261744966442953
2023-08-25,2023-08-28,PUT,4413.905,4410.0,12.7,13.0,12.85,3245,776,3,0.0082191780821917,1.0008854875283446,ATM,17.2,0.0556,0.002913832199546485
2023-08-25,2023-08-28,PUT,4413.905,4405.0,10.8,10.9,10.85,2212,441,3,0.0082191780821917,1.0020215664018162,ATM,17.2,0.0556,0.00246311010215664
2023-08-25,2023-08-28,PUT,4413.905,4400.0,9.0,9.2,9.1,5528,1419,3,0.0082191780821917,1.0031602272727271,ATM,17.2,0.0556,0.002068181818181818
2023-08-25,2023-08-28,PUT,4413.905,4395.0,7.5,7.7,7.6,3515,511,3,0.0082191780821917,1.004301478953356,ATM,17.2,0.0556,0.0017292377701934015
2023-08-25,2023-08-28,PUT,4413.905,4390.0,6.3,6.4,6.35,3669,433,3,0.0082191780821917,1.0054453302961277,ATM,17.2,0.0556,0.0014464692482915717
2023-08-25,2023-08-28,PUT,4413.905,4385.0,5.2,5.4,5.300000000000001,2920,296,3,0.0082191780821917,1.0065917901938426,ATM,17.2,0.0556,0.00120866590649943
2023-08-25,2023-08-28,PUT,4413.905,4380.0,4.3,4.5,4.4,4682,460,3,0.0082191780821917,1.0077408675799089,ATM,17.2,0.0556,0.0010045662100456622
2023-08-25,2023-08-28,PUT,4413.905,4375.0,3.6,3.7,3.65,8245,2810,3,0.0082191780821917,1.0088925714285717,ATM,17.2,0.0556,0.0008342857142857143
2023-08-25,2023-08-29,PUT,4413.905,4350.0,3.4,3.6,3.5,987,1307,4,0.010958904109589,1.014690804597701,ATM,17.2,0.0556,0.0008045977011494253
2023-08-25,2023-08-28,PUT,4413.905,4210.0,0.15,0.2,0.175,476,538,3,0.0082191780821917,1.0484334916864608,ITM,17.2,0.0556,4.1567695961995245e-05
2023-08-25,2023-08-29,PUT,4413.905,4370.0,6.2,6.4,6.300000000000001,758,710,4,0.010958904109589,1.0100469107551486,ATM,17.2,0.0556,0.0014416475972540048
2023-08-25,2023-08-29,PUT,4413.905,4450.0,41.0,42.0,41.5,379,421,4,0.010958904109589,0.9918887640449436,ATM,17.2,0.0556,0.009325842696629214
2023-08-25,2023-08-29,PUT,4413.905,4195.0,0.25,0.3,0.275,369,47,4,0.010958904109589,1.052182359952324,ITM,17.2,0.0556,6.555423122765198e-05
2023-08-25,2023-08-29,PUT,4413.905,4190.0,0.25,0.3,0.275,255,42,4,0.010958904109589,1.0534379474940334,ITM,17.2,0.0556,6.563245823389022e-05
2023-08-25,2023-08-29,PUT,4413.905,4185.0,0.2,0.3,0.25,12,58,4,0.010958904109589,1.0546965352449222,ITM,17.2,0.0556,5.973715651135006e-05
2023-08-25,2023-08-29,PUT,4413.905,4180.0,0.2,0.3,0.25,115,96,4,0.010958904109589,1.0559581339712918,ITM,17.2,0.0556,5.980861244019139e-05
2023-08-25,2023-08-29,PUT,4413.905,4175.0,0.2,0.3,0.25,753,167,4,0.010958904109589,1.057222754491018,ITM,17.2,0.0556,5.988023952095808e-05
2023-08-25,2023-08-29,PUT,4413.905,4270.0,0.5,0.55,0.525,347,100,4,0.010958904109589,1.0337014051522249,ITM,17.2,0.0556,0.00012295081967213115
2023-08-25,2023-08-29,PUT,4413.905,4165.0,0.2,0.3,0.25,22,30,4,0.010958904109589,1.0597611044417767,ITM,17.2,0.0556,6.002400960384154e-05
2023-08-25,2023-08-29,PUT,4413.905,4275.0,0.55,0.6,0.575,1285,345,4,0.010958904109589,1.032492397660819,ITM,17.2,0.0556,0.00013450292397660816
2023-08-25,2023-08-29,PUT,4413.905,4280.0,0.6,0.65,0.625,230,254,4,0.010958904109589,1.0312862149532709,ITM,17.2,0.0556,0.00014602803738317756
2023-08-25,2023-08-29,PUT,4413.905,4200.0,0.25,0.3,0.275,2367,1752,4,0.010958904109589,1.050929761904762,ITM,17.2,0.0556,6.547619047619048e-05
2023-08-25,2023-08-29,PUT,4413.905,4335.0,2.2,2.35,2.2750000000000004,296,266,4,0.010958904109589,1.01820184544406,ATM,17.2,0.0556,0.0005247981545559401
2023-08-25,2023-08-29,PUT,4413.905,4325.0,1.65,1.75,1.7,532,276,4,0.010958904109589,1.0205560693641618,ATM,17.2,0.0556,0.0003930635838150289
2023-08-25,2023-08-29,PUT,4413.905,4320.0,1.45,1.55,1.5,375,250,4,0.010958904109589,1.0217372685185184,ATM,17.2,0.0556,0.00034722222222222224
2023-08-25,2023-08-29,PUT,4413.905,4315.0,1.25,1.35,1.3,527,99,4,0.010958904109589,1.0229212050984935,ATM,17.2,0.0556,0.00030127462340672075
2023-08-25,2023-08-29,PUT,4413.905,4310.0,1.1,1.2,1.15,423,209,4,0.010958904109589,1.0241078886310904,ATM,17.2,0.0556,0.0002668213457076566
2023-08-25,2023-08-29,PUT,4413.905,4305.0,1.0,1.1,1.05,382,136,4,0.010958904109589,1.0252973286875726,ATM,17.2,0.0556,0.00024390243902439024
2023-08-25,2023-08-29,PUT,4413.905,4300.0,0.9,0.95,0.925,1945,759,4,0.010958904109589,1.0264895348837209,ATM,17.2,0.0556,0.00021511627906976746
2023-08-25,2023-08-29,PUT,4413.905,4295.0,0.8,0.9,0.8500000000000001,354,141,4,0.010958904109589,1.027684516880093,ATM,17.2,0.0556,0.00019790454016298023
2023-08-25,2023-08-29,PUT,4413.905,4290.0,0.7,0.8,0.75,428,180,4,0.010958904109589,1.0288822843822842,ATM,17.2,0.0556,0.00017482517482517483
2023-08-25,2023-08-29,PUT,4413.905,4285.0,0.65,0.75,0.7,355,66,4,0.010958904109589,1.0300828471411902,ITM,17.2,0.0556,0.00016336056009334888
2023-08-25,2023-08-29,PUT,4413.905,4330.0,1.9,2.05,1.975,331,139,4,0.010958904109589,1.019377598152425,ATM,17.2,0.0556,0.0004561200923787529
2023-08-25,2023-08-29,PUT,4413.905,4205.0,0.25,0.35,0.3,23,49,4,0.010958904109589,1.049680142687277,ITM,17.2,0.0556,7.13436385255648e-05
2023-08-25,2023-08-29,PUT,4413.905,4210.0,0.25,0.35,0.3,19,132,4,0.010958904109589,1.0484334916864608,ITM,17.2,0.0556,7.125890736342043e-05
2023-08-25,2023-08-29,PUT,4413.905,4215.0,0.25,0.35,0.3,91,143,4,0.010958904109589,1.0471897983392644,ITM,17.2,0.0556,7.117437722419929e-05
2023-08-25,2023-08-29,PUT,4413.905,4445.0,37.5,38.7,38.1,21,66,4,0.010958904109589,0.9930044994375704,ATM,17.2,0.0556,0.008571428571428572
2023-08-25,2023-08-29,PUT,4413.905,4440.0,33.9,34.9,34.4,126,601,4,0.010958904109589,0.9941227477477476,ATM,17.2,0.0556,0.0077477477477477475
2023-08-25,2023-08-29,PUT,4413.905,4435.0,30.9,31.3,31.1,34,365,4,0.010958904109589,0.9952435174746336,ATM,17.2,0.0556,0.007012401352874859
2023-08-25,2023-08-29,PUT,4413.905,4430.0,28.0,28.2,28.1,219,305,4,0.010958904109589,0.996366817155756,ATM,17.2,0.0556,0.006343115124153499
2023-08-25,2023-08-29,PUT,4413.905,4425.0,25.0,25.5,25.25,271,397,4,0.010958904109589,0.9974926553672316,ATM,17.2,0.0556,0.005706214689265536
2023-08-25,2023-08-29,PUT,4413.905,4420.0,22.4,22.8,22.6,112,172,4,0.010958904109589,0.9986210407239818,ATM,17.2,0.0556,0.005113122171945702
2023-08-25,2023-08-29,PUT,4413.905,4415.0,20.0,20.4,20.2,154,99,4,0.010958904109589,0.9997519818799546,ATM,17.2,0.0556,0.004575311438278595
2023-08-25,2023-08-29,PUT,4413.905,4410.0,17.8,18.0,17.9,227,190,4,0.010958904109589,1.0008854875283446,ATM,17.2,0.0556,0.004058956916099773
2023-08-25,2023-08-29,PUT,4413.905,4405.0,15.7,16.0,15.85,314,348,4,0.010958904109589,1.0020215664018162,ATM,17.2,0.0556,0.0035981838819523267
2023-08-25,2023-08-29,PUT,4413.905,4345.0,3.0,3.1,3.05,545,247,4,0.010958904109589,1.0158584579976984,ATM,17.2,0.0556,0.0007019562715765247
2023-08-25,2023-08-29,PUT,4413.905,4340.0,2.55,2.7,2.625,950,373,4,0.010958904109589,1.017028801843318,ATM,17.2,0.0556,0.0006048387096774194
2023-08-25,2023-08-29,PUT,4413.905,4265.0,0.45,0.55,0.5,215,111,4,0.010958904109589,1.0349132473622509,ITM,17.2,0.0556,0.00011723329425556858
2023-08-25,2023-08-29,PUT,4413.905,4260.0,0.45,0.5,0.475,235,156,4,0.010958904109589,1.0361279342723004,ITM,17.2,0.0556,0.00011150234741784038
2023-08-25,2023-08-29,PUT,4413.905,4255.0,0.4,0.5,0.45,143,140,4,0.010958904109589,1.0373454759106933,ITM,17.2,0.0556,0.00010575793184488837
2023-08-25,2023-08-29,PUT,4413.905,4250.0,0.4,0.45,0.425,2099,918,4,0.010958904109589,1.0385658823529411,ITM,17.2,0.0556,9.999999999999999e-05
2023-08-25,2023-08-29,PUT,4413.905,4245.0,0.35,0.45,0.4,100,181,4,0.010958904109589,1.0397891637220258,ITM,17.2,0.0556,9.422850412249706e-05
2023-08-25,2023-08-29,PUT,4413.905,4240.0,0.35,0.4,0.375,71,191,4,0.010958904109589,1.041015330188679,ITM,17.2,0.0556,8.844339622641509e-05
2023-08-25,2023-08-29,PUT,4413.905,4235.0,0.3,0.4,0.35,56,186,4,0.010958904109589,1.0422443919716646,ITM,17.2,0.0556,8.264462809917355e-05
2023-08-25,2023-08-29,PUT,4413.905,4230.0,0.3,0.4,0.35,91,354,4,0.010958904109589,1.0434763593380614,ITM,17.2,0.0556,8.274231678486997e-05
2023-08-25,2023-08-29,PUT,4413.905,4225.0,0.3,0.35,0.3249999999999999,79,107,4,0.010958904109589,1.0447112426035503,ITM,17.2,0.0556,7.69230769230769e-05
2023-08-25,2023-08-29,PUT,4413.905,4220.0,0.3,0.35,0.3249999999999999,16,325,4,0.010958904109589,1.0459490521327013,ITM,17.2,0.0556,7.701421800947865e-05
2023-08-25,2023-08-29,PUT,4413.905,4400.0,13.9,14.2,14.05,1757,1606,4,0.010958904109589,1.0031602272727271,ATM,17.2,0.0556,0.0031931818181818185
2023-08-25,2023-08-30,PUT,4413.905,4445.0,40.8,42.0,41.4,11,166,5,0.0136986301369863,0.9930044994375704,ATM,17.2,0.0556,0.009313835770528684
2023-08-25,2023-08-28,PUT,4413.905,4205.0,0.15,0.2,0.175,165,429,3,0.0082191780821917,1.049680142687277,ITM,17.2,0.0556,4.1617122473246136e-05
2023-08-25,2023-08-28,PUT,4413.905,4195.0,0.15,0.2,0.175,293,2201,3,0.0082191780821917,1.052182359952324,ITM,17.2,0.0556,4.171632896305125e-05
2023-08-25,2023-08-30,PUT,4413.905,4210.0,0.45,0.5,0.475,15,4093,5,0.0136986301369863,1.0484334916864608,ITM,17.2,0.0556,0.00011282660332541568
2023-08-25,2023-08-30,PUT,4413.905,4205.0,0.4,0.5,0.45,586,188,5,0.0136986301369863,1.049680142687277,ITM,17.2,0.0556,0.0001070154577883472
2023-08-25,2023-08-30,PUT,4413.905,4200.0,0.4,0.5,0.45,807,840,5,0.0136986301369863,1.050929761904762,ITM,17.2,0.0556,0.00010714285714285715
2023-08-25,2023-08-30,PUT,4413.905,4195.0,0.4,0.45,0.425,47,185,5,0.0136986301369863,1.052182359952324,ITM,17.2,0.0556,0.00010131108462455303
2023-08-25,2023-08-30,PUT,4413.905,4190.0,0.4,0.45,0.425,45,100,5,0.0136986301369863,1.0534379474940334,ITM,17.2,0.0556,0.00010143198090692124
2023-08-25,2023-08-30,PUT,4413.905,4230.0,0.55,0.6,0.575,392,241,5,0.0136986301369863,1.0434763593380614,ITM,17.2,0.0556,0.0001359338061465721
2023-08-25,2023-08-30,PUT,4413.905,4185.0,0.35,0.45,0.4,25,110,5,0.0136986301369863,1.0546965352449222,ITM,17.2,0.0556,9.55794504181601e-05
2023-08-25,2023-08-30,PUT,4413.905,4175.0,0.35,0.4,0.375,2779,201,5,0.0136986301369863,1.057222754491018,ITM,17.2,0.0556,8.982035928143712e-05
2023-08-25,2023-08-30,PUT,4413.905,4170.0,0.35,0.4,0.375,29,51,5,0.0136986301369863,1.0584904076738608,ITM,17.2,0.0556,8.992805755395684e-05
2023-08-25,2023-08-30,PUT,4413.905,4215.0,0.45,0.55,0.5,31,123,5,0.0136986301369863,1.0471897983392644,ITM,17.2,0.0556,0.00011862396204033214
2023-08-25,2023-08-30,PUT,4413.905,4165.0,0.35,0.4,0.375,31,66,5,0.0136986301369863,1.0597611044417767,ITM,17.2,0.0556,9.00360144057623e-05
2023-08-25,2023-08-30,PUT,4413.905,4155.0,0.3,0.4,0.35,116,260,5,0.0136986301369863,1.0623116726835138,ITM,17.2,0.0556,8.42358604091456e-05
2023-08-25,2023-08-30,PUT,4413.905,4150.0,0.3,0.35,0.3249999999999999,151,475,5,0.0136986301369863,1.06359156626506,ITM,17.2,0.0556,7.831325301204817e-05
2023-08-25,2023-08-30,PUT,4413.905,4140.0,0.3,0.35,0.3249999999999999,143,1405,5,0.0136986301369863,1.0661606280193237,ITM,17.2,0.0556,7.850241545893718e-05
2023-08-25,2023-08-30,PUT,4413.905,4130.0,0.3,0.35,0.3249999999999999,43,143,5,0.0136986301369863,1.068742130750605,ITM,17.2,0.0556,7.869249394673121e-05
2023-08-25,2023-08-30,PUT,4413.905,4180.0,0.35,0.45,0.4,260,189,5,0.0136986301369863,1.0559581339712918,ITM,17.2,0.0556,9.569377990430622e-05
2023-08-25,2023-08-30,PUT,4413.905,4235.0,0.55,0.65,0.6000000000000001,32,305,5,0.0136986301369863,1.0422443919716646,ITM,17.2,0.0556,0.00014167650531286897
2023-08-25,2023-08-30,PUT,4413.905,4240.0,0.6,0.7,0.6499999999999999,357,269,5,0.0136986301369863,1.041015330188679,ITM,17.2,0.0556,0.0001533018867924528
2023-08-25,2023-08-30,PUT,4413.905,4245.0,0.65,0.75,0.7,482,300,5,0.0136986301369863,1.0397891637220258,ITM,17.2,0.0556,0.00016489988221436984
2023-08-25,2023-08-30,PUT,4413.905,4310.0,2.15,2.3,2.225,277,236,5,0.0136986301369863,1.0241078886310904,ATM,17.2,0.0556,0.0005162412993039443
2023-08-25,2023-08-30,PUT,4413.905,4160.0,0.35,0.4,0.375,62,238,5,0.0136986301369863,1.0610348557692306,ITM,17.2,0.0556,9.014423076923077e-05
2023-08-25,2023-08-30,PUT,4413.905,4305.0,1.95,2.05,2.0,161,250,5,0.0136986301369863,1.0252973286875726,ATM,17.2,0.0556,0.0004645760743321719
2023-08-25,2023-08-30,PUT,4413.905,4220.0,0.5,0.55,0.525,158,1089,5,0.0136986301369863,1.0459490521327013,ITM,17.2,0.0556,0.00012440758293838863
2023-08-25,2023-08-30,PUT,4413.905,4565.0,148.1,152.0,150.05,5,167,5,0.0136986301369863,0.9669014238773276,OTM,17.2,0.0556,0.03286966046002191
2023-08-25,2023-08-31,PUT,4413.905,4380.0,14.2,14.5,14.35,267,1046,6,0.0164383561643835,1.0077408675799089,ATM,17.2,0.0556,0.003276255707762557
2023-08-25,2023-08-31,PUT,4413.905,4375.0,12.9,13.1,13.0,1059,2220,6,0.0164383561643835,1.0088925714285717,ATM,17.2,0.0556,0.0029714285714285715
2023-08-25,2023-08-31,PUT,4413.905,4370.0,11.7,11.9,11.8,298,460,6,0.0164383561643835,1.0100469107551486,ATM,17.2,0.0556,0.002700228832951945
2023-08-25,2023-08-31,PUT,4413.905,4365.0,10.6,10.8,10.7,289,452,6,0.0164383561643835,1.0112038946162656,ATM,17.2,0.0556,0.0024513172966781215
2023-08-25,2023-08-31,PUT,4413.905,4360.0,9.6,9.8,9.7,530,330,6,0.0164383561643835,1.0123635321100917,ATM,17.2,0.0556,0.0022247706422018347
2023-08-25,2023-08-31,PUT,4413.905,4355.0,8.6,8.8,8.7,328,503,6,0.0164383561643835,1.0135258323765786,ATM,17.2,0.0556,0.0019977037887485647
2023-08-25,2023-08-31,PUT,4413.905,4350.0,7.8,8.0,7.9,6440,12287,6,0.0164383561643835,1.014690804597701,ATM,17.2,0.0556,0.0018160919540229886
2023-08-25,2023-08-31,PUT,4413.905,4395.0,18.8,19.1,18.950000000000003,128,380,6,0.0164383561643835,1.004301478953356,ATM,17.2,0.0556,0.004311717861205916
2023-08-25,2023-08-31,PUT,4413.905,4450.0,45.8,46.7,46.25,173,5431,6,0.0164383561643835,0.9918887640449436,ATM,17.2,0.0556,0.010393258426966293
2023-08-25,2023-08-30,PUT,4413.905,4225.0,0.5,0.6,0.55,131,405,5,0.0136986301369863,1.0447112426035503,ITM,17.2,0.0556,0.00013017751479289943
2023-08-25,2023-08-31,PUT,4413.905,4445.0,43.0,43.3,43.15,9,239,6,0.0164383561643835,0.9930044994375704,ATM,17.2,0.0556,0.009707536557930259
2023-08-25,2023-08-31,PUT,4413.905,4435.0,37.0,37.3,37.15,28,293,6,0.0164383561643835,0.9952435174746336,ATM,17.2,0.0556,0.008376550169109357
2023-08-25,2023-08-31,PUT,4413.905,4430.0,34.2,34.5,34.35,56,380,6,0.0164383561643835,0.996366817155756,ATM,17.2,0.0556,0.007753950338600451
2023-08-25,2023-08-31,PUT,4413.905,4425.0,31.5,31.9,31.7,149,3365,6,0.0164383561643835,0.9974926553672316,ATM,17.2,0.0556,0.0071638418079096045
2023-08-25,2023-08-31,PUT,4413.905,4420.0,29.1,29.4,29.25,111,517,6,0.0164383561643835,0.9986210407239818,ATM,17.2,0.0556,0.006617647058823529
2023-08-25,2023-08-31,PUT,4413.905,4415.0,26.8,27.1,26.950000000000003,150,188,6,0.0164383561643835,0.9997519818799546,ATM,17.2,0.0556,0.006104190260475652
2023-08-25,2023-08-31,PUT,4413.905,4410.0,24.6,24.9,24.75,182,454,6,0.0164383561643835,1.0008854875283446,ATM,17.2,0.0556,0.005612244897959183
2023-08-25,2023-08-31,PUT,4413.905,4405.0,22.6,22.8,22.700000000000003,229,436,6,0.0164383561643835,1.0020215664018162,ATM,17.2,0.0556,0.0051532349602724185
2023-08-25,2023-08-31,PUT,4413.905,4400.0,20.6,20.9,20.75,2500,9634,6,0.0164383561643835,1.0031602272727271,ATM,17.2,0.0556,0.004715909090909091
2023-08-25,2023-08-30,PUT,4413.905,4570.0,153.1,157.0,155.05,6,40,5,0.0136986301369863,0.965843544857768,OTM,17.2,0.0556,0.03392778993435449
2023-08-25,2023-08-31,PUT,4413.905,4440.0,39.8,40.2,40.0,73,337,6,0.0164383561643835,0.9941227477477476,ATM,17.2,0.0556,0.009009009009009009
2023-08-25,2023-08-30,PUT,4413.905,4300.0,1.75,1.85,1.8,2111,1937,5,0.0136986301369863,1.0264895348837209,ATM,17.2,0.0556,0.0004186046511627907
2023-08-25,2023-08-30,PUT,4413.905,4295.0,1.55,1.65,1.6,83,184,5,0.0136986301369863,1.027684516880093,ATM,17.2,0.0556,0.00037252619324796275
2023-08-25,2023-08-30,PUT,4413.905,4290.0,1.4,1.5,1.45,442,321,5,0.0136986301369863,1.0288822843822842,ATM,17.2,0.0556,0.000337995337995338
2023-08-25,2023-08-30,PUT,4413.905,4050.0,0.25,0.3,0.275,16,574,5,0.0136986301369863,1.089853086419753,ITM,17.2,0.0556,6.790123456790123e-05
2023-08-25,2023-08-30,PUT,4413.905,4025.0,0.2,0.3,0.25,1,644,5,0.0136986301369863,1.096622360248447,ITM,17.2,0.0556,6.211180124223603e-05
2023-08-25,2023-08-29,PUT,4413.905,4675.0,257.9,261.9,259.9,4,5,4,0.010958904109589,0.9441508021390372,OTM,17.2,0.0556,0.05559358288770053
2023-08-25,2023-08-29,PUT,4413.905,4600.0,182.9,186.9,184.9,1,40,4,0.010958904109589,0.9595445652173912,OTM,17.2,0.0556,0.04019565217391304
2023-08-25,2023-08-29,PUT,4413.905,4570.0,152.9,156.9,154.9,24,34,4,0.010958904109589,0.965843544857768,OTM,17.2,0.0556,0.03389496717724289
2023-08-25,2023-08-29,PUT,4413.905,4560.0,143.0,147.0,145.0,24,26,4,0.010958904109589,0.9679616228070176,OTM,17.2,0.0556,0.03179824561403509
2023-08-25,2023-08-29,PUT,4413.905,4555.0,138.0,142.0,140.0,20,2,4,0.010958904109589,0.9690241492864984,OTM,17.2,0.0556,0.030735455543358946
2023-08-25,2023-08-29,PUT,4413.905,4550.0,133.0,137.0,135.0,20,65,4,0.010958904109589,0.9700890109890108,ATM,17.2,0.0556,0.02967032967032967
2023-08-25,2023-08-29,PUT,4413.905,4545.0,128.0,132.0,130.0,10,16,4,0.010958904109589,0.971156215621562,ATM,17.2,0.0556,0.028602860286028604
2023-08-25,2023-08-30,PUT,4413.905,4075.0,0.25,0.3,0.275,1,216,5,0.0136986301369863,1.083166871165644,ITM,17.2,0.0556,6.748466257668713e-05
2023-08-25,2023-08-29,PUT,4413.905,4530.0,113.4,117.1,115.25,2,45,4,0.010958904109589,0.9743719646799116,ATM,17.2,0.0556,0.025441501103752758
2023-08-25,2023-08-29,PUT,4413.905,4520.0,103.5,107.2,105.35,13,49,4,0.010958904109589,0.9765276548672566,ATM,17.2,0.0556,0.023307522123893806
2023-08-25,2023-08-29,PUT,4413.905,4515.0,99.4,101.2,100.3,1,66,4,0.010958904109589,0.9776090808416388,ATM,17.2,0.0556,0.02221483942414175
2023-08-25,2023-08-30,PUT,4413.905,4320.0,2.75,2.85,2.8,263,1110,5,0.0136986301369863,1.0217372685185184,ATM,17.2,0.0556,0.0006481481481481481
2023-08-25,2023-08-30,PUT,4413.905,4480.0,67.8,69.2,68.5,3,56,5,0.0136986301369863,0.9852466517857142,ATM,17.2,0.0556,0.015290178571428571
2023-08-25,2023-08-30,PUT,4413.905,4475.0,63.5,65.5,64.5,5,385,5,0.0136986301369863,0.9863474860335196,ATM,17.2,0.0556,0.01441340782122905
2023-08-25,2023-08-30,PUT,4413.905,4470.0,59.2,60.5,59.85,34,128,5,0.0136986301369863,0.9874507829977628,ATM,17.2,0.0556,0.013389261744966444
2023-08-25,2023-08-30,PUT,4413.905,4465.0,55.1,56.9,56.0,3,170,5,0.0136986301369863,0.9885565509518476,ATM,17.2,0.0556,0.012541993281075027
2023-08-25,2023-08-30,PUT,4413.905,4460.0,51.5,52.8,52.15,6,178,5,0.0136986301369863,0.989664798206278,ATM,17.2,0.0556,0.011692825112107622
2023-08-25,2023-08-30,PUT,4413.905,4455.0,47.8,49.1,48.45,2,262,5,0.0136986301369863,0.9907755331088663,ATM,17.2,0.0556,0.010875420875420877
2023-08-25,2023-08-29,PUT,4413.905,4525.0,108.2,112.1,110.15,10,35,4,0.010958904109589,0.9754486187845304,ATM,17.2,0.0556,0.02434254143646409
2023-08-25,2023-08-30,PUT,4413.905,4080.0,0.25,0.3,0.275,525,561,5,0.0136986301369863,1.0818394607843136,ITM,17.2,0.0556,6.740196078431374e-05
2023-08-25,2023-08-30,PUT,4413.905,4315.0,2.45,2.55,2.5,135,309,5,0.0136986301369863,1.0229212050984935,ATM,17.2,0.0556,0.0005793742757821553
2023-08-25,2023-08-29,PUT,4413.905,4510.0,94.4,96.2,95.3,3,13,4,0.010958904109589,0.9786929046563192,ATM,17.2,0.0556,0.02113082039911308
2023-08-25,2023-08-30,PUT,4413.905,4285.0,1.25,1.35,1.3,199,324,5,0.0136986301369863,1.0300828471411902,ITM,17.2,0.0556,0.0003033838973162194
2023-08-25,2023-08-30,PUT,4413.905,4280.0,1.15,1.25,1.2,220,360,5,0.0136986301369863,1.0312862149532709,ITM,17.2,0.0556,0.00028037383177570094
2023-08-25,2023-08-30,PUT,4413.905,4275.0,1.05,1.15,1.1,2052,1253,5,0.0136986301369863,1.032492397660819,ITM,17.2,0.0556,0.00025730994152046787
2023-08-25,2023-08-30,PUT,4413.905,4270.0,0.95,1.05,1.0,467,276,5,0.0136986301369863,1.0337014051522249,ITM,17.2,0.0556,0.000234192037470726
2023-08-25,2023-08-30,PUT,4413.905,4265.0,0.9,0.95,0.925,273,384,5,0.0136986301369863,1.0349132473622509,ITM,17.2,0.0556,0.00021688159437280188
2023-08-25,2023-08-30,PUT,4413.905,4260.0,0.8,0.9,0.8500000000000001,104,753,5,0.0136986301369863,1.0361279342723004,ITM,17.2,0.0556,0.0001995305164319249
2023-08-25,2023-08-30,PUT,4413.905,4255.0,0.75,0.85,0.8,105,201,5,0.0136986301369863,1.0373454759106933,ITM,17.2,0.0556,0.00018801410105757932
2023-08-25,2023-08-30,PUT,4413.905,4250.0,0.7,0.75,0.725,1151,698,5,0.0136986301369863,1.0385658823529411,ITM,17.2,0.0556,0.00017058823529411763
2023-08-25,2023-08-30,PUT,4413.905,4125.0,0.3,0.35,0.3249999999999999,174,199,5,0.0136986301369863,1.0700375757575755,ITM,17.2,0.0556,7.878787878787876e-05
2023-08-25,2023-08-30,PUT,4413.905,4120.0,0.25,0.35,0.3,20,135,5,0.0136986301369863,1.0713361650485436,ITM,17.2,0.0556,7.281553398058252e-05
2023-08-25,2023-08-30,PUT,4413.905,4110.0,0.25,0.35,0.3,25,319,5,0.0136986301369863,1.073942822384428,ITM,17.2,0.0556,7.2992700729927e-05
2023-08-25,2023-08-30,PUT,4413.905,4100.0,0.25,0.35,0.3,15,1123,5,0.0136986301369863,1.076562195121951,ITM,17.2,0.0556,7.317073170731707e-05
2023-08-25,2023-08-29,PUT,4413.905,4505.0,89.5,91.3,90.4,13,9,4,0.010958904109589,0.9797791342952274,ATM,17.2,0.0556,0.02006659267480577
2023-08-25,2023-08-29,PUT,4413.905,4500.0,84.9,86.4,85.65,21,547,4,0.010958904109589,0.9808677777777776,ATM,17.2,0.0556,0.019033333333333336
2023-08-25,2023-08-29,PUT,4413.905,4495.0,80.1,81.6,80.85,10,3,4,0.010958904109589,0.9819588431590656,ATM,17.2,0.0556,0.017986651835372635
2023-08-25,2023-08-29,PUT,4413.905,4490.0,75.4,77.0,76.2,88,16,4,0.010958904109589,0.9830523385300668,ATM,17.2,0.0556,0.016971046770601336
2023-08-25,2023-08-29,PUT,4413.905,4485.0,70.5,72.2,71.35,35,171,4,0.010958904109589,0.9841482720178372,ATM,17.2,0.0556,0.015908584169453732
2023-08-25,2023-08-29,PUT,4413.905,4480.0,66.1,67.7,66.9,20,29,4,0.010958904109589,0.9852466517857142,ATM,17.2,0.0556,0.014933035714285716
2023-08-25,2023-08-29,PUT,4413.905,4475.0,61.6,63.0,62.3,8,87,4,0.010958904109589,0.9863474860335196,ATM,17.2,0.0556,0.013921787709497205
2023-08-25,2023-08-29,PUT,4413.905,4470.0,57.2,58.6,57.900000000000006,23,112,4,0.010958904109589,0.9874507829977628,ATM,17.2,0.0556,0.012953020134228188
2023-08-25,2023-08-29,PUT,4413.905,4465.0,52.7,54.1,53.400000000000006,37,27,4,0.010958904109589,0.9885565509518476,ATM,17.2,0.0556,0.011959686450167975
2023-08-25,2023-08-31,PUT,4413.905,4385.0,15.6,15.9,15.75,116,342,6,0.0164383561643835,1.0065917901938426,ATM,17.2,0.0556,0.0035917901938426456
2023-08-25,2023-08-31,PUT,4413.905,4390.0,17.2,17.4,17.299999999999997,537,682,6,0.0164383561643835,1.0054453302961277,ATM,17.2,0.0556,0.003940774487471525
2023-08-25,2023-08-31,PUT,4413.905,4455.0,49.4,50.2,49.8,61,250,6,0.0164383561643835,0.9907755331088663,ATM,17.2,0.0556,0.011178451178451178
2023-08-25,2023-08-31,PUT,4413.905,4460.0,52.8,53.8,53.3,14,1405,6,0.0164383561643835,0.989664798206278,ATM,17.2,0.0556,0.01195067264573991
2023-08-25,2023-08-31,PUT,4413.905,4325.0,4.6,4.8,4.699999999999999,563,2045,6,0.0164383561643835,1.0205560693641618,ATM,17.2,0.0556,0.0010867052023121385
2023-08-25,2023-08-31,PUT,4413.905,4320.0,4.1,4.3,4.199999999999999,1959,1040,6,0.0164383561643835,1.0217372685185184,ATM,17.2,0.0556,0.0009722222222222221
2023-08-25,2023-08-31,PUT,4413.905,4315.0,3.7,3.9,3.8,206,310,6,0.0164383561643835,1.0229212050984935,ATM,17.2,0.0556,0.000880648899188876
2023-08-25,2023-08-31,PUT,4413.905,4310.0,3.4,3.5,3.45,231,826,6,0.0164383561643835,1.0241078886310904,ATM,17.2,0.0556,0.0008004640371229699
2023-08-25,2023-08-31,PUT,4413.905,4305.0,3.0,3.2,3.1,1931,327,6,0.0164383561643835,1.0252973286875726,ATM,17.2,0.0556,0.0007200929152148664
2023-08-25,2023-08-31,PUT,4413.905,4300.0,2.75,2.85,2.8,7372,15547,6,0.0164383561643835,1.0264895348837209,ATM,17.2,0.0556,0.0006511627906976744
2023-08-25,2023-08-31,PUT,4413.905,4295.0,2.5,2.65,2.575,168,1371,6,0.0164383561643835,1.027684516880093,ATM,17.2,0.0556,0.0005995343422584401
2023-08-25,2023-08-31,PUT,4413.905,4290.0,2.3,2.4,2.35,306,700,6,0.0164383561643835,1.0288822843822842,ATM,17.2,0.0556,0.0005477855477855478
2023-08-25,2023-08-31,PUT,4413.905,4285.0,2.1,2.2,2.1500000000000004,2164,861,6,0.0164383561643835,1.0300828471411902,ITM,17.2,0.0556,0.000501750291715286
2023-08-25,2023-08-31,PUT,4413.905,4330.0,5.1,5.3,5.199999999999999,150,1276,6,0.0164383561643835,1.019377598152425,ATM,17.2,0.0556,0.0012009237875288683
2023-08-25,2023-08-31,PUT,4413.905,4280.0,1.9,2.0,1.95,75,1776,6,0.0164383561643835,1.0312862149532709,ITM,17.2,0.0556,0.000455607476635514
2023-08-25,2023-08-31,PUT,4413.905,4195.0,0.65,0.75,0.7,98,1017,6,0.0164383561643835,1.052182359952324,ITM,17.2,0.0556,0.000166865315852205
2023-08-25,2023-08-31,PUT,4413.905,4105.0,0.4,0.45,0.425,275,338,6,0.0164383561643835,1.0752509135200974,ITM,17.2,0.0556,0.00010353227771010963
2023-08-25,2023-08-31,PUT,4413.905,4100.0,0.4,0.45,0.425,2089,7748,6,0.0164383561643835,1.076562195121951,ITM,17.2,0.0556,0.00010365853658536585
2023-08-25,2023-08-31,PUT,4413.905,4095.0,0.4,0.45,0.425,91,126,6,0.0164383561643835,1.0778766788766787,ITM,17.2,0.0556,0.00010378510378510379
2023-08-25,2023-08-31,PUT,4413.905,4090.0,0.4,0.45,0.425,99,224,6,0.0164383561643835,1.0791943765281171,ITM,17.2,0.0556,0.0001039119804400978
2023-08-25,2023-08-31,PUT,4413.905,4085.0,0.4,0.45,0.425,43,257,6,0.0164383561643835,1.0805152998776009,ITM,17.2,0.0556,0.0001040391676866585
2023-08-25,2023-08-31,PUT,4413.905,4080.0,0.35,0.45,0.4,57,237,6,0.0164383561643835,1.0818394607843136,ITM,17.2,0.0556,9.803921568627452e-05
2023-08-25,2023-08-31,PUT,4413.905,4075.0,0.35,0.45,0.4,147,484,6,0.0164383561643835,1.083166871165644,ITM,17.2,0.0556,9.8159509202454e-05
2023-08-25,2023-08-31,PUT,4413.905,4070.0,0.35,0.4,0.375,155,284,6,0.0164383561643835,1.084497542997543,ITM,17.2,0.0556,9.213759213759214e-05
2023-08-25,2023-08-31,PUT,4413.905,4200.0,0.7,0.75,0.725,677,16551,6,0.0164383561643835,1.050929761904762,ITM,17.2,0.0556,0.00017261904761904762
2023-08-25,2023-08-31,PUT,4413.905,4335.0,5.7,5.9,5.800000000000001,197,755,6,0.0164383561643835,1.01820184544406,ATM,17.2,0.0556,0.001337946943483276
2023-08-25,2023-08-31,PUT,4413.905,4275.0,1.75,1.85,1.8,226,1858,6,0.0164383561643835,1.032492397660819,ITM,17.2,0.0556,0.0004210526315789474
2023-08-25,2023-08-31,PUT,4413.905,4205.0,0.7,0.8,0.75,44,704,6,0.0164383561643835,1.049680142687277,ITM,17.2,0.0556,0.000178359096313912
2023-08-25,2023-08-28,PUT,4413.905,4190.0,0.15,0.2,0.175,109,774,3,0.0082191780821917,1.0534379474940334,ITM,17.2,0.0556,4.176610978520286e-05
2023-08-25,2023-08-28,PUT,4413.905,4185.0,0.15,0.2,0.175,161,321,3,0.0082191780821917,1.0546965352449222,ITM,17.2,0.0556,4.181600955794504e-05
2023-08-25,2023-08-28,PUT,4413.905,4180.0,0.1,0.2,0.15,362,760,3,0.0082191780821917,1.0559581339712918,ITM,17.2,0.0556,3.5885167464114834e-05
2023-08-25,2023-08-28,PUT,4413.905,4175.0,0.15,0.2,0.175,697,488,3,0.0082191780821917,1.057222754491018,ITM,17.2,0.0556,4.191616766467066e-05
2023-08-25,2023-08-28,PUT,4413.905,4170.0,0.15,0.2,0.175,750,147,3,0.0082191780821917,1.0584904076738608,ITM,17.2,0.0556,4.196642685851319e-05
2023-08-25,2023-08-28,PUT,4413.905,4165.0,0.1,0.2,0.15,639,65,3,0.0082191780821917,1.0597611044417767,ITM,17.2,0.0556,3.601440576230492e-05
2023-08-25,2023-08-29,PUT,4413.905,4455.0,44.7,46.0,45.35,26,67,4,0.010958904109589,0.9907755331088663,ATM,17.2,0.0556,0.010179573512906846
2023-08-25,2023-08-29,PUT,4413.905,4460.0,48.6,50.0,49.3,43,115,4,0.010958904109589,0.989664798206278,ATM,17.2,0.0556,0.011053811659192824
2023-08-25,2023-08-31,PUT,4413.905,4265.0,1.5,1.6,1.55,148,193,6,0.0164383561643835,1.0349132473622509,ITM,17.2,0.0556,0.0003634232121922626
2023-08-25,2023-08-31,PUT,4413.905,4260.0,1.35,1.45,1.4,230,908,6,0.0164383561643835,1.0361279342723004,ITM,17.2,0.0556,0.00032863849765258214
2023-08-25,2023-08-31,PUT,4413.905,4255.0,1.3,1.35,1.3250000000000002,335,263,6,0.0164383561643835,1.0373454759106933,ITM,17.2,0.0556,0.0003113983548766158
2023-08-25,2023-08-31,PUT,4413.905,4250.0,1.2,1.3,1.25,1477,5100,6,0.0164383561643835,1.0385658823529411,ITM,17.2,0.0556,0.0002941176470588235
2023-08-25,2023-08-31,PUT,4413.905,4270.0,1.6,1.7,1.65,270,847,6,0.0164383561643835,1.0337014051522249,ITM,17.2,0.0556,0.0003864168618266979
2023-08-25,2023-08-31,PUT,4413.905,4245.0,1.1,1.2,1.15,354,377,6,0.0164383561643835,1.0397891637220258,ITM,17.2,0.0556,0.000270906949352179
2023-08-25,2023-08-31,PUT,4413.905,4240.0,1.05,1.15,1.1,942,725,6,0.0164383561643835,1.041015330188679,ITM,17.2,0.0556,0.00025943396226415095
2023-08-25,2023-08-31,PUT,4413.905,4235.0,0.95,1.05,1.0,1582,391,6,0.0164383561643835,1.0422443919716646,ITM,17.2,0.0556,0.0002361275088547816
2023-08-25,2023-08-31,PUT,4413.905,4230.0,0.9,1.0,0.95,595,843,6,0.0164383561643835,1.0434763593380614,ITM,17.2,0.0556,0.00022458628841607564
2023-08-25,2023-08-31,PUT,4413.905,4225.0,0.85,0.95,0.8999999999999999,288,866,6,0.0164383561643835,1.0447112426035503,ITM,17.2,0.0556,0.00021301775147928993
2023-08-25,2023-08-31,PUT,4413.905,4220.0,0.8,0.9,0.8500000000000001,485,1432,6,0.0164383561643835,1.0459490521327013,ITM,17.2,0.0556,0.00020142180094786732
2023-08-25,2023-08-31,PUT,4413.905,4215.0,0.8,0.85,0.825,95,306,6,0.0164383561643835,1.0471897983392644,ITM,17.2,0.0556,0.00019572953736654802
2023-08-25,2023-08-31,PUT,4413.905,4210.0,0.75,0.8,0.775,190,325,6,0.0164383561643835,1.0484334916864608,ITM,17.2,0.0556,0.00018408551068883612
2023-08-25,2023-08-31,PUT,4413.905,4065.0,0.35,0.4,0.375,146,330,6,0.0164383561643835,1.0858314883148832,ITM,17.2,0.0556,9.225092250922509e-05
2023-08-25,2023-08-28,PUT,4413.905,4200.0,0.15,0.2,0.175,1526,3210,3,0.0082191780821917,1.050929761904762,ITM,17.2,0.0556,4.1666666666666665e-05
2023-08-25,2023-08-31,PUT,4413.905,4055.0,0.35,0.4,0.375,11,150,6,0.0164383561643835,1.08850924784217,ITM,17.2,0.0556,9.247842170160296e-05
2023-08-25,2023-08-31,PUT,4413.905,4045.0,0.35,0.4,0.375,40,402,6,0.0164383561643835,1.0912002472187885,ITM,17.2,0.0556,9.270704573547589e-05
2023-08-25,2023-08-31,PUT,4413.905,4345.0,7.0,7.2,7.1,166,770,6,0.0164383561643835,1.0158584579976984,ATM,17.2,0.0556,0.0016340621403912543
2023-08-25,2023-08-31,PUT,4413.905,4505.0,90.0,91.2,90.6,5,319,6,0.0164383561643835,0.9797791342952274,ATM,17.2,0.0556,0.02011098779134295
2023-08-25,2023-08-31,PUT,4413.905,4500.0,85.4,86.8,86.1,26,16734,6,0.0164383561643835,0.9808677777777776,ATM,17.2,0.0556,0.019133333333333332
2023-08-25,2023-08-31,PUT,4413.905,4490.0,76.6,77.9,77.25,2,317,6,0.0164383561643835,0.9830523385300668,ATM,17.2,0.0556,0.017204899777282852
2023-08-25,2023-08-31,PUT,4413.905,4510.0,94.6,95.8,95.2,2,687,6,0.0164383561643835,0.9786929046563192,ATM,17.2,0.0556,0.021108647450110866
2023-08-25,2023-08-31,PUT,4413.905,4485.0,72.4,73.6,73.0,1,750,6,0.0164383561643835,0.9841482720178372,ATM,17.2,0.0556,0.016276477146042363
2023-08-25,2023-08-31,PUT,4413.905,4480.0,68.0,69.4,68.7,27,236,6,0.0164383561643835,0.9852466517857142,ATM,17.2,0.0556,0.015334821428571429
2023-08-25,2023-08-31,PUT,4413.905,4475.0,64.2,65.2,64.7,76,1290,6,0.0164383561643835,0.9863474860335196,ATM,17.2,0.0556,0.01445810055865922
2023-08-25,2023-08-31,PUT,4413.905,4470.0,60.3,61.2,60.75,62,492,6,0.0164383561643835,0.9874507829977628,ATM,17.2,0.0556,0.013590604026845638
2023-08-25,2023-08-31,PUT,4413.905,4340.0,6.3,6.5,6.4,326,863,6,0.0164383561643835,1.017028801843318,ATM,17.2,0.0556,0.0014746543778801843
2023-08-25,2023-08-31,PUT,4413.905,4465.0,56.4,57.5,56.95,14,141,6,0.0164383561643835,0.9885565509518476,ATM,17.2,0.0556,0.012754759238521837
2023-08-25,2023-08-31,PUT,4413.905,4565.0,146.5,150.5,148.5,44,288,6,0.0164383561643835,0.9669014238773276,OTM,17.2,0.0556,0.03253012048192771
2023-08-25,2023-08-31,PUT,4413.905,4560.0,141.6,145.6,143.6,2,1496,6,0.0164383561643835,0.9679616228070176,OTM,17.2,0.0556,0.03149122807017544
2023-08-25,2023-08-31,PUT,4413.905,4550.0,132.8,134.4,133.60000000000002,2,9067,6,0.0164383561643835,0.9700890109890108,ATM,17.2,0.0556,0.02936263736263737
2023-08-25,2023-08-31,PUT,4413.905,4545.0,127.9,129.5,128.7,3,866,6,0.0164383561643835,0.971156215621562,ATM,17.2,0.0556,0.028316831683168314
2023-08-25,2023-08-31,PUT,4413.905,4540.0,123.0,124.7,123.85,9,347,6,0.0164383561643835,0.97222577092511,ATM,17.2,0.0556,0.02727973568281938
2023-08-25,2023-08-31,PUT,4413.905,4535.0,118.4,119.8,119.1,1,241,6,0.0164383561643835,0.973297684674752,ATM,17.2,0.0556,0.026262403528114663
2023-08-25,2023-08-31,PUT,4413.905,4530.0,113.5,114.8,114.15,2,512,6,0.0164383561643835,0.9743719646799116,ATM,17.2,0.0556,0.025198675496688742
2023-08-25,2023-08-31,PUT,4413.905,4525.0,108.7,110.0,109.35,7,2031,6,0.0164383561643835,0.9754486187845304,ATM,17.2,0.0556,0.02416574585635359
2023-08-25,2023-08-31,PUT,4413.905,4520.0,104.0,105.2,104.6,5,188,6,0.0164383561643835,0.9765276548672566,ATM,17.2,0.0556,0.02314159292035398
2023-08-25,2023-08-31,PUT,4413.905,4515.0,99.2,100.6,99.9,8,806,6,0.0164383561643835,0.9776090808416388,ATM,17.2,0.0556,0.022126245847176082
2023-08-25,2023-08-31,PUT,4413.905,4120.0,0.45,0.5,0.475,83,594,6,0.0164383561643835,1.0713361650485436,ITM,17.2,0.0556,0.00011529126213592232
2023-08-25,2023-08-31,PUT,4413.905,4130.0,0.45,0.5,0.475,530,500,6,0.0164383561643835,1.068742130750605,ITM,17.2,0.0556,0.00011501210653753027
2023-08-25,2023-08-31,PUT,4413.905,4135.0,0.45,0.5,0.475,1339,148,6,0.0164383561643835,1.0674498186215235,ITM,17.2,0.0556,0.00011487303506650544
2023-08-25,2023-08-31,PUT,4413.905,4040.0,0.3,0.4,0.35,18,251,6,0.0164383561643835,1.092550742574257,ITM,17.2,0.0556,8.663366336633663e-05
2023-08-25,2023-08-31,PUT,4413.905,4035.0,0.3,0.4,0.35,88,378,6,0.0164383561643835,1.09390458488228,ITM,17.2,0.0556,8.674101610904585e-05
2023-08-25,2023-08-31,PUT,4413.905,4030.0,0.3,0.4,0.35,367,128,6,0.0164383561643835,1.095261786600496,ITM,17.2,0.0556,8.684863523573201e-05
2023-08-25,2023-08-31,PUT,4413.905,4025.0,0.3,0.4,0.35,5,446,6,0.0164383561643835,1.096622360248447,ITM,17.2,0.0556,8.695652173913043e-05
2023-08-25,2023-08-31,PUT,4413.905,4015.0,0.3,0.4,0.35,10,189,6,0.0164383561643835,1.0993536737235368,ITM,17.2,0.0556,8.7173100871731e-05
2023-08-25,2023-08-30,PUT,4413.905,4600.0,183.0,186.9,184.95,5,59,5,0.0136986301369863,0.9595445652173912,OTM,17.2,0.0556,0.04020652173913043
2023-08-25,2023-08-30,PUT,4413.905,4575.0,158.0,162.0,160.0,4,102,5,0.0136986301369863,0.9647879781420764,OTM,17.2,0.0556,0.034972677595628415
2023-08-25,2023-08-31,PUT,4413.905,4110.0,0.4,0.45,0.425,429,281,6,0.0164383561643835,1.073942822384428,ITM,17.2,0.0556,0.00010340632603406325
2023-08-25,2023-08-31,PUT,4413.905,4115.0,0.4,0.5,0.45,826,569,6,0.0164383561643835,1.0726379100850547,ITM,17.2,0.0556,0.00010935601458080195
2023-08-25,2023-08-31,PUT,4413.905,4125.0,0.45,0.5,0.475,131,772,6,0.0164383561643835,1.0700375757575755,ITM,17.2,0.0556,0.00011515151515151515
2023-08-25,2023-08-31,PUT,4413.905,4190.0,0.6,0.7,0.6499999999999999,102,427,6,0.0164383561643835,1.0534379474940334,ITM,17.2,0.0556,0.00015513126491646775
2023-08-25,2023-08-31,PUT,4413.905,4185.0,0.6,0.7,0.6499999999999999,93,4057,6,0.0164383561643835,1.0546965352449222,ITM,17.2,0.0556,0.00015531660692951014
2023-08-25,2023-08-31,PUT,4413.905,4180.0,0.6,0.65,0.625,51,285,6,0.0164383561643835,1.0559581339712918,ITM,17.2,0.0556,0.00014952153110047846
2023-08-25,2023-08-31,PUT,4413.905,4175.0,0.55,0.65,0.6000000000000001,3180,1115,6,0.0164383561643835,1.057222754491018,ITM,17.2,0.0556,0.0001437125748502994
2023-08-25,2023-08-31,PUT,4413.905,4170.0,0.55,0.6,0.575,145,610,6,0.0164383561643835,1.0584904076738608,ITM,17.2,0.0556,0.00013788968824940046
2023-08-25,2023-08-31,PUT,4413.905,4165.0,0.55,0.6,0.575,10,234,6,0.0164383561643835,1.0597611044417767,ITM,17.2,0.0556,0.00013805522208883551
2023-08-25,2023-08-31,PUT,4413.905,4160.0,0.5,0.6,0.55,63,362,6,0.0164383561643835,1.0610348557692306,ITM,17.2,0.0556,0.00013221153846153849
2023-08-25,2023-08-31,PUT,4413.905,4155.0,0.5,0.55,0.525,250,227,6,0.0164383561643835,1.0623116726835138,ITM,17.2,0.0556,0.00012635379061371843
2023-08-25,2023-08-31,PUT,4413.905,4150.0,0.5,0.55,0.525,251,7710,6,0.0164383561643835,1.06359156626506,ITM,17.2,0.0556,0.00012650602409638556
2023-08-25,2023-08-31,PUT,4413.905,4145.0,0.5,0.55,0.525,57,129,6,0.0164383561643835,1.0648745476477683,ITM,17.2,0.0556,0.00012665862484921594
2023-08-25,2023-08-31,PUT,4413.905,4140.0,0.45,0.5,0.475,1765,1136,6,0.0164383561643835,1.0661606280193237,ITM,17.2,0.0556,0.00011473429951690821
2023-08-25,2023-08-31,PUT,4413.905,4050.0,0.35,0.4,0.375,31,2577,6,0.0164383561643835,1.089853086419753,ITM,17.2,0.0556,9.259259259259259e-05
2023-08-25,2023-10-20,PUT,4413.905,4380.0,70.6,71.4,71.0,12,1008,56,0.1534246575342465,1.0077408675799089,ATM,17.2,0.05534,0.016210045662100457
2023-08-25,2023-09-29,PUT,4413.905,4315.0,38.3,38.6,38.45,18,258,35,0.0958904109589041,1.0229212050984935,ATM,17.2,0.055549999999999995,0.008910776361529548
2023-08-25,2023-09-29,PUT,4413.905,4325.0,40.4,40.7,40.55,34,2290,35,0.0958904109589041,1.0205560693641618,ATM,17.2,0.055549999999999995,0.0093757225433526
2023-08-25,2023-09-01,PUT,4413.905,4300.0,4.2,4.4,4.300000000000001,5207,5912,7,0.0191780821917808,1.0264895348837209,ATM,17.2,0.0556,0.0010000000000000002
2023-08-25,2023-09-01,PUT,4413.905,4350.0,10.4,10.6,10.5,3246,4489,7,0.0191780821917808,1.014690804597701,ATM,17.2,0.0556,0.002413793103448276
2023-08-25,2023-09-01,PUT,4413.905,4345.0,9.5,9.7,9.6,753,532,7,0.0191780821917808,1.0158584579976984,ATM,17.2,0.0556,0.0022094361334867663
2023-08-25,2023-09-01,PUT,4413.905,4340.0,8.7,8.9,8.8,909,571,7,0.0191780821917808,1.017028801843318,ATM,17.2,0.0556,0.0020276497695852535
2023-08-25,2023-09-01,PUT,4413.905,4335.0,7.9,8.1,8.0,408,337,7,0.0191780821917808,1.01820184544406,ATM,17.2,0.0556,0.001845444059976932
2023-08-25,2023-09-01,PUT,4413.905,4330.0,7.2,7.4,7.300000000000001,835,716,7,0.0191780821917808,1.019377598152425,ATM,17.2,0.0556,0.0016859122401847576
2023-08-25,2023-09-01,PUT,4413.905,4325.0,6.6,6.8,6.699999999999999,1510,932,7,0.0191780821917808,1.0205560693641618,ATM,17.2,0.0556,0.0015491329479768784
2023-08-25,2023-09-01,PUT,4413.905,4320.0,6.0,6.2,6.1,1009,536,7,0.0191780821917808,1.0217372685185184,ATM,17.2,0.0556,0.001412037037037037
2023-08-25,2023-09-01,PUT,4413.905,4315.0,5.5,5.7,5.6,805,992,7,0.0191780821917808,1.0229212050984935,ATM,17.2,0.0556,0.0012977983777520278
2023-08-25,2023-09-01,PUT,4413.905,4265.0,2.35,2.45,2.4000000000000004,632,394,7,0.0191780821917808,1.0349132473622509,ITM,17.2,0.0556,0.0005627198124267292
2023-08-25,2023-09-01,PUT,4413.905,4310.0,5.0,5.2,5.1,1633,637,7,0.0191780821917808,1.0241078886310904,ATM,17.2,0.0556,0.0011832946635730857
2023-08-25,2023-09-01,PUT,4413.905,4240.0,1.65,1.75,1.7,977,512,7,0.0191780821917808,1.041015330188679,ITM,17.2,0.0556,0.0004009433962264151
2023-08-25,2023-09-01,PUT,4413.905,4230.0,1.45,1.55,1.5,889,412,7,0.0191780821917808,1.0434763593380614,ITM,17.2,0.0556,0.0003546099290780142
2023-08-25,2023-09-01,PUT,4413.905,4225.0,1.35,1.45,1.4,3122,561,7,0.0191780821917808,1.0447112426035503,ITM,17.2,0.0556,0.0003313609467455621
2023-08-25,2023-09-01,PUT,4413.905,4080.0,0.5,0.6,0.55,337,174,7,0.0191780821917808,1.0818394607843136,ITM,17.2,0.0556,0.00013480392156862747
2023-08-25,2023-09-01,PUT,4413.905,4075.0,0.5,0.6,0.55,602,1154,7,0.0191780821917808,1.083166871165644,ITM,17.2,0.0556,0.00013496932515337425
2023-08-25,2023-09-01,PUT,4413.905,4070.0,0.5,0.55,0.525,499,191,7,0.0191780821917808,1.084497542997543,ITM,17.2,0.0556,0.000128992628992629
2023-08-25,2023-09-01,PUT,4413.905,4060.0,0.5,0.55,0.525,371,134,7,0.0191780821917808,1.087168719211823,ITM,17.2,0.0556,0.0001293103448275862
2023-08-25,2023-09-01,PUT,4413.905,4050.0,0.45,0.55,0.5,631,1666,7,0.0191780821917808,1.089853086419753,ITM,17.2,0.0556,0.0001234567901234568
2023-08-25,2023-09-01,PUT,4413.905,4040.0,0.45,0.5,0.475,333,530,7,0.0191780821917808,1.092550742574257,ITM,17.2,0.0556,0.00011757425742574257
2023-08-25,2023-09-01,PUT,4413.905,4305.0,4.6,4.8,4.699999999999999,542,1338,7,0.0191780821917808,1.0252973286875726,ATM,17.2,0.0556,0.0010917537746806037
2023-08-25,2023-09-01,PUT,4413.905,4030.0,0.45,0.5,0.475,803,1134,7,0.0191780821917808,1.095261786600496,ITM,17.2,0.0556,0.00011786600496277916
2023-08-25,2023-09-01,PUT,4413.905,4245.0,1.75,1.85,1.8,800,448,7,0.0191780821917808,1.0397891637220258,ITM,17.2,0.0556,0.00042402826855123676
2023-08-25,2023-09-01,PUT,4413.905,4255.0,2.0,2.1,2.05,677,2136,7,0.0191780821917808,1.0373454759106933,ITM,17.2,0.0556,0.00048178613396004694
2023-08-25,2023-09-05,PUT,4413.905,4400.0,27.2,27.6,27.4,495,2215,11,0.0301369863013698,1.0031602272727271,ATM,17.2,0.0556,0.006227272727272727
2023-08-25,2023-09-05,PUT,4413.905,4455.0,54.5,54.9,54.7,87,107,11,0.0301369863013698,0.9907755331088663,ATM,17.2,0.0556,0.012278338945005612
2023-08-25,2023-09-05,PUT,4413.905,4460.0,57.3,58.9,58.1,12,102,11,0.0301369863013698,0.989664798206278,ATM,17.2,0.0556,0.013026905829596412
2023-08-25,2023-09-05,PUT,4413.905,4510.0,95.7,97.8,96.75,1,58,11,0.0301369863013698,0.9786929046563192,ATM,17.2,0.0556,0.021452328159645234
2023-08-25,2023-09-05,PUT,4413.905,4500.0,87.2,88.6,87.9,2,1762,11,0.0301369863013698,0.9808677777777776,ATM,17.2,0.0556,0.019533333333333333
2023-08-25,2023-09-05,PUT,4413.905,4490.0,79.1,81.0,80.05,3,178,11,0.0301369863013698,0.9830523385300668,ATM,17.2,0.0556,0.017828507795100222
2023-08-25,2023-09-05,PUT,4413.905,4485.0,75.1,76.9,76.0,1,9,11,0.0301369863013698,0.9841482720178372,ATM,17.2,0.0556,0.0169453734671126
2023-08-25,2023-09-05,PUT,4413.905,4480.0,71.2,73.2,72.2,2,79,11,0.0301369863013698,0.9852466517857142,ATM,17.2,0.0556,0.016116071428571428
2023-08-25,2023-09-05,PUT,4413.905,4475.0,67.6,69.6,68.6,17,45,11,0.0301369863013698,0.9863474860335196,ATM,17.2,0.0556,0.015329608938547484
2023-08-25,2023-09-01,PUT,4413.905,4250.0,1.85,2.0,1.925,3118,4809,7,0.0191780821917808,1.0385658823529411,ITM,17.2,0.0556,0.00045294117647058825
2023-08-25,2023-09-05,PUT,4413.905,4470.0,64.1,65.4,64.75,24,67,11,0.0301369863013698,0.9874507829977628,ATM,17.2,0.0556,0.014485458612975392
2023-08-25,2023-09-06,PUT,4413.905,4260.0,4.9,5.1,5.0,5,125,12,0.0328767123287671,1.0361279342723004,ITM,17.2,0.0556,0.0011737089201877935
2023-08-25,2023-09-01,PUT,4413.905,4600.0,180.8,184.8,182.8,13,880,7,0.0191780821917808,0.9595445652173912,OTM,17.2,0.0556,0.03973913043478261
2023-08-25,2023-09-01,PUT,4413.905,4290.0,3.5,3.7,3.6,390,575,7,0.0191780821917808,1.0288822843822842,ATM,17.2,0.0556,0.0008391608391608392
2023-08-25,2023-09-01,PUT,4413.905,4285.0,3.2,3.4,3.3,470,205,7,0.0191780821917808,1.0300828471411902,ITM,17.2,0.0556,0.0007701283547257876
2023-08-25,2023-09-01,PUT,4413.905,4280.0,3.0,3.1,3.05,1289,638,7,0.0191780821917808,1.0312862149532709,ITM,17.2,0.0556,0.0007126168224299065
2023-08-25,2023-09-01,PUT,4413.905,4275.0,2.75,2.85,2.8,1167,3417,7,0.0191780821917808,1.032492397660819,ITM,17.2,0.0556,0.0006549707602339181
2023-08-25,2023-09-01,PUT,4413.905,4295.0,3.8,4.0,3.9,1608,551,7,0.0191780821917808,1.027684516880093,ATM,17.2,0.0556,0.0009080325960419092
2023-08-25,2023-09-01,PUT,4413.905,4270.0,2.5,2.65,2.575,686,542,7,0.0191780821917808,1.0337014051522249,ITM,17.2,0.0556,0.0006030444964871195
2023-08-25,2023-09-01,PUT,4413.905,4260.0,2.15,2.25,2.2,685,619,7,0.0191780821917808,1.0361279342723004,ITM,17.2,0.0556,0.0005164319248826292
2023-08-25,2023-09-05,PUT,4413.905,4465.0,60.5,62.2,61.35,6,65,11,0.0301369863013698,0.9885565509518476,ATM,17.2,0.0556,0.01374020156774916
2023-08-25,2023-09-01,PUT,4413.905,4025.0,0.4,0.5,0.45,1142,394,7,0.0191780821917808,1.096622360248447,ITM,17.2,0.0556,0.00011180124223602484
2023-08-25,2023-09-01,PUT,4413.905,4020.0,0.4,0.5,0.45,289,579,7,0.0191780821917808,1.09798631840796,ITM,17.2,0.0556,0.00011194029850746269
2023-08-25,2023-08-31,PUT,4413.905,4700.0,281.1,285.2,283.15,1,85,6,0.0164383561643835,0.9391287234042552,OTM,17.2,0.0556,0.060244680851063825
2023-08-25,2023-09-01,PUT,4413.905,4515.0,99.3,101.0,100.15,2,138,7,0.0191780821917808,0.9776090808416388,ATM,17.2,0.0556,0.022181616832779624
2023-08-25,2023-09-01,PUT,4413.905,4510.0,95.0,96.5,95.75,3,282,7,0.0191780821917808,0.9786929046563192,ATM,17.2,0.0556,0.021230598669623058
2023-08-25,2023-09-01,PUT,4413.905,4495.0,81.7,83.1,82.4,11,161,7,0.0191780821917808,0.9819588431590656,ATM,17.2,0.0556,0.018331479421579533
2023-08-25,2023-09-01,PUT,4413.905,4490.0,77.7,79.2,78.45,13,552,7,0.0191780821917808,0.9830523385300668,ATM,17.2,0.0556,0.017472160356347438
2023-08-25,2023-09-01,PUT,4413.905,4485.0,73.3,75.1,74.19999999999999,31,155,7,0.0191780821917808,0.9841482720178372,ATM,17.2,0.0556,0.016544035674470454
2023-08-25,2023-09-01,PUT,4413.905,4480.0,69.5,70.8,70.15,110,477,7,0.0191780821917808,0.9852466517857142,ATM,17.2,0.0556,0.015658482142857144
2023-08-25,2023-09-01,PUT,4413.905,4500.0,85.9,87.4,86.65,24,1458,7,0.0191780821917808,0.9808677777777776,ATM,17.2,0.0556,0.019255555555555557
2023-08-25,2023-09-01,PUT,4413.905,4530.0,113.4,115.1,114.25,24,236,7,0.0191780821917808,0.9743719646799116,ATM,17.2,0.0556,0.025220750551876378
2023-08-25,2023-09-01,PUT,4413.905,4535.0,118.2,119.7,118.95,1,180,7,0.0191780821917808,0.973297684674752,ATM,17.2,0.0556,0.02622932745314223
2023-08-25,2023-09-01,PUT,4413.905,4520.0,103.9,105.6,104.75,37,316,7,0.0191780821917808,0.9765276548672566,ATM,17.2,0.0556,0.023174778761061946
2023-08-25,2023-09-01,PUT,4413.905,4585.0,165.9,169.9,167.9,2,117,7,0.0191780821917808,0.9626837513631408,OTM,17.2,0.0556,0.03661941112322792
2023-08-25,2023-09-01,PUT,4413.905,4560.0,142.2,144.0,143.1,44,382,7,0.0191780821917808,0.9679616228070176,OTM,17.2,0.0556,0.03138157894736842
2023-08-25,2023-09-01,PUT,4413.905,4555.0,137.3,139.1,138.2,43,290,7,0.0191780821917808,0.9690241492864984,OTM,17.2,0.0556,0.030340285400658615
2023-08-25,2023-09-01,PUT,4413.905,4550.0,132.4,134.2,133.3,18,653,7,0.0191780821917808,0.9700890109890108,ATM,17.2,0.0556,0.029296703296703298
2023-08-25,2023-09-01,PUT,4413.905,4540.0,122.8,124.6,123.7,24,498,7,0.0191780821917808,0.97222577092511,ATM,17.2,0.0556,0.027246696035242293
2023-08-25,2023-09-01,PUT,4413.905,4475.0,65.7,66.9,66.30000000000001,122,1051,7,0.0191780821917808,0.9863474860335196,ATM,17.2,0.0556,0.014815642458100561
2023-08-25,2023-09-01,PUT,4413.905,4470.0,62.0,63.0,62.5,117,448,7,0.0191780821917808,0.9874507829977628,ATM,17.2,0.0556,0.013982102908277404
2023-08-25,2023-09-01,PUT,4413.905,4410.0,28.0,28.2,28.1,454,1308,7,0.0191780821917808,1.0008854875283446,ATM,17.2,0.0556,0.006371882086167801
2023-08-25,2023-09-01,PUT,4413.905,4405.0,25.9,26.2,26.05,326,406,7,0.0191780821917808,1.0020215664018162,ATM,17.2,0.0556,0.005913734392735528
2023-08-25,2023-09-01,PUT,4413.905,4400.0,24.0,24.2,24.1,5223,5756,7,0.0191780821917808,1.0031602272727271,ATM,17.2,0.0556,0.005477272727272727
2023-08-25,2023-09-01,PUT,4413.905,4570.0,151.1,155.1,153.1,8,188,7,0.0191780821917808,0.965843544857768,OTM,17.2,0.0556,0.033501094091903716
2023-08-25,2023-09-01,PUT,4413.905,4525.0,108.7,110.4,109.55,238,1903,7,0.0191780821917808,0.9754486187845304,ATM,17.2,0.0556,0.024209944751381215
2023-08-25,2023-09-01,PUT,4413.905,4100.0,0.55,0.65,0.6000000000000001,1478,5030,7,0.0191780821917808,1.076562195121951,ITM,17.2,0.0556,0.00014634146341463417
2023-08-25,2023-09-01,PUT,4413.905,4110.0,0.6,0.65,0.625,305,1958,7,0.0191780821917808,1.073942822384428,ITM,17.2,0.0556,0.00015206812652068127
2023-08-25,2023-08-31,PUT,4413.905,4675.0,256.2,260.2,258.2,4,13,6,0.0164383561643835,0.9441508021390372,OTM,17.2,0.0556,0.05522994652406417
2023-08-25,2023-08-31,PUT,4413.905,4665.0,246.2,250.2,248.2,1,10,6,0.0164383561643835,0.9461747052518756,OTM,17.2,0.0556,0.053204715969989276
2023-08-25,2023-08-31,PUT,4413.905,4655.0,236.2,240.2,238.2,1,44,6,0.0164383561643835,0.9482073039742211,OTM,17.2,0.0556,0.05117078410311493
2023-08-25,2023-08-31,PUT,4413.905,4640.0,221.2,225.2,223.2,1,58,6,0.0164383561643835,0.9512726293103448,OTM,17.2,0.0556,0.04810344827586207
2023-08-25,2023-08-31,PUT,4413.905,4630.0,211.2,215.2,213.2,1,100,6,0.0164383561643835,0.953327213822894,OTM,17.2,0.0556,0.0460475161987041
2023-08-25,2023-08-31,PUT,4413.905,4585.0,166.4,170.4,168.4,2,95,6,0.0164383561643835,0.9626837513631408,OTM,17.2,0.0556,0.03672846237731734
2023-08-25,2023-09-01,PUT,4413.905,4090.0,0.55,0.6,0.575,416,1363,7,0.0191780821917808,1.0791943765281171,ITM,17.2,0.0556,0.00014058679706601467
2023-08-25,2023-09-01,PUT,4413.905,4355.0,11.3,11.5,11.4,630,297,7,0.0191780821917808,1.0135258323765786,ATM,17.2,0.0556,0.0026176808266360507
2023-08-25,2023-09-01,PUT,4413.905,4220.0,1.3,1.4,1.35,741,616,7,0.0191780821917808,1.0459490521327013,ITM,17.2,0.0556,0.0003199052132701422
2023-08-25,2023-09-01,PUT,4413.905,4210.0,1.15,1.25,1.2,736,4166,7,0.0191780821917808,1.0484334916864608,ITM,17.2,0.0556,0.0002850356294536817
2023-08-25,2023-09-01,PUT,4413.905,4200.0,1.1,1.15,1.125,9438,4915,7,0.0191780821917808,1.050929761904762,ITM,17.2,0.0556,0.00026785714285714287
2023-08-25,2023-09-01,PUT,4413.905,4190.0,0.95,1.05,1.0,770,654,7,0.0191780821917808,1.0534379474940334,ITM,17.2,0.0556,0.00023866348448687351
2023-08-25,2023-09-01,PUT,4413.905,4180.0,0.9,1.0,0.95,396,499,7,0.0191780821917808,1.0559581339712918,ITM,17.2,0.0556,0.00022727272727272727
2023-08-25,2023-09-01,PUT,4413.905,4175.0,0.85,0.95,0.8999999999999999,1294,2534,7,0.0191780821917808,1.057222754491018,ITM,17.2,0.0556,0.0002155688622754491
2023-08-25,2023-09-01,PUT,4413.905,4170.0,0.85,0.9,0.875,140,427,7,0.0191780821917808,1.0584904076738608,ITM,17.2,0.0556,0.00020983213429256594
2023-08-25,2023-09-01,PUT,4413.905,4160.0,0.8,0.85,0.825,4685,296,7,0.0191780821917808,1.0610348557692306,ITM,17.2,0.0556,0.0001983173076923077
2023-08-25,2023-09-01,PUT,4413.905,4150.0,0.75,0.8,0.775,3056,5949,7,0.0191780821917808,1.06359156626506,ITM,17.2,0.0556,0.00018674698795180723
2023-08-25,2023-09-01,PUT,4413.905,4140.0,0.7,0.75,0.725,568,377,7,0.0191780821917808,1.0661606280193237,ITM,17.2,0.0556,0.0001751207729468599
2023-08-25,2023-09-01,PUT,4413.905,4130.0,0.65,0.7,0.675,376,303,7,0.0191780821917808,1.068742130750605,ITM,17.2,0.0556,0.00016343825665859565
2023-08-25,2023-09-01,PUT,4413.905,4125.0,0.65,0.7,0.675,648,3931,7,0.0191780821917808,1.0700375757575755,ITM,17.2,0.0556,0.00016363636363636366
2023-08-25,2023-09-01,PUT,4413.905,4120.0,0.6,0.7,0.6499999999999999,202,110,7,0.0191780821917808,1.0713361650485436,ITM,17.2,0.0556,0.00015776699029126213
2023-08-25,2023-09-05,PUT,4413.905,4405.0,29.1,29.5,29.3,114,126,11,0.0301369863013698,1.0020215664018162,ATM,17.2,0.0556,0.006651532349602724
2023-08-25,2023-09-01,PUT,4413.905,4395.0,22.2,22.4,22.3,765,356,7,0.0191780821917808,1.004301478953356,ATM,17.2,0.0556,0.005073947667804324
2023-08-25,2023-09-05,PUT,4413.905,4410.0,31.1,31.5,31.3,146,187,11,0.0301369863013698,1.0008854875283446,ATM,17.2,0.0556,0.007097505668934241
2023-08-25,2023-09-05,PUT,4413.905,4420.0,35.5,35.8,35.65,106,272,11,0.0301369863013698,0.9986210407239818,ATM,17.2,0.0556,0.008065610859728506
2023-08-25,2023-09-05,PUT,4413.905,4100.0,1.0,1.1,1.05,129,147,11,0.0301369863013698,1.076562195121951,ITM,17.2,0.0556,0.00025609756097560977
2023-08-25,2023-09-05,PUT,4413.905,4090.0,0.95,1.05,1.0,2,35,11,0.0301369863013698,1.0791943765281171,ITM,17.2,0.0556,0.00024449877750611245
2023-08-25,2023-09-05,PUT,4413.905,4075.0,0.9,1.0,0.95,115,96,11,0.0301369863013698,1.083166871165644,ITM,17.2,0.0556,0.0002331288343558282
2023-08-25,2023-09-05,PUT,4413.905,4050.0,0.8,0.9,0.8500000000000001,44,326,11,0.0301369863013698,1.089853086419753,ITM,17.2,0.0556,0.00020987654320987656
2023-08-25,2023-09-05,PUT,4413.905,4025.0,0.7,0.8,0.75,28,42,11,0.0301369863013698,1.096622360248447,ITM,17.2,0.0556,0.00018633540372670808
2023-08-25,2023-09-01,PUT,4413.905,4700.0,280.5,284.5,282.5,8,282,7,0.0191780821917808,0.9391287234042552,OTM,17.2,0.0556,0.0601063829787234
2023-08-25,2023-09-01,PUT,4413.905,4690.0,270.5,274.5,272.5,1,14,7,0.0191780821917808,0.941131130063966,OTM,17.2,0.0556,0.05810234541577825
2023-08-25,2023-09-01,PUT,4413.905,4685.0,265.5,269.5,267.5,1,11,7,0.0191780821917808,0.9421355389541088,OTM,17.2,0.0556,0.057097118463180364
2023-08-25,2023-09-01,PUT,4413.905,4680.0,260.5,264.5,262.5,1,12,7,0.0191780821917808,0.943142094017094,OTM,17.2,0.0556,0.05608974358974359
2023-08-25,2023-09-05,PUT,4413.905,4110.0,1.05,1.15,1.1,24,77,11,0.0301369863013698,1.073942822384428,ITM,17.2,0.0556,0.00026763990267639903
2023-08-25,2023-09-01,PUT,4413.905,4660.0,240.6,244.6,242.6,1,34,7,0.0191780821917808,0.94718991416309,OTM,17.2,0.0556,0.05206008583690987
2023-08-25,2023-09-01,PUT,4413.905,4615.0,195.7,199.7,197.7,39,47,7,0.0191780821917808,0.9564257854821234,OTM,17.2,0.0556,0.0428385698808234
2023-08-25,2023-09-05,PUT,4413.905,4125.0,1.1,1.25,1.175,28,28,11,0.0301369863013698,1.0700375757575755,ITM,17.2,0.0556,0.00028484848484848485
2023-08-25,2023-09-05,PUT,4413.905,4395.0,25.4,25.8,25.6,248,81,11,0.0301369863013698,1.004301478953356,ATM,17.2,0.0556,0.0058248009101251426
2023-08-25,2023-09-05,PUT,4413.905,4130.0,1.15,1.25,1.2,29,37,11,0.0301369863013698,1.068742130750605,ITM,17.2,0.0556,0.00029055690072639226
2023-08-25,2023-09-05,PUT,4413.905,4150.0,1.3,1.4,1.35,2111,150,11,0.0301369863013698,1.06359156626506,ITM,17.2,0.0556,0.0003253012048192771
2023-08-25,2023-09-05,PUT,4413.905,4255.0,3.5,3.7,3.6,102,49,11,0.0301369863013698,1.0373454759106933,ITM,17.2,0.0556,0.000846063454759107
2023-08-25,2023-09-05,PUT,4413.905,4250.0,3.3,3.4,3.35,102,358,11,0.0301369863013698,1.0385658823529411,ITM,17.2,0.0556,0.0007882352941176471
2023-08-25,2023-09-05,PUT,4413.905,4245.0,3.1,3.2,3.1500000000000004,15,857,11,0.0301369863013698,1.0397891637220258,ITM,17.2,0.0556,0.0007420494699646643
2023-08-25,2023-09-05,PUT,4413.905,4240.0,2.9,3.1,3.0,11,43,11,0.0301369863013698,1.041015330188679,ITM,17.2,0.0556,0.0007075471698113207
2023-08-25,2023-09-01,PUT,4413.905,4635.0,215.6,219.7,217.65,1,26,7,0.0191780821917808,0.9522988133764833,OTM,17.2,0.0556,0.046957928802589
2023-08-25,2023-09-05,PUT,4413.905,4235.0,2.75,2.85,2.8,20,61,11,0.0301369863013698,1.0422443919716646,ITM,17.2,0.0556,0.0006611570247933884
2023-08-25,2023-09-05,PUT,4413.905,4120.0,1.1,1.2,1.15,5,36,11,0.0301369863013698,1.0713361650485436,ITM,17.2,0.0556,0.00027912621359223297
2023-08-25,2023-09-05,PUT,4413.905,4265.0,4.0,4.2,4.1,126,37,11,0.0301369863013698,1.0349132473622509,ITM,17.2,0.0556,0.0009613130128956623
2023-08-25,2023-09-05,PUT,4413.905,4335.0,10.8,11.1,10.95,99,76,11,0.0301369863013698,1.01820184544406,ATM,17.2,0.0556,0.0025259515570934254
2023-08-25,2023-09-05,PUT,4413.905,4305.0,6.9,7.2,7.050000000000001,47,53,11,0.0301369863013698,1.0252973286875726,ATM,17.2,0.0556,0.0016376306620209061
2023-08-25,2023-09-05,PUT,4413.905,4295.0,6.0,6.2,6.1,3,216,11,0.0301369863013698,1.027684516880093,ATM,17.2,0.0556,0.001420256111757858
2023-08-25,2023-09-05,PUT,4413.905,4290.0,5.6,5.8,5.699999999999999,43,138,11,0.0301369863013698,1.0288822843822842,ATM,17.2,0.0556,0.0013286713286713285
2023-08-25,2023-09-05,PUT,4413.905,4285.0,5.2,5.4,5.300000000000001,53,74,11,0.0301369863013698,1.0300828471411902,ITM,17.2,0.0556,0.0012368728121353561
2023-08-25,2023-09-05,PUT,4413.905,4280.0,4.8,5.1,4.949999999999999,61,104,11,0.0301369863013698,1.0312862149532709,ITM,17.2,0.0556,0.0011565420560747661
2023-08-25,2023-09-05,PUT,4413.905,4275.0,4.5,4.7,4.6,32,181,11,0.0301369863013698,1.032492397660819,ITM,17.2,0.0556,0.0010760233918128653
2023-08-25,2023-09-05,PUT,4413.905,4300.0,6.4,6.7,6.550000000000001,141,575,11,0.0301369863013698,1.0264895348837209,ATM,17.2,0.0556,0.0015232558139534884
2023-08-25,2023-09-05,PUT,4413.905,4340.0,11.6,11.9,11.75,129,151,11,0.0301369863013698,1.017028801843318,ATM,17.2,0.0556,0.002707373271889401
2023-08-25,2023-09-05,PUT,4413.905,4260.0,3.7,3.9,3.8,99,283,11,0.0301369863013698,1.0361279342723004,ITM,17.2,0.0556,0.000892018779342723
2023-08-25,2023-09-05,PUT,4413.905,4345.0,12.5,12.8,12.65,90,103,11,0.0301369863013698,1.0158584579976984,ATM,17.2,0.0556,0.002911392405063291
2023-08-25,2023-09-05,PUT,4413.905,4385.0,22.2,22.5,22.35,36,239,11,0.0301369863013698,1.0065917901938426,ATM,17.2,0.0556,0.005096921322690993
2023-08-25,2023-09-05,PUT,4413.905,4380.0,20.7,21.0,20.85,124,155,11,0.0301369863013698,1.0077408675799089,ATM,17.2,0.0556,0.00476027397260274
2023-08-25,2023-09-05,PUT,4413.905,4375.0,19.3,19.6,19.450000000000003,472,1731,11,0.0301369863013698,1.0088925714285717,ATM,17.2,0.0556,0.004445714285714286
2023-08-25,2023-09-05,PUT,4413.905,4370.0,17.9,18.3,18.1,161,62,11,0.0301369863013698,1.0100469107551486,ATM,17.2,0.0556,0.00414187643020595
2023-08-25,2023-09-05,PUT,4413.905,4365.0,16.7,17.0,16.85,221,200,11,0.0301369863013698,1.0112038946162656,ATM,17.2,0.0556,0.003860252004581902
2023-08-25,2023-09-05,PUT,4413.905,4360.0,15.5,15.8,15.65,242,158,11,0.0301369863013698,1.0123635321100917,ATM,17.2,0.0556,0.0035894495412844038
2023-08-25,2023-09-05,PUT,4413.905,4355.0,14.4,14.8,14.6,69,78,11,0.0301369863013698,1.0135258323765786,ATM,17.2,0.0556,0.0033524684270952927
2023-08-25,2023-09-05,PUT,4413.905,4350.0,13.4,13.7,13.55,1170,511,11,0.0301369863013698,1.014690804597701,ATM,17.2,0.0556,0.0031149425287356324
2023-08-25,2023-09-05,PUT,4413.905,4270.0,4.2,4.4,4.300000000000001,39,132,11,0.0301369863013698,1.0337014051522249,ITM,17.2,0.0556,0.001007025761124122
2023-08-25,2023-09-05,PUT,4413.905,4390.0,23.7,24.1,23.9,119,121,11,0.0301369863013698,1.0054453302961277,ATM,17.2,0.0556,0.005444191343963553
2023-08-25,2023-09-05,PUT,4413.905,4230.0,2.6,2.7,2.6500000000000004,37,163,11,0.0301369863013698,1.0434763593380614,ITM,17.2,0.0556,0.0006264775413711585
2023-08-25,2023-09-05,PUT,4413.905,4225.0,2.45,2.55,2.5,180,230,11,0.0301369863013698,1.0447112426035503,ITM,17.2,0.0556,0.000591715976331361
2023-08-25,2023-09-05,PUT,4413.905,4220.0,2.3,2.4,2.35,99,98,11,0.0301369863013698,1.0459490521327013,ITM,17.2,0.0556,0.0005568720379146919
2023-08-25,2023-09-06,PUT,4413.905,4210.0,2.85,3.0,2.925,35,66,12,0.0328767123287671,1.0484334916864608,ITM,17.2,0.0556,0.0006947743467933491
2023-08-25,2023-09-06,PUT,4413.905,4205.0,2.75,2.85,2.8,24,55,12,0.0328767123287671,1.049680142687277,ITM,17.2,0.0556,0.0006658739595719382
2023-08-25,2023-09-06,PUT,4413.905,4200.0,2.6,2.7,2.6500000000000004,108,456,12,0.0328767123287671,1.050929761904762,ITM,17.2,0.0556,0.000630952380952381
2023-08-25,2023-09-06,PUT,4413.905,4190.0,2.4,2.5,2.45,23,49,12,0.0328767123287671,1.0534379474940334,ITM,17.2,0.0556,0.0005847255369928402
2023-08-25,2023-09-06,PUT,4413.905,4180.0,2.2,2.3,2.25,2,92,12,0.0328767123287671,1.0559581339712918,ITM,17.2,0.0556,0.0005382775119617225
2023-08-25,2023-09-06,PUT,4413.905,4175.0,2.1,2.2,2.1500000000000004,1,179,12,0.0328767123287671,1.057222754491018,ITM,17.2,0.0556,0.0005149700598802396
2023-08-25,2023-09-06,PUT,4413.905,4170.0,2.05,2.15,2.1,29,163,12,0.0328767123287671,1.0584904076738608,ITM,17.2,0.0556,0.0005035971223021583
2023-08-25,2023-09-06,PUT,4413.905,4160.0,1.9,2.0,1.95,5,35,12,0.0328767123287671,1.0610348557692306,ITM,17.2,0.0556,0.00046875
2023-08-25,2023-09-06,PUT,4413.905,4150.0,1.75,1.85,1.8,85,346,12,0.0328767123287671,1.06359156626506,ITM,17.2,0.0556,0.0004337349397590362
2023-08-25,2023-09-06,PUT,4413.905,4220.0,3.1,3.3,3.2,1,61,12,0.0328767123287671,1.0459490521327013,ITM,17.2,0.0556,0.0007582938388625593
2023-08-25,2023-09-06,PUT,4413.905,4140.0,1.65,1.75,1.7,2,45,12,0.0328767123287671,1.0661606280193237,ITM,17.2,0.0556,0.0004106280193236715
2023-08-25,2023-09-06,PUT,4413.905,4120.0,1.45,1.55,1.5,51,29,12,0.0328767123287671,1.0713361650485436,ITM,17.2,0.0556,0.00036407766990291263
2023-08-25,2023-09-05,PUT,4413.905,4520.0,104.5,106.4,105.45,1,37,11,0.0301369863013698,0.9765276548672566,ATM,17.2,0.0556,0.023329646017699116
2023-08-25,2023-09-05,PUT,4413.905,4515.0,100.1,101.9,101.0,10,13,11,0.0301369863013698,0.9776090808416388,ATM,17.2,0.0556,0.02236987818383167
2023-08-25,2023-09-05,PUT,4413.905,4450.0,51.4,51.8,51.6,204,1905,11,0.0301369863013698,0.9918887640449436,ATM,17.2,0.0556,0.01159550561797753
2023-08-25,2023-09-05,PUT,4413.905,4445.0,48.4,48.8,48.6,1,84,11,0.0301369863013698,0.9930044994375704,ATM,17.2,0.0556,0.01093363329583802
2023-08-25,2023-09-05,PUT,4413.905,4440.0,45.6,46.0,45.8,10,139,11,0.0301369863013698,0.9941227477477476,ATM,17.2,0.0556,0.010315315315315314
2023-08-25,2023-09-05,PUT,4413.905,4435.0,42.9,43.2,43.05,9,110,11,0.0301369863013698,0.9952435174746336,ATM,17.2,0.0556,0.009706877113866967
2023-08-25,2023-09-05,PUT,4413.905,4430.0,40.3,40.6,40.45,10,291,11,0.0301369863013698,0.996366817155756,ATM,17.2,0.0556,0.009130925507900678
2023-08-25,2023-09-05,PUT,4413.905,4425.0,37.8,38.2,38.0,19,375,11,0.0301369863013698,0.9974926553672316,ATM,17.2,0.0556,0.008587570621468926
2023-08-25,2023-09-06,PUT,4413.905,4130.0,1.55,1.65,1.6,25,37,12,0.0328767123287671,1.068742130750605,ITM,17.2,0.0556,0.00038740920096852304
2023-08-25,2023-09-06,PUT,4413.905,4225.0,3.3,3.5,3.4,63,55,12,0.0328767123287671,1.0447112426035503,ITM,17.2,0.0556,0.0008047337278106509
2023-08-25,2023-09-06,PUT,4413.905,4230.0,3.5,3.7,3.6,28,97,12,0.0328767123287671,1.0434763593380614,ITM,17.2,0.0556,0.000851063829787234
2023-08-25,2023-09-06,PUT,4413.905,4235.0,3.7,3.9,3.8,2,38,12,0.0328767123287671,1.0422443919716646,ITM,17.2,0.0556,0.00089728453364817
2023-08-25,2023-09-05,PUT,4413.905,4215.0,2.2,2.3,2.25,27,80,11,0.0301369863013698,1.0471897983392644,ITM,17.2,0.0556,0.0005338078291814947
2023-08-25,2023-09-05,PUT,4413.905,4210.0,2.1,2.2,2.1500000000000004,53,54,11,0.0301369863013698,1.0484334916864608,ITM,17.2,0.0556,0.0005106888361045131
2023-08-25,2023-09-05,PUT,4413.905,4205.0,2.0,2.1,2.05,41,97,11,0.0301369863013698,1.049680142687277,ITM,17.2,0.0556,0.00048751486325802613
2023-08-25,2023-09-05,PUT,4413.905,4200.0,1.9,2.05,1.975,2186,777,11,0.0301369863013698,1.050929761904762,ITM,17.2,0.0556,0.00047023809523809523
2023-08-25,2023-09-05,PUT,4413.905,4195.0,1.8,1.95,1.875,17,33,11,0.0301369863013698,1.052182359952324,ITM,17.2,0.0556,0.0004469606674612634
2023-08-25,2023-09-05,PUT,4413.905,4190.0,1.75,1.85,1.8,18,55,11,0.0301369863013698,1.0534379474940334,ITM,17.2,0.0556,0.00042959427207637233
2023-08-25,2023-09-05,PUT,4413.905,4185.0,1.65,1.8,1.725,68,40,11,0.0301369863013698,1.0546965352449222,ITM,17.2,0.0556,0.0004121863799283154
2023-08-25,2023-09-05,PUT,4413.905,4180.0,1.6,1.7,1.65,6,66,11,0.0301369863013698,1.0559581339712918,ITM,17.2,0.0556,0.00039473684210526315
2023-08-25,2023-09-05,PUT,4413.905,4175.0,1.55,1.65,1.6,24,327,11,0.0301369863013698,1.057222754491018,ITM,17.2,0.0556,0.00038323353293413174
2023-08-25,2023-09-05,PUT,4413.905,4170.0,1.5,1.6,1.55,124,126,11,0.0301369863013698,1.0584904076738608,ITM,17.2,0.0556,0.00037170263788968824
2023-08-25,2023-09-05,PUT,4413.905,4160.0,1.4,1.5,1.45,51,145,11,0.0301369863013698,1.0610348557692306,ITM,17.2,0.0556,0.0003485576923076923
2023-08-25,2023-09-05,PUT,4413.905,4140.0,1.2,1.3,1.25,65,101,11,0.0301369863013698,1.0661606280193237,ITM,17.2,0.0556,0.00030193236714975844
2023-08-25,2023-09-05,PUT,4413.905,4600.0,180.0,185.1,182.55,2,125,11,0.0301369863013698,0.9595445652173912,OTM,17.2,0.0556,0.03968478260869565
2023-08-25,2023-09-05,PUT,4413.905,4540.0,122.9,124.7,123.8,1,6,11,0.0301369863013698,0.97222577092511,ATM,17.2,0.0556,0.02726872246696035
2023-08-25,2023-09-05,PUT,4413.905,4530.0,113.6,115.6,114.6,10,21,11,0.0301369863013698,0.9743719646799116,ATM,17.2,0.0556,0.025298013245033113
2023-08-25,2023-09-06,PUT,4413.905,4050.0,1.05,1.15,1.1,3,399,12,0.0328767123287671,1.089853086419753,ITM,17.2,0.0556,0.00027160493827160494
2023-08-25,2023-09-06,PUT,4413.905,4075.0,1.15,1.25,1.2,74,99,12,0.0328767123287671,1.083166871165644,ITM,17.2,0.0556,0.00029447852760736197
2023-08-25,2023-09-06,PUT,4413.905,4100.0,1.3,1.4,1.35,97,542,12,0.0328767123287671,1.076562195121951,ITM,17.2,0.0556,0.00032926829268292685
2023-08-25,2023-09-06,PUT,4413.905,4255.0,4.6,4.8,4.699999999999999,3,127,12,0.0328767123287671,1.0373454759106933,ITM,17.2,0.0556,0.0011045828437132783
2023-08-25,2023-09-06,PUT,4413.905,4250.0,4.4,4.6,4.5,56,363,12,0.0328767123287671,1.0385658823529411,ITM,17.2,0.0556,0.0010588235294117646
2023-08-25,2023-09-06,PUT,4413.905,4245.0,4.1,4.3,4.199999999999999,20,54,12,0.0328767123287671,1.0397891637220258,ITM,17.2,0.0556,0.0009893992932862188
2023-08-25,2023-09-05,PUT,4413.905,4415.0,33.2,33.6,33.400000000000006,25,62,11,0.0301369863013698,0.9997519818799546,ATM,17.2,0.0556,0.007565118912797283
2023-08-25,2023-09-01,PUT,4413.905,4390.0,20.5,20.7,20.6,493,534,7,0.0191780821917808,1.0054453302961277,ATM,17.2,0.0556,0.00469248291571754
2023-08-25,2023-09-01,PUT,4413.905,4385.0,18.9,19.1,19.0,1138,424,7,0.0191780821917808,1.0065917901938426,ATM,17.2,0.0556,0.004332953249714938
2023-08-25,2023-09-01,PUT,4413.905,4380.0,17.4,17.7,17.549999999999997,886,1825,7,0.0191780821917808,1.0077408675799089,ATM,17.2,0.0556,0.004006849315068493
2023-08-25,2023-09-06,PUT,4413.905,4510.0,96.5,98.5,97.5,1,14,12,0.0328767123287671,0.9786929046563192,ATM,17.2,0.0556,0.021618625277161862
2023-08-25,2023-09-06,PUT,4413.905,4500.0,88.2,89.7,88.95,10,11,12,0.0328767123287671,0.9808677777777776,ATM,17.2,0.0556,0.01976666666666667
2023-08-25,2023-09-06,PUT,4413.905,4490.0,80.3,82.2,81.25,1,92,12,0.0328767123287671,0.9830523385300668,ATM,17.2,0.0556,0.018095768374164812
2023-08-25,2023-09-06,PUT,4413.905,4485.0,76.3,78.2,77.25,1,7,12,0.0328767123287671,0.9841482720178372,ATM,17.2,0.0556,0.01722408026755853
2023-08-25,2023-09-06,PUT,4413.905,4475.0,69.0,71.0,70.0,10,39,12,0.0328767123287671,0.9863474860335196,ATM,17.2,0.0556,0.01564245810055866
2023-08-25,2023-09-06,PUT,4413.905,4470.0,65.5,67.3,66.4,1,53,12,0.0328767123287671,0.9874507829977628,ATM,17.2,0.0556,0.014854586129753915
2023-08-25,2023-09-06,PUT,4413.905,4410.0,33.3,33.9,33.599999999999994,46,70,12,0.0328767123287671,1.0008854875283446,ATM,17.2,0.0556,0.007619047619047618
2023-08-25,2023-09-06,PUT,4413.905,4405.0,31.5,31.8,31.65,20,24,12,0.0328767123287671,1.0020215664018162,ATM,17.2,0.0556,0.007185017026106697
2023-08-25,2023-09-06,PUT,4413.905,4335.0,12.9,13.1,13.0,45,170,12,0.0328767123287671,1.01820184544406,ATM,17.2,0.0556,0.0029988465974625142
2023-08-25,2023-09-06,PUT,4413.905,4525.0,109.5,111.3,110.4,11,356,12,0.0328767123287671,0.9754486187845304,ATM,17.2,0.0556,0.02439779005524862
2023-08-25,2023-09-06,PUT,4413.905,4330.0,12.0,12.3,12.15,63,95,12,0.0328767123287671,1.019377598152425,ATM,17.2,0.0556,0.0028060046189376446
2023-08-25,2023-09-06,PUT,4413.905,4320.0,10.6,10.8,10.7,118,158,12,0.0328767123287671,1.0217372685185184,ATM,17.2,0.0556,0.0024768518518518516
2023-08-25,2023-09-06,PUT,4413.905,4315.0,9.9,10.1,10.0,28,226,12,0.0328767123287671,1.0229212050984935,ATM,17.2,0.0556,0.002317497103128621
2023-08-25,2023-09-06,PUT,4413.905,4310.0,9.3,9.5,9.4,38,216,12,0.0328767123287671,1.0241078886310904,ATM,17.2,0.0556,0.002180974477958237
2023-08-25,2023-09-06,PUT,4413.905,4305.0,8.7,8.9,8.8,5,52,12,0.0328767123287671,1.0252973286875726,ATM,17.2,0.0556,0.0020441347270615563
2023-08-25,2023-09-06,PUT,4413.905,4300.0,8.1,8.4,8.25,16,447,12,0.0328767123287671,1.0264895348837209,ATM,17.2,0.0556,0.0019186046511627908
2023-08-25,2023-09-06,PUT,4413.905,4295.0,7.6,7.9,7.75,4,74,12,0.0328767123287671,1.027684516880093,ATM,17.2,0.0556,0.0018044237485448195
2023-08-25,2023-09-06,PUT,4413.905,4290.0,7.2,7.4,7.300000000000001,22,232,12,0.0328767123287671,1.0288822843822842,ATM,17.2,0.0556,0.0017016317016317018
2023-08-25,2023-09-06,PUT,4413.905,4285.0,6.7,6.9,6.800000000000001,6,196,12,0.0328767123287671,1.0300828471411902,ITM,17.2,0.0556,0.0015869311551925322
2023-08-25,2023-09-06,PUT,4413.905,4280.0,6.3,6.5,6.4,30,42,12,0.0328767123287671,1.0312862149532709,ITM,17.2,0.0556,0.0014953271028037385
2023-08-25,2023-09-06,PUT,4413.905,4325.0,11.3,11.5,11.4,109,968,12,0.0328767123287671,1.0205560693641618,ATM,17.2,0.0556,0.0026358381502890175
2023-08-25,2023-09-06,PUT,4413.905,4340.0,13.7,14.0,13.85,170,160,12,0.0328767123287671,1.017028801843318,ATM,17.2,0.0556,0.0031912442396313362
2023-08-25,2023-09-06,PUT,4413.905,4465.0,62.2,63.9,63.05,9,23,12,0.0328767123287671,0.9885565509518476,ATM,17.2,0.0556,0.01412094064949608
2023-08-25,2023-09-06,PUT,4413.905,4415.0,35.5,35.9,35.7,26,41,12,0.0328767123287671,0.9997519818799546,ATM,17.2,0.0556,0.008086070215175538
2023-08-25,2023-09-08,PUT,4413.905,4350.0,19.5,19.8,19.65,684,1271,14,0.0383561643835616,1.014690804597701,ATM,17.2,0.0556,0.004517241379310344
2023-08-25,2023-09-08,PUT,4413.905,4355.0,20.6,20.9,20.75,267,1022,14,0.0383561643835616,1.0135258323765786,ATM,17.2,0.0556,0.004764638346727899
2023-08-25,2023-09-08,PUT,4413.905,4400.0,33.6,34.0,33.8,895,2969,14,0.0383561643835616,1.0031602272727271,ATM,17.2,0.0556,0.007681818181818181
2023-08-25,2023-09-08,PUT,4413.905,4395.0,31.9,32.2,32.05,73,187,14,0.0383561643835616,1.004301478953356,ATM,17.2,0.0556,0.007292377701934015
2023-08-25,2023-09-08,PUT,4413.905,4390.0,30.2,30.5,30.35,498,416,14,0.0383561643835616,1.0054453302961277,ATM,17.2,0.0556,0.006913439635535308
2023-08-25,2023-09-08,PUT,4413.905,4385.0,28.6,28.9,28.75,191,124,14,0.0383561643835616,1.0065917901938426,ATM,17.2,0.0556,0.006556442417331813
2023-08-25,2023-09-08,PUT,4413.905,4380.0,27.1,27.4,27.25,1692,1064,14,0.0383561643835616,1.0077408675799089,ATM,17.2,0.0556,0.006221461187214612
2023-08-25,2023-09-08,PUT,4413.905,4375.0,25.7,26.0,25.85,840,1282,14,0.0383561643835616,1.0088925714285717,ATM,17.2,0.0556,0.005908571428571429
2023-08-25,2023-09-08,PUT,4413.905,4370.0,24.3,24.6,24.450000000000003,455,771,14,0.0383561643835616,1.0100469107551486,ATM,17.2,0.0556,0.005594965675057209
2023-08-25,2023-09-06,PUT,4413.905,4435.0,45.0,45.3,45.15,27,53,12,0.0328767123287671,0.9952435174746336,ATM,17.2,0.0556,0.010180383314543405
2023-08-25,2023-09-08,PUT,4413.905,4365.0,23.0,23.3,23.15,495,233,14,0.0383561643835616,1.0112038946162656,ATM,17.2,0.0556,0.005303550973654066
2023-08-25,2023-09-07,PUT,4413.905,4420.0,39.5,39.9,39.7,179,279,13,0.0356164383561643,0.9986210407239818,ATM,17.2,0.0556,0.008981900452488688
2023-08-25,2023-09-06,PUT,4413.905,4455.0,55.7,57.5,56.6,5,32,12,0.0328767123287671,0.9907755331088663,ATM,17.2,0.0556,0.012704826038159372
2023-08-25,2023-09-06,PUT,4413.905,4450.0,53.3,53.7,53.5,14,66,12,0.0328767123287671,0.9918887640449436,ATM,17.2,0.0556,0.01202247191011236
2023-08-25,2023-09-06,PUT,4413.905,4445.0,50.4,50.8,50.6,7,57,12,0.0328767123287671,0.9930044994375704,ATM,17.2,0.0556,0.011383577052868393
2023-08-25,2023-09-06,PUT,4413.905,4440.0,47.6,48.0,47.8,73,224,12,0.0328767123287671,0.9941227477477476,ATM,17.2,0.0556,0.010765765765765765
2023-08-25,2023-09-06,PUT,4413.905,4460.0,59.0,60.6,59.8,18,51,12,0.0328767123287671,0.989664798206278,ATM,17.2,0.0556,0.013408071748878923
2023-08-25,2023-09-06,PUT,4413.905,4430.0,42.5,42.8,42.65,129,109,12,0.0328767123287671,0.996366817155756,ATM,17.2,0.0556,0.009627539503386004
2023-08-25,2023-09-06,PUT,4413.905,4425.0,40.0,40.4,40.2,120,88,12,0.0328767123287671,0.9974926553672316,ATM,17.2,0.0556,0.009084745762711866
2023-08-25,2023-09-06,PUT,4413.905,4420.0,37.7,38.1,37.900000000000006,37,67,12,0.0328767123287671,0.9986210407239818,ATM,17.2,0.0556,0.008574660633484164
2023-08-25,2023-09-08,PUT,4413.905,4360.0,21.8,22.1,21.950000000000003,1094,513,14,0.0383561643835616,1.0123635321100917,ATM,17.2,0.0556,0.005034403669724771
2023-08-25,2023-09-06,PUT,4413.905,4350.0,15.7,15.9,15.8,82,1191,12,0.0328767123287671,1.014690804597701,ATM,17.2,0.0556,0.003632183908045977
2023-08-25,2023-09-06,PUT,4413.905,4400.0,29.5,29.9,29.7,54,629,12,0.0328767123287671,1.0031602272727271,ATM,17.2,0.0556,0.00675
2023-08-25,2023-09-06,PUT,4413.905,4395.0,27.8,28.1,27.950000000000003,22,169,12,0.0328767123287671,1.004301478953356,ATM,17.2,0.0556,0.006359499431171787
2023-08-25,2023-09-07,PUT,4413.905,4275.0,7.2,7.5,7.35,4,279,13,0.0356164383561643,1.032492397660819,ITM,17.2,0.0556,0.001719298245614035
2023-08-25,2023-09-07,PUT,4413.905,4360.0,19.8,20.2,20.0,14,23,13,0.0356164383561643,1.0123635321100917,ATM,17.2,0.0556,0.0045871559633027525
2023-08-25,2023-09-07,PUT,4413.905,4365.0,21.0,21.4,21.2,27,63,13,0.0356164383561643,1.0112038946162656,ATM,17.2,0.0556,0.004856815578465063
2023-08-25,2023-09-07,PUT,4413.905,4415.0,37.4,37.8,37.6,13,30,13,0.0356164383561643,0.9997519818799546,ATM,17.2,0.0556,0.008516421291053228
2023-08-25,2023-09-07,PUT,4413.905,4410.0,35.2,35.8,35.5,23,35,13,0.0356164383561643,1.0008854875283446,ATM,17.2,0.0556,0.008049886621315193
2023-08-25,2023-09-07,PUT,4413.905,4405.0,33.4,33.8,33.599999999999994,86,12,13,0.0356164383561643,1.0020215664018162,ATM,17.2,0.0556,0.0076276958002270134
2023-08-25,2023-09-07,PUT,4413.905,4400.0,31.6,32.0,31.8,24,109,13,0.0356164383561643,1.0031602272727271,ATM,17.2,0.0556,0.007227272727272727
2023-08-25,2023-09-07,PUT,4413.905,4395.0,29.8,30.2,30.0,20,95,13,0.0356164383561643,1.004301478953356,ATM,17.2,0.0556,0.006825938566552901
2023-08-25,2023-09-07,PUT,4413.905,4390.0,28.0,28.5,28.25,447,677,13,0.0356164383561643,1.0054453302961277,ATM,17.2,0.0556,0.006435079726651481
2023-08-25,2023-09-07,PUT,4413.905,4280.0,7.7,7.9,7.800000000000001,22,28,13,0.0356164383561643,1.0312862149532709,ITM,17.2,0.0556,0.0018224299065420562
2023-08-25,2023-09-07,PUT,4413.905,4385.0,26.6,27.0,26.8,31,50,13,0.0356164383561643,1.0065917901938426,ATM,17.2,0.0556,0.006111744583808438
2023-08-25,2023-09-07,PUT,4413.905,4375.0,23.6,24.0,23.8,117,255,13,0.0356164383561643,1.0088925714285717,ATM,17.2,0.0556,0.00544
2023-08-25,2023-09-07,PUT,4413.905,4370.0,22.3,22.6,22.450000000000003,29,92,13,0.0356164383561643,1.0100469107551486,ATM,17.2,0.0556,0.005137299771167048
2023-08-25,2023-09-07,PUT,4413.905,4270.0,6.8,7.1,6.949999999999999,25,100,13,0.0356164383561643,1.0337014051522249,ITM,17.2,0.0556,0.0016276346604215456
2023-08-25,2023-09-07,PUT,4413.905,4260.0,6.1,6.3,6.199999999999999,69,39,13,0.0356164383561643,1.0361279342723004,ITM,17.2,0.0556,0.0014553990610328637
2023-08-25,2023-09-06,PUT,4413.905,4600.0,179.6,184.7,182.15,2,6,12,0.0328767123287671,0.9595445652173912,OTM,17.2,0.0556,0.03959782608695652
2023-08-25,2023-09-06,PUT,4413.905,4570.0,151.6,153.3,152.45,1,1,12,0.0328767123287671,0.965843544857768,OTM,17.2,0.0556,0.03335886214442013
2023-08-25,2023-09-06,PUT,4413.905,4560.0,141.7,143.7,142.7,4,28,12,0.0328767123287671,0.9679616228070176,OTM,17.2,0.0556,0.031293859649122804
2023-08-25,2023-09-06,PUT,4413.905,4550.0,132.5,134.2,133.35,2,8,12,0.0328767123287671,0.9700890109890108,ATM,17.2,0.0556,0.029307692307692305
2023-08-25,2023-09-07,PUT,4413.905,4265.0,6.4,6.7,6.550000000000001,37,85,13,0.0356164383561643,1.0349132473622509,ITM,17.2,0.0556,0.0015357561547479485
2023-08-25,2023-09-07,PUT,4413.905,4380.0,25.0,25.4,25.2,32,170,13,0.0356164383561643,1.0077408675799089,ATM,17.2,0.0556,0.005753424657534247
2023-08-25,2023-09-07,PUT,4413.905,4285.0,8.1,8.4,8.25,4,28,13,0.0356164383561643,1.0300828471411902,ITM,17.2,0.0556,0.001925320886814469
2023-08-25,2023-09-07,PUT,4413.905,4290.0,8.6,8.9,8.75,106,24,13,0.0356164383561643,1.0288822843822842,ATM,17.2,0.0556,0.0020396270396270395
2023-08-25,2023-09-07,PUT,4413.905,4295.0,9.1,9.4,9.25,21,52,13,0.0356164383561643,1.027684516880093,ATM,17.2,0.0556,0.0021536670547147845
2023-08-25,2023-09-06,PUT,4413.905,4390.0,26.1,26.5,26.3,53,129,12,0.0328767123287671,1.0054453302961277,ATM,17.2,0.0556,0.005990888382687927
2023-08-25,2023-09-06,PUT,4413.905,4385.0,24.5,24.8,24.65,76,178,12,0.0328767123287671,1.0065917901938426,ATM,17.2,0.0556,0.005621436716077537
2023-08-25,2023-09-06,PUT,4413.905,4380.0,23.0,23.3,23.15,80,137,12,0.0328767123287671,1.0077408675799089,ATM,17.2,0.0556,0.005285388127853881
2023-08-25,2023-09-06,PUT,4413.905,4375.0,21.5,21.9,21.7,62,778,12,0.0328767123287671,1.0088925714285717,ATM,17.2,0.0556,0.00496
2023-08-25,2023-09-06,PUT,4413.905,4370.0,20.3,20.6,20.450000000000003,81,137,12,0.0328767123287671,1.0100469107551486,ATM,17.2,0.0556,0.004679633867276888
2023-08-25,2023-09-06,PUT,4413.905,4365.0,19.0,19.3,19.15,48,52,12,0.0328767123287671,1.0112038946162656,ATM,17.2,0.0556,0.004387170675830469
2023-08-25,2023-09-06,PUT,4413.905,4360.0,17.8,18.1,17.950000000000003,91,121,12,0.0328767123287671,1.0123635321100917,ATM,17.2,0.0556,0.004116972477064221
2023-08-25,2023-09-06,PUT,4413.905,4355.0,16.7,17.0,16.85,56,42,12,0.0328767123287671,1.0135258323765786,ATM,17.2,0.0556,0.003869115958668198
2023-08-25,2023-09-06,PUT,4413.905,4345.0,14.7,14.9,14.8,20,119,12,0.0328767123287671,1.0158584579976984,ATM,17.2,0.0556,0.0034062140391254315
2023-08-25,2023-09-06,PUT,4413.905,4540.0,123.1,125.1,124.1,3,4,12,0.0328767123287671,0.97222577092511,ATM,17.2,0.0556,0.027334801762114537
2023-08-25,2023-09-07,PUT,4413.905,4355.0,18.6,19.0,18.8,5,13,13,0.0356164383561643,1.0135258323765786,ATM,17.2,0.0556,0.004316877152698048
2023-08-25,2023-09-07,PUT,4413.905,4350.0,17.6,18.0,17.8,44,265,13,0.0356164383561643,1.014690804597701,ATM,17.2,0.0556,0.004091954022988506
2023-08-25,2023-09-07,PUT,4413.905,4345.0,16.6,16.9,16.75,56,92,13,0.0356164383561643,1.0158584579976984,ATM,17.2,0.0556,0.003855005753739931
2023-08-25,2023-09-07,PUT,4413.905,4340.0,15.6,16.0,15.8,60,564,13,0.0356164383561643,1.017028801843318,ATM,17.2,0.0556,0.0036405529953917053
2023-08-25,2023-09-07,PUT,4413.905,4330.0,13.8,14.2,14.0,18,47,13,0.0356164383561643,1.019377598152425,ATM,17.2,0.0556,0.003233256351039261
2023-08-25,2023-09-07,PUT,4413.905,4325.0,13.0,13.3,13.15,163,369,13,0.0356164383561643,1.0205560693641618,ATM,17.2,0.0556,0.0030404624277456647
2023-08-25,2023-09-07,PUT,4413.905,4320.0,12.3,12.6,12.45,103,52,13,0.0356164383561643,1.0217372685185184,ATM,17.2,0.0556,0.0028819444444444444
2023-08-25,2023-09-07,PUT,4413.905,4315.0,11.6,11.9,11.75,24,43,13,0.0356164383561643,1.0229212050984935,ATM,17.2,0.0556,0.00272305909617613
2023-08-25,2023-09-07,PUT,4413.905,4310.0,10.9,11.2,11.05,40,30,13,0.0356164383561643,1.0241078886310904,ATM,17.2,0.0556,0.002563805104408353
2023-08-25,2023-09-07,PUT,4413.905,4305.0,10.3,10.5,10.4,11,70,13,0.0356164383561643,1.0252973286875726,ATM,17.2,0.0556,0.002415795586527294
2023-08-25,2023-09-07,PUT,4413.905,4300.0,9.7,10.0,9.85,21,170,13,0.0356164383561643,1.0264895348837209,ATM,17.2,0.0556,0.0022906976744186047
2023-08-25,2023-09-08,PUT,4413.905,4290.0,10.1,10.3,10.2,3042,286,14,0.0383561643835616,1.0288822843822842,ATM,17.2,0.0556,0.0023776223776223776
2023-08-25,2023-09-08,PUT,4413.905,4300.0,11.3,11.5,11.4,547,3060,14,0.0383561643835616,1.0264895348837209,ATM,17.2,0.0556,0.0026511627906976743
2023-08-25,2023-09-08,PUT,4413.905,4305.0,11.9,12.2,12.05,111,107,14,0.0383561643835616,1.0252973286875726,ATM,17.2,0.0556,0.002799070847851336
2023-08-25,2023-09-08,PUT,4413.905,4310.0,12.6,12.8,12.7,723,2382,14,0.0383561643835616,1.0241078886310904,ATM,17.2,0.0556,0.0029466357308584683
2023-08-25,2023-09-08,PUT,4413.905,4160.0,2.95,3.1,3.0250000000000004,75,511,14,0.0383561643835616,1.0610348557692306,ITM,17.2,0.0556,0.0007271634615384616
2023-08-25,2023-09-08,PUT,4413.905,4150.0,2.75,2.9,2.825,214,997,14,0.0383561643835616,1.06359156626506,ITM,17.2,0.0556,0.0006807228915662651
2023-08-25,2023-09-08,PUT,4413.905,4140.0,2.6,2.7,2.6500000000000004,69,190,14,0.0383561643835616,1.0661606280193237,ITM,17.2,0.0556,0.000640096618357488
2023-08-25,2023-09-08,PUT,4413.905,4130.0,2.4,2.55,2.475,34,258,14,0.0383561643835616,1.068742130750605,ITM,17.2,0.0556,0.000599273607748184
2023-08-25,2023-09-08,PUT,4413.905,4125.0,2.35,2.45,2.4000000000000004,58,594,14,0.0383561643835616,1.0700375757575755,ITM,17.2,0.0556,0.0005818181818181819
2023-08-25,2023-09-08,PUT,4413.905,4120.0,2.25,2.4,2.325,24,158,14,0.0383561643835616,1.0713361650485436,ITM,17.2,0.0556,0.0005643203883495146
2023-08-25,2023-09-08,PUT,4413.905,4110.0,2.15,2.25,2.2,3,249,14,0.0383561643835616,1.073942822384428,ITM,17.2,0.0556,0.0005352798053527981
2023-08-25,2023-09-08,PUT,4413.905,4100.0,2.0,2.15,2.075,70,502,14,0.0383561643835616,1.076562195121951,ITM,17.2,0.0556,0.0005060975609756098
2023-08-25,2023-09-08,PUT,4413.905,4155.0,2.85,3.0,2.925,411,37,14,0.0383561643835616,1.0623116726835138,ITM,17.2,0.0556,0.000703971119133574
2023-08-25,2023-09-08,PUT,4413.905,4165.0,3.1,3.2,3.1500000000000004,3,27,14,0.0383561643835616,1.0597611044417767,ITM,17.2,0.0556,0.0007563025210084034
2023-08-25,2023-09-08,PUT,4413.905,4200.0,4.1,4.3,4.199999999999999,816,1134,14,0.0383561643835616,1.050929761904762,ITM,17.2,0.0556,0.0009999999999999998
2023-08-25,2023-09-08,PUT,4413.905,4275.0,8.6,8.8,8.7,951,1382,14,0.0383561643835616,1.032492397660819,ITM,17.2,0.0556,0.0020350877192982456
2023-08-25,2023-09-08,PUT,4413.905,4270.0,8.2,8.4,8.3,88,409,14,0.0383561643835616,1.0337014051522249,ITM,17.2,0.0556,0.001943793911007026
2023-08-25,2023-09-08,PUT,4413.905,4265.0,7.8,8.0,7.9,57,179,14,0.0383561643835616,1.0349132473622509,ITM,17.2,0.0556,0.0018522860492379838
2023-08-25,2023-09-08,PUT,4413.905,4260.0,7.4,7.6,7.5,786,3898,14,0.0383561643835616,1.0361279342723004,ITM,17.2,0.0556,0.0017605633802816902
2023-08-25,2023-09-08,PUT,4413.905,4255.0,7.0,7.2,7.1,47,136,14,0.0383561643835616,1.0373454759106933,ITM,17.2,0.0556,0.0016686251468860163
2023-08-25,2023-09-08,PUT,4413.905,4250.0,6.6,6.8,6.699999999999999,537,992,14,0.0383561643835616,1.0385658823529411,ITM,17.2,0.0556,0.001576470588235294
2023-08-25,2023-09-08,PUT,4413.905,4245.0,6.3,6.5,6.4,20,86,14,0.0383561643835616,1.0397891637220258,ITM,17.2,0.0556,0.001507656065959953
2023-08-25,2023-09-08,PUT,4413.905,4240.0,6.0,6.2,6.1,109,287,14,0.0383561643835616,1.041015330188679,ITM,17.2,0.0556,0.0014386792452830187
2023-08-25,2023-09-08,PUT,4413.905,4235.0,5.7,5.9,5.800000000000001,23,59,14,0.0383561643835616,1.0422443919716646,ITM,17.2,0.0556,0.0013695395513577333
2023-08-25,2023-09-08,PUT,4413.905,4205.0,4.3,4.5,4.4,5,107,14,0.0383561643835616,1.049680142687277,ITM,17.2,0.0556,0.0010463733650416171
2023-08-25,2023-09-08,PUT,4413.905,4170.0,3.2,3.4,3.3,178,222,14,0.0383561643835616,1.0584904076738608,ITM,17.2,0.0556,0.0007913669064748201
2023-08-25,2023-09-08,PUT,4413.905,4175.0,3.3,3.5,3.4,200,1063,14,0.0383561643835616,1.057222754491018,ITM,17.2,0.0556,0.0008143712574850299
2023-08-25,2023-09-08,PUT,4413.905,4180.0,3.4,3.6,3.5,109,1964,14,0.0383561643835616,1.0559581339712918,ITM,17.2,0.0556,0.0008373205741626794
2023-08-25,2023-09-01,PUT,4413.905,4375.0,16.0,16.2,16.1,1010,2300,7,0.0191780821917808,1.0088925714285717,ATM,17.2,0.0556,0.00368
2023-08-25,2023-09-01,PUT,4413.905,4370.0,14.7,14.9,14.8,1882,643,7,0.0191780821917808,1.0100469107551486,ATM,17.2,0.0556,0.0033867276887871857
2023-08-25,2023-09-01,PUT,4413.905,4365.0,13.5,13.7,13.6,944,681,7,0.0191780821917808,1.0112038946162656,ATM,17.2,0.0556,0.003115693012600229
2023-08-25,2023-09-01,PUT,4413.905,4360.0,12.4,12.6,12.5,1506,1808,7,0.0191780821917808,1.0123635321100917,ATM,17.2,0.0556,0.0028669724770642203
2023-08-25,2023-09-01,PUT,4413.905,4415.0,30.1,30.4,30.25,383,291,7,0.0191780821917808,0.9997519818799546,ATM,17.2,0.0556,0.006851642129105323
2023-08-25,2023-09-01,PUT,4413.905,4420.0,32.4,32.7,32.55,1176,702,7,0.0191780821917808,0.9986210407239818,ATM,17.2,0.0556,0.007364253393665158
2023-08-25,2023-09-01,PUT,4413.905,4465.0,58.5,60.3,59.4,7,225,7,0.0191780821917808,0.9885565509518476,ATM,17.2,0.0556,0.013303471444568869
2023-08-25,2023-09-01,PUT,4413.905,4460.0,54.9,56.1,55.5,127,1205,7,0.0191780821917808,0.989664798206278,ATM,17.2,0.0556,0.012443946188340807
2023-08-25,2023-09-01,PUT,4413.905,4455.0,51.7,52.6,52.150000000000006,38,254,7,0.0191780821917808,0.9907755331088663,ATM,17.2,0.0556,0.01170594837261504
2023-08-25,2023-09-01,PUT,4413.905,4450.0,48.9,49.2,49.05,2415,2643,7,0.0191780821917808,0.9918887640449436,ATM,17.2,0.0556,0.01102247191011236
2023-08-25,2023-09-01,PUT,4413.905,4445.0,45.7,46.3,46.0,13,541,7,0.0191780821917808,0.9930044994375704,ATM,17.2,0.0556,0.010348706411698537
2023-08-25,2023-09-01,PUT,4413.905,4440.0,42.9,43.2,43.05,87,488,7,0.0191780821917808,0.9941227477477476,ATM,17.2,0.0556,0.009695945945945946
2023-08-25,2023-09-01,PUT,4413.905,4435.0,40.1,40.4,40.25,42,190,7,0.0191780821917808,0.9952435174746336,ATM,17.2,0.0556,0.009075535512965052
2023-08-25,2023-09-01,PUT,4413.905,4430.0,37.3,37.7,37.5,568,528,7,0.0191780821917808,0.996366817155756,ATM,17.2,0.0556,0.008465011286681716
2023-08-25,2023-09-01,PUT,4413.905,4425.0,34.9,35.1,35.0,211,2043,7,0.0191780821917808,0.9974926553672316,ATM,17.2,0.0556,0.007909604519774011
2023-08-25,2023-09-06,PUT,4413.905,4265.0,5.2,5.4,5.300000000000001,7,39,12,0.0328767123287671,1.0349132473622509,ITM,17.2,0.0556,0.0012426729191090272
2023-08-25,2023-09-06,PUT,4413.905,4270.0,5.6,5.8,5.699999999999999,9,85,12,0.0328767123287671,1.0337014051522249,ITM,17.2,0.0556,0.001334894613583138
2023-08-25,2023-09-06,PUT,4413.905,4275.0,5.9,6.1,6.0,2,43,12,0.0328767123287671,1.032492397660819,ITM,17.2,0.0556,0.0014035087719298245
2023-08-25,2023-09-08,PUT,4413.905,4195.0,3.9,4.1,4.0,14,39,14,0.0383561643835616,1.052182359952324,ITM,17.2,0.0556,0.0009535160905840286
2023-08-25,2023-09-08,PUT,4413.905,4190.0,3.8,4.0,3.9,91,212,14,0.0383561643835616,1.0534379474940334,ITM,17.2,0.0556,0.0009307875894988066
2023-08-25,2023-09-08,PUT,4413.905,4185.0,3.6,3.8,3.7,31,70,14,0.0383561643835616,1.0546965352449222,ITM,17.2,0.0556,0.000884109916367981
2023-08-25,2023-09-08,PUT,4413.905,4230.0,5.4,5.7,5.550000000000001,44,468,14,0.0383561643835616,1.0434763593380614,ITM,17.2,0.0556,0.0013120567375886527
2023-08-25,2023-09-05,PUT,4413.905,4310.0,7.4,7.7,7.550000000000001,222,446,11,0.0301369863013698,1.0241078886310904,ATM,17.2,0.0556,0.001751740139211137
2023-08-25,2023-09-08,PUT,4413.905,4225.0,5.2,5.4,5.300000000000001,144,2091,14,0.0383561643835616,1.0447112426035503,ITM,17.2,0.0556,0.0012544378698224855
2023-08-25,2023-09-08,PUT,4413.905,4215.0,4.7,4.9,4.800000000000001,237,57,14,0.0383561643835616,1.0471897983392644,ITM,17.2,0.0556,0.0011387900355871888
2023-08-25,2023-09-08,PUT,4413.905,4435.0,48.5,48.9,48.7,123,115,14,0.0383561643835616,0.9952435174746336,ATM,17.2,0.0556,0.010980834272829764
2023-08-25,2023-09-08,PUT,4413.905,4465.0,64.9,66.4,65.65,5,199,14,0.0383561643835616,0.9885565509518476,ATM,17.2,0.0556,0.014703247480403137
2023-08-25,2023-09-08,PUT,4413.905,4515.0,101.4,103.7,102.55,1,102,14,0.0383561643835616,0.9776090808416388,ATM,17.2,0.0556,0.022713178294573644
2023-08-25,2023-09-08,PUT,4413.905,4510.0,97.4,99.4,98.4,2,188,14,0.0383561643835616,0.9786929046563192,ATM,17.2,0.0556,0.02181818181818182
2023-08-25,2023-09-08,PUT,4413.905,4505.0,93.1,95.2,94.15,1,25,14,0.0383561643835616,0.9797791342952274,ATM,17.2,0.0556,0.020899001109877916
2023-08-25,2023-09-08,PUT,4413.905,4500.0,89.5,91.0,90.25,31,1859,14,0.0383561643835616,0.9808677777777776,ATM,17.2,0.0556,0.020055555555555556
2023-08-25,2023-09-08,PUT,4413.905,4495.0,85.5,87.4,86.45,1,69,14,0.0383561643835616,0.9819588431590656,ATM,17.2,0.0556,0.019232480533926587
2023-08-25,2023-09-08,PUT,4413.905,4485.0,78.2,80.0,79.1,5,415,14,0.0383561643835616,0.9841482720178372,ATM,17.2,0.0556,0.017636566332218506
2023-08-25,2023-09-08,PUT,4413.905,4480.0,74.8,76.3,75.55,7,694,14,0.0383561643835616,0.9852466517857142,ATM,17.2,0.0556,0.016863839285714284
2023-08-25,2023-09-08,PUT,4413.905,4415.0,39.4,39.8,39.6,145,285,14,0.0383561643835616,0.9997519818799546,ATM,17.2,0.0556,0.00896942242355606
2023-08-25,2023-09-08,PUT,4413.905,4475.0,71.2,72.9,72.05000000000001,10,326,14,0.0383561643835616,0.9863474860335196,ATM,17.2,0.0556,0.01610055865921788
2023-08-25,2023-09-08,PUT,4413.905,4410.0,37.4,37.8,37.6,513,682,14,0.0383561643835616,1.0008854875283446,ATM,17.2,0.0556,0.008526077097505668
2023-08-25,2023-09-08,PUT,4413.905,4405.0,35.5,35.8,35.65,262,328,14,0.0383561643835616,1.0020215664018162,ATM,17.2,0.0556,0.008093076049943247
2023-08-25,2023-09-08,PUT,4413.905,4345.0,18.5,18.8,18.65,273,136,14,0.0383561643835616,1.0158584579976984,ATM,17.2,0.0556,0.00429228998849252
2023-08-25,2023-09-08,PUT,4413.905,4340.0,17.5,17.8,17.65,579,2030,14,0.0383561643835616,1.017028801843318,ATM,17.2,0.0556,0.004066820276497696
2023-08-25,2023-09-08,PUT,4413.905,4335.0,16.6,16.8,16.700000000000003,511,295,14,0.0383561643835616,1.01820184544406,ATM,17.2,0.0556,0.0038523644752018462
2023-08-25,2023-09-08,PUT,4413.905,4330.0,15.7,15.9,15.8,1076,526,14,0.0383561643835616,1.019377598152425,ATM,17.2,0.0556,0.003648960739030023
2023-08-25,2023-09-08,PUT,4413.905,4325.0,14.8,15.1,14.95,1252,1170,14,0.0383561643835616,1.0205560693641618,ATM,17.2,0.0556,0.0034566473988439303
2023-08-25,2023-09-08,PUT,4413.905,4320.0,14.0,14.3,14.15,282,339,14,0.0383561643835616,1.0217372685185184,ATM,17.2,0.0556,0.003275462962962963
2023-08-25,2023-09-08,PUT,4413.905,4315.0,13.3,13.5,13.4,1224,152,14,0.0383561643835616,1.0229212050984935,ATM,17.2,0.0556,0.003105446118192352
2023-08-25,2023-09-08,PUT,4413.905,4470.0,67.8,69.7,68.75,2,1652,14,0.0383561643835616,0.9874507829977628,ATM,17.2,0.0556,0.015380313199105145
2023-08-25,2023-09-08,PUT,4413.905,4420.0,41.6,41.9,41.75,159,297,14,0.0383561643835616,0.9986210407239818,ATM,17.2,0.0556,0.009445701357466063
2023-08-25,2023-09-08,PUT,4413.905,4425.0,43.8,44.1,43.95,617,1598,14,0.0383561643835616,0.9974926553672316,ATM,17.2,0.0556,0.009932203389830509
2023-08-25,2023-09-08,PUT,4413.905,4430.0,46.1,46.5,46.3,310,449,14,0.0383561643835616,0.996366817155756,ATM,17.2,0.0556,0.010451467268623024
2023-08-25,2023-09-08,PUT,4413.905,4210.0,4.5,4.7,4.6,270,195,14,0.0383561643835616,1.0484334916864608,ITM,17.2,0.0556,0.0010926365795724464
2023-08-25,2023-09-08,PUT,4413.905,4090.0,1.9,2.05,1.975,5,264,14,0.0383561643835616,1.0791943765281171,ITM,17.2,0.0556,0.0004828850855745721
2023-08-25,2023-09-08,PUT,4413.905,4080.0,1.8,1.95,1.875,131,142,14,0.0383561643835616,1.0818394607843136,ITM,17.2,0.0556,0.00045955882352941176
2023-08-25,2023-09-08,PUT,4413.905,4075.0,1.8,1.9,1.85,67,192,14,0.0383561643835616,1.083166871165644,ITM,17.2,0.0556,0.00045398773006134974
2023-08-25,2023-09-07,PUT,4413.905,4505.0,92.5,94.4,93.45,6,6,13,0.0356164383561643,0.9797791342952274,ATM,17.2,0.0556,0.02074361820199778
2023-08-25,2023-09-07,PUT,4413.905,4440.0,49.2,49.6,49.400000000000006,2,97,13,0.0356164383561643,0.9941227477477476,ATM,17.2,0.0556,0.011126126126126127
2023-08-25,2023-09-08,PUT,4413.905,4280.0,9.1,9.3,9.2,346,295,14,0.0383561643835616,1.0312862149532709,ITM,17.2,0.0556,0.0021495327102803736
2023-08-25,2023-09-08,PUT,4413.905,4070.0,1.75,1.85,1.8,1,693,14,0.0383561643835616,1.084497542997543,ITM,17.2,0.0556,0.0004422604422604423
2023-08-25,2023-09-08,PUT,4413.905,4060.0,1.65,1.75,1.7,5,86,14,0.0383561643835616,1.087168719211823,ITM,17.2,0.0556,0.00041871921182266007
2023-08-25,2023-09-08,PUT,4413.905,4050.0,1.6,1.7,1.65,91,622,14,0.0383561643835616,1.089853086419753,ITM,17.2,0.0556,0.0004074074074074074
2023-08-25,2023-09-08,PUT,4413.905,4030.0,1.45,1.55,1.5,7,140,14,0.0383561643835616,1.095261786600496,ITM,17.2,0.0556,0.00037220843672456576
2023-08-25,2023-09-08,PUT,4413.905,4025.0,1.4,1.5,1.45,4,100,14,0.0383561643835616,1.096622360248447,ITM,17.2,0.0556,0.00036024844720496894
2023-08-25,2023-09-08,PUT,4413.905,4020.0,1.4,1.5,1.45,3,196,14,0.0383561643835616,1.09798631840796,ITM,17.2,0.0556,0.00036069651741293534
2023-08-25,2023-09-07,PUT,4413.905,4425.0,41.8,42.2,42.0,11,7,13,0.0356164383561643,0.9974926553672316,ATM,17.2,0.0556,0.009491525423728813
2023-08-25,2023-09-08,PUT,4413.905,4285.0,9.6,9.8,9.7,59,500,14,0.0383561643835616,1.0300828471411902,ITM,17.2,0.0556,0.0022637106184364058
2023-08-25,2023-09-08,PUT,4413.905,4295.0,10.7,10.9,10.8,314,171,14,0.0383561643835616,1.027684516880093,ATM,17.2,0.0556,0.002514551804423749
2023-08-25,2023-09-08,PUT,4413.905,4455.0,59.3,59.7,59.5,46,110,14,0.0383561643835616,0.9907755331088663,ATM,17.2,0.0556,0.01335578002244669
2023-08-25,2023-09-08,PUT,4413.905,4450.0,56.5,56.8,56.65,177,3405,14,0.0383561643835616,0.9918887640449436,ATM,17.2,0.0556,0.012730337078651685
2023-08-25,2023-09-08,PUT,4413.905,4445.0,53.6,54.2,53.900000000000006,35,198,14,0.0383561643835616,0.9930044994375704,ATM,17.2,0.0556,0.012125984251968504
2023-08-25,2023-09-08,PUT,4413.905,4440.0,51.1,51.4,51.25,178,223,14,0.0383561643835616,0.9941227477477476,ATM,17.2,0.0556,0.011542792792792793
2023-08-25,2023-09-08,PUT,4413.905,4460.0,62.2,62.8,62.5,56,224,14,0.0383561643835616,0.989664798206278,ATM,17.2,0.0556,0.014013452914798207
2023-08-25,2023-09-08,PUT,4413.905,4220.0,4.9,5.1,5.0,194,253,14,0.0383561643835616,1.0459490521327013,ITM,17.2,0.0556,0.001184834123222749
2023-08-25,2023-09-05,PUT,4413.905,4315.0,8.0,8.3,8.15,40,129,11,0.0301369863013698,1.0229212050984935,ATM,17.2,0.0556,0.0018887601390498263
2023-08-25,2023-09-05,PUT,4413.905,4320.0,8.6,8.9,8.75,147,108,11,0.0301369863013698,1.0217372685185184,ATM,17.2,0.0556,0.002025462962962963
2023-08-25,2023-09-05,PUT,4413.905,4325.0,9.3,9.6,9.45,207,844,11,0.0301369863013698,1.0205560693641618,ATM,17.2,0.0556,0.002184971098265896
2023-08-25,2023-09-11,PUT,4413.905,4360.0,24.1,24.4,24.25,11,23,17,0.0465753424657534,1.0123635321100917,ATM,17.2,0.0556,0.0055619266055045875
2023-08-25,2023-09-11,PUT,4413.905,4355.0,22.9,23.2,23.05,4,7,17,0.0465753424657534,1.0135258323765786,ATM,17.2,0.0556,0.00529276693455798
2023-08-25,2023-09-11,PUT,4413.905,4350.0,21.7,22.1,21.9,265,699,17,0.0465753424657534,1.014690804597701,ATM,17.2,0.0556,0.0050344827586206896
2023-08-25,2023-09-11,PUT,4413.905,4345.0,20.7,21.0,20.85,8,41,17,0.0465753424657534,1.0158584579976984,ATM,17.2,0.0556,0.004798619102416571
2023-08-25,2023-09-11,PUT,4413.905,4340.0,19.6,20.0,19.8,20,983,17,0.0465753424657534,1.017028801843318,ATM,17.2,0.0556,0.00456221198156682
2023-08-25,2023-09-11,PUT,4413.905,4335.0,18.7,19.0,18.85,31,130,17,0.0465753424657534,1.01820184544406,ATM,17.2,0.0556,0.0043483275663206465
2023-08-25,2023-09-11,PUT,4413.905,4330.0,17.7,18.0,17.85,6,323,17,0.0465753424657534,1.019377598152425,ATM,17.2,0.0556,0.004122401847575058
2023-08-25,2023-09-11,PUT,4413.905,4325.0,16.8,17.2,17.0,12,660,17,0.0465753424657534,1.0205560693641618,ATM,17.2,0.0556,0.003930635838150289
2023-08-25,2023-09-11,PUT,4413.905,4320.0,16.0,16.3,16.15,1,50,17,0.0465753424657534,1.0217372685185184,ATM,17.2,0.0556,0.0037384259259259254
2023-08-25,2023-09-11,PUT,4413.905,4290.0,11.8,12.1,11.95,247,40,17,0.0465753424657534,1.0288822843822842,ATM,17.2,0.0556,0.0027855477855477854
2023-08-25,2023-09-11,PUT,4413.905,4315.0,15.2,15.5,15.35,1,53,17,0.0465753424657534,1.0229212050984935,ATM,17.2,0.0556,0.0035573580533024333
2023-08-25,2023-09-11,PUT,4413.905,4300.0,13.1,13.4,13.25,1125,368,17,0.0465753424657534,1.0264895348837209,ATM,17.2,0.0556,0.0030813953488372093
2023-08-25,2023-09-11,PUT,4413.905,4295.0,12.4,12.7,12.55,20,27,17,0.0465753424657534,1.027684516880093,ATM,17.2,0.0556,0.0029220023282887078
2023-08-25,2023-09-11,PUT,4413.905,4170.0,4.0,4.2,4.1,21,2,17,0.0465753424657534,1.0584904076738608,ITM,17.2,0.0556,0.0009832134292565946
2023-08-25,2023-09-11,PUT,4413.905,4165.0,3.8,4.0,3.9,1,2,17,0.0465753424657534,1.0597611044417767,ITM,17.2,0.0556,0.000936374549819928
2023-08-25,2023-09-11,PUT,4413.905,4155.0,3.6,3.8,3.7,2,1,17,0.0465753424657534,1.0623116726835138,ITM,17.2,0.0556,0.0008904933814681108
2023-08-25,2023-09-11,PUT,4413.905,4150.0,3.4,3.6,3.5,40,86,17,0.0465753424657534,1.06359156626506,ITM,17.2,0.0556,0.0008433734939759036
2023-08-25,2023-09-08,PUT,4413.905,4600.0,179.0,181.4,180.2,15,273,14,0.0383561643835616,0.9595445652173912,OTM,17.2,0.0556,0.03917391304347826
2023-08-25,2023-09-08,PUT,4413.905,4550.0,131.9,133.8,132.85000000000002,18,244,14,0.0383561643835616,0.9700890109890108,ATM,17.2,0.0556,0.029197802197802204
2023-08-25,2023-09-08,PUT,4413.905,4540.0,122.9,124.6,123.75,9,68,14,0.0383561643835616,0.97222577092511,ATM,17.2,0.0556,0.027257709251101322
2023-08-25,2023-09-11,PUT,4413.905,4310.0,14.5,14.8,14.65,48,33,17,0.0465753424657534,1.0241078886310904,ATM,17.2,0.0556,0.0033990719257540603
2023-08-25,2023-09-08,PUT,4413.905,4535.0,118.5,120.3,119.4,5,43,14,0.0383561643835616,0.973297684674752,ATM,17.2,0.0556,0.02632855567805954
2023-08-25,2023-09-11,PUT,4413.905,4285.0,11.3,11.6,11.45,5,36,17,0.0465753424657534,1.0300828471411902,ITM,17.2,0.0556,0.0026721120186697783
2023-08-25,2023-09-11,PUT,4413.905,4175.0,4.1,4.4,4.25,100,103,17,0.0465753424657534,1.057222754491018,ITM,17.2,0.0556,0.0010179640718562875
2023-08-25,2023-09-13,PUT,4413.905,4355.0,27.4,27.8,27.6,18,42,19,0.0520547945205479,1.0135258323765786,ATM,17.2,0.0556,0.006337543053960964
2023-08-25,2023-09-14,PUT,4413.905,4210.0,9.0,9.3,9.15,2,2,20,0.0547945205479452,1.0484334916864608,ITM,17.2,0.0556,0.002173396674584323
2023-08-25,2023-09-12,PUT,4413.905,4225.0,7.4,7.7,7.550000000000001,9,3,18,0.0493150684931506,1.0447112426035503,ITM,17.2,0.0556,0.0017869822485207102
2023-08-25,2023-09-12,PUT,4413.905,4210.0,6.5,6.8,6.65,1,3,18,0.0493150684931506,1.0484334916864608,ITM,17.2,0.0556,0.0015795724465558195
2023-08-25,2023-09-11,PUT,4413.905,4275.0,10.2,10.5,10.35,39,56,17,0.0465753424657534,1.032492397660819,ITM,17.2,0.0556,0.0024210526315789475
2023-08-25,2023-09-11,PUT,4413.905,4270.0,9.7,10.0,9.85,14,72,17,0.0465753424657534,1.0337014051522249,ITM,17.2,0.0556,0.002306791569086651
2023-08-25,2023-09-11,PUT,4413.905,4265.0,9.3,9.5,9.4,9,4,17,0.0465753424657534,1.0349132473622509,ITM,17.2,0.0556,0.0022039859320046895
2023-08-25,2023-09-11,PUT,4413.905,4260.0,8.8,9.1,8.95,2,30,17,0.0465753424657534,1.0361279342723004,ITM,17.2,0.0556,0.00210093896713615
2023-08-25,2023-09-11,PUT,4413.905,4255.0,8.4,8.7,8.55,2,2,17,0.0465753424657534,1.0373454759106933,ITM,17.2,0.0556,0.002009400705052879
2023-08-25,2023-09-11,PUT,4413.905,4235.0,7.0,7.2,7.1,2,2,17,0.0465753424657534,1.0422443919716646,ITM,17.2,0.0556,0.001676505312868949
2023-08-25,2023-09-11,PUT,4413.905,4250.0,8.0,8.2,8.1,11,73,17,0.0465753424657534,1.0385658823529411,ITM,17.2,0.0556,0.0019058823529411763
2023-08-25,2023-09-11,PUT,4413.905,4280.0,10.7,11.0,10.85,7,35,17,0.0465753424657534,1.0312862149532709,ITM,17.2,0.0556,0.0025350467289719627
2023-08-25,2023-09-11,PUT,4413.905,4240.0,7.3,7.6,7.449999999999999,67,340,17,0.0465753424657534,1.041015330188679,ITM,17.2,0.0556,0.001757075471698113
2023-08-25,2023-09-11,PUT,4413.905,4230.0,6.6,6.9,6.75,30,312,17,0.0465753424657534,1.0434763593380614,ITM,17.2,0.0556,0.0015957446808510637
2023-08-25,2023-09-11,PUT,4413.905,4225.0,6.3,6.6,6.449999999999999,69,26,17,0.0465753424657534,1.0447112426035503,ITM,17.2,0.0556,0.001526627218934911
2023-08-25,2023-09-11,PUT,4413.905,4220.0,6.1,6.3,6.199999999999999,2,7,17,0.0465753424657534,1.0459490521327013,ITM,17.2,0.0556,0.0014691943127962083
2023-08-25,2023-09-11,PUT,4413.905,4210.0,5.6,5.8,5.699999999999999,1,13,17,0.0465753424657534,1.0484334916864608,ITM,17.2,0.0556,0.0013539192399049879
2023-08-25,2023-09-11,PUT,4413.905,4205.0,5.3,5.5,5.4,31,15,17,0.0465753424657534,1.049680142687277,ITM,17.2,0.0556,0.0012841854934601666
2023-08-25,2023-09-11,PUT,4413.905,4200.0,5.1,5.3,5.199999999999999,89,2250,17,0.0465753424657534,1.050929761904762,ITM,17.2,0.0556,0.001238095238095238
2023-08-25,2023-09-11,PUT,4413.905,4195.0,4.9,5.1,5.0,46,2,17,0.0465753424657534,1.052182359952324,ITM,17.2,0.0556,0.0011918951132300357
2023-08-25,2023-09-11,PUT,4413.905,4245.0,7.6,7.9,7.75,4,18,17,0.0465753424657534,1.0397891637220258,ITM,17.2,0.0556,0.0018256772673733805
2023-08-25,2023-09-08,PUT,4413.905,4530.0,114.1,116.5,115.3,4,240,14,0.0383561643835616,0.9743719646799116,ATM,17.2,0.0556,0.02545253863134658
2023-08-25,2023-09-11,PUT,4413.905,4140.0,3.2,3.4,3.3,61,21,17,0.0465753424657534,1.0661606280193237,ITM,17.2,0.0556,0.0007971014492753623
2023-08-25,2023-09-11,PUT,4413.905,4120.0,2.85,2.95,2.9000000000000004,2,10,17,0.0465753424657534,1.0713361650485436,ITM,17.2,0.0556,0.0007038834951456312
2023-08-25,2023-09-11,PUT,4413.905,4405.0,37.8,38.2,38.0,53,59,17,0.0465753424657534,1.0020215664018162,ATM,17.2,0.0556,0.008626560726447218
2023-08-25,2023-09-11,PUT,4413.905,4400.0,35.9,36.3,36.1,55,666,17,0.0465753424657534,1.0031602272727271,ATM,17.2,0.0556,0.008204545454545456
2023-08-25,2023-09-11,PUT,4413.905,4395.0,34.2,34.6,34.400000000000006,15,82,17,0.0465753424657534,1.004301478953356,ATM,17.2,0.0556,0.00782707622298066
2023-08-25,2023-09-11,PUT,4413.905,4390.0,32.5,32.9,32.7,150,167,17,0.0465753424657534,1.0054453302961277,ATM,17.2,0.0556,0.007448747152619591
2023-08-25,2023-09-11,PUT,4413.905,4385.0,30.9,31.3,31.1,4,128,17,0.0465753424657534,1.0065917901938426,ATM,17.2,0.0556,0.007092360319270239
2023-08-25,2023-09-11,PUT,4413.905,4380.0,29.4,29.8,29.6,57,58,17,0.0465753424657534,1.0077408675799089,ATM,17.2,0.0556,0.006757990867579909
2023-08-25,2023-09-11,PUT,4413.905,4375.0,28.0,28.3,28.15,11,620,17,0.0465753424657534,1.0088925714285717,ATM,17.2,0.0556,0.006434285714285714
2023-08-25,2023-09-11,PUT,4413.905,4420.0,43.8,44.2,44.0,27,180,17,0.0465753424657534,0.9986210407239818,ATM,17.2,0.0556,0.009954751131221719
2023-08-25,2023-09-11,PUT,4413.905,4475.0,72.9,74.6,73.75,1,44,17,0.0465753424657534,0.9863474860335196,ATM,17.2,0.0556,0.0164804469273743
2023-08-25,2023-09-11,PUT,4413.905,4410.0,39.7,40.1,39.900000000000006,9,34,17,0.0465753424657534,1.0008854875283446,ATM,17.2,0.0556,0.009047619047619049
2023-08-25,2023-09-11,PUT,4413.905,4470.0,69.6,71.2,70.4,6,42,17,0.0465753424657534,0.9874507829977628,ATM,17.2,0.0556,0.015749440715883672
2023-08-25,2023-09-11,PUT,4413.905,4455.0,61.2,61.6,61.400000000000006,50,62,17,0.0465753424657534,0.9907755331088663,ATM,17.2,0.0556,0.01378226711560045
2023-08-25,2023-09-11,PUT,4413.905,4450.0,58.4,58.8,58.6,150,1114,17,0.0465753424657534,0.9918887640449436,ATM,17.2,0.0556,0.013168539325842697
2023-08-25,2023-09-11,PUT,4413.905,4445.0,55.7,56.1,55.900000000000006,2,10,17,0.0465753424657534,0.9930044994375704,ATM,17.2,0.0556,0.012575928008998876
2023-08-25,2023-09-11,PUT,4413.905,4440.0,53.1,53.5,53.3,52,56,17,0.0465753424657534,0.9941227477477476,ATM,17.2,0.0556,0.012004504504504503
2023-08-25,2023-09-11,PUT,4413.905,4435.0,50.6,51.1,50.85,23,75,17,0.0465753424657534,0.9952435174746336,ATM,17.2,0.0556,0.011465614430665164
2023-08-25,2023-09-11,PUT,4413.905,4430.0,48.3,48.7,48.5,27,36,17,0.0465753424657534,0.996366817155756,ATM,17.2,0.0556,0.010948081264108352
2023-08-25,2023-09-11,PUT,4413.905,4425.0,46.0,46.4,46.2,71,438,17,0.0465753424657534,0.9974926553672316,ATM,17.2,0.0556,0.010440677966101696
2023-08-25,2023-09-14,PUT,4413.905,4225.0,10.1,10.4,10.25,2,5,20,0.0547945205479452,1.0447112426035503,ITM,17.2,0.0556,0.0024260355029585797
2023-08-25,2023-09-14,PUT,4413.905,4240.0,11.3,11.7,11.5,6,15,20,0.0547945205479452,1.041015330188679,ITM,17.2,0.0556,0.002712264150943396
2023-08-25,2023-09-11,PUT,4413.905,4465.0,67.2,67.6,67.4,1,17,17,0.0465753424657534,0.9885565509518476,ATM,17.2,0.0556,0.015095184770436731
2023-08-25,2023-09-11,PUT,4413.905,4415.0,41.7,42.1,41.900000000000006,7,16,17,0.0465753424657534,0.9997519818799546,ATM,17.2,0.0556,0.009490373725934316
2023-08-25,2023-09-11,PUT,4413.905,4480.0,76.2,77.6,76.9,5,39,17,0.0465753424657534,0.9852466517857142,ATM,17.2,0.0556,0.017165178571428574
2023-08-25,2023-09-11,PUT,4413.905,4575.0,155.1,156.9,156.0,1,28,17,0.0465753424657534,0.9647879781420764,OTM,17.2,0.0556,0.03409836065573771
2023-08-25,2023-09-11,PUT,4413.905,4100.0,2.5,2.65,2.575,1,165,17,0.0465753424657534,1.076562195121951,ITM,17.2,0.0556,0.0006280487804878049
2023-08-25,2023-09-11,PUT,4413.905,4025.0,1.75,1.85,1.8,1,62,17,0.0465753424657534,1.096622360248447,ITM,17.2,0.0556,0.00044720496894409936
2023-08-25,2023-09-08,PUT,4413.905,4700.0,277.1,281.8,279.45000000000005,2,12,14,0.0383561643835616,0.9391287234042552,OTM,17.2,0.0556,0.05945744680851065
2023-08-25,2023-09-12,PUT,4413.905,4215.0,6.8,7.0,6.9,5,1,18,0.0493150684931506,1.0471897983392644,ITM,17.2,0.0556,0.0016370106761565838
2023-08-25,2023-09-11,PUT,4413.905,4365.0,25.3,25.7,25.5,13,47,17,0.0465753424657534,1.0112038946162656,ATM,17.2,0.0556,0.00584192439862543
2023-08-25,2023-09-11,PUT,4413.905,4370.0,26.6,27.0,26.8,106,106,17,0.0465753424657534,1.0100469107551486,ATM,17.2,0.0556,0.006132723112128147
2023-08-25,2023-09-11,PUT,4413.905,4550.0,132.0,133.9,132.95,17,166,17,0.0465753424657534,0.9700890109890108,ATM,17.2,0.0556,0.029219780219780216
2023-08-25,2023-09-11,PUT,4413.905,4530.0,114.5,116.6,115.55,2,19,17,0.0465753424657534,0.9743719646799116,ATM,17.2,0.0556,0.025507726269315672
2023-08-25,2023-09-11,PUT,4413.905,4510.0,98.2,100.1,99.15,1,12,17,0.0465753424657534,0.9786929046563192,ATM,17.2,0.0556,0.021984478935698448
2023-08-25,2023-09-11,PUT,4413.905,4505.0,94.1,96.1,95.1,1,20,17,0.0465753424657534,0.9797791342952274,ATM,17.2,0.0556,0.021109877913429522
2023-08-25,2023-09-11,PUT,4413.905,4500.0,90.4,92.3,91.35,4,278,17,0.0465753424657534,0.9808677777777776,ATM,17.2,0.0556,0.0203
2023-08-25,2023-09-11,PUT,4413.905,4495.0,86.6,88.5,87.55,1,19,17,0.0465753424657534,0.9819588431590656,ATM,17.2,0.0556,0.019477196885428254
2023-08-25,2023-09-11,PUT,4413.905,4515.0,102.1,104.4,103.25,1,19,17,0.0465753424657534,0.9776090808416388,ATM,17.2,0.0556,0.022868217054263566
2023-08-25,2023-09-12,PUT,4413.905,4200.0,6.0,6.2,6.1,16,221,18,0.0493150684931506,1.050929761904762,ITM,17.2,0.0556,0.0014523809523809524
2023-08-25,2023-09-12,PUT,4413.905,4175.0,4.9,5.1,5.0,10,12,18,0.0493150684931506,1.057222754491018,ITM,17.2,0.0556,0.0011976047904191617
2023-08-25,2023-09-12,PUT,4413.905,4150.0,4.1,4.3,4.199999999999999,4,234,18,0.0493150684931506,1.06359156626506,ITM,17.2,0.0556,0.0010120481927710842
2023-08-25,2023-09-12,PUT,4413.905,4125.0,3.5,3.7,3.6,9,64,18,0.0493150684931506,1.0700375757575755,ITM,17.2,0.0556,0.0008727272727272727
2023-08-25,2023-09-12,PUT,4413.905,4100.0,3.0,3.2,3.1,1,76,18,0.0493150684931506,1.076562195121951,ITM,17.2,0.0556,0.0007560975609756098
2023-08-25,2023-09-12,PUT,4413.905,4075.0,2.6,2.75,2.675,1,10,18,0.0493150684931506,1.083166871165644,ITM,17.2,0.0556,0.000656441717791411
2023-08-25,2023-09-12,PUT,4413.905,4050.0,2.3,2.45,2.375,1,92,18,0.0493150684931506,1.089853086419753,ITM,17.2,0.0556,0.0005864197530864197
2023-08-25,2023-09-11,PUT,4413.905,4600.0,178.9,180.9,179.9,6,179,17,0.0465753424657534,0.9595445652173912,OTM,17.2,0.0556,0.03910869565217391
2023-08-25,2023-09-13,PUT,4413.905,4365.0,29.9,30.2,30.05,2,33,19,0.0520547945205479,1.0112038946162656,ATM,17.2,0.0556,0.006884306987399771
2023-08-25,2023-09-13,PUT,4413.905,4370.0,31.2,31.6,31.4,1064,6,19,0.0520547945205479,1.0100469107551486,ATM,17.2,0.0556,0.007185354691075514
2023-08-25,2023-09-13,PUT,4413.905,4375.0,32.6,33.0,32.8,5,177,19,0.0520547945205479,1.0088925714285717,ATM,17.2,0.0556,0.007497142857142857
2023-08-25,2023-09-13,PUT,4413.905,4380.0,34.1,34.6,34.35,86,30,19,0.0520547945205479,1.0077408675799089,ATM,17.2,0.0556,0.007842465753424658
2023-08-25,2023-09-12,PUT,4413.905,4325.0,18.5,18.9,18.7,6,112,18,0.0493150684931506,1.0205560693641618,ATM,17.2,0.0556,0.004323699421965318
2023-08-25,2023-09-12,PUT,4413.905,4315.0,16.9,17.2,17.049999999999997,6,8,18,0.0493150684931506,1.0229212050984935,ATM,17.2,0.0556,0.003951332560834298
2023-08-25,2023-09-12,PUT,4413.905,4310.0,16.1,16.4,16.25,3,4,18,0.0493150684931506,1.0241078886310904,ATM,17.2,0.0556,0.0037703016241299302
2023-08-25,2023-09-12,PUT,4413.905,4305.0,15.3,15.6,15.45,3,3,18,0.0493150684931506,1.0252973286875726,ATM,17.2,0.0556,0.0035888501742160277
2023-08-25,2023-09-12,PUT,4413.905,4300.0,14.7,14.9,14.8,4,53,18,0.0493150684931506,1.0264895348837209,ATM,17.2,0.0556,0.0034418604651162794
2023-08-25,2023-09-12,PUT,4413.905,4295.0,14.0,14.3,14.15,4,4,18,0.0493150684931506,1.027684516880093,ATM,17.2,0.0556,0.0032945285215366707
2023-08-25,2023-09-12,PUT,4413.905,4290.0,13.3,13.6,13.45,4,48,18,0.0493150684931506,1.0288822843822842,ATM,17.2,0.0556,0.003135198135198135
2023-08-25,2023-09-12,PUT,4413.905,4280.0,12.1,12.4,12.25,2,4,18,0.0493150684931506,1.0312862149532709,ITM,17.2,0.0556,0.0028621495327102804
2023-08-25,2023-09-12,PUT,4413.905,4275.0,11.6,11.9,11.75,5,17,18,0.0493150684931506,1.032492397660819,ITM,17.2,0.0556,0.0027485380116959064
2023-08-25,2023-09-12,PUT,4413.905,4340.0,21.4,21.8,21.6,18,3,18,0.0493150684931506,1.017028801843318,ATM,17.2,0.0556,0.004976958525345622
2023-08-25,2023-09-12,PUT,4413.905,4255.0,9.7,9.9,9.8,5,9,18,0.0493150684931506,1.0373454759106933,ITM,17.2,0.0556,0.0023031727379553466
2023-08-25,2023-09-12,PUT,4413.905,4240.0,8.4,8.7,8.55,3,4,18,0.0493150684931506,1.041015330188679,ITM,17.2,0.0556,0.0020165094339622642
2023-08-25,2023-09-13,PUT,4413.905,4260.0,11.9,12.2,12.05,12,10,19,0.0520547945205479,1.0361279342723004,ITM,17.2,0.0556,0.0028286384976525824
2023-08-25,2023-09-12,PUT,4413.905,4355.0,24.7,25.1,24.9,276,320,18,0.0493150684931506,1.0135258323765786,ATM,17.2,0.0556,0.005717566016073479
2023-08-25,2023-09-12,PUT,4413.905,4360.0,25.9,26.3,26.1,18,9,18,0.0493150684931506,1.0123635321100917,ATM,17.2,0.0556,0.005986238532110092
2023-08-25,2023-09-12,PUT,4413.905,4430.0,50.0,50.5,50.25,161,36,18,0.0493150684931506,0.996366817155756,ATM,17.2,0.0556,0.011343115124153499
2023-08-25,2023-09-12,PUT,4413.905,4420.0,45.7,46.1,45.900000000000006,1,34,18,0.0493150684931506,0.9986210407239818,ATM,17.2,0.0556,0.010384615384615386
2023-08-25,2023-09-12,PUT,4413.905,4415.0,43.6,44.0,43.8,9,14,18,0.0493150684931506,0.9997519818799546,ATM,17.2,0.0556,0.009920724801812005
2023-08-25,2023-09-12,PUT,4413.905,4410.0,41.4,42.0,41.7,507,20,18,0.0493150684931506,1.0008854875283446,ATM,17.2,0.0556,0.009455782312925171
2023-08-25,2023-09-12,PUT,4413.905,4405.0,39.6,40.1,39.85,3,16,18,0.0493150684931506,1.0020215664018162,ATM,17.2,0.0556,0.009046538024971624
2023-08-25,2023-09-12,PUT,4413.905,4250.0,9.2,9.5,9.35,3,495,18,0.0493150684931506,1.0385658823529411,ITM,17.2,0.0556,0.0022
2023-08-25,2023-09-12,PUT,4413.905,4345.0,22.5,22.8,22.65,18,16,18,0.0493150684931506,1.0158584579976984,ATM,17.2,0.0556,0.0052128883774453395
2023-08-25,2023-09-12,PUT,4413.905,4435.0,52.5,52.9,52.7,5,2,18,0.0493150684931506,0.9952435174746336,ATM,17.2,0.0556,0.011882750845546788
2023-08-25,2023-09-12,PUT,4413.905,4440.0,54.8,55.3,55.05,284,360,18,0.0493150684931506,0.9941227477477476,ATM,17.2,0.0556,0.012398648648648649
2023-08-25,2023-09-12,PUT,4413.905,4465.0,68.7,69.1,68.9,1,7,18,0.0493150684931506,0.9885565509518476,ATM,17.2,0.0556,0.015431131019036955
2023-08-25,2023-09-12,PUT,4413.905,4460.0,65.7,66.2,65.95,5,14,18,0.0493150684931506,0.989664798206278,ATM,17.2,0.0556,0.014786995515695067
2023-08-25,2023-09-12,PUT,4413.905,4455.0,62.9,63.3,63.1,19,32,18,0.0493150684931506,0.9907755331088663,ATM,17.2,0.0556,0.014163860830527498
2023-08-25,2023-09-12,PUT,4413.905,4450.0,60.1,60.5,60.3,8,37,18,0.0493150684931506,0.9918887640449436,ATM,17.2,0.0556,0.01355056179775281
2023-08-25,2023-09-12,PUT,4413.905,4445.0,57.5,57.9,57.7,10,2,18,0.0493150684931506,0.9930044994375704,ATM,17.2,0.0556,0.01298087739032621
2023-08-25,2023-09-13,PUT,4413.905,4255.0,11.4,11.7,11.55,2,2,19,0.0520547945205479,1.0373454759106933,ITM,17.2,0.0556,0.0027144535840188016
2023-08-25,2023-09-13,PUT,4413.905,4250.0,10.9,11.2,11.05,44,187,19,0.0520547945205479,1.0385658823529411,ITM,17.2,0.0556,0.0026000000000000003
2023-08-25,2023-09-13,PUT,4413.905,4240.0,10.1,10.3,10.2,2,49,19,0.0520547945205479,1.041015330188679,ITM,17.2,0.0556,0.0024056603773584904
2023-08-25,2023-09-13,PUT,4413.905,4230.0,9.3,9.5,9.4,8,38,19,0.0520547945205479,1.0434763593380614,ITM,17.2,0.0556,0.0022222222222222222
2023-08-25,2023-09-13,PUT,4413.905,4225.0,8.9,9.2,9.05,4,39,19,0.0520547945205479,1.0447112426035503,ITM,17.2,0.0556,0.0021420118343195267
2023-08-25,2023-09-13,PUT,4413.905,4215.0,8.2,8.5,8.35,4,6,19,0.0520547945205479,1.0471897983392644,ITM,17.2,0.0556,0.001981020166073547
2023-08-25,2023-09-13,PUT,4413.905,4210.0,7.9,8.1,8.0,28,30,19,0.0520547945205479,1.0484334916864608,ITM,17.2,0.0556,0.0019002375296912114
2023-08-25,2023-09-13,PUT,4413.905,4205.0,7.6,7.8,7.699999999999999,23,12,19,0.0520547945205479,1.049680142687277,ITM,17.2,0.0556,0.0018311533888228297
2023-08-25,2023-09-13,PUT,4413.905,4200.0,7.3,7.5,7.4,3,172,19,0.0520547945205479,1.050929761904762,ITM,17.2,0.0556,0.001761904761904762
2023-08-25,2023-09-13,PUT,4413.905,4190.0,6.7,7.0,6.85,6,5,19,0.0520547945205479,1.0534379474940334,ITM,17.2,0.0556,0.0016348448687350835
2023-08-25,2023-09-13,PUT,4413.905,4170.0,5.8,6.0,5.9,3,3,19,0.0520547945205479,1.0584904076738608,ITM,17.2,0.0556,0.0014148681055155877
2023-08-25,2023-09-13,PUT,4413.905,4160.0,5.4,5.6,5.5,1,50,19,0.0520547945205479,1.0610348557692306,ITM,17.2,0.0556,0.0013221153846153847
2023-08-25,2023-09-13,PUT,4413.905,4150.0,5.0,5.2,5.1,7,194,19,0.0520547945205479,1.06359156626506,ITM,17.2,0.0556,0.0012289156626506023
2023-08-25,2023-09-13,PUT,4413.905,4140.0,4.7,4.9,4.800000000000001,49,43,19,0.0520547945205479,1.0661606280193237,ITM,17.2,0.0556,0.0011594202898550727
2023-08-25,2023-09-13,PUT,4413.905,4100.0,3.7,3.8,3.75,7,277,19,0.0520547945205479,1.076562195121951,ITM,17.2,0.0556,0.0009146341463414635
2023-08-25,2023-09-13,PUT,4413.905,4050.0,2.8,2.95,2.875,6,330,19,0.0520547945205479,1.089853086419753,ITM,17.2,0.0556,0.0007098765432098765
2023-08-25,2023-09-12,PUT,4413.905,4400.0,37.8,38.2,38.0,573,676,18,0.0493150684931506,1.0031602272727271,ATM,17.2,0.0556,0.008636363636363636
2023-08-25,2023-09-15,PUT,4413.905,4555.0,138.0,140.1,139.05,1,146,21,0.0575342465753424,0.9690241492864984,OTM,17.2,0.0556,0.03052689352360044
2023-08-25,2023-09-12,PUT,4413.905,4390.0,34.4,34.9,34.65,27,26,18,0.0493150684931506,1.0054453302961277,ATM,17.2,0.0556,0.007892938496583143
2023-08-25,2023-09-12,PUT,4413.905,4380.0,31.3,31.8,31.55,9,19,18,0.0493150684931506,1.0077408675799089,ATM,17.2,0.0556,0.007203196347031963
2023-08-25,2023-09-13,PUT,4413.905,4325.0,21.0,21.4,21.2,101,756,19,0.0520547945205479,1.0205560693641618,ATM,17.2,0.0556,0.004901734104046243
2023-08-25,2023-09-13,PUT,4413.905,4320.0,20.1,20.4,20.25,418,87,19,0.0520547945205479,1.0217372685185184,ATM,17.2,0.0556,0.0046875
2023-08-25,2023-09-13,PUT,4413.905,4315.0,19.2,19.6,19.4,1,18,19,0.0520547945205479,1.0229212050984935,ATM,17.2,0.0556,0.0044959443800695244
2023-08-25,2023-09-13,PUT,4413.905,4310.0,18.4,18.8,18.6,12,44,19,0.0520547945205479,1.0241078886310904,ATM,17.2,0.0556,0.00431554524361949
2023-08-25,2023-09-13,PUT,4413.905,4305.0,17.6,18.0,17.8,5,29,19,0.0520547945205479,1.0252973286875726,ATM,17.2,0.0556,0.00413472706155633
2023-08-25,2023-09-13,PUT,4413.905,4300.0,16.9,17.2,17.049999999999997,29,61,19,0.0520547945205479,1.0264895348837209,ATM,17.2,0.0556,0.003965116279069767
2023-08-25,2023-09-13,PUT,4413.905,4295.0,16.1,16.4,16.25,28,40,19,0.0520547945205479,1.027684516880093,ATM,17.2,0.0556,0.0037834691501746217
2023-08-25,2023-09-13,PUT,4413.905,4290.0,15.4,15.7,15.55,7,130,19,0.0520547945205479,1.0288822843822842,ATM,17.2,0.0556,0.003624708624708625
2023-08-25,2023-09-13,PUT,4413.905,4285.0,14.8,15.1,14.95,1,28,19,0.0520547945205479,1.0300828471411902,ITM,17.2,0.0556,0.0034889148191365226
2023-08-25,2023-09-13,PUT,4413.905,4330.0,21.9,22.3,22.1,8,18,19,0.0520547945205479,1.019377598152425,ATM,17.2,0.0556,0.005103926096997691
2023-08-25,2023-09-13,PUT,4413.905,4280.0,14.1,14.4,14.25,9,14,19,0.0520547945205479,1.0312862149532709,ITM,17.2,0.0556,0.0033294392523364486
2023-08-25,2023-09-13,PUT,4413.905,4270.0,13.0,13.2,13.1,9,10,19,0.0520547945205479,1.0337014051522249,ITM,17.2,0.0556,0.0030679156908665103
2023-08-25,2023-09-13,PUT,4413.905,4360.0,28.6,29.0,28.8,22,36,19,0.0520547945205479,1.0123635321100917,ATM,17.2,0.0556,0.0066055045871559635
2023-08-25,2023-09-13,PUT,4413.905,4420.0,48.4,48.8,48.6,4,125,19,0.0520547945205479,0.9986210407239818,ATM,17.2,0.0556,0.010995475113122172
2023-08-25,2023-09-13,PUT,4413.905,4415.0,46.3,46.7,46.5,399,40,19,0.0520547945205479,0.9997519818799546,ATM,17.2,0.0556,0.010532276330690827
2023-08-25,2023-09-13,PUT,4413.905,4410.0,44.3,44.8,44.55,1,26,19,0.0520547945205479,1.0008854875283446,ATM,17.2,0.0556,0.01010204081632653
2023-08-25,2023-09-13,PUT,4413.905,4400.0,40.6,41.1,40.85,69,392,19,0.0520547945205479,1.0031602272727271,ATM,17.2,0.0556,0.00928409090909091
2023-08-25,2023-09-13,PUT,4413.905,4395.0,38.9,39.4,39.15,25,2,19,0.0520547945205479,1.004301478953356,ATM,17.2,0.0556,0.008907849829351536
2023-08-25,2023-09-13,PUT,4413.905,4390.0,37.2,37.6,37.400000000000006,15,50,19,0.0520547945205479,1.0054453302961277,ATM,17.2,0.0556,0.008519362186788157
2023-08-25,2023-09-13,PUT,4413.905,4385.0,35.6,36.0,35.8,4,15,19,0.0520547945205479,1.0065917901938426,ATM,17.2,0.0556,0.008164196123147092
2023-08-25,2023-09-13,PUT,4413.905,4350.0,26.2,26.6,26.4,114,253,19,0.0520547945205479,1.014690804597701,ATM,17.2,0.0556,0.006068965517241379
2023-08-25,2023-09-13,PUT,4413.905,4335.0,22.9,23.3,23.1,2,32,19,0.0520547945205479,1.01820184544406,ATM,17.2,0.0556,0.005328719723183392
2023-08-25,2023-09-13,PUT,4413.905,4340.0,23.9,24.4,24.15,22,3,19,0.0520547945205479,1.017028801843318,ATM,17.2,0.0556,0.005564516129032257
2023-08-25,2023-09-13,PUT,4413.905,4425.0,50.6,50.9,50.75,12,80,19,0.0520547945205479,0.9974926553672316,ATM,17.2,0.0556,0.011468926553672317
2023-08-25,2023-09-12,PUT,4413.905,4375.0,29.8,30.3,30.05,1,4,18,0.0493150684931506,1.0088925714285717,ATM,17.2,0.0556,0.006868571428571429
2023-08-25,2023-09-12,PUT,4413.905,4370.0,28.5,29.0,28.75,1,1,18,0.0493150684931506,1.0100469107551486,ATM,17.2,0.0556,0.006578947368421052
2023-08-25,2023-09-12,PUT,4413.905,4230.0,7.7,8.0,7.85,2,1,18,0.0493150684931506,1.0434763593380614,ITM,17.2,0.0556,0.0018557919621749407
2023-08-25,2023-09-13,PUT,4413.905,4265.0,12.4,12.7,12.55,4,57,19,0.0520547945205479,1.0349132473622509,ITM,17.2,0.0556,0.0029425556858147716
2023-08-25,2023-09-13,PUT,4413.905,4275.0,13.5,13.8,13.65,34,410,19,0.0520547945205479,1.032492397660819,ITM,17.2,0.0556,0.0031929824561403508
2023-08-25,2023-09-13,PUT,4413.905,4460.0,68.1,68.5,68.3,21,82,19,0.0520547945205479,0.989664798206278,ATM,17.2,0.0556,0.015313901345291479
2023-08-25,2023-09-13,PUT,4413.905,4455.0,65.3,65.7,65.5,2,15,19,0.0520547945205479,0.9907755331088663,ATM,17.2,0.0556,0.014702581369248036
2023-08-25,2023-09-13,PUT,4413.905,4450.0,62.6,63.0,62.8,6,58,19,0.0520547945205479,0.9918887640449436,ATM,17.2,0.0556,0.014112359550561797
2023-08-25,2023-09-13,PUT,4413.905,4520.0,107.1,110.5,108.8,1,2,19,0.0520547945205479,0.9765276548672566,ATM,17.2,0.0556,0.024070796460176992
2023-08-25,2023-09-14,PUT,4413.905,4200.0,8.3,8.6,8.45,31,82,20,0.0547945205479452,1.050929761904762,ITM,17.2,0.0556,0.0020119047619047616
2023-08-25,2023-09-14,PUT,4413.905,4190.0,7.7,8.0,7.85,15,25,20,0.0547945205479452,1.0534379474940334,ITM,17.2,0.0556,0.001873508353221957
2023-08-25,2023-09-14,PUT,4413.905,4180.0,7.2,7.4,7.300000000000001,2,12,20,0.0547945205479452,1.0559581339712918,ITM,17.2,0.0556,0.0017464114832535886
2023-08-25,2023-09-14,PUT,4413.905,4175.0,7.0,7.2,7.1,4,13,20,0.0547945205479452,1.057222754491018,ITM,17.2,0.0556,0.0017005988023952095
2023-08-25,2023-09-14,PUT,4413.905,4170.0,6.7,6.9,6.800000000000001,7,4,20,0.0547945205479452,1.0584904076738608,ITM,17.2,0.0556,0.0016306954436450841
2023-08-25,2023-09-14,PUT,4413.905,4160.0,6.3,6.5,6.4,7,24,20,0.0547945205479452,1.0610348557692306,ITM,17.2,0.0556,0.0015384615384615385
2023-08-25,2023-09-14,PUT,4413.905,4125.0,4.9,5.2,5.050000000000001,2,19,20,0.0547945205479452,1.0700375757575755,ITM,17.2,0.0556,0.0012242424242424243
2023-08-25,2023-09-14,PUT,4413.905,4100.0,4.2,4.4,4.300000000000001,6,90,20,0.0547945205479452,1.076562195121951,ITM,17.2,0.0556,0.0010487804878048783
2023-08-25,2023-09-14,PUT,4413.905,4075.0,3.7,3.9,3.8,4,34,20,0.0547945205479452,1.083166871165644,ITM,17.2,0.0556,0.0009325153374233128
2023-08-25,2023-09-14,PUT,4413.905,4050.0,3.2,3.4,3.3,1,150,20,0.0547945205479452,1.089853086419753,ITM,17.2,0.0556,0.0008148148148148148
2023-08-25,2023-09-13,PUT,4413.905,4435.0,55.0,55.6,55.3,30,65,19,0.0520547945205479,0.9952435174746336,ATM,17.2,0.0556,0.012468996617812853
2023-08-25,2023-09-13,PUT,4413.905,4430.0,52.8,53.2,53.0,1,46,19,0.0520547945205479,0.996366817155756,ATM,17.2,0.0556,0.011963882618510158
2023-08-25,2023-09-12,PUT,4413.905,4385.0,32.8,33.3,33.05,2,23,18,0.0493150684931506,1.0065917901938426,ATM,17.2,0.0556,0.007537058152793614
2023-08-25,2023-09-07,PUT,4413.905,4025.0,1.15,1.25,1.2,1,76,13,0.0356164383561643,1.096622360248447,ITM,17.2,0.0556,0.0002981366459627329
2023-08-25,2023-09-15,PUT,4413.905,4550.0,133.7,135.3,134.5,7,992,21,0.0575342465753424,0.9700890109890108,ATM,17.2,0.0556,0.02956043956043956
2023-08-25,2023-09-15,PUT,4413.905,4535.0,121.4,123.5,122.45,5,168,21,0.0575342465753424,0.973297684674752,ATM,17.2,0.0556,0.027001102535832416
2023-08-25,2023-09-14,PUT,4413.905,4380.0,36.0,36.5,36.25,7,22,20,0.0547945205479452,1.0077408675799089,ATM,17.2,0.0556,0.008276255707762557
2023-08-25,2023-09-14,PUT,4413.905,4375.0,34.6,35.0,34.8,7,86,20,0.0547945205479452,1.0088925714285717,ATM,17.2,0.0556,0.007954285714285714
2023-08-25,2023-09-14,PUT,4413.905,4365.0,31.8,32.2,32.0,1,1,20,0.0547945205479452,1.0112038946162656,ATM,17.2,0.0556,0.007331042382588774
2023-08-25,2023-09-14,PUT,4413.905,4360.0,30.5,30.9,30.7,3,6,20,0.0547945205479452,1.0123635321100917,ATM,17.2,0.0556,0.0070412844036697245
2023-08-25,2023-09-14,PUT,4413.905,4355.0,29.2,29.6,29.4,1,3,20,0.0547945205479452,1.0135258323765786,ATM,17.2,0.0556,0.006750861079219288
2023-08-25,2023-09-14,PUT,4413.905,4350.0,28.1,28.4,28.25,16,119,20,0.0547945205479452,1.014690804597701,ATM,17.2,0.0556,0.006494252873563218
2023-08-25,2023-09-14,PUT,4413.905,4340.0,25.8,26.2,26.0,14,14,20,0.0547945205479452,1.017028801843318,ATM,17.2,0.0556,0.005990783410138249
2023-08-25,2023-09-14,PUT,4413.905,4335.0,24.7,25.1,24.9,7,6,20,0.0547945205479452,1.01820184544406,ATM,17.2,0.0556,0.005743944636678201
2023-08-25,2023-09-15,PUT,4413.905,4385.0,39.3,39.7,39.5,197,404,21,0.0575342465753424,1.0065917901938426,ATM,17.2,0.0556,0.009007981755986317
2023-08-25,2023-09-14,PUT,4413.905,4400.0,42.6,43.0,42.8,16,670,20,0.0547945205479452,1.0031602272727271,ATM,17.2,0.0556,0.009727272727272727
2023-08-25,2023-09-15,PUT,4413.905,4105.0,4.9,5.1,5.0,47,317,21,0.0575342465753424,1.0752509135200974,ITM,17.2,0.0556,0.001218026796589525
2023-08-25,2023-09-15,PUT,4413.905,4315.0,22.5,22.7,22.6,89,377,21,0.0575342465753424,1.0229212050984935,ATM,17.2,0.0556,0.005237543453070684
2023-08-25,2023-09-15,PUT,4413.905,4310.0,21.6,21.9,21.75,91,933,21,0.0575342465753424,1.0241078886310904,ATM,17.2,0.0556,0.005046403712296984
2023-08-25,2023-09-15,PUT,4413.905,4305.0,20.7,21.1,20.9,101,1393,21,0.0575342465753424,1.0252973286875726,ATM,17.2,0.0556,0.004854819976771196
2023-08-25,2023-09-15,PUT,4413.905,4325.0,24.4,24.6,24.5,812,2857,21,0.0575342465753424,1.0205560693641618,ATM,17.2,0.0556,0.005664739884393063
2023-08-25,2023-09-15,PUT,4413.905,4295.0,19.1,19.5,19.3,101,524,21,0.0575342465753424,1.027684516880093,ATM,17.2,0.0556,0.004493597206053551
2023-08-25,2023-09-15,PUT,4413.905,4290.0,18.4,18.7,18.55,458,1040,21,0.0575342465753424,1.0288822843822842,ATM,17.2,0.0556,0.004324009324009324
2023-08-25,2023-09-15,PUT,4413.905,4285.0,17.7,18.1,17.9,79,1008,21,0.0575342465753424,1.0300828471411902,ITM,17.2,0.0556,0.004177362893815636
2023-08-25,2023-09-15,PUT,4413.905,4280.0,17.0,17.3,17.15,157,1694,21,0.0575342465753424,1.0312862149532709,ITM,17.2,0.0556,0.004007009345794392
2023-08-25,2023-09-15,PUT,4413.905,4275.0,16.4,16.6,16.5,390,2247,21,0.0575342465753424,1.032492397660819,ITM,17.2,0.0556,0.0038596491228070177
2023-08-25,2023-09-15,PUT,4413.905,4320.0,23.4,23.7,23.55,230,684,21,0.0575342465753424,1.0217372685185184,ATM,17.2,0.0556,0.005451388888888889
2023-08-25,2023-09-15,PUT,4413.905,4300.0,19.9,20.3,20.1,607,4400,21,0.0575342465753424,1.0264895348837209,ATM,17.2,0.0556,0.004674418604651163
2023-08-25,2023-09-14,PUT,4413.905,4330.0,23.7,24.1,23.9,2,12,20,0.0547945205479452,1.019377598152425,ATM,17.2,0.0556,0.005519630484988452
2023-08-25,2023-09-14,PUT,4413.905,4325.0,22.8,23.1,22.950000000000003,3,7,20,0.0547945205479452,1.0205560693641618,ATM,17.2,0.0556,0.005306358381502891
2023-08-25,2023-09-15,PUT,4413.905,4025.0,3.2,3.4,3.3,14,830,21,0.0575342465753424,1.096622360248447,ITM,17.2,0.0556,0.0008198757763975155
2023-08-25,2023-09-15,PUT,4413.905,4015.0,3.1,3.2,3.1500000000000004,34,108,21,0.0575342465753424,1.0993536737235368,ITM,17.2,0.0556,0.0007845579078455792
2023-08-25,2023-09-14,PUT,4413.905,4800.0,373.8,378.8,376.3,10,10,20,0.0547945205479452,0.9195635416666668,OTM,17.2,0.0556,0.07839583333333333
2023-08-25,2023-09-14,PUT,4413.905,4415.0,48.2,48.7,48.45,7,9,20,0.0547945205479452,0.9997519818799546,ATM,17.2,0.0556,0.010973952434881088
2023-08-25,2023-09-14,PUT,4413.905,4405.0,44.4,44.8,44.6,19,11,20,0.0547945205479452,1.0020215664018162,ATM,17.2,0.0556,0.010124858115777525
2023-08-25,2023-09-14,PUT,4413.905,4320.0,21.8,22.2,22.0,6,20,20,0.0547945205479452,1.0217372685185184,ATM,17.2,0.0556,0.005092592592592593
2023-08-25,2023-09-14,PUT,4413.905,4315.0,20.9,21.3,21.1,4,38,20,0.0547945205479452,1.0229212050984935,ATM,17.2,0.0556,0.004889918887601391
2023-08-25,2023-09-14,PUT,4413.905,4310.0,20.1,20.4,20.25,11,20,20,0.0547945205479452,1.0241078886310904,ATM,17.2,0.0556,0.004698375870069605
2023-08-25,2023-09-14,PUT,4413.905,4305.0,19.3,19.6,19.450000000000003,5,12,20,0.0547945205479452,1.0252973286875726,ATM,17.2,0.0556,0.004518002322880373
2023-08-25,2023-09-15,PUT,4413.905,4095.0,4.7,4.8,4.75,2,1638,21,0.0575342465753424,1.0778766788766787,ITM,17.2,0.0556,0.00115995115995116
2023-08-25,2023-09-14,PUT,4413.905,4300.0,18.5,18.8,18.65,142,631,20,0.0547945205479452,1.0264895348837209,ATM,17.2,0.0556,0.004337209302325581
2023-08-25,2023-09-14,PUT,4413.905,4290.0,17.0,17.3,17.15,6,2,20,0.0547945205479452,1.0288822843822842,ATM,17.2,0.0556,0.003997668997668997
2023-08-25,2023-09-14,PUT,4413.905,4285.0,16.3,16.7,16.5,23,15,20,0.0547945205479452,1.0300828471411902,ITM,17.2,0.0556,0.003850641773628938
2023-08-25,2023-09-14,PUT,4413.905,4280.0,15.7,16.0,15.85,1,4,20,0.0547945205479452,1.0312862149532709,ITM,17.2,0.0556,0.003703271028037383
2023-08-25,2023-09-14,PUT,4413.905,4275.0,15.1,15.4,15.25,6,13,20,0.0547945205479452,1.032492397660819,ITM,17.2,0.0556,0.003567251461988304
2023-08-25,2023-09-14,PUT,4413.905,4270.0,14.5,14.8,14.65,42,1,20,0.0547945205479452,1.0337014051522249,ITM,17.2,0.0556,0.0034309133489461357
2023-08-25,2023-09-14,PUT,4413.905,4265.0,13.9,14.2,14.05,27,16,20,0.0547945205479452,1.0349132473622509,ITM,17.2,0.0556,0.0032942555685814773
2023-08-25,2023-09-14,PUT,4413.905,4260.0,13.3,13.6,13.45,11,21,20,0.0547945205479452,1.0361279342723004,ITM,17.2,0.0556,0.0031572769953051643
2023-08-25,2023-09-14,PUT,4413.905,4255.0,12.8,13.1,12.95,1,18,20,0.0547945205479452,1.0373454759106933,ITM,17.2,0.0556,0.003043478260869565
2023-08-25,2023-09-14,PUT,4413.905,4250.0,12.3,12.6,12.45,20,248,20,0.0547945205479452,1.0385658823529411,ITM,17.2,0.0556,0.002929411764705882
2023-08-25,2023-09-14,PUT,4413.905,4295.0,17.7,18.1,17.9,8,2,20,0.0547945205479452,1.027684516880093,ATM,17.2,0.0556,0.004167636786961583
2023-08-25,2023-09-15,PUT,4413.905,4330.0,25.4,25.6,25.5,309,1082,21,0.0575342465753424,1.019377598152425,ATM,17.2,0.0556,0.005889145496535797
2023-08-25,2023-09-15,PUT,4413.905,4380.0,37.8,38.1,37.95,134,633,21,0.0575342465753424,1.0077408675799089,ATM,17.2,0.0556,0.008664383561643837
2023-08-25,2023-09-15,PUT,4413.905,4375.0,36.3,36.6,36.45,832,1659,21,0.0575342465753424,1.0088925714285717,ATM,17.2,0.0556,0.008331428571428571
2023-08-25,2023-09-15,PUT,4413.905,4100.0,4.8,5.0,4.9,96,2385,21,0.0575342465753424,1.076562195121951,ITM,17.2,0.0556,0.0011951219512195124
2023-08-25,2023-09-15,PUT,4413.905,4185.0,8.3,8.5,8.4,124,330,21,0.0575342465753424,1.0546965352449222,ITM,17.2,0.0556,0.002007168458781362
2023-08-25,2023-09-15,PUT,4413.905,4260.0,14.6,14.8,14.7,116,631,21,0.0575342465753424,1.0361279342723004,ITM,17.2,0.0556,0.0034507042253521126
2023-08-25,2023-09-15,PUT,4413.905,4255.0,14.0,14.2,14.1,16,399,21,0.0575342465753424,1.0373454759106933,ITM,17.2,0.0556,0.0033137485311398353
2023-08-25,2023-09-15,PUT,4413.905,4250.0,13.5,13.7,13.6,1796,2820,21,0.0575342465753424,1.0385658823529411,ITM,17.2,0.0556,0.0031999999999999997
2023-08-25,2023-09-15,PUT,4413.905,4245.0,13.0,13.2,13.1,21,830,21,0.0575342465753424,1.0397891637220258,ITM,17.2,0.0556,0.0030859835100117785
2023-08-25,2023-09-15,PUT,4413.905,4240.0,12.5,12.7,12.6,91,2479,21,0.0575342465753424,1.041015330188679,ITM,17.2,0.0556,0.002971698113207547
2023-08-25,2023-09-15,PUT,4413.905,4235.0,12.0,12.3,12.15,53,189,21,0.0575342465753424,1.0422443919716646,ITM,17.2,0.0556,0.002868949232585596
2023-08-25,2023-09-15,PUT,4413.905,4230.0,11.6,11.8,11.7,69,765,21,0.0575342465753424,1.0434763593380614,ITM,17.2,0.0556,0.0027659574468085106
2023-08-25,2023-09-15,PUT,4413.905,4110.0,5.1,5.3,5.199999999999999,53,571,21,0.0575342465753424,1.073942822384428,ITM,17.2,0.0556,0.0012652068126520679
2023-08-25,2023-09-15,PUT,4413.905,4225.0,11.2,11.4,11.3,840,1284,21,0.0575342465753424,1.0447112426035503,ITM,17.2,0.0556,0.0026745562130177517
2023-08-25,2023-09-15,PUT,4413.905,4215.0,10.4,10.6,10.5,29,539,21,0.0575342465753424,1.0471897983392644,ITM,17.2,0.0556,0.002491103202846975
2023-08-25,2023-09-15,PUT,4413.905,4210.0,10.0,10.2,10.1,47,2159,21,0.0575342465753424,1.0484334916864608,ITM,17.2,0.0556,0.002399049881235154
2023-08-25,2023-09-15,PUT,4413.905,4205.0,9.6,9.8,9.7,49,271,21,0.0575342465753424,1.049680142687277,ITM,17.2,0.0556,0.0023067776456599286
2023-08-25,2023-09-15,PUT,4413.905,4200.0,9.3,9.5,9.4,815,3923,21,0.0575342465753424,1.050929761904762,ITM,17.2,0.0556,0.0022380952380952382
2023-08-25,2023-09-15,PUT,4413.905,4195.0,9.0,9.2,9.1,17,1249,21,0.0575342465753424,1.052182359952324,ITM,17.2,0.0556,0.0021692491060786648
2023-08-25,2023-09-15,PUT,4413.905,4190.0,8.6,8.8,8.7,34,560,21,0.0575342465753424,1.0534379474940334,ITM,17.2,0.0556,0.0020763723150357995
2023-08-25,2023-09-08,PUT,4413.905,4525.0,109.8,112.0,110.9,3,596,14,0.0383561643835616,0.9754486187845304,ATM,17.2,0.0556,0.02450828729281768
2023-08-25,2023-09-08,PUT,4413.905,4520.0,105.6,107.6,106.6,1,309,14,0.0383561643835616,0.9765276548672566,ATM,17.2,0.0556,0.023584070796460174
2023-08-25,2023-09-05,PUT,4413.905,4330.0,10.0,10.3,10.15,98,144,11,0.0301369863013698,1.019377598152425,ATM,17.2,0.0556,0.0023441108545034645
2023-08-25,2023-09-15,PUT,4413.905,4220.0,10.8,11.0,10.9,44,924,21,0.0575342465753424,1.0459490521327013,ITM,17.2,0.0556,0.0025829383886255925
2023-08-25,2023-09-15,PUT,4413.905,4115.0,5.2,5.4,5.300000000000001,22,251,21,0.0575342465753424,1.0726379100850547,ITM,17.2,0.0556,0.001287970838396112
2023-08-25,2023-09-15,PUT,4413.905,4120.0,5.4,5.6,5.5,17,1314,21,0.0575342465753424,1.0713361650485436,ITM,17.2,0.0556,0.0013349514563106796
2023-08-25,2023-09-15,PUT,4413.905,4125.0,5.6,5.8,5.699999999999999,38,529,21,0.0575342465753424,1.0700375757575755,ITM,17.2,0.0556,0.0013818181818181815
2023-08-25,2023-09-15,PUT,4413.905,4370.0,34.9,35.2,35.05,696,941,21,0.0575342465753424,1.0100469107551486,ATM,17.2,0.0556,0.008020594965675056
2023-08-25,2023-09-15,PUT,4413.905,4365.0,33.5,33.9,33.7,53,323,21,0.0575342465753424,1.0112038946162656,ATM,17.2,0.0556,0.007720504009163804
2023-08-25,2023-09-15,PUT,4413.905,4360.0,32.2,32.5,32.35,144,933,21,0.0575342465753424,1.0123635321100917,ATM,17.2,0.0556,0.007419724770642202
2023-08-25,2023-09-15,PUT,4413.905,4355.0,31.0,31.2,31.1,115,583,21,0.0575342465753424,1.0135258323765786,ATM,17.2,0.0556,0.007141216991963261
2023-08-25,2023-09-15,PUT,4413.905,4350.0,29.8,30.0,29.9,359,2623,21,0.0575342465753424,1.014690804597701,ATM,17.2,0.0556,0.006873563218390805
2023-08-25,2023-09-15,PUT,4413.905,4345.0,28.5,28.9,28.7,73,328,21,0.0575342465753424,1.0158584579976984,ATM,17.2,0.0556,0.0066052934407364785
2023-08-25,2023-09-15,PUT,4413.905,4340.0,27.5,27.7,27.6,107,688,21,0.0575342465753424,1.017028801843318,ATM,17.2,0.0556,0.006359447004608295
2023-08-25,2023-09-15,PUT,4413.905,4335.0,26.3,26.7,26.5,132,497,21,0.0575342465753424,1.01820184544406,ATM,17.2,0.0556,0.006113033448673587
2023-08-25,2023-09-15,PUT,4413.905,4270.0,15.8,16.0,15.9,39,586,21,0.0575342465753424,1.0337014051522249,ITM,17.2,0.0556,0.0037236533957845435
2023-08-25,2023-09-15,PUT,4413.905,4265.0,15.2,15.4,15.3,31,1114,21,0.0575342465753424,1.0349132473622509,ITM,17.2,0.0556,0.003587338804220399
2023-08-25,2023-09-15,PUT,4413.905,4180.0,8.0,8.2,8.1,196,2163,21,0.0575342465753424,1.0559581339712918,ITM,17.2,0.0556,0.001937799043062201
2023-08-25,2023-09-15,PUT,4413.905,4175.0,7.8,8.0,7.9,61,756,21,0.0575342465753424,1.057222754491018,ITM,17.2,0.0556,0.0018922155688622755
2023-08-25,2023-09-15,PUT,4413.905,4170.0,7.5,7.7,7.6,25,396,21,0.0575342465753424,1.0584904076738608,ITM,17.2,0.0556,0.0018225419664268585
2023-08-25,2023-09-15,PUT,4413.905,4165.0,7.3,7.4,7.35,3,422,21,0.0575342465753424,1.0597611044417767,ITM,17.2,0.0556,0.001764705882352941
2023-08-25,2023-09-15,PUT,4413.905,4160.0,7.0,7.2,7.1,7,506,21,0.0575342465753424,1.0610348557692306,ITM,17.2,0.0556,0.0017067307692307692
2023-08-25,2023-09-15,PUT,4413.905,4155.0,6.8,7.0,6.9,23,343,21,0.0575342465753424,1.0623116726835138,ITM,17.2,0.0556,0.001660649819494585
2023-08-25,2023-09-15,PUT,4413.905,4150.0,6.6,6.7,6.65,351,2193,21,0.0575342465753424,1.06359156626506,ITM,17.2,0.0556,0.001602409638554217
2023-08-25,2023-09-15,PUT,4413.905,4145.0,6.3,6.5,6.4,44,497,21,0.0575342465753424,1.0648745476477683,ITM,17.2,0.0556,0.0015440289505428229
2023-08-25,2023-09-15,PUT,4413.905,4140.0,6.1,6.3,6.199999999999999,238,710,21,0.0575342465753424,1.0661606280193237,ITM,17.2,0.0556,0.0014975845410628017
2023-08-25,2023-09-15,PUT,4413.905,4135.0,5.9,6.1,6.0,87,417,21,0.0575342465753424,1.0674498186215235,ITM,17.2,0.0556,0.0014510278113663846
2023-08-25,2023-09-15,PUT,4413.905,4130.0,5.8,5.9,5.85,375,216,21,0.0575342465753424,1.068742130750605,ITM,17.2,0.0556,0.0014164648910411622
2023-08-25,2023-09-15,PUT,4413.905,4035.0,3.4,3.5,3.45,40,215,21,0.0575342465753424,1.09390458488228,ITM,17.2,0.0556,0.0008550185873605949
2023-08-25,2023-09-15,PUT,4413.905,4040.0,3.5,3.6,3.55,25,726,21,0.0575342465753424,1.092550742574257,ITM,17.2,0.0556,0.0008787128712871286
2023-08-25,2023-09-15,PUT,4413.905,4045.0,3.6,3.7,3.65,52,1203,21,0.0575342465753424,1.0912002472187885,ITM,17.2,0.0556,0.0009023485784919654
2023-08-25,2023-09-15,PUT,4413.905,4050.0,3.6,3.8,3.7,64,1796,21,0.0575342465753424,1.089853086419753,ITM,17.2,0.0556,0.0009135802469135803
2023-08-25,2023-09-15,PUT,4413.905,4475.0,79.7,80.0,79.85,168,777,21,0.0575342465753424,0.9863474860335196,ATM,17.2,0.0556,0.017843575418994412
2023-08-25,2023-09-15,PUT,4413.905,4470.0,76.8,77.2,77.0,51,378,21,0.0575342465753424,0.9874507829977628,ATM,17.2,0.0556,0.017225950782997764
2023-08-25,2023-09-15,PUT,4413.905,4465.0,73.9,74.2,74.05000000000001,21,506,21,0.0575342465753424,0.9885565509518476,ATM,17.2,0.0556,0.016584546472564392
2023-08-25,2023-09-15,PUT,4413.905,4460.0,71.0,71.4,71.2,56,610,21,0.0575342465753424,0.989664798206278,ATM,17.2,0.0556,0.01596412556053812
2023-08-25,2023-09-15,PUT,4413.905,4455.0,67.9,69.0,68.45,120,455,21,0.0575342465753424,0.9907755331088663,ATM,17.2,0.0556,0.015364758698092031
2023-08-25,2023-09-15,PUT,4413.905,4450.0,65.8,66.1,65.94999999999999,729,2935,21,0.0575342465753424,0.9918887640449436,ATM,17.2,0.0556,0.01482022471910112
2023-08-25,2023-09-15,PUT,4413.905,4445.0,63.2,63.6,63.400000000000006,115,448,21,0.0575342465753424,0.9930044994375704,ATM,17.2,0.0556,0.014263217097862768
2023-08-25,2023-09-15,PUT,4413.905,4390.0,40.9,41.2,41.05,146,753,21,0.0575342465753424,1.0054453302961277,ATM,17.2,0.0556,0.009350797266514806
2023-08-25,2023-09-18,PUT,4413.905,4380.0,39.5,40.2,39.85,52,27,24,0.0657534246575342,1.0077408675799089,ATM,17.2,0.0556,0.009098173515981736
2023-08-25,2023-09-15,PUT,4413.905,4480.0,82.2,83.4,82.80000000000001,114,829,21,0.0575342465753424,0.9852466517857142,ATM,17.2,0.0556,0.01848214285714286
2023-08-25,2023-09-18,PUT,4413.905,4375.0,38.1,38.7,38.400000000000006,1,87,24,0.0657534246575342,1.0088925714285717,ATM,17.2,0.0556,0.008777142857142858
2023-08-25,2023-09-18,PUT,4413.905,4360.0,34.0,34.4,34.2,1,41,24,0.0657534246575342,1.0123635321100917,ATM,17.2,0.0556,0.007844036697247708
2023-08-25,2023-09-18,PUT,4413.905,4355.0,32.7,33.4,33.05,5,29,24,0.0657534246575342,1.0135258323765786,ATM,17.2,0.0556,0.00758897818599311
2023-08-25,2023-09-18,PUT,4413.905,4350.0,31.5,32.0,31.75,28,130,24,0.0657534246575342,1.014690804597701,ATM,17.2,0.0556,0.007298850574712644
2023-08-25,2023-09-18,PUT,4413.905,4345.0,30.4,30.8,30.6,31,47,24,0.0657534246575342,1.0158584579976984,ATM,17.2,0.0556,0.007042577675489068
2023-08-25,2023-09-18,PUT,4413.905,4340.0,29.2,29.7,29.45,2,22,24,0.0657534246575342,1.017028801843318,ATM,17.2,0.0556,0.0067857142857142855
2023-08-25,2023-09-18,PUT,4413.905,4335.0,28.2,28.6,28.4,2,57,24,0.0657534246575342,1.01820184544406,ATM,17.2,0.0556,0.006551326412918108
2023-08-25,2023-09-18,PUT,4413.905,4330.0,27.1,27.5,27.3,2,20,24,0.0657534246575342,1.019377598152425,ATM,17.2,0.0556,0.006304849884526559
2023-08-25,2023-09-18,PUT,4413.905,4325.0,26.1,26.5,26.3,7,787,24,0.0657534246575342,1.0205560693641618,ATM,17.2,0.0556,0.006080924855491329
2023-08-25,2023-09-18,PUT,4413.905,4320.0,25.1,25.5,25.3,3,11,24,0.0657534246575342,1.0217372685185184,ATM,17.2,0.0556,0.005856481481481482
2023-08-25,2023-09-18,PUT,4413.905,4365.0,35.3,35.8,35.55,6,51,24,0.0657534246575342,1.0112038946162656,ATM,17.2,0.0556,0.008144329896907216
2023-08-25,2023-09-15,PUT,4413.905,4485.0,85.3,87.3,86.3,6,317,21,0.0575342465753424,0.9841482720178372,ATM,17.2,0.0556,0.019241917502787066
2023-08-25,2023-09-15,PUT,4413.905,4490.0,88.6,90.4,89.5,13,512,21,0.0575342465753424,0.9830523385300668,ATM,17.2,0.0556,0.019933184855233852
2023-08-25,2023-09-15,PUT,4413.905,4495.0,91.9,93.9,92.9,9,506,21,0.0575342465753424,0.9819588431590656,ATM,17.2,0.0556,0.020667408231368187
2023-08-25,2023-09-15,PUT,4413.905,4525.0,113.2,115.8,114.5,3,501,21,0.0575342465753424,0.9754486187845304,ATM,17.2,0.0556,0.025303867403314917
2023-08-25,2023-09-15,PUT,4413.905,4520.0,109.8,111.9,110.85,1,275,21,0.0575342465753424,0.9765276548672566,ATM,17.2,0.0556,0.02452433628318584
2023-08-25,2023-09-15,PUT,4413.905,4510.0,101.9,104.5,103.2,2,250,21,0.0575342465753424,0.9786929046563192,ATM,17.2,0.0556,0.02288248337028825
2023-08-25,2023-09-15,PUT,4413.905,4530.0,117.5,119.5,118.5,11,877,21,0.0575342465753424,0.9743719646799116,ATM,17.2,0.0556,0.026158940397350994
2023-08-25,2023-09-15,PUT,4413.905,4560.0,142.3,143.9,143.10000000000002,1,298,21,0.0575342465753424,0.9679616228070176,OTM,17.2,0.0556,0.03138157894736843
2023-08-25,2023-09-15,PUT,4413.905,4650.0,226.0,228.4,227.2,104,245,21,0.0575342465753424,0.94922688172043,OTM,17.2,0.0556,0.04886021505376344
2023-08-25,2023-09-15,PUT,4413.905,4630.0,206.7,208.7,207.7,1,257,21,0.0575342465753424,0.953327213822894,OTM,17.2,0.0556,0.04485961123110151
2023-08-25,2023-09-15,PUT,4413.905,4600.0,177.7,180.8,179.25,5,824,21,0.0575342465753424,0.9595445652173912,OTM,17.2,0.0556,0.03896739130434783
2023-08-25,2023-09-15,PUT,4413.905,4575.0,155.4,157.4,156.4,10,706,21,0.0575342465753424,0.9647879781420764,OTM,17.2,0.0556,0.034185792349726775
2023-08-25,2023-09-15,PUT,4413.905,4505.0,98.8,100.7,99.75,3,277,21,0.0575342465753424,0.9797791342952274,ATM,17.2,0.0556,0.02214206437291898
2023-08-25,2023-09-15,PUT,4413.905,4500.0,95.3,96.6,95.95,49,2037,21,0.0575342465753424,0.9808677777777776,ATM,17.2,0.0556,0.02132222222222222
2023-08-25,2023-09-15,PUT,4413.905,4435.0,58.5,58.9,58.7,195,267,21,0.0575342465753424,0.9952435174746336,ATM,17.2,0.0556,0.013235625704622323
2023-08-25,2023-09-15,PUT,4413.905,4430.0,56.3,56.6,56.45,172,567,21,0.0575342465753424,0.996366817155756,ATM,17.2,0.0556,0.012742663656884876
2023-08-25,2023-09-15,PUT,4413.905,4425.0,54.1,54.5,54.3,201,998,21,0.0575342465753424,0.9974926553672316,ATM,17.2,0.0556,0.012271186440677966
2023-08-25,2023-09-15,PUT,4413.905,4420.0,51.9,52.3,52.1,92,1182,21,0.0575342465753424,0.9986210407239818,ATM,17.2,0.0556,0.011787330316742083
2023-08-25,2023-09-15,PUT,4413.905,4415.0,49.9,50.3,50.1,53,341,21,0.0575342465753424,0.9997519818799546,ATM,17.2,0.0556,0.011347678369195924
2023-08-25,2023-09-15,PUT,4413.905,4410.0,48.0,48.3,48.15,268,729,21,0.0575342465753424,1.0008854875283446,ATM,17.2,0.0556,0.010918367346938775
2023-08-25,2023-09-15,PUT,4413.905,4405.0,46.1,46.5,46.3,65,578,21,0.0575342465753424,1.0020215664018162,ATM,17.2,0.0556,0.010510783200908059
2023-08-25,2023-09-15,PUT,4413.905,4400.0,44.3,44.6,44.45,567,3559,21,0.0575342465753424,1.0031602272727271,ATM,17.2,0.0556,0.010102272727272727
2023-08-25,2023-09-15,PUT,4413.905,4395.0,42.5,42.9,42.7,301,692,21,0.0575342465753424,1.004301478953356,ATM,17.2,0.0556,0.009715585893060296
2023-08-25,2023-09-15,PUT,4413.905,4440.0,60.9,61.2,61.05,181,1089,21,0.0575342465753424,0.9941227477477476,ATM,17.2,0.0556,0.01375
2023-08-25,2023-09-18,PUT,4413.905,4300.0,21.6,22.1,21.85,36,694,24,0.0657534246575342,1.0264895348837209,ATM,17.2,0.0556,0.00508139534883721
2023-08-25,2023-09-15,PUT,4413.905,4545.0,129.6,132.0,130.8,1,335,21,0.0575342465753424,0.971156215621562,ATM,17.2,0.0556,0.02877887788778878
2023-08-25,2023-09-18,PUT,4413.905,4385.0,41.1,41.8,41.45,2,29,24,0.0657534246575342,1.0065917901938426,ATM,17.2,0.0556,0.009452679589509693
2023-08-25,2023-09-18,PUT,4413.905,4460.0,72.5,72.9,72.7,49,74,24,0.0657534246575342,0.989664798206278,ATM,17.2,0.0556,0.016300448430493275
2023-08-25,2023-09-18,PUT,4413.905,4150.0,7.4,7.7,7.550000000000001,21,215,24,0.0657534246575342,1.06359156626506,ITM,17.2,0.0556,0.001819277108433735
2023-08-25,2023-09-18,PUT,4413.905,4130.0,6.5,6.8,6.65,2,11,24,0.0657534246575342,1.068742130750605,ITM,17.2,0.0556,0.0016101694915254237
2023-08-25,2023-09-18,PUT,4413.905,4125.0,6.3,6.6,6.449999999999999,21,9,24,0.0657534246575342,1.0700375757575755,ITM,17.2,0.0556,0.0015636363636363634
2023-08-25,2023-09-18,PUT,4413.905,4120.0,6.1,6.4,6.25,1,37,24,0.0657534246575342,1.0713361650485436,ITM,17.2,0.0556,0.001516990291262136
2023-08-25,2023-09-18,PUT,4413.905,4100.0,5.4,5.7,5.550000000000001,8,132,24,0.0657534246575342,1.076562195121951,ITM,17.2,0.0556,0.001353658536585366
2023-08-25,2023-09-18,PUT,4413.905,4050.0,4.1,4.3,4.199999999999999,11,85,24,0.0657534246575342,1.089853086419753,ITM,17.2,0.0556,0.0010370370370370368
2023-08-25,2023-09-14,PUT,4413.905,4230.0,10.5,10.8,10.65,31,52,20,0.0547945205479452,1.0434763593380614,ITM,17.2,0.0556,0.0025177304964539007
2023-08-25,2023-09-14,PUT,4413.905,4500.0,93.3,96.4,94.85,2,5,20,0.0547945205479452,0.9808677777777776,ATM,17.2,0.0556,0.021077777777777775
2023-08-25,2023-09-14,PUT,4413.905,4430.0,54.6,55.0,54.8,2,16,20,0.0547945205479452,0.996366817155756,ATM,17.2,0.0556,0.01237020316027088
2023-08-25,2023-09-18,PUT,4413.905,4175.0,8.8,9.1,8.95,10,336,24,0.0657534246575342,1.057222754491018,ITM,17.2,0.0556,0.002143712574850299
2023-08-25,2023-09-14,PUT,4413.905,4425.0,52.4,52.8,52.6,42,20,20,0.0547945205479452,0.9974926553672316,ATM,17.2,0.0556,0.011887005649717515
2023-08-25,2023-09-14,PUT,4413.905,4455.0,66.9,67.4,67.15,3,2,20,0.0547945205479452,0.9907755331088663,ATM,17.2,0.0556,0.015072951739618408
2023-08-25,2023-09-15,PUT,4413.905,4090.0,4.5,4.7,4.6,91,924,21,0.0575342465753424,1.0791943765281171,ITM,17.2,0.0556,0.0011246943765281174
2023-08-25,2023-09-15,PUT,4413.905,4085.0,4.4,4.6,4.5,1,208,21,0.0575342465753424,1.0805152998776009,ITM,17.2,0.0556,0.001101591187270502
2023-08-25,2023-09-15,PUT,4413.905,4080.0,4.3,4.4,4.35,63,549,21,0.0575342465753424,1.0818394607843136,ITM,17.2,0.0556,0.001066176470588235
2023-08-25,2023-09-15,PUT,4413.905,4075.0,4.2,4.3,4.25,22,1072,21,0.0575342465753424,1.083166871165644,ITM,17.2,0.0556,0.0010429447852760736
2023-08-25,2023-09-15,PUT,4413.905,4070.0,4.0,4.2,4.1,16,1260,21,0.0575342465753424,1.084497542997543,ITM,17.2,0.0556,0.0010073710073710072
2023-08-25,2023-09-15,PUT,4413.905,4065.0,3.9,4.1,4.0,72,99,21,0.0575342465753424,1.0858314883148832,ITM,17.2,0.0556,0.0009840098400984009
2023-08-25,2023-09-15,PUT,4413.905,4060.0,3.8,4.0,3.9,6,655,21,0.0575342465753424,1.087168719211823,ITM,17.2,0.0556,0.0009605911330049261
2023-08-25,2023-09-15,PUT,4413.905,4055.0,3.7,3.9,3.8,26,238,21,0.0575342465753424,1.08850924784217,ITM,17.2,0.0556,0.00093711467324291
2023-08-25,2023-09-14,PUT,4413.905,4420.0,50.3,50.7,50.5,1,58,20,0.0547945205479452,0.9986210407239818,ATM,17.2,0.0556,0.011425339366515836
2023-08-25,2023-09-18,PUT,4413.905,4200.0,10.4,10.7,10.55,143,740,24,0.0657534246575342,1.050929761904762,ITM,17.2,0.0556,0.002511904761904762
2023-08-25,2023-09-18,PUT,4413.905,4205.0,10.8,11.1,10.95,4,20,24,0.0657534246575342,1.049680142687277,ITM,17.2,0.0556,0.002604042806183115
2023-08-25,2023-09-18,PUT,4413.905,4210.0,11.2,11.5,11.35,4,8,24,0.0657534246575342,1.0484334916864608,ITM,17.2,0.0556,0.002695961995249406
2023-08-25,2023-09-18,PUT,4413.905,4450.0,67.3,67.7,67.5,1,121,24,0.0657534246575342,0.9918887640449436,ATM,17.2,0.0556,0.015168539325842697
2023-08-25,2023-09-18,PUT,4413.905,4435.0,60.1,60.5,60.3,16,19,24,0.0657534246575342,0.9952435174746336,ATM,17.2,0.0556,0.013596392333709132
2023-08-25,2023-09-18,PUT,4413.905,4430.0,57.8,58.6,58.2,1,45,24,0.0657534246575342,0.996366817155756,ATM,17.2,0.0556,0.013137697516930023
2023-08-25,2023-09-18,PUT,4413.905,4415.0,51.6,52.1,51.85,1,40,24,0.0657534246575342,0.9997519818799546,ATM,17.2,0.0556,0.0117440543601359
2023-08-25,2023-09-18,PUT,4413.905,4410.0,49.7,50.4,50.05,1,31,24,0.0657534246575342,1.0008854875283446,ATM,17.2,0.0556,0.011349206349206348
2023-08-25,2023-09-18,PUT,4413.905,4405.0,47.8,48.3,48.05,1,4,24,0.0657534246575342,1.0020215664018162,ATM,17.2,0.0556,0.010908059023836549
2023-08-25,2023-09-18,PUT,4413.905,4400.0,46.0,46.6,46.3,126,67,24,0.0657534246575342,1.0031602272727271,ATM,17.2,0.0556,0.010522727272727272
2023-08-25,2023-09-18,PUT,4413.905,4395.0,44.3,45.0,44.65,3,22,24,0.0657534246575342,1.004301478953356,ATM,17.2,0.0556,0.010159271899886234
2023-08-25,2023-09-18,PUT,4413.905,4290.0,20.0,20.4,20.2,6,43,24,0.0657534246575342,1.0288822843822842,ATM,17.2,0.0556,0.004708624708624708
2023-08-25,2023-09-18,PUT,4413.905,4285.0,19.3,19.7,19.5,5,100,24,0.0657534246575342,1.0300828471411902,ITM,17.2,0.0556,0.0045507584597432905
2023-08-25,2023-09-18,PUT,4413.905,4280.0,18.6,19.1,18.85,18,237,24,0.0657534246575342,1.0312862149532709,ITM,17.2,0.0556,0.004404205607476635
2023-08-25,2023-09-18,PUT,4413.905,4275.0,17.9,18.3,18.1,4,33,24,0.0657534246575342,1.032492397660819,ITM,17.2,0.0556,0.004233918128654971
2023-08-25,2023-09-15,PUT,4413.905,4700.0,273.6,278.8,276.20000000000005,3,45,21,0.0575342465753424,0.9391287234042552,OTM,17.2,0.0556,0.05876595744680852
2023-08-25,2023-09-15,PUT,4413.905,4660.0,235.8,239.1,237.45,1,31,21,0.0575342465753424,0.94718991416309,OTM,17.2,0.0556,0.05095493562231759
2023-08-25,2023-09-18,PUT,4413.905,4265.0,16.6,17.0,16.8,100,102,24,0.0657534246575342,1.0349132473622509,ITM,17.2,0.0556,0.003939038686987104
2023-08-25,2023-09-18,PUT,4413.905,4260.0,16.0,16.4,16.2,3,84,24,0.0657534246575342,1.0361279342723004,ITM,17.2,0.0556,0.0038028169014084506
2023-08-25,2023-09-18,PUT,4413.905,4255.0,15.5,15.8,15.65,1,10,24,0.0657534246575342,1.0373454759106933,ITM,17.2,0.0556,0.0036780258519388954
2023-08-25,2023-09-18,PUT,4413.905,4250.0,14.9,15.3,15.1,91,124,24,0.0657534246575342,1.0385658823529411,ITM,17.2,0.0556,0.003552941176470588
2023-08-25,2023-09-18,PUT,4413.905,4245.0,14.4,14.7,14.55,22,11,24,0.0657534246575342,1.0397891637220258,ITM,17.2,0.0556,0.0034275618374558304
2023-08-25,2023-09-18,PUT,4413.905,4230.0,12.9,13.2,13.05,1,34,24,0.0657534246575342,1.0434763593380614,ITM,17.2,0.0556,0.0030851063829787236
2023-08-25,2023-09-18,PUT,4413.905,4225.0,12.4,12.8,12.6,52,159,24,0.0657534246575342,1.0447112426035503,ITM,17.2,0.0556,0.002982248520710059
2023-08-25,2023-09-18,PUT,4413.905,4390.0,42.6,43.4,43.0,2,27,24,0.0657534246575342,1.0054453302961277,ATM,17.2,0.0556,0.00979498861047836
2023-08-25,2023-09-07,PUT,4413.905,4075.0,1.45,1.55,1.5,12,102,13,0.0356164383561643,1.083166871165644,ITM,17.2,0.0556,0.0003680981595092025
2023-08-25,2023-09-07,PUT,4413.905,4250.0,5.5,5.7,5.6,42,287,13,0.0356164383561643,1.0385658823529411,ITM,17.2,0.0556,0.0013176470588235293
2023-08-25,2023-09-07,PUT,4413.905,4245.0,5.2,5.4,5.300000000000001,3,15,13,0.0356164383561643,1.0397891637220258,ITM,17.2,0.0556,0.0012485276796230863
2023-08-25,2023-09-18,PUT,4413.905,4490.0,89.6,91.4,90.5,2,27,24,0.0657534246575342,0.9830523385300668,ATM,17.2,0.0556,0.020155902004454343
2023-08-25,2023-09-18,PUT,4413.905,4485.0,86.5,88.6,87.55,2,9,24,0.0657534246575342,0.9841482720178372,ATM,17.2,0.0556,0.019520624303232998
2023-08-25,2023-09-18,PUT,4413.905,4480.0,83.9,84.5,84.2,2,17,24,0.0657534246575342,0.9852466517857142,ATM,17.2,0.0556,0.018794642857142857
2023-08-25,2023-09-19,PUT,4413.905,4350.0,33.1,33.5,33.3,1,116,25,0.0684931506849315,1.014690804597701,ATM,17.2,0.0556,0.007655172413793103
2023-08-25,2023-09-19,PUT,4413.905,4300.0,23.0,23.4,23.2,7,302,25,0.0684931506849315,1.0264895348837209,ATM,17.2,0.0556,0.005395348837209302
2023-08-25,2023-09-19,PUT,4413.905,4295.0,22.2,22.6,22.4,1,5,25,0.0684931506849315,1.027684516880093,ATM,17.2,0.0556,0.005215366705471478
2023-08-25,2023-09-19,PUT,4413.905,4280.0,19.9,20.3,20.1,1,50,25,0.0684931506849315,1.0312862149532709,ITM,17.2,0.0556,0.004696261682242991
2023-08-25,2023-09-19,PUT,4413.905,4275.0,19.2,19.6,19.4,2,5,25,0.0684931506849315,1.032492397660819,ITM,17.2,0.0556,0.004538011695906432
2023-08-25,2023-09-19,PUT,4413.905,4270.0,18.5,18.9,18.7,7,1,25,0.0684931506849315,1.0337014051522249,ITM,17.2,0.0556,0.004379391100702576
2023-08-25,2023-09-18,PUT,4413.905,4500.0,96.3,98.2,97.25,7,127,24,0.0657534246575342,0.9808677777777776,ATM,17.2,0.0556,0.021611111111111112
2023-08-25,2023-09-19,PUT,4413.905,4250.0,16.1,16.5,16.3,1,109,25,0.0684931506849315,1.0385658823529411,ITM,17.2,0.0556,0.003835294117647059
2023-08-25,2023-09-19,PUT,4413.905,4175.0,9.6,9.9,9.75,1,10,25,0.0684931506849315,1.057222754491018,ITM,17.2,0.0556,0.002335329341317365
2023-08-25,2023-09-19,PUT,4413.905,4170.0,9.3,9.6,9.45,2,10,25,0.0684931506849315,1.0584904076738608,ITM,17.2,0.0556,0.002266187050359712
2023-08-25,2023-09-19,PUT,4413.905,4150.0,8.2,8.4,8.3,5,243,25,0.0684931506849315,1.06359156626506,ITM,17.2,0.0556,0.002
2023-08-25,2023-09-19,PUT,4413.905,4100.0,6.0,6.3,6.15,1,7,25,0.0684931506849315,1.076562195121951,ITM,17.2,0.0556,0.0015
2023-08-25,2023-09-20,PUT,4413.905,4375.0,42.9,43.3,43.1,12,14,26,0.0712328767123287,1.0088925714285717,ATM,17.2,0.0556,0.009851428571428572
2023-08-25,2023-09-20,PUT,4413.905,4380.0,44.3,44.8,44.55,48,54,26,0.0712328767123287,1.0077408675799089,ATM,17.2,0.0556,0.010171232876712328
2023-08-25,2023-09-22,PUT,4413.905,4175.0,13.2,13.5,13.35,32,626,28,0.0767123287671232,1.057222754491018,ITM,17.2,0.0556,0.0031976047904191617
2023-08-25,2023-09-22,PUT,4413.905,4170.0,12.8,13.1,12.95,17,83,28,0.0767123287671232,1.0584904076738608,ITM,17.2,0.0556,0.0031055155875299757
2023-08-25,2023-09-22,PUT,4413.905,4165.0,12.4,12.7,12.55,1,76,28,0.0767123287671232,1.0597611044417767,ITM,17.2,0.0556,0.0030132052821128454
2023-08-25,2023-09-19,PUT,4413.905,4180.0,9.9,10.2,10.05,1,1,25,0.0684931506849315,1.0559581339712918,ITM,17.2,0.0556,0.002404306220095694
2023-08-25,2023-09-22,PUT,4413.905,4160.0,12.1,12.4,12.25,4,144,28,0.0767123287671232,1.0610348557692306,ITM,17.2,0.0556,0.0029447115384615384
2023-08-25,2023-09-18,PUT,4413.905,4505.0,99.7,101.7,100.7,2,11,24,0.0657534246575342,0.9797791342952274,ATM,17.2,0.0556,0.02235294117647059
2023-08-25,2023-09-18,PUT,4413.905,4550.0,134.1,136.2,135.14999999999998,6,147,24,0.0657534246575342,0.9700890109890108,ATM,17.2,0.0556,0.0297032967032967
2023-08-25,2023-09-20,PUT,4413.905,4180.0,11.6,11.9,11.75,1,35,26,0.0712328767123287,1.0559581339712918,ITM,17.2,0.0556,0.0028110047846889954
2023-08-25,2023-09-20,PUT,4413.905,4370.0,41.4,41.8,41.6,3,13,26,0.0712328767123287,1.0100469107551486,ATM,17.2,0.0556,0.009519450800915333
2023-08-25,2023-09-20,PUT,4413.905,4365.0,40.0,40.5,40.25,1,67,26,0.0712328767123287,1.0112038946162656,ATM,17.2,0.0556,0.009221076746849943
2023-08-25,2023-09-20,PUT,4413.905,4355.0,37.4,37.8,37.6,1,7,26,0.0712328767123287,1.0135258323765786,ATM,17.2,0.0556,0.008633754305396096
2023-08-25,2023-09-20,PUT,4413.905,4350.0,36.1,36.5,36.3,5,39,26,0.0712328767123287,1.014690804597701,ATM,17.2,0.0556,0.008344827586206896
2023-08-25,2023-09-20,PUT,4413.905,4325.0,30.5,30.9,30.7,60,1010,26,0.0712328767123287,1.0205560693641618,ATM,17.2,0.0556,0.007098265895953757
2023-08-25,2023-09-20,PUT,4413.905,4320.0,29.5,29.9,29.7,11,31,26,0.0712328767123287,1.0217372685185184,ATM,17.2,0.0556,0.006875
2023-08-25,2023-09-20,PUT,4413.905,4310.0,27.5,27.9,27.7,11,108,26,0.0712328767123287,1.0241078886310904,ATM,17.2,0.0556,0.0064269141531322505
2023-08-25,2023-09-20,PUT,4413.905,4300.0,25.7,26.1,25.9,2,511,26,0.0712328767123287,1.0264895348837209,ATM,17.2,0.0556,0.006023255813953488
2023-08-25,2023-09-18,PUT,4413.905,4525.0,114.1,116.3,115.2,1,48,24,0.0657534246575342,0.9754486187845304,ATM,17.2,0.0556,0.025458563535911603
2023-08-25,2023-09-20,PUT,4413.905,4290.0,24.0,24.4,24.2,2,847,26,0.0712328767123287,1.0288822843822842,ATM,17.2,0.0556,0.005641025641025641
2023-08-25,2023-09-20,PUT,4413.905,4275.0,21.7,22.1,21.9,1,391,26,0.0712328767123287,1.032492397660819,ITM,17.2,0.0556,0.00512280701754386
2023-08-25,2023-09-20,PUT,4413.905,4270.0,21.0,21.3,21.15,24,19,26,0.0712328767123287,1.0337014051522249,ITM,17.2,0.0556,0.0049531615925058545
2023-08-25,2023-09-20,PUT,4413.905,4260.0,19.6,20.0,19.8,2,12,26,0.0712328767123287,1.0361279342723004,ITM,17.2,0.0556,0.0046478873239436625
2023-08-25,2023-09-20,PUT,4413.905,4250.0,18.4,18.7,18.55,1,208,26,0.0712328767123287,1.0385658823529411,ITM,17.2,0.0556,0.0043647058823529416
2023-08-25,2023-09-20,PUT,4413.905,4225.0,15.5,15.9,15.7,750,147,26,0.0712328767123287,1.0447112426035503,ITM,17.2,0.0556,0.0037159763313609467
2023-08-25,2023-09-20,PUT,4413.905,4210.0,14.1,14.4,14.25,2,10,26,0.0712328767123287,1.0484334916864608,ITM,17.2,0.0556,0.0033847980997624705
2023-08-25,2023-09-20,PUT,4413.905,4200.0,13.2,13.6,13.4,4,230,26,0.0712328767123287,1.050929761904762,ITM,17.2,0.0556,0.0031904761904761906
2023-08-25,2023-09-19,PUT,4413.905,4375.0,39.7,40.1,39.900000000000006,13,33,25,0.0684931506849315,1.0088925714285717,ATM,17.2,0.0556,0.009120000000000001
2023-08-25,2023-09-19,PUT,4413.905,4370.0,38.3,38.7,38.5,2,33,25,0.0684931506849315,1.0100469107551486,ATM,17.2,0.0556,0.008810068649885584
2023-08-25,2023-09-20,PUT,4413.905,4280.0,22.4,22.8,22.6,4,11,26,0.0712328767123287,1.0312862149532709,ITM,17.2,0.0556,0.005280373831775701
2023-08-25,2023-09-22,PUT,4413.905,4155.0,11.7,12.0,11.85,29,46,28,0.0767123287671232,1.0623116726835138,ITM,17.2,0.0556,0.002851985559566787
2023-08-25,2023-09-22,PUT,4413.905,4150.0,11.4,11.7,11.55,111,562,28,0.0767123287671232,1.06359156626506,ITM,17.2,0.0556,0.002783132530120482
2023-08-25,2023-09-22,PUT,4413.905,4140.0,10.7,11.0,10.85,20,229,28,0.0767123287671232,1.0661606280193237,ITM,17.2,0.0556,0.0026207729468599034
2023-08-25,2023-09-22,PUT,4413.905,4215.0,16.8,17.2,17.0,108,296,28,0.0767123287671232,1.0471897983392644,ITM,17.2,0.0556,0.004033214709371293
2023-08-25,2023-09-22,PUT,4413.905,4210.0,16.3,16.7,16.5,12,180,28,0.0767123287671232,1.0484334916864608,ITM,17.2,0.0556,0.003919239904988123
2023-08-25,2023-09-22,PUT,4413.905,4200.0,15.4,15.7,15.55,672,1763,28,0.0767123287671232,1.050929761904762,ITM,17.2,0.0556,0.0037023809523809527
2023-08-25,2023-09-22,PUT,4413.905,4050.0,6.5,6.7,6.6,90,557,28,0.0767123287671232,1.089853086419753,ITM,17.2,0.0556,0.0016296296296296295
2023-08-25,2023-09-22,PUT,4413.905,4040.0,6.2,6.4,6.300000000000001,57,248,28,0.0767123287671232,1.092550742574257,ITM,17.2,0.0556,0.0015594059405940595
2023-08-25,2023-09-22,PUT,4413.905,4030.0,5.9,6.1,6.0,100,116,28,0.0767123287671232,1.095261786600496,ITM,17.2,0.0556,0.001488833746898263
2023-08-25,2023-09-22,PUT,4413.905,4025.0,5.8,6.0,5.9,109,1006,28,0.0767123287671232,1.096622360248447,ITM,17.2,0.0556,0.0014658385093167703
2023-08-25,2023-09-20,PUT,4413.905,4450.0,71.6,72.1,71.85,7,95,26,0.0712328767123287,0.9918887640449436,ATM,17.2,0.0556,0.016146067415730336
2023-08-25,2023-09-20,PUT,4413.905,4430.0,62.5,62.9,62.7,40,10,26,0.0712328767123287,0.996366817155756,ATM,17.2,0.0556,0.014153498871331828
2023-08-25,2023-09-22,PUT,4413.905,4220.0,17.4,17.7,17.549999999999997,9,191,28,0.0767123287671232,1.0459490521327013,ITM,17.2,0.0556,0.004158767772511848
2023-08-25,2023-09-20,PUT,4413.905,4420.0,58.3,58.8,58.55,21,8,26,0.0712328767123287,0.9986210407239818,ATM,17.2,0.0556,0.013246606334841628
2023-08-25,2023-09-20,PUT,4413.905,4410.0,54.5,54.9,54.7,1,65,26,0.0712328767123287,1.0008854875283446,ATM,17.2,0.0556,0.012403628117913833
2023-08-25,2023-09-20,PUT,4413.905,4405.0,52.6,53.1,52.85,2,1,26,0.0712328767123287,1.0020215664018162,ATM,17.2,0.0556,0.011997729852440409
2023-08-25,2023-09-20,PUT,4413.905,4400.0,50.9,51.3,51.1,46,345,26,0.0712328767123287,1.0031602272727271,ATM,17.2,0.0556,0.011613636363636364
2023-08-25,2023-09-20,PUT,4413.905,4390.0,47.5,47.9,47.7,19,81,26,0.0712328767123287,1.0054453302961277,ATM,17.2,0.0556,0.010865603644646926
2023-08-25,2023-09-20,PUT,4413.905,4385.0,45.9,46.3,46.1,38,2,26,0.0712328767123287,1.0065917901938426,ATM,17.2,0.0556,0.010513112884834664
2023-08-25,2023-09-22,PUT,4413.905,4020.0,5.6,5.8,5.699999999999999,104,147,28,0.0767123287671232,1.09798631840796,ITM,17.2,0.0556,0.0014179104477611939
2023-08-25,2023-09-21,PUT,4413.905,4500.0,98.0,103.2,100.6,1,9,27,0.073972602739726,0.9808677777777776,ATM,17.2,0.0556,0.022355555555555556
2023-08-25,2023-09-21,PUT,4413.905,4425.0,61.3,62.1,61.7,32,5,27,0.073972602739726,0.9974926553672316,ATM,17.2,0.0556,0.013943502824858758
2023-08-25,2023-09-21,PUT,4413.905,4420.0,59.3,60.1,59.7,2,1,27,0.073972602739726,0.9986210407239818,ATM,17.2,0.0556,0.013506787330316742
2023-08-25,2023-09-20,PUT,4413.905,4415.0,56.4,56.8,56.6,4,1,26,0.0712328767123287,0.9997519818799546,ATM,17.2,0.0556,0.012819932049830125
2023-08-25,2023-09-22,PUT,4413.905,4225.0,17.9,18.2,18.05,141,382,28,0.0767123287671232,1.0447112426035503,ITM,17.2,0.0556,0.0042721893491124265
2023-08-25,2023-09-22,PUT,4413.905,4230.0,18.5,18.8,18.65,36,504,28,0.0767123287671232,1.0434763593380614,ITM,17.2,0.0556,0.004408983451536642
2023-08-25,2023-09-22,PUT,4413.905,4235.0,19.1,19.4,19.25,123,74,28,0.0767123287671232,1.0422443919716646,ITM,17.2,0.0556,0.004545454545454545
2023-08-25,2023-09-22,PUT,4413.905,4180.0,13.6,13.9,13.75,6,266,28,0.0767123287671232,1.0559581339712918,ITM,17.2,0.0556,0.003289473684210526
2023-08-25,2023-09-22,PUT,4413.905,4130.0,10.1,10.4,10.25,42,121,28,0.0767123287671232,1.068742130750605,ITM,17.2,0.0556,0.0024818401937046005
2023-08-25,2023-09-22,PUT,4413.905,4120.0,9.6,9.8,9.7,31,580,28,0.0767123287671232,1.0713361650485436,ITM,17.2,0.0556,0.002354368932038835
2023-08-25,2023-09-22,PUT,4413.905,4110.0,9.0,9.3,9.15,3,38,28,0.0767123287671232,1.073942822384428,ITM,17.2,0.0556,0.002226277372262774
2023-08-25,2023-09-22,PUT,4413.905,4100.0,8.6,8.8,8.7,432,1320,28,0.0767123287671232,1.076562195121951,ITM,17.2,0.0556,0.002121951219512195
2023-08-25,2023-09-22,PUT,4413.905,4090.0,8.1,8.3,8.2,42,152,28,0.0767123287671232,1.0791943765281171,ITM,17.2,0.0556,0.002004889975550122
2023-08-25,2023-09-22,PUT,4413.905,4080.0,7.7,7.9,7.800000000000001,67,109,28,0.0767123287671232,1.0818394607843136,ITM,17.2,0.0556,0.001911764705882353
2023-08-25,2023-09-22,PUT,4413.905,4075.0,7.5,7.7,7.6,48,274,28,0.0767123287671232,1.083166871165644,ITM,17.2,0.0556,0.0018650306748466256
2023-08-25,2023-09-22,PUT,4413.905,4070.0,7.3,7.5,7.4,184,59,28,0.0767123287671232,1.084497542997543,ITM,17.2,0.0556,0.0018181818181818182
2023-08-25,2023-09-22,PUT,4413.905,4060.0,6.9,7.1,7.0,200,118,28,0.0767123287671232,1.087168719211823,ITM,17.2,0.0556,0.0017241379310344827
2023-08-25,2023-09-22,PUT,4413.905,4125.0,9.8,10.1,9.95,36,189,28,0.0767123287671232,1.0700375757575755,ITM,17.2,0.0556,0.002412121212121212
2023-08-25,2023-09-22,PUT,4413.905,4185.0,14.0,14.3,14.15,35,56,28,0.0767123287671232,1.0546965352449222,ITM,17.2,0.0556,0.0033811230585424133
2023-08-25,2023-09-22,PUT,4413.905,4190.0,14.5,14.8,14.65,10,145,28,0.0767123287671232,1.0534379474940334,ITM,17.2,0.0556,0.003496420047732697
2023-08-25,2023-09-22,PUT,4413.905,4195.0,14.9,15.2,15.05,5,15,28,0.0767123287671232,1.052182359952324,ITM,17.2,0.0556,0.0035876042908224077
2023-08-25,2023-09-22,PUT,4413.905,4270.0,23.6,24.0,23.8,70,1521,28,0.0767123287671232,1.0337014051522249,ITM,17.2,0.0556,0.005573770491803279
2023-08-25,2023-09-22,PUT,4413.905,4265.0,22.9,23.3,23.1,212,135,28,0.0767123287671232,1.0349132473622509,ITM,17.2,0.0556,0.0054161781946072685
2023-08-25,2023-09-22,PUT,4413.905,4260.0,22.2,22.6,22.4,260,337,28,0.0767123287671232,1.0361279342723004,ITM,17.2,0.0556,0.005258215962441314
2023-08-25,2023-09-22,PUT,4413.905,4255.0,21.5,21.9,21.7,131,53,28,0.0767123287671232,1.0373454759106933,ITM,17.2,0.0556,0.005099882491186839
2023-08-25,2023-09-22,PUT,4413.905,4250.0,20.9,21.2,21.05,250,857,28,0.0767123287671232,1.0385658823529411,ITM,17.2,0.0556,0.004952941176470589
2023-08-25,2023-09-22,PUT,4413.905,4245.0,20.3,20.6,20.450000000000003,101,80,28,0.0767123287671232,1.0397891637220258,ITM,17.2,0.0556,0.0048174322732626625
2023-08-25,2023-09-22,PUT,4413.905,4240.0,19.7,20.0,19.85,681,503,28,0.0767123287671232,1.041015330188679,ITM,17.2,0.0556,0.004681603773584906
2023-08-25,2023-09-20,PUT,4413.905,4150.0,9.6,9.9,9.75,1,289,26,0.0712328767123287,1.06359156626506,ITM,17.2,0.0556,0.002349397590361446
2023-08-25,2023-09-20,PUT,4413.905,4100.0,7.2,7.4,7.300000000000001,776,31,26,0.0712328767123287,1.076562195121951,ITM,17.2,0.0556,0.001780487804878049
2023-08-25,2023-09-19,PUT,4413.905,4380.0,41.2,41.6,41.400000000000006,4,23,25,0.0684931506849315,1.0077408675799089,ATM,17.2,0.0556,0.00945205479452055
2023-08-25,2023-09-19,PUT,4413.905,4390.0,44.3,44.7,44.5,6,69,25,0.0684931506849315,1.0054453302961277,ATM,17.2,0.0556,0.010136674259681093
2023-08-25,2023-09-22,PUT,4413.905,4310.0,30.4,30.7,30.55,110,493,28,0.0767123287671232,1.0241078886310904,ATM,17.2,0.0556,0.007088167053364269
2023-08-25,2023-09-22,PUT,4413.905,4305.0,29.4,29.9,29.65,36,125,28,0.0767123287671232,1.0252973286875726,ATM,17.2,0.0556,0.006887340301974448
2023-08-25,2023-09-22,PUT,4413.905,4300.0,28.5,28.9,28.7,89,1437,28,0.0767123287671232,1.0264895348837209,ATM,17.2,0.0556,0.006674418604651163
2023-08-25,2023-09-22,PUT,4413.905,4295.0,27.6,28.2,27.9,15,375,28,0.0767123287671232,1.027684516880093,ATM,17.2,0.0556,0.00649592549476135
2023-08-25,2023-09-22,PUT,4413.905,4290.0,26.8,27.2,27.0,86,250,28,0.0767123287671232,1.0288822843822842,ATM,17.2,0.0556,0.006293706293706294
2023-08-25,2023-09-22,PUT,4413.905,4285.0,26.0,26.3,26.15,33,194,28,0.0767123287671232,1.0300828471411902,ITM,17.2,0.0556,0.006102683780630105
2023-08-25,2023-09-22,PUT,4413.905,4550.0,135.7,138.0,136.85,4,367,28,0.0767123287671232,0.9700890109890108,ATM,17.2,0.0556,0.030076923076923074
2023-08-25,2023-09-22,PUT,4413.905,4360.0,41.6,42.0,41.8,134,213,28,0.0767123287671232,1.0123635321100917,ATM,17.2,0.0556,0.009587155963302752
2023-08-25,2023-09-22,PUT,4413.905,4365.0,42.9,43.4,43.15,12,229,28,0.0767123287671232,1.0112038946162656,ATM,17.2,0.0556,0.00988545246277205
2023-08-25,2023-09-22,PUT,4413.905,4315.0,31.3,31.8,31.55,23,152,28,0.0767123287671232,1.0229212050984935,ATM,17.2,0.0556,0.007311703360370799
2023-08-25,2023-09-22,PUT,4413.905,4410.0,57.0,57.6,57.3,158,206,28,0.0767123287671232,1.0008854875283446,ATM,17.2,0.0556,0.012993197278911564
2023-08-25,2023-09-22,PUT,4413.905,4400.0,53.8,54.0,53.9,802,11560,28,0.0767123287671232,1.0031602272727271,ATM,17.2,0.0556,0.01225
2023-08-25,2023-09-22,PUT,4413.905,4395.0,51.8,52.5,52.15,36,165,28,0.0767123287671232,1.004301478953356,ATM,17.2,0.0556,0.011865756541524459
2023-08-25,2023-09-22,PUT,4413.905,4390.0,50.2,50.9,50.55,187,429,28,0.0767123287671232,1.0054453302961277,ATM,17.2,0.0556,0.011514806378132118
2023-08-25,2023-09-22,PUT,4413.905,4385.0,48.6,49.2,48.900000000000006,1942,196,28,0.0767123287671232,1.0065917901938426,ATM,17.2,0.0556,0.011151653363740023
2023-08-25,2023-09-22,PUT,4413.905,4380.0,47.1,47.7,47.400000000000006,254,331,28,0.0767123287671232,1.0077408675799089,ATM,17.2,0.0556,0.01082191780821918
2023-08-25,2023-09-22,PUT,4413.905,4375.0,45.7,46.1,45.900000000000006,129,393,28,0.0767123287671232,1.0088925714285717,ATM,17.2,0.0556,0.010491428571428573
2023-08-25,2023-09-22,PUT,4413.905,4370.0,44.2,44.8,44.5,158,245,28,0.0767123287671232,1.0100469107551486,ATM,17.2,0.0556,0.010183066361556064
2023-08-25,2023-09-25,PUT,4413.905,4290.0,28.2,28.9,28.55,1,4,31,0.084931506849315,1.0288822843822842,ATM,17.2,0.055589999999999994,0.006655011655011655
2023-08-25,2023-09-25,PUT,4413.905,4280.0,26.6,27.0,26.8,87,2,31,0.084931506849315,1.0312862149532709,ITM,17.2,0.055589999999999994,0.006261682242990655
2023-08-25,2023-09-22,PUT,4413.905,4405.0,55.2,56.0,55.6,22,148,28,0.0767123287671232,1.0020215664018162,ATM,17.2,0.0556,0.012622020431328037
2023-08-25,2023-09-22,PUT,4413.905,4320.0,32.3,32.8,32.55,156,252,28,0.0767123287671232,1.0217372685185184,ATM,17.2,0.0556,0.007534722222222221
2023-08-25,2023-09-22,PUT,4413.905,4325.0,33.4,33.8,33.599999999999994,638,903,28,0.0767123287671232,1.0205560693641618,ATM,17.2,0.0556,0.007768786127167629
2023-08-25,2023-09-22,PUT,4413.905,4330.0,34.4,34.8,34.599999999999994,99,711,28,0.0767123287671232,1.019377598152425,ATM,17.2,0.0556,0.007990762124711314
2023-08-25,2023-09-22,PUT,4413.905,4460.0,78.6,79.0,78.8,560,125,28,0.0767123287671232,0.989664798206278,ATM,17.2,0.0556,0.017668161434977576
2023-08-25,2023-09-22,PUT,4413.905,4450.0,73.6,74.2,73.9,104,554,28,0.0767123287671232,0.9918887640449436,ATM,17.2,0.0556,0.01660674157303371
2023-08-25,2023-09-22,PUT,4413.905,4475.0,86.5,86.9,86.7,6,226,28,0.0767123287671232,0.9863474860335196,ATM,17.2,0.0556,0.019374301675977656
2023-08-25,2023-09-22,PUT,4413.905,4440.0,69.2,69.6,69.4,18,213,28,0.0767123287671232,0.9941227477477476,ATM,17.2,0.0556,0.01563063063063063
2023-08-25,2023-09-22,PUT,4413.905,4435.0,67.0,67.4,67.2,332,185,28,0.0767123287671232,0.9952435174746336,ATM,17.2,0.0556,0.015152198421645998
2023-08-25,2023-09-22,PUT,4413.905,4430.0,64.8,65.4,65.1,369,299,28,0.0767123287671232,0.996366817155756,ATM,17.2,0.0556,0.014695259593679457
2023-08-25,2023-09-22,PUT,4413.905,4425.0,62.8,63.4,63.1,801,323,28,0.0767123287671232,0.9974926553672316,ATM,17.2,0.0556,0.014259887005649717
2023-08-25,2023-09-22,PUT,4413.905,4445.0,71.4,72.0,71.7,7,56,28,0.0767123287671232,0.9930044994375704,ATM,17.2,0.0556,0.01613048368953881
2023-08-25,2023-09-22,PUT,4413.905,4480.0,89.2,89.7,89.45,135,215,28,0.0767123287671232,0.9852466517857142,ATM,17.2,0.0556,0.019966517857142856
2023-08-25,2023-09-22,PUT,4413.905,4540.0,128.1,129.8,128.95,1,69,28,0.0767123287671232,0.97222577092511,ATM,17.2,0.0556,0.028403083700440528
2023-08-25,2023-09-22,PUT,4413.905,4535.0,124.2,126.3,125.25,1,62,28,0.0767123287671232,0.973297684674752,ATM,17.2,0.0556,0.027618522601984566
2023-08-25,2023-09-22,PUT,4413.905,4530.0,120.8,122.5,121.65,5,95,28,0.0767123287671232,0.9743719646799116,ATM,17.2,0.0556,0.02685430463576159
2023-08-25,2023-09-22,PUT,4413.905,4510.0,107.1,108.6,107.85,22,218,28,0.0767123287671232,0.9786929046563192,ATM,17.2,0.0556,0.02391352549889135
2023-08-25,2023-09-22,PUT,4413.905,4500.0,100.6,102.1,101.35,12,443,28,0.0767123287671232,0.9808677777777776,ATM,17.2,0.0556,0.02252222222222222
2023-08-25,2023-09-22,PUT,4413.905,4490.0,95.0,95.5,95.25,32,293,28,0.0767123287671232,0.9830523385300668,ATM,17.2,0.0556,0.02121380846325167
2023-08-25,2023-09-22,PUT,4413.905,4420.0,60.8,61.4,61.1,167,217,28,0.0767123287671232,0.9986210407239818,ATM,17.2,0.0556,0.013823529411764707
2023-08-25,2023-09-22,PUT,4413.905,4415.0,58.9,59.5,59.2,111,10757,28,0.0767123287671232,0.9997519818799546,ATM,17.2,0.0556,0.013408833522083805
2023-08-25,2023-09-22,PUT,4413.905,4355.0,40.3,40.8,40.55,1,193,28,0.0767123287671232,1.0135258323765786,ATM,17.2,0.0556,0.00931113662456946
2023-08-25,2023-09-22,PUT,4413.905,4350.0,39.0,39.4,39.2,181,1243,28,0.0767123287671232,1.014690804597701,ATM,17.2,0.0556,0.009011494252873564
2023-08-25,2023-09-22,PUT,4413.905,4340.0,36.6,37.2,36.900000000000006,8,238,28,0.0767123287671232,1.017028801843318,ATM,17.2,0.0556,0.00850230414746544
2023-08-25,2023-09-22,PUT,4413.905,4335.0,35.5,36.0,35.75,63,154,28,0.0767123287671232,1.01820184544406,ATM,17.2,0.0556,0.008246828143021915
2023-08-25,2023-09-25,PUT,4413.905,4275.0,25.8,26.4,26.1,1,7,31,0.084931506849315,1.032492397660819,ITM,17.2,0.055589999999999994,0.006105263157894737
2023-08-25,2023-09-21,PUT,4413.905,4410.0,55.5,56.3,55.9,1,6,27,0.073972602739726,1.0008854875283446,ATM,17.2,0.0556,0.012675736961451247
2023-08-25,2023-09-25,PUT,4413.905,4270.0,25.0,25.4,25.2,1,4,31,0.084931506849315,1.0337014051522249,ITM,17.2,0.055589999999999994,0.005901639344262295
2023-08-25,2023-09-25,PUT,4413.905,4260.0,23.6,24.1,23.85,5,34,31,0.084931506849315,1.0361279342723004,ITM,17.2,0.055589999999999994,0.005598591549295775
2023-08-25,2023-09-25,PUT,4413.905,4180.0,14.6,15.1,14.85,75,177,31,0.084931506849315,1.0559581339712918,ITM,17.2,0.055589999999999994,0.0035526315789473684
2023-08-25,2023-09-25,PUT,4413.905,4175.0,14.2,14.6,14.4,16,340,31,0.084931506849315,1.057222754491018,ITM,17.2,0.055589999999999994,0.003449101796407186
2023-08-25,2023-09-25,PUT,4413.905,4170.0,13.8,14.2,14.0,173,5,31,0.084931506849315,1.0584904076738608,ITM,17.2,0.055589999999999994,0.003357314148681055
2023-08-25,2023-09-25,PUT,4413.905,4160.0,13.0,13.4,13.2,15,110,31,0.084931506849315,1.0610348557692306,ITM,17.2,0.055589999999999994,0.003173076923076923
2023-08-25,2023-09-25,PUT,4413.905,4150.0,12.3,12.7,12.5,17,28,31,0.084931506849315,1.06359156626506,ITM,17.2,0.055589999999999994,0.0030120481927710845
2023-08-25,2023-09-25,PUT,4413.905,4140.0,11.6,12.0,11.8,2,9,31,0.084931506849315,1.0661606280193237,ITM,17.2,0.055589999999999994,0.00285024154589372
2023-08-25,2023-09-25,PUT,4413.905,4130.0,11.0,11.3,11.15,2,11,31,0.084931506849315,1.068742130750605,ITM,17.2,0.055589999999999994,0.002699757869249395
2023-08-25,2023-09-25,PUT,4413.905,4125.0,10.7,11.0,10.85,9,3,31,0.084931506849315,1.0700375757575755,ITM,17.2,0.055589999999999994,0.00263030303030303
