date,expiration,option_type,S,strike,bid,ask,market_price,volume,open_interest,days_to_expiration,T,moneyness,moneyness_category,sigma,r,market_price_over_K,BS_price,BS_price_over_K,error,abs_error,pct_error,abs_pct_error
2023-08-25,2023-08-28,CALL,440.79,402.0,38.75,38.96,38.855,1,2,3,0.0082191780821917,1.0964925373134329,ITM,17.2,0.0556,0.0966542288557213,38.97366652493878,0.09694941921626561,0.11866652493878149,0.11866652493878149,0.30540863450979666,0.30540863450979666
2023-08-25,2023-08-29,CALL,440.79,441.0,2.0,2.01,2.005,11194,2120,4,0.010958904109589,0.9995238095238096,ATM,17.2,0.0556,0.0045464852607709,3.1954588471672594,0.007245938428950702,1.1904588471672595,1.1904588471672595,59.37450609313015,59.37450609313015
2023-08-25,2023-08-29,CALL,440.79,440.0,2.56,2.58,2.5700000000000003,26162,3328,4,0.010958904109589,1.0017954545454544,ATM,17.2,0.0556,0.005840909090909,3.719602798027722,0.008453642722790278,1.149602798027722,1.149602798027722,44.73162638240163,44.73162638240163
2023-08-25,2023-08-29,CALL,440.79,439.0,3.19,3.22,3.205,19647,2816,4,0.010958904109589,1.0040774487471524,ATM,17.2,0.0556,0.0073006833712984,4.293617542231971,0.009780449982305173,1.0886175422319706,1.0886175422319706,33.96622596667615,33.96622596667615
2023-08-25,2023-08-29,CALL,440.79,438.0,3.89,3.94,3.915,9332,1763,4,0.010958904109589,1.0063698630136986,ATM,17.2,0.0556,0.0089383561643835,4.916447738316265,0.01122476652583622,1.0014477383162648,1.0014477383162648,25.57976343081136,25.57976343081136
2023-08-25,2023-08-29,CALL,440.79,437.0,4.64,4.72,4.68,6308,2353,4,0.010958904109589,1.0086727688787185,ATM,17.2,0.0556,0.0107093821510297,5.586300605630811,0.012783296580390872,0.9063006056308112,0.9063006056308112,19.365397556213914,19.365397556213914
2023-08-25,2023-08-29,CALL,440.79,436.0,5.41,5.57,5.49,3016,994,4,0.010958904109589,1.01098623853211,ATM,17.2,0.0556,0.012591743119266,6.300724103510277,0.014451202072271277,0.8107241035102764,0.8107241035102764,14.767287859932171,14.767287859932171
2023-08-25,2023-08-29,CALL,440.79,435.0,6.27,6.43,6.35,7554,519,4,0.010958904109589,1.0133103448275862,ATM,17.2,0.0556,0.0145977011494252,7.056713188284505,0.016222329168470127,0.706713188284505,0.706713188284505,11.12934154778748,11.12934154778748
2023-08-25,2023-08-29,CALL,440.79,434.0,7.16,7.33,7.245,648,222,4,0.010958904109589,1.0156451612903226,ATM,17.2,0.0556,0.0166935483870967,7.850836458222773,0.018089484926780582,0.6058364582227727,0.6058364582227727,8.362131928540684,8.362131928540684
2023-08-25,2023-08-29,CALL,440.79,433.0,8.07,8.26,8.165,183,97,4,0.010958904109589,1.0179907621247113,ATM,17.2,0.0556,0.0188568129330254,8.679374254383617,0.02004474423645177,0.5143742543836183,0.5143742543836183,6.299745920191284,6.299745920191284
2023-08-25,2023-08-29,CALL,440.79,432.0,9.01,9.2,9.105,203,86,4,0.010958904109589,1.020347222222222,ATM,17.2,0.0556,0.0210763888888888,9.538458928956516,0.022079766039251193,0.43345892895651517,0.43345892895651517,4.760669181290666,4.760669181290666
2023-08-25,2023-08-28,CALL,440.79,434.0,6.89,7.08,6.984999999999999,1434,902,3,0.0082191780821917,1.0156451612903226,ATM,17.2,0.0556,0.0160944700460829,7.53000046537187,0.01735023148703196,0.5450004653718707,0.5450004653718707,7.802440449132009,7.802440449132009
2023-08-25,2023-08-28,CALL,440.79,433.0,7.85,8.05,7.95,617,270,3,0.0082191780821917,1.0179907621247113,ATM,17.2,0.0556,0.0183602771362586,8.391750436391305,0.01938048599628477,0.4417504363913052,0.4417504363913052,5.556609262783713,5.556609262783713
2023-08-25,2023-08-28,CALL,440.79,432.0,8.82,9.03,8.925,672,666,3,0.0082191780821917,1.020347222222222,ATM,17.2,0.0556,0.0206597222222222,9.283478685267312,0.021489533993674332,0.3584786852673112,0.3584786852673112,4.016567902154747,4.016567902154747
2023-08-25,2023-08-28,CALL,440.79,431.0,9.81,10.02,9.915,382,653,3,0.0082191780821917,1.0227146171693735,ATM,17.2,0.0556,0.0230046403712296,10.200227905389966,0.02366642205426906,0.28522790538996645,0.28522790538996645,2.8767312696920473,2.8767312696920473
2023-08-25,2023-08-28,CALL,440.79,430.0,10.79,11.01,10.9,464,1228,3,0.0082191780821917,1.025093023255814,ATM,17.2,0.0556,0.0253488372093023,11.137398079658112,0.025900925766646772,0.23739807965811188,0.23739807965811188,2.1779640335606594,2.1779640335606594
2023-08-25,2023-08-28,CALL,440.79,429.0,11.79,12.0,11.895,67,173,3,0.0082191780821917,1.0274825174825173,ATM,17.2,0.0556,0.0277272727272727,12.090863292555923,0.028183830518778374,0.1958632925559236,0.1958632925559236,1.6466018710039816,1.6466018710039816
2023-08-25,2023-08-28,CALL,440.79,428.0,12.78,13.0,12.89,16,84,3,0.0082191780821917,1.0298831775700934,ATM,17.2,0.0556,0.0301168224299065,13.057039361680154,0.030507101312336807,0.16703936168015332,0.16703936168015332,1.295883333437962,1.295883333437962
2023-08-25,2023-08-29,CALL,440.79,431.0,9.96,10.17,10.065,18,46,4,0.010958904109589,1.0227146171693735,ATM,17.2,0.0556,0.023352668213457,10.424208513971166,0.02418609864030433,0.3592085139711667,0.3592085139711667,3.568887371795,3.568887371795
2023-08-25,2023-08-28,CALL,440.79,427.0,13.78,13.99,13.885,72,131,3,0.0082191780821917,1.032295081967213,ITM,17.2,0.0556,0.0325175644028103,14.032906378405073,0.03286394936394631,0.14790637840507337,0.14790637840507337,1.0652241872889692,1.0652241872889692
2023-08-25,2023-08-29,CALL,440.79,430.0,10.93,11.14,11.035,2237,2063,4,0.010958904109589,1.025093023255814,ATM,17.2,0.0556,0.0256627906976744,11.332846307060265,0.02635545652804713,0.29784630706026505,0.29784630706026505,2.69910563715691,2.69910563715691
2023-08-25,2023-08-29,CALL,440.79,408.0,32.82,33.04,32.93,4,3,4,0.010958904109589,1.0803676470588237,ITM,17.2,0.0556,0.0807107843137254,33.03853701310078,0.08097680640465878,0.10853701310077923,0.10853701310077923,0.32959918949523,0.32959918949523
2023-08-25,2023-09-01,CALL,440.79,452.5,0.17,0.18,0.175,895,5453,7,0.0191780821917808,0.974121546961326,ATM,17.2,0.0556,0.0003867403314917,0.7953144495782283,0.001757600993543046,0.6203144495782282,0.6203144495782282,354.4653997589876,354.4653997589876
2023-08-25,2023-09-01,CALL,440.79,452.0,0.2,0.21,0.205,3033,6091,7,0.0191780821917808,0.9751991150442476,ATM,17.2,0.0556,0.0004535398230088,0.8692880261004348,0.0019232035975673336,0.6642880261004348,0.6642880261004348,324.0429395611877,324.0429395611877
2023-08-25,2023-09-01,CALL,440.79,451.0,0.28,0.29,0.285,2933,6925,7,0.0191780821917808,0.977361419068736,ATM,17.2,0.0556,0.0006319290465631,1.0339790171347119,0.0022926364016290727,0.7489790171347119,0.7489790171347119,262.79965513498666,262.79965513498666
2023-08-25,2023-09-01,CALL,440.79,450.0,0.38,0.39,0.385,14039,19126,7,0.0191780821917808,0.9795333333333331,ATM,17.2,0.0556,0.0008555555555555,1.2227754342923731,0.0027172787428719402,0.8377754342923731,0.8377754342923731,217.6040089071099,217.6040089071099
2023-08-25,2023-09-01,CALL,440.79,449.0,0.52,0.53,0.525,5852,6249,7,0.0191780821917808,0.9817149220489976,ATM,17.2,0.0556,0.0011692650334075,1.4377969661281043,0.0032022204145392076,0.9127969661281042,0.9127969661281042,173.86608878630557,173.86608878630557
2023-08-25,2023-09-01,CALL,440.79,448.0,0.69,0.7,0.695,10748,4689,7,0.0191780821917808,0.98390625,ATM,17.2,0.0556,0.0015513392857142,1.6811077962843655,0.0037524727595633156,0.9861077962843655,0.9861077962843655,141.88601385386553,141.88601385386553
2023-08-25,2023-09-01,CALL,440.79,447.5,0.8,0.81,0.805,4122,3170,7,0.0191780821917808,0.9850055865921789,ATM,17.2,0.0556,0.0017988826815642,1.8139911496721908,0.004053611507647353,1.0089911496721906,1.0089911496721906,125.34051548722864,125.34051548722864
2023-08-25,2023-09-05,CALL,440.79,438.0,5.59,5.63,5.609999999999999,1119,255,11,0.0301369863013698,1.0063698630136986,ATM,17.2,0.0556,0.0128082191780821,7.178950395445781,0.016390297706497216,1.568950395445782,1.568950395445782,27.96703022184995,27.96703022184995
2023-08-25,2023-08-31,CALL,440.79,430.0,11.45,11.65,11.55,57,1955,6,0.0164383561643835,1.025093023255814,ATM,17.2,0.0556,0.026860465116279,11.760666077033022,0.02735038622565819,0.21066607703302154,0.21066607703302154,1.8239487189006192,1.8239487189006192
2023-08-25,2023-08-31,CALL,440.79,429.0,12.39,12.6,12.495,3,158,6,0.0164383561643835,1.0274825174825173,ATM,17.2,0.0556,0.0291258741258741,12.646037018119273,0.029477941767177794,0.15103701811927372,0.15103701811927372,1.2087796568169167,1.2087796568169167
2023-08-25,2023-08-29,CALL,440.79,428.0,12.89,13.1,12.995,11,11,4,0.010958904109589,1.0298831775700934,ATM,17.2,0.0556,0.0303621495327102,13.20478203346363,0.030852294470709415,0.20978203346363067,0.20978203346363067,1.6143288454300169,1.6143288454300169
2023-08-25,2023-08-29,CALL,440.79,427.0,13.87,14.09,13.98,4,42,4,0.010958904109589,1.032295081967213,ITM,17.2,0.0556,0.0327400468384075,14.161834420961782,0.03316588857368099,0.18183442096178126,0.18183442096178126,1.3006754002988645,1.3006754002988645
2023-08-25,2023-08-29,CALL,440.79,426.0,14.86,15.08,14.97,2,4,4,0.010958904109589,1.0347183098591548,ITM,17.2,0.0556,0.0351408450704225,15.129364598747486,0.03551494037264668,0.15936459874748543,0.15936459874748543,1.0645597778723142,1.0645597778723142
2023-08-25,2023-08-29,CALL,440.79,425.0,15.86,16.07,15.965,8,10,4,0.010958904109589,1.0371529411764706,ITM,17.2,0.0556,0.0375647058823529,16.105148883877405,0.037894467962064485,0.14014888387740498,0.14014888387740498,0.8778508229088944,0.8778508229088944
2023-08-25,2023-08-29,CALL,440.79,421.0,19.84,20.06,19.95,51,1,4,0.010958904109589,1.0470071258907363,ITM,17.2,0.0556,0.0473871733966745,20.05834825754829,0.04764453267826197,0.1083482575482897,0.1083482575482897,0.5430990353297729,0.5430990353297729
2023-08-25,2023-08-29,CALL,440.79,420.0,20.84,21.06,20.95,1,110,4,0.010958904109589,1.0495,ITM,17.2,0.0556,0.0498809523809523,21.05359754217733,0.05012761319566031,0.10359754217732942,0.10359754217732942,0.49449900800634566,0.49449900800634566
2023-08-25,2023-08-29,CALL,440.79,415.0,25.83,26.05,25.94,1,3,4,0.010958904109589,1.0621445783132528,ITM,17.2,0.0556,0.0625060240963855,26.04350354981807,0.06275543024052548,0.10350354981806831,0.10350354981806831,0.3990113716964854,0.3990113716964854
2023-08-25,2023-08-29,CALL,440.79,429.0,11.91,12.12,12.015,2,26,4,0.010958904109589,1.0274825174825173,ATM,17.2,0.0556,0.028006993006993,12.26080073742122,0.028579955098883964,0.2458007374212201,0.2458007374212201,2.0457822506967966,2.0457822506967966
2023-08-25,2023-09-01,CALL,440.79,453.0,0.14,0.15,0.145,1117,5938,7,0.0191780821917808,0.973046357615894,ATM,17.2,0.0556,0.0003200883002207,0.7265674915352989,0.0016039017473185406,0.5815674915352989,0.5815674915352989,401.0810286450337,401.0810286450337
2023-08-25,2023-08-28,CALL,440.79,426.0,14.77,14.99,14.88,75,36,3,0.0082191780821917,1.0347183098591548,ITM,17.2,0.0556,0.0349295774647887,15.015993792729262,0.03524881172002174,0.13599379272926093,0.13599379272926093,0.9139367790944954,0.9139367790944954
2023-08-25,2023-08-28,CALL,440.79,424.0,16.77,16.98,16.875,41,11,3,0.0082191780821917,1.0395990566037736,ITM,17.2,0.0556,0.0397995283018867,16.99641984873398,0.04008589586965561,0.1214198487339786,0.1214198487339786,0.719525029534688,0.719525029534688
2023-08-25,2023-08-30,CALL,440.79,446.0,0.61,0.62,0.615,3092,1662,5,0.0136986301369863,0.988318385650224,ATM,17.2,0.0556,0.0013789237668161,1.6418202318621127,0.0036812112822020462,1.0268202318621127,1.0268202318621127,166.9626393271728,166.9626393271728
2023-08-25,2023-08-30,CALL,440.79,445.0,0.85,0.86,0.855,6283,2146,5,0.0136986301369863,0.9905393258426964,ATM,17.2,0.0556,0.0019213483146067,1.950145593903983,0.004382349649222433,1.095145593903983,1.095145593903983,128.0872039653781,128.0872039653781
2023-08-25,2023-08-30,CALL,440.79,444.0,1.15,1.16,1.1549999999999998,5792,1857,5,0.0136986301369863,0.9927702702702702,ATM,17.2,0.0556,0.0026013513513513,2.298753232485865,0.0051773721452384345,1.143753232485865,1.143753232485865,99.0262538948801,99.0262538948801
2023-08-25,2023-08-30,CALL,440.79,443.0,1.51,1.52,1.515,3435,3984,5,0.0136986301369863,0.9950112866817156,ATM,17.2,0.0556,0.0034198645598194,2.689521277440349,0.006071154125147514,1.174521277440349,1.174521277440349,77.52615692675572,77.52615692675572
2023-08-25,2023-08-30,CALL,440.79,447.0,0.43,0.44,0.435,2031,2443,5,0.0136986301369863,0.9861073825503356,ATM,17.2,0.0556,0.0009731543624161,1.3715114308909193,0.0030682582346553003,0.9365114308909193,0.9365114308909193,215.28998411285502,215.28998411285502
2023-08-25,2023-08-30,CALL,440.79,441.0,2.44,2.46,2.45,8354,2214,5,0.0136986301369863,0.9995238095238096,ATM,17.2,0.0556,0.0055555555555555,3.602714575936659,0.008169420807112606,1.1527145759366588,1.1527145759366588,47.04957452802689,47.04957452802689
2023-08-25,2023-08-30,CALL,440.79,440.0,3.01,3.02,3.015,13708,1922,5,0.0136986301369863,1.0017954545454544,ATM,17.2,0.0556,0.0068522727272727,4.126412704229409,0.009378210691430475,1.111412704229409,1.111412704229409,36.862776259681894,36.862776259681894
2023-08-25,2023-08-30,CALL,440.79,439.0,3.63,3.65,3.64,8235,2683,5,0.0136986301369863,1.0040774487471524,ATM,17.2,0.0556,0.0082915717539863,4.694762306336941,0.010694219376621733,1.0547623063369405,1.0547623063369405,28.97698643782803,28.97698643782803
2023-08-25,2023-08-30,CALL,440.79,438.0,4.3,4.34,4.32,7708,1890,5,0.0136986301369863,1.0063698630136986,ATM,17.2,0.0556,0.0098630136986301,5.306997892475124,0.012116433544463753,0.9869978924751237,0.9869978924751237,22.84717343692416,22.84717343692416
2023-08-25,2023-08-30,CALL,440.79,442.0,1.94,1.96,1.95,7988,2703,5,0.0136986301369863,0.997262443438914,ATM,17.2,0.0556,0.0044117647058823,3.1238715064638143,0.007067582593809535,1.1738715064638143,1.1738715064638143,60.19853879301612,60.19853879301612
2023-08-25,2023-08-30,CALL,440.79,448.0,0.3,0.31,0.305,2384,3516,5,0.0136986301369863,0.98390625,ATM,17.2,0.0556,0.0006808035714285,1.1366445418440918,0.002537152995187705,0.8316445418440919,0.8316445418440919,272.67034158822685,272.67034158822685
2023-08-25,2023-08-31,CALL,440.79,428.0,13.35,13.56,13.455,1,16,6,0.0164383561643835,1.0298831775700934,ATM,17.2,0.0556,0.0314369158878504,13.550469140265307,0.0316599746267881,0.0954691402653065,0.0954691402653065,0.7095439633244631,0.7095439633244631
2023-08-25,2023-08-31,CALL,440.79,427.0,14.31,14.53,14.42,15,280,6,0.0164383561643835,1.032295081967213,ITM,17.2,0.0556,0.0337704918032786,14.471533123611778,0.03389117827543742,0.051533123611777754,0.051533123611777754,0.35737256318847266,0.35737256318847266
2023-08-25,2023-08-31,CALL,440.79,426.0,15.28,15.5,15.39,40,161,6,0.0164383561643835,1.0347183098591548,ITM,17.2,0.0556,0.0361267605633802,15.406942841575926,0.03616653249196227,0.016942841575925627,0.016942841575925627,0.11008993876494884,0.11008993876494884
2023-08-25,2023-08-31,CALL,440.79,425.0,16.26,16.48,16.37,602,10214,6,0.0164383561643835,1.0371529411764706,ITM,17.2,0.0556,0.0385176470588235,16.354583527832744,0.03848137300666528,-0.0154164721672565,0.0154164721672565,-0.09417515068574527,0.09417515068574527
2023-08-25,2023-08-31,CALL,440.79,421.0,20.2,20.43,20.315,6,12,6,0.0164383561643835,1.0470071258907363,ITM,17.2,0.0556,0.0482541567695962,20.23199659727277,0.04805699904340325,-0.08300340272723261,0.08300340272723261,-0.40858184950643667,0.40858184950643667
2023-08-25,2023-08-31,CALL,440.79,420.0,21.19,21.42,21.305,12,26,6,0.0164383561643835,1.0495,ITM,17.2,0.0556,0.0507261904761904,21.215952216665016,0.050514171944440515,-0.08904778333498342,0.08904778333498342,-0.41796659626840377,0.41796659626840377
2023-08-25,2023-08-29,CALL,440.79,443.0,1.12,1.13,1.125,7008,2267,4,0.010958904109589,0.9950112866817156,ATM,17.2,0.0556,0.0025395033860045,2.2970877090335193,0.005185299568924423,1.1720877090335193,1.1720877090335193,104.18557413631282,104.18557413631282
2023-08-25,2023-08-28,CALL,440.79,425.0,15.77,15.99,15.88,76,61,3,0.0082191780821917,1.0371529411764706,ITM,17.2,0.0556,0.0373647058823529,16.00433762910785,0.037657265009665535,0.12433762910785084,0.12433762910785084,0.7829825510569952,0.7829825510569952
2023-08-25,2023-08-29,CALL,440.79,442.0,1.52,1.53,1.525,6938,1928,4,0.010958904109589,0.997262443438914,ATM,17.2,0.0556,0.0034502262443438,2.721459158016444,0.006157147416326796,1.1964591580164439,1.1964591580164439,78.4563382305865,78.4563382305865
2023-08-25,2023-08-28,CALL,440.79,437.0,4.22,4.31,4.265,34872,1478,3,0.0082191780821917,1.0086727688787185,ATM,17.2,0.0556,0.0097597254004576,5.175804672856827,0.011843946619809673,0.9108046728568278,0.9108046728568278,21.355326444474276,21.355326444474276
2023-08-25,2023-08-28,CALL,440.79,423.0,17.77,17.98,17.875,24,15,3,0.0082191780821917,1.0420567375886525,ITM,17.2,0.0556,0.04225768321513,17.991099065827882,0.042532149091791684,0.11609906582788199,0.11609906582788199,0.6495052633727664,0.6495052633727664
2023-08-25,2023-08-28,CALL,440.79,420.0,20.76,20.98,20.87,66,58,3,0.0082191780821917,1.0495,ITM,17.2,0.0556,0.0496904761904761,20.983511723122263,0.04996074219791015,0.11351172312226154,0.11351172312226154,0.543899008731488,0.543899008731488
2023-08-25,2023-08-28,CALL,440.79,419.0,21.76,21.98,21.87,2,8,3,0.0082191780821917,1.0520047732696896,ITM,17.2,0.0556,0.0521957040572792,21.98235151750316,0.052463846103826164,0.11235151750316064,0.11235151750316064,0.5137243598681327,0.5137243598681327
2023-08-25,2023-08-28,CALL,440.79,417.0,23.76,23.98,23.87,5,7,3,0.0082191780821917,1.05705035971223,ITM,17.2,0.0556,0.0572422062350119,23.980794933457844,0.05750790151908356,0.11079493345784286,0.11079493345784286,0.46415975474588544,0.46415975474588544
2023-08-25,2023-08-28,CALL,440.79,413.0,27.76,27.97,27.865,1,17,3,0.0082191780821917,1.0672881355932202,ITM,17.2,0.0556,0.0674697336561743,27.978710973001284,0.06774506288862296,0.11371097300128596,0.11371097300128596,0.408078137453027,0.408078137453027
2023-08-25,2023-08-28,CALL,440.79,412.0,28.75,28.97,28.86,2,3,3,0.0082191780821917,1.069878640776699,ITM,17.2,0.0556,0.0700485436893203,28.978244369816366,0.07033554458693293,0.11824436981636666,0.11824436981636666,0.4097171511308616,0.4097171511308616
2023-08-25,2023-08-28,CALL,440.79,410.0,30.75,30.97,30.86,1,33,3,0.0082191780821917,1.0750975609756095,ITM,17.2,0.0556,0.0752682926829268,30.977323524139365,0.07555444761985211,0.11732352413936553,0.11732352413936553,0.38017992268102896,0.38017992268102896
2023-08-25,2023-08-28,CALL,440.79,435.0,5.95,6.12,6.035,8767,2553,3,0.0082191780821917,1.0133103448275862,ATM,17.2,0.0556,0.0138735632183908,6.703378209839116,0.015410064850204864,0.6683782098391156,0.6683782098391156,11.075032474550381,11.075032474550381
2023-08-25,2023-08-28,CALL,440.79,446.0,0.13,0.14,0.135,23694,8116,3,0.0082191780821917,0.988318385650224,ATM,17.2,0.0556,0.0003026905829596,0.9477079505502388,0.0021249057187225084,0.8127079505502388,0.8127079505502388,602.0058892964731,602.0058892964731
2023-08-25,2023-08-28,CALL,440.79,445.0,0.24,0.25,0.245,37569,8554,3,0.0082191780821917,0.9905393258426964,ATM,17.2,0.0556,0.0005505617977528,1.2023730020320613,0.002701961802319239,0.9573730020320613,0.9573730020320613,390.7644906253312,390.7644906253312
2023-08-25,2023-08-28,CALL,440.79,444.0,0.41,0.42,0.415,32685,6090,3,0.0082191780821917,0.9927702702702702,ATM,17.2,0.0556,0.0009346846846846,1.505326039826798,0.0033903739635738695,1.090326039826798,1.090326039826798,262.72916622332485,262.72916622332485
2023-08-25,2023-08-28,CALL,440.79,443.0,0.66,0.67,0.665,31439,4727,3,0.0082191780821917,0.9950112866817156,ATM,17.2,0.0556,0.0015011286681715,1.8604015149864495,0.004199551952565349,1.1954015149864494,1.1954015149864494,179.7596263137518,179.7596263137518
2023-08-25,2023-08-28,CALL,440.79,442.0,1.0,1.01,1.005,58390,3173,3,0.0082191780821917,0.997262443438914,ATM,17.2,0.0556,0.0022737556561085,2.270588886885463,0.00513707892960512,1.265588886885463,1.265588886885463,125.92924247616548,125.92924247616548
2023-08-25,2023-08-28,CALL,440.79,441.0,1.45,1.46,1.455,80998,3114,3,0.0082191780821917,0.9995238095238096,ATM,17.2,0.0556,0.0032993197278911,2.7378505430758935,0.00620827787545554,1.2828505430758934,1.2828505430758934,88.16842220452875,88.16842220452875
2023-08-25,2023-08-28,CALL,440.79,440.0,2.0,2.02,2.01,128228,4661,3,0.0082191780821917,1.0017954545454544,ATM,17.2,0.0556,0.0045681818181818,3.262994931016152,0.007415897570491255,1.2529949310161523,1.2529949310161523,62.338056269460324,62.338056269460324
2023-08-25,2023-08-28,CALL,440.79,439.0,2.65,2.69,2.67,79074,4035,3,0.0082191780821917,1.0040774487471524,ATM,17.2,0.0556,0.0060820045558086,3.845618350768973,0.008759950685122945,1.175618350768973,1.175618350768973,44.03064984153457,44.03064984153457
2023-08-25,2023-08-28,CALL,440.79,438.0,3.39,3.46,3.425,65807,3687,3,0.0082191780821917,1.0063698630136986,ATM,17.2,0.0556,0.0078196347031963,4.484122194265581,0.010237721904715938,1.0591221942655809,1.0591221942655809,30.923275744980465,30.923275744980465
2023-08-25,2023-08-28,CALL,440.79,436.0,5.05,5.2,5.125,15804,1799,3,0.0082191780821917,1.01098623853211,ATM,17.2,0.0556,0.0117545871559633,5.917018350196315,0.013571143005037421,0.7920183501963152,0.7920183501963152,15.454016589196394,15.454016589196394
2023-08-25,2023-09-01,CALL,440.79,447.0,0.91,0.92,0.915,4927,4922,7,0.0191780821917808,0.9861073825503356,ATM,17.2,0.0556,0.0020469798657718,1.9546741238470702,0.004372872760284273,1.0396741238470701,1.0396741238470701,113.62558730569073,113.62558730569073
2023-08-25,2023-09-01,CALL,440.79,439.0,4.53,4.55,4.54,15578,3717,7,0.0191780821917808,1.0040774487471524,ATM,17.2,0.0556,0.0103416856492027,5.40345991109524,0.012308564717756812,0.8634599110952399,0.8634599110952399,19.018940773022905,19.018940773022905
2023-08-25,2023-09-01,CALL,440.79,440.0,3.91,3.92,3.915,25466,18471,7,0.0191780821917808,1.0017954545454544,ATM,17.2,0.0556,0.0088977272727272,4.84213403014985,0.011004850068522387,0.9271340301498503,0.9271340301498503,23.681584422729255,23.681584422729255
2023-08-25,2023-09-01,CALL,440.79,419.0,22.28,22.51,22.395000000000003,5,37,7,0.0191780821917808,1.0520047732696896,ITM,17.2,0.0556,0.0534486873508353,22.290486236780055,0.05319925116176624,-0.10451376321994843,0.10451376321994843,-0.4666834705065792,0.4666834705065792
2023-08-25,2023-09-01,CALL,440.79,418.0,23.27,23.5,23.385,8,395,7,0.0191780821917808,1.0545215311004783,ITM,17.2,0.0556,0.055944976076555,23.275899193221562,0.05568396936177407,-0.10910080677843936,0.10910080677843936,-0.46654182928560767,0.46654182928560767
2023-08-25,2023-09-01,CALL,440.79,417.0,24.26,24.5,24.380000000000003,2,18,7,0.0191780821917808,1.05705035971223,ITM,17.2,0.0556,0.0584652278177458,24.2644247087664,0.05818806884596259,-0.1155752912336041,0.1155752912336041,-0.47405779833307665,0.47405779833307665
2023-08-25,2023-09-01,CALL,440.79,415.0,26.25,26.48,26.365,10,129,7,0.0191780821917808,1.0621445783132528,ITM,17.2,0.0556,0.0635301204819277,26.248368688352684,0.06324908117675346,-0.1166313116473141,0.1166313116473141,-0.4423717490889972,0.4423717490889972
2023-08-25,2023-09-01,CALL,440.79,414.0,27.24,27.48,27.36,20,101,7,0.0191780821917808,1.0647101449275362,ITM,17.2,0.0556,0.0660869565217391,27.242826633941206,0.06580392906749083,-0.11717336605879325,0.11717336605879325,-0.4282652268230748,0.4282652268230748
2023-08-25,2023-09-01,CALL,440.79,405.0,36.2,36.43,36.315,2,258,7,0.0191780821917808,1.0883703703703702,ITM,17.2,0.0556,0.0896666666666666,36.22201541577772,0.08943707510068573,-0.09298458422227895,0.09298458422227895,-0.2560500735846867,0.2560500735846867
2023-08-25,2023-09-01,CALL,440.79,421.0,20.31,20.53,20.42,14,50,7,0.0191780821917808,1.0470071258907363,ITM,17.2,0.0556,0.0485035629453681,20.33218354389146,0.04829497278834076,-0.08781645610854127,0.08781645610854127,-0.43005120523281715,0.43005120523281715
2023-08-25,2023-09-01,CALL,440.79,427.0,14.48,14.69,14.585,13,379,7,0.0191780821917808,1.032295081967213,ITM,17.2,0.0556,0.0341569086651053,14.641486606127046,0.03428919579889238,0.056486606127045036,0.056486606127045036,0.3872924657322251,0.3872924657322251
2023-08-25,2023-09-01,CALL,440.79,437.0,5.9,5.95,5.925000000000001,11059,4541,7,0.0191780821917808,1.0086727688787185,ATM,17.2,0.0556,0.0135583524027459,6.637211200474724,0.015188126316875798,0.712211200474723,0.712211200474723,12.020442202105027,12.020442202105027
2023-08-25,2023-09-01,CALL,440.79,436.0,6.65,6.7,6.675000000000001,4340,2857,7,0.0191780821917808,1.01098623853211,ATM,17.2,0.0556,0.0153096330275229,7.307718727777797,0.01676082277013256,0.6327187277777959,0.6327187277777959,9.478932251352747,9.478932251352747
2023-08-25,2023-09-01,CALL,440.79,435.0,7.4,7.5,7.45,4988,6112,7,0.0191780821917808,1.0133103448275862,ATM,17.2,0.0556,0.0171264367816091,8.01221159751043,0.018418877235656158,0.5622115975104292,0.5622115975104292,7.5464643961131435,7.5464643961131435
2023-08-25,2023-09-01,CALL,440.79,434.0,8.19,8.34,8.265,791,1928,7,0.0191780821917808,1.0156451612903226,ATM,17.2,0.0556,0.0190437788018433,8.749043132216855,0.020159085558103352,0.48404313221685413,0.48404313221685413,5.8565412246443325,5.8565412246443325
2023-08-25,2023-09-01,CALL,440.79,433.0,9.03,9.19,9.11,393,1813,7,0.0191780821917808,1.0179907621247113,ATM,17.2,0.0556,0.0210392609699769,9.516357798975662,0.021977731637357188,0.4063577989756624,0.4063577989756624,4.460568594683451,4.460568594683451
2023-08-25,2023-09-01,CALL,440.79,432.0,9.89,10.06,9.975,100,2973,7,0.0191780821917808,1.020347222222222,ATM,17.2,0.0556,0.0230902777777777,10.312135160753769,0.023870683242485577,0.33713516075376937,0.33713516075376937,3.3798011103134775,3.3798011103134775
2023-08-25,2023-09-01,CALL,440.79,431.0,10.77,10.95,10.86,155,1624,7,0.0191780821917808,1.0227146171693735,ATM,17.2,0.0556,0.0251972157772621,11.134235985004523,0.025833494164743672,0.2742359850045233,0.2742359850045233,2.52519323208585,2.52519323208585
2023-08-25,2023-09-01,CALL,440.79,430.0,11.68,11.87,11.775,312,2907,7,0.0191780821917808,1.025093023255814,ATM,17.2,0.0556,0.0273837209302325,11.980448738628809,0.0278615086944856,0.2054487386288084,0.2054487386288084,1.7447875892043176,1.7447875892043176
2023-08-25,2023-09-01,CALL,440.79,429.0,12.6,12.8,12.7,144,564,7,0.0191780821917808,1.0274825174825173,ATM,17.2,0.0556,0.0296037296037296,12.848534777471173,0.02994996451624982,0.14853477747117338,0.14853477747117338,1.1695651769383733,1.1695651769383733
2023-08-25,2023-09-01,CALL,440.79,420.0,21.29,21.53,21.41,267,2690,7,0.0191780821917808,1.0495,ITM,17.2,0.0556,0.0509761904761904,21.30894817834087,0.050735590900811596,-0.10105182165913007,0.10105182165913007,-0.4719842207339097,0.4719842207339097
2023-08-25,2023-09-01,CALL,440.79,428.0,13.53,13.74,13.635,163,695,7,0.0191780821917808,1.0298831775700934,ATM,17.2,0.0556,0.031857476635514,13.736270704274602,0.03209409043054814,0.10127070427460261,0.10127070427460261,0.7427261039574815,0.7427261039574815
2023-08-25,2023-09-01,CALL,440.79,426.0,15.43,15.65,15.54,61,198,7,0.0191780821917808,1.0347183098591548,ITM,17.2,0.0556,0.0364788732394366,15.562099171336115,0.036530749228488535,0.02209917133611583,0.02209917133611583,0.14220830975621512,0.14220830975621512
2023-08-25,2023-09-01,CALL,440.79,423.0,18.35,18.57,18.46,16,64,7,0.0191780821917808,1.0420567375886525,ITM,17.2,0.0556,0.0436406619385342,18.39731321938706,0.043492466239685716,-0.06268678061294253,0.06268678061294253,-0.33958169346122713,0.33958169346122713
2023-08-25,2023-11-17,CALL,440.79,418.0,31.32,31.94,31.630000000000003,1,1603,84,0.2301369863013698,1.0545215311004783,ITM,17.2,0.0559193548387096,0.0756698564593301,32.367791602511545,0.07743490813997977,0.7377916025115425,0.7377916025115425,2.3325690879277348,2.3325690879277348
2023-08-25,2023-11-17,CALL,440.79,417.0,32.16,32.78,32.47,1,22,84,0.2301369863013698,1.05705035971223,ITM,17.2,0.0559193548387096,0.0778657074340527,33.137928097586666,0.07946745347143086,0.6679280975866675,0.6679280975866675,2.057062203839444,2.057062203839444
2023-08-25,2023-11-17,CALL,440.79,439.0,15.55,15.61,15.58,299,2308,84,0.2301369863013698,1.0040774487471524,ATM,17.2,0.0559193548387096,0.0354897494305239,18.387437317372218,0.041884823046405964,2.8074373173722176,2.8074373173722176,18.019494976715134,18.019494976715134
2023-08-25,2023-11-17,CALL,440.79,438.0,16.22,16.3,16.259999999999998,314,3886,84,0.2301369863013698,1.0063698630136986,ATM,17.2,0.0559193548387096,0.0371232876712328,18.950714177967342,0.043266470725952834,2.690714177967344,2.690714177967344,16.54805767507592,16.54805767507592
2023-08-25,2023-11-17,CALL,440.79,437.0,16.91,16.99,16.95,584,3247,84,0.2301369863013698,1.0086727688787185,ATM,17.2,0.0559193548387096,0.038787185354691,19.524689490099803,0.04467892331830618,2.5746894900998036,2.5746894900998036,15.189908496164033,15.189908496164033
2023-08-25,2023-11-17,CALL,440.79,436.0,17.61,17.69,17.65,185,2665,84,0.2301369863013698,1.01098623853211,ATM,17.2,0.0559193548387096,0.0404816513761467,20.109326863393505,0.04612230931970988,2.459326863393507,2.459326863393507,13.933863248688425,13.933863248688425
2023-08-25,2023-11-17,CALL,440.79,435.0,18.32,18.39,18.355,845,3998,84,0.2301369863013698,1.0133103448275862,ATM,17.2,0.0559193548387096,0.0421954022988505,20.704581770704635,0.04759673970276928,2.349581770704635,2.349581770704635,12.800772381937536,12.800772381937536
2023-08-25,2023-11-17,CALL,440.79,434.0,19.02,19.12,19.07,12,1160,84,0.2301369863013698,1.0156451612903226,ATM,17.2,0.0559193548387096,0.0439400921658986,21.31040159477186,0.04910230782205498,2.2404015947718605,2.2404015947718605,11.748304115216888,11.748304115216888
2023-08-25,2023-11-17,CALL,440.79,433.0,19.76,19.86,19.81,100,2561,84,0.2301369863013698,1.0179907621247113,ATM,17.2,0.0559193548387096,0.0457505773672055,21.926725693909077,0.05063908936237662,2.1167256939090784,2.1167256939090784,10.685137273645019,10.685137273645019
2023-08-25,2023-11-17,CALL,440.79,432.0,20.5,20.6,20.55,148,1495,84,0.2301369863013698,1.020347222222222,ATM,17.2,0.0559193548387096,0.0475694444444444,22.5534854867052,0.05220714233033611,2.0034854867051983,2.0034854867051983,9.749321103188313,9.749321103188313
2023-08-25,2023-11-17,CALL,440.79,431.0,21.23,21.34,21.285,60,82,84,0.2301369863013698,1.0227146171693735,ATM,17.2,0.0559193548387096,0.0493851508120649,23.19060455561879,0.05380650708960276,1.9056045556187904,1.9056045556187904,8.952805053412218,8.952805053412218
2023-08-25,2023-11-17,CALL,440.79,430.0,21.98,22.08,22.03,93,3066,84,0.2301369863013698,1.025093023255814,ATM,17.2,0.0559193548387096,0.0512325581395348,23.837998769282024,0.055437206440190755,1.8079987692820225,1.8079987692820225,8.206984880989662,8.206984880989662
2023-08-25,2023-11-17,CALL,440.79,429.0,22.67,22.88,22.775,1,739,84,0.2301369863013698,1.0274825174825173,ATM,17.2,0.0559193548387096,0.053088578088578,24.495576423250895,0.05709924574184358,1.7205764232508969,1.7205764232508969,7.554671452254213,7.554671452254213
2023-08-25,2023-09-15,CALL,440.79,461.0,0.23,0.24,0.235,7190,12035,21,0.0575342465753424,0.9561605206073752,OTM,17.2,0.0556,0.0005097613882863,1.5202585970267535,0.003297740991381244,1.2852585970267536,1.2852585970267536,546.9185519262782,546.9185519262782
2023-08-25,2023-09-15,CALL,440.79,460.0,0.28,0.29,0.285,3373,80427,21,0.0575342465753424,0.9582391304347824,OTM,17.2,0.0556,0.0006195652173913,1.6776190592202198,0.003646997954826565,1.39261905922022,1.39261905922022,488.6382663930596,488.6382663930596
2023-08-25,2023-09-01,CALL,440.79,425.0,16.4,16.62,16.509999999999998,118,944,7,0.0191780821917808,1.0371529411764706,ITM,17.2,0.0556,0.0388470588235294,16.496139004377767,0.03881444471618298,-0.013860995622231087,0.013860995622231087,-0.08395515216372555,0.08395515216372555
2023-08-25,2023-09-01,CALL,440.79,424.0,17.37,17.59,17.48,16,172,7,0.0191780821917808,1.0395990566037736,ITM,17.2,0.0556,0.0412264150943396,17.441771783674824,0.04113625420678024,-0.03822821632517659,0.03822821632517659,-0.2186968897321315,0.2186968897321315
2023-08-25,2023-09-01,CALL,440.79,422.0,19.33,19.55,19.44,1,885,7,0.0191780821917808,1.0445260663507108,ITM,17.2,0.0556,0.0460663507109004,19.361238049061058,0.04587971101673236,-0.07876195093894367,0.07876195093894367,-0.40515406861596537,0.40515406861596537
2023-08-25,2023-08-31,CALL,440.79,452.0,0.12,0.13,0.125,656,1977,6,0.0164383561643835,0.9751991150442476,ATM,17.2,0.0556,0.0002765486725663,0.6786342986643703,0.0015014033156291377,0.5536342986643703,0.5536342986643703,442.90743893149624,442.90743893149624
2023-08-25,2023-08-31,CALL,440.79,440.0,3.5,3.52,3.51,11965,3696,6,0.0164383561643835,1.0017954545454544,ATM,17.2,0.0556,0.0079772727272727,4.497742049874461,0.010222141022441957,0.9877420498744609,0.9877420498744609,28.140799141722535,28.140799141722535
2023-08-25,2023-08-31,CALL,440.79,439.0,4.13,4.15,4.140000000000001,8272,3134,6,0.0164383561643835,1.0040774487471524,ATM,17.2,0.0556,0.0094305239179954,5.062069169679262,0.011530909270340004,0.9220691696792613,0.9220691696792613,22.27220216616573,22.27220216616573
2023-08-25,2023-09-05,CALL,440.79,427.0,14.72,14.93,14.825,5,8,11,0.0301369863013698,1.032295081967213,ITM,17.2,0.0556,0.0347189695550351,15.357412254016708,0.03596583666046067,0.5324122540167089,0.5324122540167089,3.5913136864533484,3.5913136864533484
2023-08-25,2023-09-05,CALL,440.79,437.0,6.29,6.35,6.32,1339,295,11,0.0301369863013698,1.0086727688787185,ATM,17.2,0.0556,0.014462242562929,7.792789112360424,0.017832469364669163,1.4727891123604238,1.4727891123604238,23.303625195576323,23.303625195576323
2023-08-25,2023-09-05,CALL,440.79,436.0,7.03,7.1,7.065,414,191,11,0.0301369863013698,1.01098623853211,ATM,17.2,0.0556,0.0162041284403669,8.435516262758881,0.019347514364125875,1.3705162627588807,1.3705162627588807,19.39867321668621,19.39867321668621
2023-08-25,2023-09-05,CALL,440.79,435.0,7.82,7.88,7.85,223,199,11,0.0301369863013698,1.0133103448275862,ATM,17.2,0.0556,0.0180459770114942,9.10639100958764,0.020934232205948596,1.2563910095876398,1.2563910095876398,16.004981013855286,16.004981013855286
2023-08-25,2023-09-05,CALL,440.79,434.0,8.56,8.7,8.629999999999999,29,28,11,0.0301369863013698,1.0156451612903226,ATM,17.2,0.0556,0.0198847926267281,9.804528525473643,0.02259107955178259,1.1745285254736437,1.1745285254736437,13.609832276635503,13.609832276635503
2023-08-25,2023-09-05,CALL,440.79,433.0,9.38,9.53,9.455,25,44,11,0.0301369863013698,1.0179907621247113,ATM,17.2,0.0556,0.0218360277136258,10.528913795800179,0.024316198142725585,1.0739137958001788,1.0739137958001788,11.358157544158422,11.358157544158422
2023-08-25,2023-09-05,CALL,440.79,432.0,10.23,10.39,10.31,7,14,11,0.0301369863013698,1.020347222222222,ATM,17.2,0.0556,0.0238657407407407,11.278417349174447,0.026107447567533443,0.9684173491744463,0.9684173491744463,9.392990777637694,9.392990777637694
2023-08-25,2023-09-05,CALL,440.79,431.0,11.09,11.27,11.18,99,8,11,0.0301369863013698,1.0227146171693735,ATM,17.2,0.0556,0.0259396751740139,12.051812504223278,0.02796244200515842,0.8718125042232785,0.8718125042232785,7.79796515405437,7.79796515405437
2023-08-25,2023-09-05,CALL,440.79,430.0,11.98,12.16,12.07,56,12,11,0.0301369863013698,1.025093023255814,ATM,17.2,0.0556,0.0280697674418604,12.84779368724952,0.029878589970347723,0.7777936872495204,0.7777936872495204,6.444023920874236,6.444023920874236
2023-08-25,2023-09-05,CALL,440.79,429.0,12.88,13.07,12.975,2,3,11,0.0301369863013698,1.0274825174825173,ATM,17.2,0.0556,0.0302447552447552,13.664995357213286,0.0318531360308002,0.6899953572132862,0.6899953572132862,5.317883292587947,5.317883292587947
2023-08-25,2023-09-01,CALL,440.79,446.0,1.18,1.19,1.185,6092,5837,7,0.0191780821917808,0.988318385650224,ATM,17.2,0.0556,0.0026569506726457,2.2603207722784475,0.005067983794346295,1.0753207722784475,1.0753207722784475,90.74436896864536,90.74436896864536
2023-08-25,2023-09-01,CALL,440.79,445.0,1.5,1.52,1.51,17939,11037,7,0.0191780821917808,0.9905393258426964,ATM,17.2,0.0556,0.0033932584269662,2.599688396328162,0.00584199639624306,1.0896883963281618,1.0896883963281618,72.16479445881866,72.16479445881866
2023-08-25,2023-09-01,CALL,440.79,444.0,1.88,1.89,1.885,10049,6899,7,0.0191780821917808,0.9927702702702702,ATM,17.2,0.0556,0.0042454954954954,2.974192893456575,0.006698632642920214,1.0891928934565749,1.0891928934565749,57.782116363744024,57.782116363744024
2023-08-25,2023-09-01,CALL,440.79,443.0,2.31,2.32,2.315,6862,5383,7,0.0191780821917808,0.9950112866817156,ATM,17.2,0.0556,0.0052257336343115,3.3849886432989535,0.0076410578855506854,1.0699886432989536,1.0699886432989536,46.21981180557035,46.21981180557035
2023-08-25,2023-09-01,CALL,440.79,442.5,2.54,2.56,2.55,5385,5390,7,0.0191780821917808,0.996135593220339,ATM,17.2,0.0556,0.0057627118644067,3.6042771170449726,0.00814525902157056,1.0542771170449727,1.0542771170449727,41.344200668430304,41.344200668430304
2023-08-25,2023-09-01,CALL,440.79,442.0,2.79,2.8,2.795,9169,6700,7,0.0191780821917808,0.997262443438914,ATM,17.2,0.0556,0.0063235294117647,3.832937128032029,0.008671803457086038,1.0379371280320289,1.0379371280320289,37.13549653066293,37.13549653066293
2023-08-25,2023-09-01,CALL,440.79,441.0,3.32,3.34,3.33,11967,4540,7,0.0191780821917808,0.9995238095238096,ATM,17.2,0.0556,0.0075510204081632,4.318582326483806,0.009792703688171896,0.9885823264838063,0.9885823264838063,29.687156951465656,29.687156951465656
2023-08-25,2023-09-05,CALL,440.79,425.0,16.61,16.82,16.715,1,17,11,0.0301369863013698,1.0371529411764706,ITM,17.2,0.0556,0.0393294117647058,17.11765307662307,0.040276830768524875,0.40265307662307137,0.40265307662307137,2.408932555327977,2.408932555327977
2023-08-25,2023-09-01,CALL,440.79,438.0,5.2,5.23,5.215,16513,4069,7,0.0191780821917808,1.0063698630136986,ATM,17.2,0.0556,0.0119063926940639,6.002086797124036,0.013703394513981818,0.7870867971240365,0.7870867971240365,15.092747787613357,15.092747787613357
2023-08-25,2023-09-01,CALL,440.79,437.5,5.55,5.58,5.565,7212,2786,7,0.0191780821917808,1.00752,ATM,17.2,0.0556,0.01272,6.315149457164296,0.014434627330661247,0.7501494571642953,0.7501494571642953,13.479774612116715,13.479774612116715
2023-08-25,2023-08-31,CALL,440.79,443.0,1.94,1.95,1.945,3431,1749,6,0.0164383561643835,0.9950112866817156,ATM,17.2,0.0556,0.0043905191873589,3.0496877418670465,0.0068841709748691795,1.1046877418670464,1.1046877418670464,56.79628492889699,56.79628492889699
2023-08-25,2023-08-31,CALL,440.79,438.0,4.81,4.84,4.824999999999999,8049,2439,6,0.0164383561643835,1.0063698630136986,ATM,17.2,0.0556,0.0110159817351598,5.666592553676821,0.012937425921636578,0.8415925536768221,0.8415925536768221,17.442332718690615,17.442332718690615
2023-08-25,2023-08-31,CALL,440.79,437.0,5.53,5.58,5.555,7094,1755,6,0.0164383561643835,1.0086727688787185,ATM,17.2,0.0556,0.0127116704805491,6.310309759681843,0.01444006809995845,0.7553097596818432,0.7553097596818432,13.59693536780996,13.59693536780996
2023-08-25,2023-08-31,CALL,440.79,436.0,6.26,6.36,6.3100000000000005,3247,2566,6,0.0164383561643835,1.01098623853211,ATM,17.2,0.0556,0.0144724770642201,6.991834002839539,0.016036316520274173,0.6818340028395387,0.6818340028395387,10.805610187631356,10.805610187631356
2023-08-25,2023-08-31,CALL,440.79,435.0,7.06,7.17,7.115,2367,3622,6,0.0164383561643835,1.0133103448275862,ATM,17.2,0.0556,0.0163563218390804,7.709434280506002,0.01772283742645058,0.5944342805060021,0.5944342805060021,8.354663113225609,8.354663113225609
2023-08-25,2023-08-31,CALL,440.79,434.0,7.88,8.03,7.955,624,2411,6,0.0164383561643835,1.0156451612903226,ATM,17.2,0.0556,0.0183294930875576,8.461085083356295,0.01949558774966888,0.5060850833562949,0.5060850833562949,6.3618489422538635,6.3618489422538635
2023-08-25,2023-08-31,CALL,440.79,433.0,8.74,8.9,8.82,191,3119,6,0.0164383561643835,1.0179907621247113,ATM,17.2,0.0556,0.0203695150115473,9.244523299360651,0.021349938335705893,0.4245232993606507,0.4245232993606507,4.813189335154769,4.813189335154769
2023-08-25,2023-08-31,CALL,440.79,432.0,9.62,9.8,9.71,98,1328,6,0.0164383561643835,1.020347222222222,ATM,17.2,0.0556,0.0224768518518518,10.057309623850813,0.023280809314469474,0.347309623850812,0.347309623850812,3.576824138525355,3.576824138525355
2023-08-25,2023-08-31,CALL,440.79,431.0,10.53,10.72,10.625,36,976,6,0.0164383561643835,1.0227146171693735,ATM,17.2,0.0556,0.0246519721577726,10.896891674591359,0.02528281130995675,0.2718916745913589,0.2718916745913589,2.5589804667422014,2.5589804667422014
2023-08-25,2023-08-30,CALL,440.79,450.0,0.13,0.14,0.135,1750,1765,5,0.0136986301369863,0.9795333333333331,ATM,17.2,0.0556,0.0003,0.7618989078320624,0.0016931086840712498,0.6268989078320624,0.6268989078320624,464.3695613570832,464.3695613570832
2023-08-25,2023-08-31,CALL,440.79,441.0,2.92,2.94,2.93,6771,3722,6,0.0164383561643835,0.9995238095238096,ATM,17.2,0.0556,0.0066439909297052,3.9742006929162983,0.009011792954458727,1.0442006929162981,1.0442006929162981,35.63824890499311,35.63824890499311
2023-08-25,2023-08-31,CALL,440.79,451.0,0.17,0.18,0.175,1274,1460,6,0.0164383561643835,0.977361419068736,ATM,17.2,0.0556,0.0003880266075388,0.8235869325691567,0.0018261351054748487,0.6485869325691567,0.6485869325691567,370.6211043252324,370.6211043252324
2023-08-25,2023-08-31,CALL,440.79,450.0,0.25,0.26,0.255,3442,5248,6,0.0164383561643835,0.9795333333333331,ATM,17.2,0.0556,0.0005666666666666,0.9926548725212427,0.0022058997167138726,0.7376548725212427,0.7376548725212427,289.2764205965658,289.2764205965658
2023-08-25,2023-08-31,CALL,440.79,449.0,0.35,0.36,0.355,953,2551,6,0.0164383561643835,0.9817149220489976,ATM,17.2,0.0556,0.0007906458797327,1.1883329171569272,0.0026466211963405953,0.8333329171569273,0.8333329171569273,234.74166680476824,234.74166680476824
2023-08-25,2023-08-31,CALL,440.79,448.0,0.49,0.5,0.495,1206,2181,6,0.0164383561643835,0.98390625,ATM,17.2,0.0556,0.0011049107142857,1.4130837961833578,0.0031542049021949952,0.9180837961833578,0.9180837961833578,185.4714739764359,185.4714739764359
2023-08-25,2023-08-31,CALL,440.79,447.0,0.67,0.68,0.675,1933,1787,6,0.0164383561643835,0.9861073825503356,ATM,17.2,0.0556,0.0015100671140939,1.6692821788507075,0.003734412033223059,0.9942821788507075,0.9942821788507075,147.30106353343814,147.30106353343814
2023-08-25,2023-08-31,CALL,440.79,446.0,0.9,0.91,0.905,4833,1781,6,0.0164383561643835,0.988318385650224,ATM,17.2,0.0556,0.0020291479820627,1.9591560400202468,0.004392726547130598,1.0541560400202468,1.0541560400202468,116.48133038897754,116.48133038897754
2023-08-25,2023-08-31,CALL,440.79,445.0,1.18,1.2,1.19,7008,3333,6,0.0164383561643835,0.9905393258426964,ATM,17.2,0.0556,0.0026741573033707,2.284727641063938,0.005134219418121209,1.0947276410639382,1.0947276410639382,91.99391941713766,91.99391941713766
2023-08-25,2023-08-31,CALL,440.79,444.0,1.53,1.54,1.535,2908,2062,6,0.0164383561643835,0.9927702702702702,ATM,17.2,0.0556,0.0034572072072072,2.6477566153025123,0.005963415800230884,1.1127566153025124,1.1127566153025124,72.49228764185749,72.49228764185749
2023-08-25,2023-08-31,CALL,440.79,442.0,2.4,2.42,2.41,5340,4007,6,0.0164383561643835,0.997262443438914,ATM,17.2,0.0556,0.0054524886877828,3.4916059282737137,0.007899560923696185,1.0816059282737136,1.0816059282737136,44.87991403625367,44.87991403625367
2023-08-25,2023-08-30,CALL,440.79,449.0,0.2,0.21,0.205,1966,6802,5,0.0136986301369863,0.9817149220489976,ATM,17.2,0.0556,0.000456570155902,0.934420087363705,0.0020811137803200554,0.729420087363705,0.729420087363705,355.81467676278294,355.81467676278294
2023-08-25,2023-08-30,CALL,440.79,437.0,5.03,5.09,5.0600000000000005,5887,976,5,0.0136986301369863,1.0086727688787185,ATM,17.2,0.0556,0.011578947368421,5.961817223611661,0.013642602342360779,0.9018172236116602,0.9018172236116602,17.822474774933994,17.822474774933994
2023-08-25,2023-08-30,CALL,440.79,436.0,5.79,5.89,5.84,5090,957,5,0.0136986301369863,1.01098623853211,ATM,17.2,0.0556,0.013394495412844,6.657426377126683,0.01526932655304285,0.817426377126683,0.817426377126683,13.997027005593887,13.997027005593887
2023-08-25,2023-09-15,CALL,440.79,430.0,13.87,14.12,13.995,389,36626,21,0.0575342465753424,1.025093023255814,ATM,17.2,0.0556,0.0325465116279069,14.820932230016183,0.03446728425585159,0.8259322300161838,0.8259322300161838,5.901623651419678,5.901623651419678
2023-08-25,2023-09-15,CALL,440.79,429.0,14.57,15.21,14.89,12,4214,21,0.0575342465753424,1.0274825174825173,ATM,17.2,0.0556,0.0347086247086247,15.57208677189135,0.0362985705638493,0.682086771891349,0.682086771891349,4.580837957631625,4.580837957631625
2023-08-25,2023-09-15,CALL,440.79,428.0,15.42,16.06,15.739999999999998,22,5775,21,0.0575342465753424,1.0298831775700934,ATM,17.2,0.0556,0.0367757009345794,16.340650819428674,0.0381790906995997,0.6006508194286759,0.6006508194286759,3.8160789036129352,3.8160789036129352
2023-08-25,2023-09-08,CALL,440.79,430.0,12.77,12.97,12.87,453,6834,14,0.0383561643835616,1.025093023255814,ATM,17.2,0.0556,0.0299302325581395,13.469919573614845,0.031325394357243824,0.5999195736148462,0.5999195736148462,4.661379748367104,4.661379748367104
2023-08-25,2023-09-06,CALL,440.79,437.0,6.6,6.64,6.619999999999999,1910,161,12,0.0328767123287671,1.0086727688787185,ATM,17.2,0.0556,0.0151487414187643,8.053656312191322,0.018429419478698677,1.4336563121913226,1.4336563121913226,21.65643976119823,21.65643976119823
2023-08-25,2023-09-06,CALL,440.79,436.0,7.34,7.39,7.365,765,116,12,0.0328767123287671,1.01098623853211,ATM,17.2,0.0556,0.0168922018348623,8.691772615101115,0.01993525829151632,1.326772615101115,1.326772615101115,18.014563680938423,18.014563680938423
2023-08-25,2023-09-06,CALL,440.79,435.0,8.09,8.16,8.125,984,183,12,0.0328767123287671,1.0133103448275862,ATM,17.2,0.0556,0.0186781609195402,9.356983579007533,0.021510307078178238,1.231983579007533,1.231983579007533,15.162874818554254,15.162874818554254
2023-08-25,2023-09-06,CALL,440.79,434.0,8.85,8.98,8.915,169,16,12,0.0328767123287671,1.0156451612903226,ATM,17.2,0.0556,0.0205414746543778,10.048505446301078,0.02315323835553244,1.1335054463010792,1.1335054463010792,12.714587171072118,12.714587171072118
2023-08-25,2023-09-06,CALL,440.79,433.0,9.67,9.8,9.735,112,5,12,0.0328767123287671,1.0179907621247113,ATM,17.2,0.0556,0.0224826789838337,10.76543693910088,0.024862440967900416,1.0304369391008805,1.0304369391008805,10.584868403707043,10.584868403707043
2023-08-25,2023-09-06,CALL,440.79,432.0,10.49,10.65,10.57,89,1,12,0.0328767123287671,1.020347222222222,ATM,17.2,0.0556,0.0244675925925925,11.506772082048997,0.02663604648622453,0.9367720820489964,0.9367720820489964,8.862555175487193,8.862555175487193
2023-08-25,2023-09-06,CALL,440.79,431.0,11.34,11.51,11.425,6,1,12,0.0328767123287671,1.0227146171693735,ATM,17.2,0.0556,0.0265081206496519,12.271414352617512,0.028471959054797012,0.8464143526175114,0.8464143526175114,7.408440723129202,7.408440723129202
2023-08-25,2023-09-06,CALL,440.79,430.0,12.22,12.4,12.31,22,21,12,0.0328767123287671,1.025093023255814,ATM,17.2,0.0556,0.0286279069767441,13.058191822263382,0.03036788795875205,0.7481918222633812,0.7481918222633812,6.07791894608758,6.07791894608758
2023-08-25,2023-09-06,CALL,440.79,429.0,13.11,13.3,13.205,8,1,12,0.0328767123287671,1.0274825174825173,ATM,17.2,0.0556,0.0307808857808857,13.865872933906985,0.032321382130319314,0.660872933906985,0.660872933906985,5.004717409367551,5.004717409367551
2023-08-25,2023-09-06,CALL,440.79,438.0,5.89,5.92,5.904999999999999,2028,336,12,0.0328767123287671,1.0063698630136986,ATM,17.2,0.0556,0.0134817351598173,7.443289719786264,0.01699381214563074,1.538289719786265,1.538289719786265,26.05063030967426,26.05063030967426
2023-08-25,2023-09-06,CALL,440.79,439.0,5.22,5.24,5.23,3413,403,12,0.0328767123287671,1.0040774487471524,ATM,17.2,0.0556,0.0119134396355353,6.861189894233178,0.015629134155428652,1.6311898942331773,1.6311898942331773,31.189099316121933,31.189099316121933
2023-08-25,2023-09-06,CALL,440.79,448.0,1.11,1.12,1.1150000000000002,659,231,12,0.0328767123287671,0.98390625,ATM,17.2,0.0556,0.0024888392857142,2.9061002444440476,0.006486830902776892,1.7911002444440474,1.7911002444440474,160.63679322368134,160.63679322368134
2023-08-25,2023-09-06,CALL,440.79,447.0,1.37,1.39,1.38,156,531,12,0.0328767123287671,0.9861073825503356,ATM,17.2,0.0556,0.0030872483221476,3.234991904961703,0.007237118355619022,1.854991904961703,1.854991904961703,134.41970325809442,134.41970325809442
2023-08-25,2023-09-15,CALL,440.79,431.0,12.97,13.42,13.195,86,6517,21,0.0575342465753424,1.0227146171693735,ATM,17.2,0.0556,0.030614849187935,14.087831833387213,0.032686384764239476,0.8928318333872127,0.8928318333872127,6.766440571331661,6.766440571331661
2023-08-25,2023-09-06,CALL,440.79,446.0,1.69,1.7,1.6949999999999998,561,576,12,0.0328767123287671,0.988318385650224,ATM,17.2,0.0556,0.0038004484304932,3.590184460200817,0.008049740942154297,1.895184460200817,1.895184460200817,111.81029263721636,111.81029263721636
2023-08-25,2023-09-15,CALL,440.79,432.0,12.13,12.59,12.36,18,6519,21,0.0575342465753424,1.020347222222222,ATM,17.2,0.0556,0.0286111111111111,13.373393222205209,0.03095692875510465,1.0133932222052096,1.0133932222052096,8.198974289686161,8.198974289686161
2023-08-25,2023-09-15,CALL,440.79,434.0,10.65,10.87,10.76,481,8633,21,0.0575342465753424,1.0156451612903226,ATM,17.2,0.0556,0.0247926267281105,12.002718222320539,0.027656032770323823,1.2427182223205389,1.2427182223205389,11.549425857997575,11.549425857997575
2023-08-25,2023-09-15,CALL,440.79,451.0,1.51,1.52,1.515,2006,4699,21,0.0575342465753424,0.977361419068736,ATM,17.2,0.0556,0.0033592017738359,3.7613655114614915,0.008340056566433463,2.2463655114614918,2.2463655114614918,148.27495125158362,148.27495125158362
2023-08-25,2023-09-15,CALL,440.79,450.0,1.78,1.79,1.785,11666,64639,21,0.0575342465753424,0.9795333333333331,ATM,17.2,0.0556,0.0039666666666666,4.079104497864563,0.009064676661921251,2.294104497864563,2.294104497864563,128.52126038456936,128.52126038456936
2023-08-25,2023-09-15,CALL,440.79,438.0,7.73,7.83,7.78,3394,15828,21,0.0575342465753424,1.0063698630136986,ATM,17.2,0.0556,0.0177625570776255,9.506876127763519,0.021705196638729496,1.7268761277635187,1.7268761277635187,22.196351256600497,22.196351256600497
2023-08-25,2023-09-15,CALL,440.79,437.0,8.43,8.56,8.495000000000001,1639,11157,21,0.0575342465753424,1.0086727688787185,ATM,17.2,0.0556,0.0194393592677345,10.099222401184761,0.02311034874412989,1.6042224011847601,1.6042224011847601,18.88431313931442,18.88431313931442
2023-08-25,2023-09-15,CALL,440.79,425.0,18.06,18.7,18.38,91,15575,21,0.0575342465753424,1.0371529411764706,ITM,17.2,0.0556,0.0432470588235294,18.743905911713796,0.04410330802756187,0.3639059117137968,0.3639059117137968,1.979901587126207,1.979901587126207
2023-08-25,2023-09-15,CALL,440.79,424.0,18.95,19.6,19.275,67,5103,21,0.0575342465753424,1.0395990566037736,ITM,17.2,0.0556,0.0454599056603773,19.575101560023597,0.04616769235854622,0.3001015600235988,0.3001015600235988,1.5569471337151688,1.5569471337151688
2023-08-25,2023-09-15,CALL,440.79,423.0,19.86,20.51,20.185,8,6166,21,0.0575342465753424,1.0420567375886525,ITM,17.2,0.0556,0.0477186761229314,20.420109761860715,0.04827449116279129,0.2351097618607163,0.2351097618607163,1.1647746438479878,1.1647746438479878
2023-08-25,2023-09-15,CALL,440.79,422.0,20.77,21.42,21.095,9,7948,21,0.0575342465753424,1.0445260663507108,ITM,17.2,0.0556,0.0499881516587677,21.278173327641525,0.050422211676875654,0.18317332764152638,0.18317332764152638,0.8683258006234956,0.8683258006234956
2023-08-25,2023-09-15,CALL,440.79,421.0,21.7,22.33,22.015,10,2738,21,0.0575342465753424,1.0470071258907363,ITM,17.2,0.0556,0.05229216152019,22.148534462055295,0.052609345515570775,0.1335344620552945,0.1335344620552945,0.6065612630265479,0.6065612630265479
2023-08-25,2023-09-15,CALL,440.79,420.0,22.63,23.26,22.945,79,33998,21,0.0575342465753424,1.0495,ITM,17.2,0.0556,0.0546309523809523,23.030439544628848,0.054834379868163925,0.08543954462884784,0.08543954462884784,0.37236672315906666,0.37236672315906666
2023-08-25,2023-09-15,CALL,440.79,418.0,24.49,25.13,24.81,4,8138,21,0.0575342465753424,1.0545215311004783,ITM,17.2,0.0556,0.0593540669856459,24.825914651404332,0.05939214031436443,0.01591465140433357,0.01591465140433357,0.06414611609969194,0.06414611609969194
2023-08-25,2023-09-15,CALL,440.79,417.0,25.44,26.09,25.765,2,6188,21,0.0575342465753424,1.05705035971223,ITM,17.2,0.0556,0.0617865707434052,25.738037209703123,0.0617219117738684,-0.02696279029687787,0.02696279029687787,-0.10464890470358187,0.10464890470358187
2023-08-25,2023-09-15,CALL,440.79,416.0,26.39,27.03,26.71,1,3655,21,0.0575342465753424,1.059591346153846,ITM,17.2,0.0556,0.0642067307692307,26.65881605420168,0.06408369243798481,-0.05118394579832142,0.05118394579832142,-0.1916284005927421,0.1916284005927421
2023-08-25,2023-09-15,CALL,440.79,426.0,17.17,17.81,17.490000000000002,35,4302,21,0.0575342465753424,1.0347183098591548,ITM,17.2,0.0556,0.041056338028169,17.927274393860785,0.04208280374145724,0.4372743938607826,0.4372743938607826,2.5001394731891513,2.5001394731891513
2023-08-25,2023-09-15,CALL,440.79,427.0,16.29,16.93,16.61,15,9958,21,0.0575342465753424,1.032295081967213,ITM,17.2,0.0556,0.0388992974238875,17.125947793283217,0.0401076060732628,0.5159477932832175,0.5159477932832175,3.1062480029091963,3.1062480029091963
2023-08-25,2023-09-15,CALL,440.79,436.0,9.12,9.3,9.21,885,11232,21,0.0575342465753424,1.01098623853211,ATM,17.2,0.0556,0.0211238532110091,10.712852575758745,0.02457076278843749,1.5028525757587445,1.5028525757587445,16.317617543525998,16.317617543525998
2023-08-25,2023-09-15,CALL,440.79,435.0,9.93,10.05,9.99,1250,29192,21,0.0575342465753424,1.0133103448275862,ATM,17.2,0.0556,0.0229655172413793,11.347470158719204,0.026086138295906218,1.3574701587192042,1.3574701587192042,13.58828987706911,13.58828987706911
2023-08-25,2023-09-15,CALL,440.79,433.0,11.39,11.66,11.525,202,7471,21,0.0575342465753424,1.0179907621247113,ATM,17.2,0.0556,0.0266166281755196,12.678182205451606,0.02927986652529239,1.1531822054516052,1.1531822054516052,10.005919353159264,10.005919353159264
2023-08-25,2023-09-06,CALL,440.79,445.0,2.05,2.07,2.06,1019,2507,12,0.0328767123287671,0.9905393258426964,ATM,17.2,0.0556,0.004629213483146,3.972445278066658,0.008926843321498108,1.912445278066658,1.912445278066658,92.83714942071155,92.83714942071155
2023-08-25,2023-09-06,CALL,440.79,444.0,2.47,2.48,2.475,950,263,12,0.0328767123287671,0.9927702702702702,ATM,17.2,0.0556,0.0055743243243243,4.382422241563347,0.009870320363881413,1.907422241563347,1.907422241563347,77.06756531569079,77.06756531569079
2023-08-25,2023-09-06,CALL,440.79,443.0,2.93,2.94,2.935,451,334,12,0.0328767123287671,0.9950112866817156,ATM,17.2,0.0556,0.0066252821670428,4.820633235160159,0.010881790598555664,1.8856332351601588,1.8856332351601588,64.24644753526947,64.24644753526947
2023-08-25,2023-09-06,CALL,440.79,450.0,0.69,0.7,0.695,188,260,12,0.0328767123287671,0.9795333333333331,ATM,17.2,0.0556,0.0015444444444444,2.323625644089816,0.005163612542421813,1.6286256440898161,1.6286256440898161,234.33462504889445,234.33462504889445
2023-08-25,2023-09-06,CALL,440.79,451.0,0.54,0.55,0.545,74,111,12,0.0328767123287671,0.977361419068736,ATM,17.2,0.0556,0.0012084257206208,2.0680236450590854,0.0045854182817274625,1.5230236450590855,1.5230236450590855,279.4538798273551,279.4538798273551
2023-08-25,2023-09-08,CALL,440.79,413.0,28.78,29.02,28.9,2,207,14,0.0383561643835616,1.0672881355932202,ITM,17.2,0.0556,0.0699757869249394,28.79286444824055,0.06971637880929915,-0.10713555175944833,0.10713555175944833,-0.370711251762797,0.370711251762797
2023-08-25,2023-09-08,CALL,440.79,411.0,30.74,31.0,30.87,10,212,14,0.0383561643835616,1.0724817518248175,ITM,17.2,0.0556,0.0751094890510949,30.748313710710363,0.07481341535452643,-0.12168628928963798,0.12168628928963798,-0.39418946967812757,0.39418946967812757
2023-08-25,2023-09-08,CALL,440.79,410.0,31.73,31.98,31.855,1,8272,14,0.0383561643835616,1.0750975609756095,ITM,17.2,0.0556,0.0776951219512195,31.730808130176626,0.07739221495165031,-0.12419186982337393,0.12419186982337393,-0.389866174300342,0.389866174300342
2023-08-25,2023-09-07,CALL,440.79,451.0,0.69,0.7,0.695,168,137,13,0.0356164383561643,0.977361419068736,ATM,17.2,0.0556,0.0015410199556541,2.267143597175348,0.005026925936087247,1.5721435971753484,1.5721435971753484,226.20771182379116,226.20771182379116
2023-08-25,2023-09-07,CALL,440.79,450.0,0.86,0.88,0.87,160,125,13,0.0356164383561643,0.9795333333333331,ATM,17.2,0.0556,0.0019333333333333,2.532157544432664,0.00562701676540592,1.662157544432664,1.662157544432664,191.05259131409932,191.05259131409932
2023-08-25,2023-09-08,CALL,440.79,415.0,26.82,27.06,26.94,5,1059,14,0.0383561643835616,1.0621445783132528,ITM,17.2,0.0556,0.0649156626506024,26.85362081828589,0.06470752004406238,-0.0863791817141113,0.0863791817141113,-0.3206354183894257,0.3206354183894257
2023-08-25,2023-09-07,CALL,440.79,449.0,1.08,1.09,1.085,370,64,13,0.0356164383561643,0.9817149220489976,ATM,17.2,0.0556,0.0024164810690423,2.8200385374894665,0.0062807094376157386,1.7350385374894666,1.7350385374894666,159.91138594372964,159.91138594372964
2023-08-25,2023-09-08,CALL,440.79,429.0,13.65,13.86,13.755,318,580,14,0.0383561643835616,1.0274825174825173,ATM,17.2,0.0556,0.032062937062937,14.261143796734245,0.03324275943294696,0.5061437967342446,0.5061437967342446,3.6797077188967253,3.6797077188967253
2023-08-25,2023-09-08,CALL,440.79,428.0,14.53,14.74,14.635,59,762,14,0.0383561643835616,1.0298831775700934,ATM,17.2,0.0556,0.0341939252336448,15.071539106294551,0.035213876416576056,0.4365391062945516,0.4365391062945516,2.982843227157852,2.982843227157852
2023-08-25,2023-09-08,CALL,440.79,426.0,16.34,16.56,16.45,1,107,14,0.0383561643835616,1.0347183098591548,ITM,17.2,0.0556,0.0386150234741784,16.745428411185173,0.039308517397148295,0.29542841118517416,0.29542841118517416,1.7959173932229433,1.7959173932229433
2023-08-25,2023-09-08,CALL,440.79,425.0,17.26,17.49,17.375,66,136,14,0.0383561643835616,1.0371529411764706,ITM,17.2,0.0556,0.0408823529411764,17.606673593439723,0.0414274672786817,0.23167359343972294,0.23167359343972294,1.3333731996530815,1.3333731996530815
2023-08-25,2023-09-08,CALL,440.79,420.0,21.98,22.22,22.1,1156,22091,14,0.0383561643835616,1.0495,ITM,17.2,0.0556,0.0526190476190476,22.11137750034294,0.05264613690557843,0.011377500342938163,0.011377500342938163,0.05148190200424508,0.05148190200424508
2023-08-25,2023-09-08,CALL,440.79,418.0,23.9,24.15,24.025,50,41,14,0.0383561643835616,1.0545215311004783,ITM,17.2,0.0556,0.0574760765550239,23.986285117086197,0.057383457217909564,-0.03871488291380132,0.03871488291380132,-0.16114415364745607,0.16114415364745607
2023-08-25,2023-09-08,CALL,440.79,417.0,24.87,25.12,24.995,2,1,14,0.0383561643835616,1.05705035971223,ITM,17.2,0.0556,0.0599400479616306,24.935560219043168,0.059797506520487216,-0.05943978095683278,0.05943978095683278,-0.23780668516436398,0.23780668516436398
2023-08-25,2023-09-08,CALL,440.79,416.0,25.84,26.09,25.965,5,312,14,0.0383561643835616,1.059591346153846,ITM,17.2,0.0556,0.0624158653846153,25.89159506190481,0.06223941120650194,-0.07340493809519089,0.07340493809519089,-0.2827072524367067,0.2827072524367067
2023-08-25,2023-09-05,CALL,440.79,451.0,0.41,0.42,0.415,498,131,11,0.0301369863013698,0.977361419068736,ATM,17.2,0.0556,0.000920177383592,1.8660339974410505,0.0041375476661664095,1.4510339974410504,1.4510339974410504,349.6467463713375,349.6467463713375
2023-08-25,2023-09-05,CALL,440.79,453.0,0.23,0.24,0.235,314,97,11,0.0301369863013698,0.973046357615894,ATM,17.2,0.0556,0.0005187637969094,1.442524100292573,0.003184379912345636,1.2075241002925732,1.2075241002925732,513.8400426776908,513.8400426776908
2023-08-25,2023-09-05,CALL,440.79,454.0,0.17,0.18,0.175,198,180,11,0.0301369863013698,0.9709030837004404,ATM,17.2,0.0556,0.000385462555066,1.2615805275318337,0.002778811734651616,1.0865805275318337,1.0865805275318337,620.9031585896192,620.9031585896192
2023-08-25,2023-09-05,CALL,440.79,455.0,0.13,0.14,0.135,157,140,11,0.0301369863013698,0.9687692307692308,OTM,17.2,0.0556,0.0002967032967032,1.0993869288763563,0.0024162350085194643,0.9643869288763562,0.9643869288763562,714.3606880565601,714.3606880565601
2023-08-25,2023-09-06,CALL,440.79,442.0,3.43,3.45,3.4400000000000004,1159,230,12,0.0328767123287671,0.997262443438914,ATM,17.2,0.0556,0.0077828054298642,5.287457358566968,0.01196257320942753,1.8474573585669676,1.8474573585669676,53.70515577229557,53.70515577229557
2023-08-25,2023-09-06,CALL,440.79,441.0,3.99,4.0,3.995,1125,490,12,0.0328767123287671,0.9995238095238096,ATM,17.2,0.0556,0.0090589569160997,5.783128109839595,0.013113669183309739,1.7881281098395947,1.7881281098395947,44.75915168559686,44.75915168559686
2023-08-25,2023-09-06,CALL,440.79,440.0,4.59,4.6,4.595,1989,372,12,0.0328767123287671,1.0017954545454544,ATM,17.2,0.0556,0.0104431818181818,6.307728735602296,0.014335747126368856,1.7127287356022967,1.7127287356022967,37.27374832649177,37.27374832649177
2023-08-25,2023-09-06,CALL,440.79,426.0,15.86,16.06,15.96,1,18,12,0.0328767123287671,1.0347183098591548,ITM,17.2,0.0556,0.0374647887323943,16.401464349055175,0.038501090021256276,0.44146434905517395,0.44146434905517395,2.7660673499697617,2.7660673499697617
2023-08-25,2023-09-05,CALL,440.79,449.0,0.71,0.72,0.715,507,92,11,0.0301369863013698,0.9817149220489976,ATM,17.2,0.0556,0.0015924276169265,2.3803892786661436,0.00530153514179542,1.6653892786661437,1.6653892786661437,232.92157743582428,232.92157743582428
2023-08-25,2023-09-05,CALL,440.79,448.0,0.92,0.93,0.925,685,57,11,0.0301369863013698,0.98390625,ATM,17.2,0.0556,0.0020647321428571,2.6746980249779426,0.005970308091468622,1.7496980249779426,1.7496980249779426,189.15654324085864,189.15654324085864
2023-08-25,2023-09-05,CALL,440.79,447.0,1.17,1.18,1.1749999999999998,252,239,11,0.0301369863013698,0.9861073825503356,ATM,17.2,0.0556,0.0026286353467561,2.995244246121217,0.0067007701255508215,1.8202442461212174,1.8202442461212174,154.91440392521002,154.91440392521002
2023-08-25,2023-09-05,CALL,440.79,446.0,1.46,1.48,1.47,785,112,11,0.0301369863013698,0.988318385650224,ATM,17.2,0.0556,0.0032959641255605,3.343016370616425,0.007495552400485258,1.8730163706164251,1.8730163706164251,127.41607963377042,127.41607963377042
2023-08-25,2023-09-15,CALL,440.79,452.0,1.27,1.28,1.275,3360,24639,21,0.0575342465753424,0.9751991150442476,ATM,17.2,0.0556,0.0028207964601769,3.462502096810141,0.007660402869048985,2.187502096810141,2.187502096810141,171.56879190667775,171.56879190667775
2023-08-25,2023-09-05,CALL,440.79,445.0,1.81,1.83,1.82,2083,1228,11,0.0301369863013698,0.9905393258426964,ATM,17.2,0.0556,0.0040898876404494,3.718884208574508,0.008357043165335972,1.898884208574508,1.898884208574508,104.33429717442351,104.33429717442351
2023-08-25,2023-09-05,CALL,440.79,443.0,2.66,2.67,2.665,1007,474,11,0.0301369863013698,0.9950112866817156,ATM,17.2,0.0556,0.0060158013544018,4.557707193888575,0.01028827809004193,1.8927071938885751,1.8927071938885751,71.02090783822045,71.02090783822045
2023-08-25,2023-09-05,CALL,440.79,442.0,3.15,3.17,3.16,1592,407,11,0.0301369863013698,0.997262443438914,ATM,17.2,0.0556,0.0071493212669683,5.021686310740506,0.011361281246019244,1.861686310740506,1.861686310740506,58.91412375761095,58.91412375761095
2023-08-25,2023-09-05,CALL,440.79,441.0,3.7,3.72,3.71,1019,716,11,0.0301369863013698,0.9995238095238096,ATM,17.2,0.0556,0.0084126984126984,5.5157898994203265,0.012507460089388495,1.8057898994203265,1.8057898994203265,48.673582194617964,48.673582194617964
2023-08-25,2023-09-05,CALL,440.79,440.0,4.29,4.31,4.3,2364,732,11,0.0301369863013698,1.0017954545454544,ATM,17.2,0.0556,0.0097727272727272,6.040115160775628,0.013727534456308244,1.7401151607756278,1.7401151607756278,40.467794436642514,40.467794436642514
2023-08-25,2023-09-05,CALL,440.79,450.0,0.55,0.56,0.555,2117,1592,11,0.0301369863013698,0.9795333333333331,ATM,17.2,0.0556,0.0012333333333333,2.1112269067507015,0.004691615348334892,1.5562269067507013,1.5562269067507013,280.40124445958577,280.40124445958577
2023-08-25,2023-09-06,CALL,440.79,449.0,0.88,0.89,0.885,103,517,12,0.0328767123287671,0.9817149220489976,ATM,17.2,0.0556,0.0019710467706013,2.602634589897548,0.005796513563246209,1.7176345898975478,1.7176345898975478,194.0830045081975,194.0830045081975
2023-08-25,2023-09-05,CALL,440.79,452.0,0.31,0.32,0.315,233,72,11,0.0301369863013698,0.9751991150442476,ATM,17.2,0.0556,0.0006969026548672,1.6435651852527826,0.0036362061620636783,1.3285651852527827,1.3285651852527827,421.76672547707386,421.76672547707386
2023-08-25,2023-09-06,CALL,440.79,420.0,21.58,21.81,21.695,8,6,12,0.0328767123287671,1.0495,ITM,17.2,0.0556,0.0516547619047619,21.862929480188996,0.05205459400044999,0.16792948018899523,0.16792948018899523,0.7740469241253525,0.7740469241253525
2023-08-25,2023-09-05,CALL,440.79,444.0,2.21,2.23,2.22,902,346,11,0.0301369863013698,0.9927702702702702,ATM,17.2,0.0556,0.005,4.123584333998423,0.009287352103600051,1.9035843339984226,1.9035843339984226,85.74704207200101,85.74704207200101
2023-08-25,2023-11-17,CALL,440.79,420.0,29.68,30.27,29.975,51,301,84,0.2301369863013698,1.0495,ITM,17.2,0.0559193548387096,0.0713690476190476,30.853384110940226,0.07346043835938149,0.8783841109402246,0.8783841109402246,2.930389027323518,2.930389027323518
2023-08-25,2023-09-15,CALL,440.79,453.0,1.06,1.08,1.07,1512,8501,21,0.0575342465753424,0.973046357615894,ATM,17.2,0.0556,0.0023620309050772,3.18194940387599,0.007024170869483422,2.1119494038759896,2.1119494038759896,197.37844896037285,197.37844896037285
2023-08-25,2023-09-15,CALL,440.79,455.0,0.74,0.75,0.745,4815,52244,21,0.0575342465753424,0.9687692307692308,OTM,17.2,0.0556,0.0016373626373626,2.6733572854952143,0.0058755105175719,1.9283572854952142,1.9283572854952142,258.8399040933174,258.8399040933174
2023-08-25,2023-09-08,CALL,440.79,459.0,0.12,0.13,0.125,92,1768,14,0.0383561643835616,0.9603267973856208,OTM,17.2,0.0556,0.000272331154684,0.9619976825490184,0.002095855517535988,0.8369976825490184,0.8369976825490184,669.5981460392147,669.5981460392147
2023-08-25,2023-09-08,CALL,440.79,458.0,0.15,0.16,0.155,372,1750,14,0.0383561643835616,0.962423580786026,OTM,17.2,0.0556,0.0003384279475982,1.0924971149511435,0.0023853648798059903,0.9374971149511435,0.9374971149511435,604.8368483555765,604.8368483555765
2023-08-25,2023-09-08,CALL,440.79,457.5,0.17,0.18,0.175,14,1297,14,0.0383561643835616,0.9634754098360656,OTM,17.2,0.0556,0.0003825136612021,1.1630214317878966,0.002542123348170266,0.9880214317878966,0.9880214317878966,564.5836753073695,564.5836753073695
2023-08-25,2023-09-08,CALL,440.79,457.0,0.19,0.2,0.195,506,2367,14,0.0383561643835616,0.9645295404814004,OTM,17.2,0.0556,0.0004266958424507,1.237235354852416,0.0027072983694801226,1.042235354852416,1.042235354852416,534.479669155085,534.479669155085
2023-08-25,2023-09-08,CALL,440.79,456.0,0.25,0.26,0.255,111,2066,14,0.0383561643835616,0.9666447368421052,OTM,17.2,0.0556,0.0005592105263157,1.3972569426639012,0.0030641599619822394,1.1422569426639013,1.1422569426639013,447.94389908388285,447.94389908388285
2023-08-25,2023-09-08,CALL,440.79,455.0,0.32,0.33,0.325,657,6955,14,0.0383561643835616,0.9687692307692308,OTM,17.2,0.0556,0.0007142857142857,1.5736164688919558,0.003458497733828474,1.2486164688919559,1.2486164688919559,384.1896827359864,384.1896827359864
2023-08-25,2023-09-08,CALL,440.79,454.0,0.41,0.42,0.415,326,4510,14,0.0383561643835616,0.9709030837004404,ATM,17.2,0.0556,0.0009140969162995,1.7673699410560602,0.0038928853327225995,1.3523699410560601,1.3523699410560601,325.87227495326755,325.87227495326755
2023-08-25,2023-09-08,CALL,440.79,453.0,0.52,0.53,0.525,859,5904,14,0.0383561643835616,0.973046357615894,ATM,17.2,0.0556,0.0011589403973509,1.9795654642483527,0.004369901687082456,1.4545654642483528,1.4545654642483528,277.06008842825764,277.06008842825764
2023-08-25,2023-09-08,CALL,440.79,452.5,0.58,0.59,0.585,358,3984,14,0.0383561643835616,0.974121546961326,ATM,17.2,0.0556,0.001292817679558,2.092901942050176,0.004625197661989339,1.507901942050176,1.507901942050176,257.7610157350728,257.7610157350728
2023-08-25,2023-09-15,CALL,440.79,401.0,40.95,41.6,41.275000000000006,1,1407,21,0.0575342465753424,1.099226932668329,ITM,17.2,0.0556,0.102930174563591,41.122145325082556,0.10254899083561735,-0.15285467491744953,0.15285467491744953,-0.37033234383391767,0.37033234383391767
2023-08-25,2023-09-15,CALL,440.79,413.0,29.25,29.9,29.575,4,2924,21,0.0575342465753424,1.0672881355932202,ITM,17.2,0.0556,0.0716101694915254,29.466500543124653,0.07134745894219044,-0.10849945687534657,0.10849945687534657,-0.36686206889381767,0.36686206889381767
2023-08-25,2023-09-15,CALL,440.79,412.0,30.22,30.87,30.545,1,5215,21,0.0575342465753424,1.069878640776699,ITM,17.2,0.0556,0.0741383495145631,30.415452009385888,0.07382391264414051,-0.12954799061411393,0.12954799061411393,-0.4241217567985396,0.4241217567985396
2023-08-25,2023-09-15,CALL,440.79,411.0,31.18,31.82,31.5,1,6547,21,0.0575342465753424,1.0724817518248175,ITM,17.2,0.0556,0.0766423357664233,31.369976912895424,0.07632597789025651,-0.13002308710457555,0.13002308710457555,-0.41277170509389066,0.41277170509389066
2023-08-25,2023-09-15,CALL,440.79,410.0,32.15,32.8,32.474999999999994,26,22331,21,0.0575342465753424,1.0750975609756095,ITM,17.2,0.0556,0.0792073170731707,32.32954974346899,0.07885256034992436,-0.14545025653100652,0.14545025653100652,-0.4478837768468254,0.4478837768468254
2023-08-25,2023-09-15,CALL,440.79,409.0,33.12,33.77,33.445,1,10610,21,0.0575342465753424,1.077726161369193,ITM,17.2,0.0556,0.0817726161369193,33.29367756003609,0.08140263462111513,-0.1513224399639128,0.1513224399639128,-0.45245160700826076,0.45245160700826076
2023-08-25,2023-09-15,CALL,440.79,408.0,34.09,34.74,34.415000000000006,37,6657,21,0.0575342465753424,1.0803676470588237,ITM,17.2,0.0556,0.0843504901960784,34.26190018388462,0.08397524554873681,-0.15309981611538603,0.15309981611538603,-0.4448636237552986,0.4448636237552986
2023-08-25,2023-09-15,CALL,440.79,407.0,35.07,35.72,35.395,2,4927,21,0.0575342465753424,1.083022113022113,ITM,17.2,0.0556,0.0869656019656019,35.23379005892838,0.08656950874429577,-0.16120994107162545,0.16120994107162545,-0.45545964421987695,0.45545964421987695
2023-08-25,2023-09-05,CALL,440.79,439.0,4.92,4.94,4.93,1143,634,11,0.0301369863013698,1.0040774487471524,ATM,17.2,0.0556,0.0112300683371298,6.5945854445296845,0.015021834725580148,1.6645854445296848,1.6645854445296848,33.764410639547364,33.764410639547364
2023-08-25,2023-09-15,CALL,440.79,406.0,36.05,36.7,36.375,1,2706,21,0.0575342465753424,1.0856896551724138,ITM,17.2,0.0556,0.0895935960591133,36.20895181001737,0.0891846103695009,-0.16604818998263227,0.16604818998263227,-0.4564898693680612,0.4564898693680612
2023-08-25,2023-08-30,CALL,440.79,422.0,18.93,19.15,19.04,2,1,5,0.0136986301369863,1.0445260663507108,ITM,17.2,0.0556,0.0451184834123222,19.15348587499659,0.045387407286721776,0.11348587499659146,0.11348587499659146,0.5960392594358795,0.5960392594358795
2023-08-25,2023-08-30,CALL,440.79,426.0,14.97,15.19,15.08,4,64,5,0.0136986301369863,1.0347183098591548,ITM,17.2,0.0556,0.0353990610328638,15.261349944689698,0.03582476512837957,0.181349944689698,0.181349944689698,1.2025858401173608,1.2025858401173608
2023-08-25,2023-08-30,CALL,440.79,405.0,35.88,36.11,35.995000000000005,1,1,5,0.0136986301369863,1.0883703703703702,ITM,17.2,0.0556,0.0888765432098765,36.09836832373901,0.08913177363886175,0.10336832373900506,0.10336832373900506,0.28717411790250047,0.28717411790250047
2023-08-25,2023-08-29,CALL,440.79,448.0,0.15,0.16,0.155,1767,3455,4,0.010958904109589,0.98390625,ATM,17.2,0.0556,0.0003459821428571,0.8527103969818484,0.001903371421834483,0.6977103969818483,0.6977103969818483,450.1357399882893,450.1357399882893
2023-08-25,2023-08-29,CALL,440.79,447.0,0.24,0.25,0.245,3186,2697,4,0.010958904109589,0.9861073825503356,ATM,17.2,0.0556,0.0005480984340044,1.0604947290385383,0.002372471429616417,0.8154947290385383,0.8154947290385383,332.85499144430133,332.85499144430133
2023-08-25,2023-08-29,CALL,440.79,446.0,0.37,0.38,0.375,2940,2243,4,0.010958904109589,0.988318385650224,ATM,17.2,0.0556,0.0008408071748878,1.3055923775402505,0.0029273371693727588,0.9305923775402505,0.9305923775402505,248.1579673440668,248.1579673440668
2023-08-25,2023-08-29,CALL,440.79,445.0,0.55,0.56,0.555,8559,3674,4,0.010958904109589,0.9905393258426964,ATM,17.2,0.0556,0.0012471910112359,1.5914286289225572,0.0035762441099383307,1.036428628922557,1.036428628922557,186.74389710316342,186.74389710316342
2023-08-25,2023-08-29,CALL,440.79,444.0,0.8,0.81,0.805,4863,1546,4,0.010958904109589,0.9927702702702702,ATM,17.2,0.0556,0.001813063063063,1.921068373678679,0.004326730571348377,1.116068373678679,1.116068373678679,138.6420339973514,138.6420339973514
2023-08-25,2023-08-30,CALL,440.79,408.0,32.89,33.11,33.0,6,3,5,0.0136986301369863,1.0803676470588237,ITM,17.2,0.0556,0.0808823529411764,33.100736492815315,0.08112925610984145,0.10073649281531516,0.10073649281531516,0.305262099440349,0.305262099440349
2023-08-25,2023-08-30,CALL,440.79,420.0,20.91,21.14,21.025,16,134,5,0.0136986301369863,1.0495,ITM,17.2,0.0556,0.0500595238095238,21.13077422986845,0.0503113672139725,0.10577422986845164,0.10577422986845164,0.5030878947369877,0.5030878947369877
2023-08-25,2023-08-30,CALL,440.79,424.0,16.94,17.17,17.055,6,5,5,0.0136986301369863,1.0395990566037736,ITM,17.2,0.0556,0.0402240566037735,17.193480836432173,0.04055066235007588,0.1384808364321728,0.1384808364321728,0.8119662059933908,0.8119662059933908
2023-08-25,2023-08-30,CALL,440.79,435.0,6.59,6.73,6.66,2237,1161,5,0.0136986301369863,1.0133103448275862,ATM,17.2,0.0556,0.0153103448275862,7.391602133800177,0.01699218881333374,0.7316021338001768,0.7316021338001768,10.985017024026678,10.985017024026678
2023-08-25,2023-08-30,CALL,440.79,434.0,7.44,7.6,7.52,899,1475,5,0.0136986301369863,1.0156451612903226,ATM,17.2,0.0556,0.0173271889400921,8.161768062306237,0.018805917194254004,0.6417680623062374,0.6417680623062374,8.534149764710603,8.534149764710603
2023-08-25,2023-08-30,CALL,440.79,433.0,8.32,8.49,8.405000000000001,600,297,5,0.0136986301369863,1.0179907621247113,ATM,17.2,0.0556,0.0194110854503464,8.965079937427788,0.020704572603759325,0.560079937427787,0.560079937427787,6.663651843281224,6.663651843281224
2023-08-25,2023-08-30,CALL,440.79,432.0,9.22,9.41,9.315,30,240,5,0.0136986301369863,1.020347222222222,ATM,17.2,0.0556,0.0215625,9.798515740496327,0.022681749399297055,0.48351574049632795,0.48351574049632795,5.190721851812431,5.190721851812431
2023-08-25,2023-08-30,CALL,440.79,431.0,10.15,10.34,10.245,8,366,5,0.0136986301369863,1.0227146171693735,ATM,17.2,0.0556,0.0237703016241299,10.658965475564116,0.024730778365577997,0.4139654755641171,0.4139654755641171,4.040658619464296,4.040658619464296
2023-08-25,2023-08-30,CALL,440.79,430.0,11.09,11.29,11.19,36,2815,5,0.0136986301369863,1.025093023255814,ATM,17.2,0.0556,0.0260232558139534,11.543316375097334,0.02684492180255194,0.35331637509733405,0.35331637509733405,3.1574296255347103,3.1574296255347103
2023-08-25,2023-08-30,CALL,440.79,429.0,12.05,12.26,12.155,10,18,5,0.0136986301369863,1.0274825174825173,ATM,17.2,0.0556,0.0283333333333333,12.448529712864854,0.029017551778239753,0.29352971286485463,0.29352971286485463,2.4148886290814864,2.4148886290814864
2023-08-25,2023-08-30,CALL,440.79,428.0,13.02,13.23,13.125,1,21,5,0.0136986301369863,1.0298831775700934,ATM,17.2,0.0556,0.0306658878504672,13.371706310874629,0.031242304464660347,0.2467063108746288,0.2467063108746288,1.8796671304733623,1.8796671304733623
2023-08-25,2023-08-30,CALL,440.79,425.0,15.96,16.18,16.07,22,15,5,0.0136986301369863,1.0371529411764706,ITM,17.2,0.0556,0.0378117647058823,16.223116550048132,0.038172038941289725,0.15311655004813218,0.15311655004813218,0.9528098945123347,0.9528098945123347
2023-08-25,2023-09-15,CALL,440.79,405.0,37.02,37.67,37.345,29,8255,21,0.0575342465753424,1.0883703703703702,ITM,17.2,0.0556,0.0922098765432098,37.18702153251485,0.09181980625312308,-0.157978467485151,0.157978467485151,-0.42302441420578657,0.42302441420578657
2023-08-25,2023-09-08,CALL,440.79,452.0,0.65,0.66,0.655,998,6166,14,0.0383561643835616,0.9751991150442476,ATM,17.2,0.0556,0.0014491150442477,2.2112333481302926,0.0048921091772794086,1.5562333481302926,1.5562333481302926,237.5928775771439,237.5928775771439
2023-08-25,2023-09-08,CALL,440.79,451.0,0.82,0.83,0.825,2085,3118,14,0.0383561643835616,0.977361419068736,ATM,17.2,0.0556,0.0018292682926829,2.463375775033171,0.0054620305433108005,1.6383757750331711,1.6383757750331711,198.59100303432376,198.59100303432376
2023-08-25,2023-09-15,CALL,440.79,414.0,28.29,28.94,28.615,4,2566,21,0.0575342465753424,1.0647101449275362,ITM,17.2,0.0556,0.0691183574879227,28.52368003922777,0.06889777787253085,-0.09131996077222837,0.09131996077222837,-0.31913318459629,0.31913318459629
2023-08-25,2023-09-15,CALL,440.79,415.0,27.35,27.98,27.665,16,12838,21,0.0575342465753424,1.0621445783132528,ITM,17.2,0.0556,0.0666626506024096,27.587579098559672,0.0664760942133968,-0.07742090144032687,0.07742090144032687,-0.27985144203985857,0.27985144203985857
2023-08-25,2023-09-15,CALL,440.79,447.0,2.8,2.82,2.81,6679,18617,21,0.0575342465753424,0.9861073825503356,ATM,17.2,0.0556,0.0062863534675615,5.150635569693037,0.01152267465255713,2.340635569693037,2.340635569693037,83.29663949085541,83.29663949085541
2023-08-25,2023-09-15,CALL,440.79,446.0,3.22,3.23,3.225,2433,12931,21,0.0575342465753424,0.988318385650224,ATM,17.2,0.0556,0.0072309417040358,5.5487115619531835,0.012441057313796376,2.3237115619531834,2.3237115619531834,72.05307168847081,72.05307168847081
2023-08-25,2023-09-15,CALL,440.79,445.0,3.67,3.68,3.675,9019,37769,21,0.0575342465753424,0.9905393258426964,ATM,17.2,0.0556,0.0082584269662921,5.967840729722013,0.013410878044319131,2.2928407297220135,2.2928407297220135,62.390223938013975,62.390223938013975
2023-08-25,2023-09-15,CALL,440.79,444.0,4.15,4.17,4.16,2420,21970,21,0.0575342465753424,0.9927702702702702,ATM,17.2,0.0556,0.0093693693693693,6.408301884077986,0.014433112351526995,2.2483018840779856,2.2483018840779856,54.04571836725927,54.04571836725927
2023-08-25,2023-09-15,CALL,440.79,448.0,2.42,2.44,2.43,2611,17133,21,0.0575342465753424,0.98390625,ATM,17.2,0.0556,0.0054241071428571,4.773277014606748,0.010654636193318634,2.343277014606748,2.343277014606748,96.43115286447521,96.43115286447521
2023-08-25,2023-09-15,CALL,440.79,442.0,5.23,5.25,5.24,3701,12513,21,0.0575342465753424,0.997262443438914,ATM,17.2,0.0556,0.0118552036199095,7.354034339997185,0.01663808674207508,2.1140343399971844,2.1140343399971844,40.34416679383939,40.34416679383939
2023-08-25,2023-09-15,CALL,440.79,441.0,5.82,5.84,5.83,3968,10714,21,0.0575342465753424,0.9995238095238096,ATM,17.2,0.0556,0.013219954648526,7.859555707695932,0.017822121786158576,2.0295557076959323,2.0295557076959323,34.81227628981016,34.81227628981016
2023-08-25,2023-09-15,CALL,440.79,440.0,6.45,6.47,6.46,10405,64737,21,0.0575342465753424,1.0017954545454544,ATM,17.2,0.0556,0.0146818181818181,8.386906101252379,0.01906115023011904,1.9269061012523787,1.9269061012523787,29.828267821244253,29.828267821244253
2023-08-25,2023-09-15,CALL,440.79,439.0,7.06,7.15,7.105,3108,17500,21,0.0575342465753424,1.0040774487471524,ATM,17.2,0.0556,0.0161845102505694,8.936047554884254,0.020355461400647503,1.831047554884254,1.831047554884254,25.771253411460293,25.771253411460293
2023-08-25,2023-09-15,CALL,440.79,443.0,4.68,4.7,4.69,4886,15424,21,0.0575342465753424,0.9950112866817156,ATM,17.2,0.0556,0.0105869074492099,6.870314092485444,0.015508609689583395,2.1803140924854434,2.1803140924854434,46.4885734005425,46.4885734005425
2023-08-25,2023-09-15,CALL,440.79,449.0,2.08,2.1,2.09,3150,14985,21,0.0575342465753424,0.9817149220489976,ATM,17.2,0.0556,0.0046547884187082,4.416246479441753,0.009835738261562924,2.3262464794417532,2.3262464794417532,111.30365930343316,111.30365930343316
2023-08-25,2023-09-15,CALL,440.79,459.0,0.34,0.35,0.345,376,4764,21,0.0575342465753424,0.9603267973856208,OTM,17.2,0.0556,0.0007516339869281,1.8479806152291474,0.004026101558233437,1.5029806152291474,1.5029806152291474,435.64655513888334,435.64655513888334
2023-08-25,2023-09-15,CALL,440.79,458.0,0.41,0.42,0.415,992,17477,21,0.0575342465753424,0.962423580786026,OTM,17.2,0.0556,0.0009061135371179,2.032041321350235,0.004436771443996146,1.6170413213502348,1.6170413213502348,389.6485111687313,389.6485111687313
2023-08-25,2023-09-15,CALL,440.79,457.0,0.5,0.51,0.505,473,8479,21,0.0575342465753424,0.9645295404814004,OTM,17.2,0.0556,0.0011050328227571,2.2304981308613065,0.004880739892475507,1.7254981308613067,1.7254981308613067,341.68279819035774,341.68279819035774
2023-08-25,2023-09-15,CALL,440.79,456.0,0.61,0.62,0.615,720,22960,21,0.0575342465753424,0.9666447368421052,OTM,17.2,0.0556,0.0013486842105263,2.444042748856191,0.0053597428702986645,1.829042748856191,1.829042748856191,297.4053250172668,297.4053250172668
2023-08-25,2023-09-08,CALL,440.79,431.0,11.92,12.11,12.015,77,609,14,0.0383561643835616,1.0227146171693735,ATM,17.2,0.0556,0.0278770301624129,12.698931801939125,0.029463878890810036,0.6839318019391243,0.6839318019391243,5.692316287466702,5.692316287466702
2023-08-25,2023-09-08,CALL,440.79,442.0,4.05,4.07,4.0600000000000005,3688,2013,14,0.0383561643835616,0.997262443438914,ATM,17.2,0.0556,0.0091855203619909,5.791922292044717,0.013103896588336463,1.7319222920447164,1.7319222920447164,42.65818453312109,42.65818453312109
2023-08-25,2023-09-08,CALL,440.79,442.5,3.78,3.8,3.79,2054,2035,14,0.0383561643835616,0.996135593220339,ATM,17.2,0.0556,0.0085649717514124,5.552740010722772,0.012548564995983665,1.762740010722772,1.762740010722772,46.51029052038976,46.51029052038976
2023-08-25,2023-09-08,CALL,440.79,443.0,3.52,3.54,3.53,2155,2536,14,0.0383561643835616,0.9950112866817156,ATM,17.2,0.0556,0.0079683972911963,5.320218220448027,0.012009521942320602,1.7902182204480268,1.7902182204480268,50.71439717983079,50.71439717983079
2023-08-25,2023-09-08,CALL,440.79,440.0,5.23,5.25,5.24,11025,17380,14,0.0383561643835616,1.0017954545454544,ATM,17.2,0.0556,0.0119090909090909,6.8155259742482315,0.015489831759655072,1.5755259742482313,1.5755259742482313,30.067289584889906,30.067289584889906
2023-08-25,2023-09-08,CALL,440.79,439.0,5.88,5.9,5.890000000000001,6393,2720,14,0.0383561643835616,1.0040774487471524,ATM,17.2,0.0556,0.0134168564920273,7.3674300594036595,0.016782300818687153,1.477430059403659,1.477430059403659,25.08370219700609,25.08370219700609
2023-08-25,2023-09-08,CALL,440.79,438.0,6.55,6.58,6.565,4346,2268,14,0.0383561643835616,1.0063698630136986,ATM,17.2,0.0556,0.0149885844748858,7.945870113017804,0.018141255965794075,1.3808701130178038,1.3808701130178038,21.033817410781474,21.033817410781474
2023-08-25,2023-09-08,CALL,440.79,437.0,7.26,7.3,7.279999999999999,4707,2950,14,0.0383561643835616,1.0086727688787185,ATM,17.2,0.0556,0.0166590389016018,8.550547214722144,0.019566469598906507,1.2705472147221446,1.2705472147221446,17.45257163079869,17.45257163079869
2023-08-25,2023-09-08,CALL,440.79,436.0,7.99,8.04,8.015,4303,1653,14,0.0383561643835616,1.01098623853211,ATM,17.2,0.0556,0.0183830275229357,9.181046206510246,0.02105744542777579,1.166046206510245,1.166046206510245,14.548299519778478,14.548299519778478
2023-08-25,2023-09-08,CALL,440.79,435.0,8.74,8.81,8.775,3414,3267,14,0.0383561643835616,1.0133103448275862,ATM,17.2,0.0556,0.0201724137931034,9.836840528963762,0.02261342650336497,1.0618405289637618,1.0618405289637618,12.100746768817798,12.100746768817798
2023-08-25,2023-09-08,CALL,440.79,434.0,9.54,9.6,9.57,477,2315,14,0.0383561643835616,1.0156451612903226,ATM,17.2,0.0556,0.0220506912442396,10.517298544233597,0.02423340678394838,0.9472985442335968,0.9472985442335968,9.898626376526613,9.898626376526613
2023-08-25,2023-09-08,CALL,440.79,433.0,10.27,10.42,10.345,147,1533,14,0.0383561643835616,1.0179907621247113,ATM,17.2,0.0556,0.0238914549653579,11.221691219880029,0.025916146004341868,0.8766912198800281,0.8766912198800281,8.474540549831108,8.474540549831108
2023-08-25,2023-09-15,CALL,440.79,454.0,0.89,0.9,0.895,1112,19476,21,0.0575342465753424,0.9709030837004404,ATM,17.2,0.0556,0.0019713656387665,2.9191097464093048,0.006429757150681288,2.0241097464093047,2.0241097464093047,226.15751356528546,226.15751356528546
2023-08-25,2023-09-08,CALL,440.79,432.0,11.08,11.26,11.17,7,926,14,0.0383561643835616,1.020347222222222,ATM,17.2,0.0556,0.0258564814814814,11.949201017233804,0.027660187539893064,0.7792010172338042,0.7792010172338042,6.975837217849634,6.975837217849634
2023-08-25,2023-09-08,CALL,440.79,450.0,1.01,1.02,1.015,3344,7382,14,0.0383561643835616,0.9795333333333331,ATM,17.2,0.0556,0.0022555555555555,2.7369561838466723,0.006082124852992605,1.7219561838466724,1.7219561838466724,169.6508555513963,169.6508555513963
2023-08-25,2023-09-08,CALL,440.79,449.0,1.24,1.25,1.245,1766,5328,14,0.0383561643835616,0.9817149220489976,ATM,17.2,0.0556,0.0027728285077951,3.032888541760286,0.0067547628992433995,1.787888541760286,1.787888541760286,143.60550536227197,143.60550536227197
2023-08-25,2023-09-08,CALL,440.79,448.0,1.51,1.53,1.52,1638,3694,14,0.0383561643835616,0.98390625,ATM,17.2,0.0556,0.0033928571428571,3.352026689915789,0.007482202432847743,1.8320266899157889,1.8320266899157889,120.5280717049861,120.5280717049861
2023-08-25,2023-09-08,CALL,440.79,447.5,1.66,1.68,1.67,1134,1825,14,0.0383561643835616,0.9850055865921789,ATM,17.2,0.0556,0.0037318435754189,3.520545755649863,0.007867141353407514,1.850545755649863,1.850545755649863,110.81112309280617,110.81112309280617
2023-08-25,2023-09-08,CALL,440.79,447.0,1.83,1.84,1.835,5713,2522,14,0.0383561643835616,0.9861073825503356,ATM,17.2,0.0556,0.0041051454138702,3.6951539589369418,0.008266563666525596,1.8601539589369418,1.8601539589369418,101.37078795296685,101.37078795296685
2023-08-25,2023-09-08,CALL,440.79,446.0,2.18,2.2,2.1900000000000004,2380,3646,14,0.0383561643835616,0.988318385650224,ATM,17.2,0.0556,0.0049103139013452,4.0629732555357805,0.009109805505685607,1.87297325553578,1.87297325553578,85.52389294683927,85.52389294683927
2023-08-25,2023-09-08,CALL,440.79,445.0,2.58,2.6,2.59,3885,15396,14,0.0383561643835616,0.9905393258426964,ATM,17.2,0.0556,0.0058202247191011,4.456097821480881,0.010013702969619958,1.8660978214808814,1.8660978214808814,72.05010893748577,72.05010893748577
2023-08-25,2023-09-08,CALL,440.79,444.0,3.03,3.05,3.04,2335,9542,14,0.0383561643835616,0.9927702702702702,ATM,17.2,0.0556,0.0068468468468468,4.875042860840296,0.01097982626315382,1.8350428608402956,1.8350428608402956,60.36325200132551,60.36325200132551
2023-08-25,2023-09-08,CALL,440.79,441.0,4.62,4.64,4.63,3406,1272,14,0.0383561643835616,0.9995238095238096,ATM,17.2,0.0556,0.0104988662131519,6.290337282785146,0.014263803362324592,1.6603372827851457,1.6603372827851457,35.86041647484116,35.86041647484116
2023-08-25,2023-09-08,CALL,238.33,247.5,4.3,4.4,4.35,1771,828,14,0.0383561643835616,0.9629494949494948,OTM,17.2,0.0556,0.0175757575757575,0.6095317004347578,0.0024627543451909407,-3.740468299565242,3.740468299565242,-85.98777700149981,85.98777700149981
2023-08-25,2023-11-17,CALL,440.79,421.0,28.85,29.44,29.145000000000003,15,72,84,0.2301369863013698,1.0470071258907363,ITM,17.2,0.0559193548387096,0.0692280285035629,30.1094396057851,0.07151885892110475,0.9644396057850955,0.9644396057850955,3.309108271693585,3.309108271693585
2023-08-25,2023-11-17,CALL,440.79,425.0,25.79,26.02,25.905,53,1377,84,0.2301369863013698,1.0371529411764706,ITM,17.2,0.0559193548387096,0.0609529411764705,27.225631683314873,0.06406030984309381,1.320631683314872,1.320631683314872,5.097979862246176,5.097979862246176
2023-08-25,2023-09-22,CALL,440.79,445.0,4.44,4.47,4.455,1208,3533,28,0.0767123287671232,0.9905393258426964,ATM,17.2,0.0556,0.0100112359550561,7.291231848180331,0.01638479067006816,2.836231848180331,2.836231848180331,63.66401454950238,63.66401454950238
2023-08-25,2023-09-22,CALL,440.79,444.0,4.94,4.97,4.955,281,1852,28,0.0767123287671232,0.9927702702702702,ATM,17.2,0.0556,0.0111599099099099,7.745411680591673,0.017444620902233497,2.7904116805916725,2.7904116805916725,56.315069234947984,56.315069234947984
2023-08-25,2023-09-22,CALL,440.79,443.0,5.47,5.5,5.484999999999999,656,1816,28,0.0767123287671232,0.9950112866817156,ATM,17.2,0.0556,0.0123814898419864,8.218298605704746,0.018551464121229676,2.7332986057047464,2.7332986057047464,49.83224440664989,49.83224440664989
2023-08-25,2023-09-22,CALL,440.79,442.5,5.75,5.78,5.765000000000001,222,1066,28,0.0767123287671232,0.996135593220339,ATM,17.2,0.0556,0.0130282485875706,8.461789503949433,0.019122688144518493,2.6967895039494323,2.6967895039494323,46.77865574933967,46.77865574933967
2023-08-25,2023-09-22,CALL,440.79,442.0,6.04,6.08,6.0600000000000005,382,825,28,0.0767123287671232,0.997262443438914,ATM,17.2,0.0556,0.013710407239819,8.709990724229016,0.01970586136703397,2.6499907242290153,2.6499907242290153,43.72921987176592,43.72921987176592
2023-08-25,2023-09-22,CALL,440.79,431.0,13.62,14.16,13.89,13,39,28,0.0767123287671232,1.0227146171693735,ATM,17.2,0.0556,0.0322273781902552,15.345598795214471,0.035604637575903646,1.4555987952144704,1.4555987952144704,10.479472967706771,10.479472967706771
2023-08-25,2023-09-22,CALL,440.79,430.0,14.42,14.81,14.615,69,128,28,0.0767123287671232,1.025093023255814,ATM,17.2,0.0556,0.0339883720930232,16.05533749691682,0.03733799417887633,1.4403374969168201,1.4403374969168201,9.85520011574971,9.85520011574971
2023-08-25,2023-09-22,CALL,440.79,412.0,30.2,31.37,30.785,1,2,28,0.0767123287671232,1.069878640776699,ITM,17.2,0.0556,0.0747208737864077,31.127169200651394,0.07555138155497912,0.34216920065139433,0.34216920065139433,1.1114802684794358,1.1114802684794358
2023-08-25,2023-09-22,CALL,440.79,410.0,32.11,33.27,32.69,8,58,28,0.0767123287671232,1.0750975609756095,ITM,17.2,0.0556,0.0797317073170731,32.994144534498844,0.08047352325487522,0.30414453449884604,0.30414453449884604,0.9303901330646867,0.9303901330646867
2023-08-25,2023-09-15,CALL,440.79,464.0,0.12,0.13,0.125,464,12031,21,0.0575342465753424,0.949978448275862,OTM,17.2,0.0556,0.0002693965517241,1.1192669108606452,0.0024122131699582873,0.9942669108606452,0.9942669108606452,795.4135286885162,795.4135286885162
2023-08-25,2023-09-15,CALL,440.79,463.0,0.15,0.16,0.155,1489,1993,21,0.0575342465753424,0.9520302375809936,OTM,17.2,0.0556,0.0003347732181425,1.2417664108638036,0.002682000887394824,1.0867664108638035,1.0867664108638035,701.1396199121314,701.1396199121314
2023-08-25,2023-09-22,CALL,440.79,449.0,2.75,2.78,2.765,2464,761,28,0.0767123287671232,0.9817149220489976,ATM,17.2,0.0556,0.0061581291759465,5.65822160820494,0.012601829862371804,2.89322160820494,2.89322160820494,104.637309519166,104.637309519166
2023-08-25,2023-09-22,CALL,440.79,429.0,15.25,15.63,15.44,2,23,28,0.0767123287671232,1.0274825174825173,ATM,17.2,0.0556,0.0359906759906759,16.781407119929952,0.039117499114055834,1.3414071199299524,1.3414071199299524,8.687869947732853,8.687869947732853
2023-08-25,2023-09-22,CALL,440.79,426.0,17.6,18.46,18.03,3,59,28,0.0767123287671232,1.0347183098591548,ITM,17.2,0.0556,0.0423239436619718,19.053045642933228,0.0447254592557118,1.0230456429332264,1.0230456429332264,5.674130021814899,5.674130021814899
2023-08-25,2023-09-22,CALL,440.79,425.0,18.44,19.34,18.89,22,119,28,0.0767123287671232,1.0371529411764706,ITM,17.2,0.0556,0.0444470588235294,19.83976446136046,0.04668179873261285,0.9497644613604592,0.9497644613604592,5.0278690384354645,5.0278690384354645
2023-08-25,2023-09-22,CALL,440.79,424.0,19.3,20.23,19.765,1,20,28,0.0767123287671232,1.0395990566037736,ITM,17.2,0.0556,0.0466155660377358,20.64036841625392,0.04868011418927812,0.8753684162539201,0.8753684162539201,4.428881438168076,4.428881438168076
2023-08-25,2023-09-22,CALL,440.79,422.0,21.04,22.05,21.545,3,69,28,0.0767123287671232,1.0445260663507108,ITM,17.2,0.0556,0.0510545023696682,22.281044434753653,0.0527986834946769,0.7360444347536514,0.7360444347536514,3.4163120666217286,3.4163120666217286
2023-08-25,2023-09-22,CALL,440.79,446.0,3.97,4.0,3.985,468,780,28,0.0767123287671232,0.988318385650224,ATM,17.2,0.0556,0.0089349775784753,6.855620250422334,0.015371345852964874,2.8706202504223337,2.8706202504223337,72.03563991022168,72.03563991022168
2023-08-25,2023-09-22,CALL,440.79,421.0,22.19,22.96,22.575000000000003,2,4,28,0.0767123287671232,1.0470071258907363,ITM,17.2,0.0556,0.0536223277909738,23.119997627632983,0.05491685897299996,0.5449976276329807,0.5449976276329807,2.414164463490501,2.414164463490501
2023-08-25,2023-09-22,CALL,440.79,447.0,3.53,3.56,3.545,523,1748,28,0.0767123287671232,0.9861073825503356,ATM,17.2,0.0556,0.0079306487695749,6.438398463159416,0.014403575980222407,2.893398463159416,2.893398463159416,81.61913859405969,81.61913859405969
2023-08-25,2023-09-22,CALL,440.79,448.0,3.12,3.15,3.135,573,1829,28,0.0767123287671232,0.98390625,ATM,17.2,0.0556,0.0069977678571428,6.039349928214932,0.013480691804051188,2.9043499282149323,2.9043499282149323,92.64274093189577,92.64274093189577
2023-08-25,2023-10-06,CALL,440.79,457.0,1.83,1.86,1.845,172,21,42,0.1150684931506849,0.9645295404814004,OTM,17.2,0.05548,0.0040371991247264,5.085399552365232,0.011127788954847334,3.240399552365232,3.240399552365232,175.63141205231608,175.63141205231608
2023-08-25,2023-10-06,CALL,440.79,456.0,2.07,2.1,2.085,88,107,42,0.1150684931506849,0.9666447368421052,OTM,17.2,0.05548,0.0045723684210526,5.385032498003284,0.01180928179386685,3.300032498003284,3.300032498003284,158.27493995219587,158.27493995219587
2023-08-25,2023-10-06,CALL,440.79,455.0,2.33,2.36,2.345,137,118,42,0.1150684931506849,0.9687692307692308,OTM,17.2,0.05548,0.0051538461538461,5.697805169858611,0.01252264872496398,3.352805169858611,3.352805169858611,142.97676630527127,142.97676630527127
2023-08-25,2023-10-06,CALL,440.79,454.0,2.61,2.64,2.625,45,73,42,0.1150684931506849,0.9709030837004404,ATM,17.2,0.05548,0.0057819383259911,6.0239875760848065,0.013268695101508384,3.3989875760848065,3.3989875760848065,129.48524099370692,129.48524099370692
2023-08-25,2023-10-06,CALL,440.79,453.0,2.92,2.95,2.935,99,19,42,0.1150684931506849,0.973046357615894,ATM,17.2,0.05548,0.0064790286975717,6.3638364626252155,0.014048204111755443,3.4288364626252155,3.4288364626252155,116.82577385435147,116.82577385435147
2023-08-25,2023-10-06,CALL,440.79,452.0,3.25,3.29,3.27,80,71,42,0.1150684931506849,0.9751991150442476,ATM,17.2,0.05548,0.0072345132743362,6.717594218814384,0.014861934112421203,3.4475942188143835,3.4475942188143835,105.43101586588328,105.43101586588328
2023-08-25,2023-09-22,CALL,440.79,439.0,7.89,7.93,7.91,483,1158,28,0.0767123287671232,1.0040774487471524,ATM,17.2,0.0556,0.0180182232346241,10.298250164106435,0.023458428619832425,2.3882501641064344,2.3882501641064344,30.19279600640246,30.19279600640246
2023-08-25,2023-09-22,CALL,440.79,438.0,8.52,8.65,8.585,1866,709,28,0.0767123287671232,1.0063698630136986,ATM,17.2,0.0556,0.0196004566210045,10.865301951899198,0.024806625460957073,2.2803019518991974,2.2803019518991974,26.561467115890473,26.561467115890473
2023-08-25,2023-09-22,CALL,440.79,437.5,8.89,9.0,8.945,186,367,28,0.0767123287671232,1.00752,ATM,17.2,0.0556,0.0204457142857142,11.155834616074515,0.025499050551027462,2.2108346160745143,2.2108346160745143,24.715870498317653,24.715870498317653
2023-08-25,2023-09-22,CALL,440.79,437.0,9.22,9.35,9.285,427,347,28,0.0767123287671232,1.0086727688787185,ATM,17.2,0.0556,0.0212471395881006,11.451015022354397,0.02620369570332814,2.1660150223543972,2.1660150223543972,23.328110095362383,23.328110095362383
2023-08-25,2023-09-22,CALL,440.79,436.0,9.95,10.07,10.01,271,397,28,0.0767123287671232,1.01098623853211,ATM,17.2,0.0556,0.0229587155963302,12.055233065386574,0.02764961712244627,2.045233065386574,2.045233065386574,20.43189875511063,20.43189875511063
2023-08-25,2023-09-22,CALL,440.79,435.0,10.68,10.83,10.755,123,140,28,0.0767123287671232,1.0133103448275862,ATM,17.2,0.0556,0.0247241379310344,12.677758404499514,0.029144272194251756,1.922758404499513,1.922758404499513,17.87780943281741,17.87780943281741
2023-08-25,2023-09-22,CALL,440.79,434.0,11.38,11.58,11.48,11,116,28,0.0767123287671232,1.0156451612903226,ATM,17.2,0.0556,0.0264516129032258,13.318353064314636,0.030687449456946164,1.838353064314635,1.838353064314635,16.01352843479647,16.01352843479647
2023-08-25,2023-09-22,CALL,440.79,433.0,12.08,12.43,12.255,6,37,28,0.0767123287671232,1.0179907621247113,ATM,17.2,0.0556,0.0283025404157043,13.976740114784945,0.032278845530681166,1.7217401147849447,1.7217401147849447,14.049286942349609,14.049286942349609
2023-08-25,2023-09-22,CALL,440.79,432.0,12.82,13.19,13.005,35,33,28,0.0767123287671232,1.020347222222222,ATM,17.2,0.0556,0.0301041666666666,14.652605279854242,0.03391806777744038,1.6476052798542415,1.6476052798542415,12.669014070390169,12.669014070390169
2023-08-25,2023-09-22,CALL,440.79,440.0,7.25,7.29,7.27,2199,1735,28,0.0767123287671232,1.0017954545454544,ATM,17.2,0.0556,0.0165227272727272,9.74997382080332,0.022159031410916633,2.4799738208033197,2.4799738208033197,34.11243219811995,34.11243219811995
2023-08-25,2023-09-22,CALL,440.79,441.0,6.63,6.67,6.65,1245,891,28,0.0767123287671232,0.9995238095238096,ATM,17.2,0.0556,0.015079365079365,9.220544445047437,0.020908264047726617,2.570544445047437,2.570544445047437,38.65480368492386,38.65480368492386
2023-08-25,2023-09-22,CALL,440.79,447.5,3.32,3.35,3.335,49,1164,28,0.0767123287671232,0.9850055865921789,ATM,17.2,0.0556,0.0074525139664804,6.236617519831356,0.013936575463310293,2.9016175198313556,2.9016175198313556,87.00502308339897,87.00502308339897
2023-08-25,2023-10-06,CALL,440.79,458.0,1.62,1.65,1.635,222,103,42,0.1150684931506849,0.962423580786026,OTM,17.2,0.05548,0.0035698689956331,4.7986241817028485,0.01047734537489705,3.1636241817028488,3.1636241817028488,193.4938337432935,193.4938337432935
2023-08-25,2023-09-22,CALL,440.79,420.0,22.8,23.89,23.345,1,58,28,0.0767123287671232,1.0495,ITM,17.2,0.0556,0.0555833333333333,23.97060421264331,0.05707286717296026,0.6256042126433101,0.6256042126433101,2.679821000828058,2.679821000828058
2023-08-25,2023-09-29,CALL,440.79,425.0,19.37,19.84,19.605,8,3862,35,0.0958904109589041,1.0371529411764706,ITM,17.2,0.0555499999999999,0.0461294117647058,20.885231862457033,0.049141722029310664,1.2802318624570326,1.2802318624570326,6.530129367289122,6.530129367289122
2023-08-25,2023-09-22,CALL,440.79,460.0,0.51,0.52,0.515,629,2974,28,0.0767123287671232,0.9582391304347824,OTM,17.2,0.0556,0.0011195652173913,2.5459905938674297,0.005534762160581369,2.0309905938674295,2.0309905938674295,394.3671056053261,394.3671056053261
2023-08-25,2023-09-22,CALL,440.79,459.0,0.6,0.61,0.605,145,554,28,0.0767123287671232,0.9603267973856208,OTM,17.2,0.0556,0.001318082788671,2.754979997030105,0.006002135069782364,2.1499799970301052,2.1499799970301052,355.3685945504306,355.3685945504306
2023-08-25,2023-09-22,CALL,440.79,458.0,0.71,0.72,0.715,157,1032,28,0.0767123287671232,0.962423580786026,OTM,17.2,0.0556,0.001561135371179,2.9773284689844814,0.006500717181188824,2.2623284689844816,2.2623284689844816,316.4095760817457,316.4095760817457
2023-08-25,2023-09-22,CALL,440.79,457.5,0.77,0.79,0.78,141,1286,28,0.0767123287671232,0.9634754098360656,OTM,17.2,0.0556,0.0017049180327868,3.0936701415935204,0.006762120528073268,2.31367014159352,2.31367014159352,296.6243771273744,296.6243771273744
2023-08-25,2023-09-22,CALL,440.79,457.0,0.84,0.85,0.845,317,1257,28,0.0767123287671232,0.9645295404814004,OTM,17.2,0.0556,0.0018490153172866,3.213539764060755,0.00703181567628174,2.3685397640607553,2.3685397640607553,280.30056379417226,280.30056379417226
2023-08-25,2023-09-22,CALL,440.79,456.0,0.99,1.0,0.995,322,2037,28,0.0767123287671232,0.9666447368421052,OTM,17.2,0.0556,0.0021820175438596,3.4641075830930106,0.007596727155905725,2.4691075830930105,2.4691075830930105,248.1515158887448,248.1515158887448
2023-08-25,2023-09-22,CALL,440.79,455.0,1.16,1.18,1.17,744,5994,28,0.0767123287671232,0.9687692307692308,OTM,17.2,0.0556,0.0025714285714285,3.729512986293699,0.008196731838008129,2.559512986293699,2.559512986293699,218.76179370031616,218.76179370031616
2023-08-25,2023-09-22,CALL,440.79,454.0,1.35,1.37,1.36,229,900,28,0.0767123287671232,0.9709030837004404,ATM,17.2,0.0556,0.0029955947136563,4.010221773538461,0.00883308760691291,2.650221773538461,2.650221773538461,194.86924805429857,194.86924805429857
2023-08-25,2023-09-22,CALL,440.79,453.0,1.57,1.59,1.58,242,409,28,0.0767123287671232,0.973046357615894,ATM,17.2,0.0556,0.0034878587196467,4.306681853608467,0.009507023959400588,2.7266818536084667,2.7266818536084667,172.57480086129536,172.57480086129536
2023-08-25,2023-09-22,CALL,440.79,452.5,1.69,1.72,1.705,99,421,28,0.0767123287671232,0.974121546961326,ATM,17.2,0.0556,0.0037679558011049,4.460953062697456,0.009858459807066202,2.755953062697456,2.755953062697456,161.6394758180326,161.6394758180326
2023-08-25,2023-09-22,CALL,440.79,452.0,1.82,1.84,1.83,582,2790,28,0.0767123287671232,0.9751991150442476,ATM,17.2,0.0556,0.0040486725663716,4.619320625130911,0.010219735896307324,2.7893206251309106,2.7893206251309106,152.4218920836563,152.4218920836563
2023-08-25,2023-09-22,CALL,440.79,451.0,2.1,2.12,2.1100000000000003,463,1445,28,0.0767123287671232,0.977361419068736,ATM,17.2,0.0556,0.0046784922394678,4.948542392903704,0.010972377811316417,2.8385423929037037,2.8385423929037037,134.5280754930665,134.5280754930665
2023-08-25,2023-09-22,CALL,440.79,462.0,0.36,0.37,0.365,452,1139,28,0.0767123287671232,0.954090909090909,OTM,17.2,0.0556,0.0007900432900432,2.1660388441202514,0.00468839576649405,1.8010388441202514,1.8010388441202514,493.435299758973,493.435299758973
2023-08-25,2023-09-22,CALL,440.79,450.0,2.41,2.43,2.42,3393,2462,28,0.0767123287671232,0.9795333333333331,ATM,17.2,0.0556,0.0053777777777777,5.294725843971179,0.011766057431047064,2.874725843971179,2.874725843971179,118.79032413104045,118.79032413104045
2023-08-25,2023-09-22,CALL,440.79,462.5,0.33,0.34,0.335,13,135,28,0.0767123287671232,0.9530594594594594,OTM,17.2,0.0556,0.0007243243243243,2.0785959238926637,0.004494261457065218,1.7435959238926637,1.7435959238926637,520.4763951918399,520.4763951918399
2023-08-25,2023-09-22,CALL,440.79,464.0,0.25,0.26,0.255,170,351,28,0.0767123287671232,0.949978448275862,OTM,17.2,0.0556,0.0005495689655172,1.8333365061263862,0.003951156263203418,1.5783365061263863,1.5783365061263863,618.9554925985829,618.9554925985829
2023-08-25,2023-09-29,CALL,440.79,410.0,32.63,33.54,33.085,1,1415,35,0.0958904109589041,1.0750975609756095,ITM,17.2,0.0555499999999999,0.0806951219512195,33.69324657965228,0.08217865019427385,0.6082465796522811,0.6082465796522811,1.8384360878110355,1.8384360878110355
2023-08-25,2023-09-22,CALL,440.79,461.0,0.43,0.44,0.435,244,2045,28,0.0767123287671232,0.9561605206073752,OTM,17.2,0.0556,0.0009436008676789,2.3498489860560454,0.005097286303809209,1.9148489860560454,1.9148489860560454,440.1951692082863,440.1951692082863
2023-08-25,2023-09-29,CALL,440.79,439.0,8.86,8.88,8.870000000000001,645,4843,35,0.0958904109589041,1.0040774487471524,ATM,17.2,0.0555499999999999,0.0202050113895216,11.526915223916745,0.0262572100772591,2.6569152239167444,2.6569152239167444,29.953948409433416,29.953948409433416
2023-08-25,2023-09-29,CALL,440.79,414.0,28.94,29.81,29.375,10,3,35,0.0958904109589041,1.0647101449275362,ITM,17.2,0.0555499999999999,0.0709541062801932,30.073219898492937,0.07264062777413753,0.6982198984929369,0.6982198984929369,2.3769188033802107,2.3769188033802107
2023-08-25,2023-09-29,CALL,440.79,429.0,15.98,16.57,16.275,38,351,35,0.0958904109589041,1.0274825174825173,ATM,17.2,0.0555499999999999,0.0379370629370629,17.9076849227759,0.041742855297845924,1.6326849227759013,1.6326849227759013,10.031858204460224,10.031858204460224
2023-08-25,2023-09-29,CALL,440.79,424.0,20.09,20.83,20.46,2,248,35,0.0958904109589041,1.0395990566037736,ITM,17.2,0.0555499999999999,0.048254716981132,21.66347649827196,0.051093104948754624,1.2034764982719608,1.2034764982719608,5.882094321954843,5.882094321954843
2023-08-25,2023-09-29,CALL,440.79,423.0,20.94,21.7,21.32,8,152,35,0.0958904109589041,1.0420567375886525,ITM,17.2,0.0555499999999999,0.050401891252955,22.45445415386189,0.05308381596657657,1.1344541538618884,1.1344541538618884,5.321079520928182,5.321079520928182
2023-08-25,2023-09-29,CALL,440.79,422.0,21.81,22.57,22.19,9,49,35,0.0958904109589041,1.0445260663507108,ITM,17.2,0.0555499999999999,0.0525829383886255,23.25773685547722,0.05511312051060952,1.067736855477218,1.067736855477218,4.811792949424146,4.811792949424146
2023-08-25,2023-09-29,CALL,440.79,420.0,23.55,24.34,23.945,8,5292,35,0.0958904109589041,1.0495,ITM,17.2,0.0555499999999999,0.0570119047619047,24.899457464151283,0.05928442253369353,0.9544574641512824,0.9544574641512824,3.986040777411912,3.986040777411912
2023-08-25,2023-09-29,CALL,440.79,419.0,24.43,25.25,24.84,5,8,35,0.0958904109589041,1.0520047732696896,ITM,17.2,0.0555499999999999,0.0592840095465393,25.73699724708092,0.061424814432174034,0.8969972470809218,0.8969972470809218,3.6111000285061263,3.6111000285061263
2023-08-25,2023-09-29,CALL,440.79,418.0,25.32,26.15,25.735,5,1871,35,0.0958904109589041,1.0545215311004783,ITM,17.2,0.0555499999999999,0.061566985645933,26.585049707969574,0.06360059738748702,0.8500497079695748,0.8500497079695748,3.3030880434022722,3.3030880434022722
2023-08-25,2023-09-29,CALL,440.79,421.0,22.67,23.46,23.065,10,6,35,0.0958904109589041,1.0470071258907363,ITM,17.2,0.0555499999999999,0.0547862232779097,24.072886630756443,0.057180253279706515,1.0078866307564418,1.0078866307564418,4.369766445941651,4.369766445941651
2023-08-25,2023-09-29,CALL,440.79,428.0,16.78,17.4,17.09,15,31,35,0.0958904109589041,1.0298831775700934,ATM,17.2,0.0555499999999999,0.039929906542056,18.630985168693883,0.043530339179191316,1.540985168693883,1.540985168693883,9.016882204177197,9.016882204177197
2023-08-25,2023-09-29,CALL,440.79,438.0,9.52,9.56,9.54,568,440,35,0.0958904109589041,1.0063698630136986,ATM,17.2,0.0555499999999999,0.0217808219178082,12.09185108745919,0.027606965953103173,2.551851087459191,2.551851087459191,26.748963180913954,26.748963180913954
2023-08-25,2023-09-29,CALL,440.79,437.0,10.17,10.27,10.22,260,4036,35,0.0958904109589041,1.0086727688787185,ATM,17.2,0.0555499999999999,0.0233867276887871,12.673481944423486,0.029001102847651,2.453481944423485,2.453481944423485,24.00667264602236,24.00667264602236
2023-08-25,2023-09-29,CALL,440.79,436.0,10.88,10.98,10.93,303,617,35,0.0958904109589041,1.01098623853211,ATM,17.2,0.0555499999999999,0.0250688073394495,13.271693009122089,0.03043966286495892,2.341693009122089,2.341693009122089,21.424455710174648,21.424455710174648
2023-08-25,2023-09-29,CALL,440.79,435.0,11.6,11.68,11.64,143,9299,35,0.0958904109589041,1.0133103448275862,ATM,17.2,0.0555499999999999,0.0267586206896551,13.886339633349053,0.03192261984677943,2.246339633349052,2.246339633349052,19.29845045832519,19.29845045832519
2023-08-25,2023-09-29,CALL,440.79,434.0,12.33,12.44,12.385,55,366,35,0.0958904109589041,1.0156451612903226,ATM,17.2,0.0555499999999999,0.028536866359447,14.517247894999286,0.03344987994239467,2.1322478949992867,2.1322478949992867,17.216373798944584,17.216373798944584
2023-08-25,2023-09-29,CALL,440.79,433.0,13.08,13.19,13.135,12,4220,35,0.0958904109589041,1.0179907621247113,ATM,17.2,0.0555499999999999,0.0303348729792147,15.164215349128085,0.03502128256149673,2.0292153491280853,2.0292153491280853,15.448917770293761,15.448917770293761
2023-08-25,2023-09-29,CALL,440.79,432.0,13.77,14.03,13.9,23,101,35,0.0958904109589041,1.020347222222222,ATM,17.2,0.0555499999999999,0.0321759259259259,15.8270119363915,0.03663660170460995,1.9270119363914997,1.9270119363914997,13.863395225838127,13.863395225838127
2023-08-25,2023-09-29,CALL,440.79,431.0,14.54,14.81,14.675,12,146,35,0.0958904109589041,1.0227146171693735,ATM,17.2,0.0555499999999999,0.0340487238979118,16.50538104231498,0.03829554766198371,1.8303810423149791,1.8303810423149791,12.472783934003266,12.472783934003266
2023-08-25,2023-09-29,CALL,440.79,430.0,15.34,15.56,15.45,80,8875,35,0.0958904109589041,1.025093023255814,ATM,17.2,0.0555499999999999,0.0359302325581395,17.199040699405657,0.03999776906838525,1.7490406994056578,1.7490406994056578,11.320651776088399,11.320651776088399
2023-08-25,2023-09-29,CALL,440.79,415.0,28.03,28.89,28.46,3,3389,35,0.0958904109589041,1.0621445783132528,ITM,17.2,0.0555499999999999,0.068578313253012,29.187697455369403,0.07033180109727567,0.7276974553694018,0.7276974553694018,2.5569130547062606,2.5569130547062606
2023-08-25,2023-10-06,CALL,440.79,460.0,1.25,1.28,1.265,448,91,42,0.1150684931506849,0.9582391304347824,OTM,17.2,0.05548,0.00275,4.262463675507732,0.009266225381538547,2.997463675507732,2.997463675507732,236.95365023776543,236.95365023776543
2023-08-25,2023-10-06,CALL,440.79,465.0,0.63,0.65,0.64,520,193,42,0.1150684931506849,0.9479354838709676,OTM,17.2,0.05548,0.0013763440860215,3.1254857331403656,0.006721474694925517,2.4854857331403655,2.4854857331403655,388.3571458031821,388.3571458031821
2023-08-25,2023-10-06,CALL,440.79,470.0,0.31,0.32,0.315,159,50,42,0.1150684931506849,0.9378510638297872,OTM,17.2,0.05548,0.0006702127659574,2.245907003271853,0.004778525538876283,1.930907003271853,1.930907003271853,612.9863502450327,612.9863502450327
2023-08-25,2023-09-29,CALL,440.79,462.0,0.61,0.62,0.615,736,2301,35,0.0958904109589041,0.954090909090909,OTM,17.2,0.0555499999999999,0.0013311688311688,2.971638019553197,0.00643211692543982,2.3566380195531966,2.3566380195531966,383.1931739110889,383.1931739110889
2023-08-25,2023-09-29,CALL,440.79,449.0,3.54,3.57,3.555,834,7751,35,0.0958904109589041,0.9817149220489976,ATM,17.2,0.0555499999999999,0.0079175946547884,6.799337478085988,0.01514329059707347,3.244337478085988,3.244337478085988,91.2612511416593,91.2612511416593
2023-08-25,2023-09-29,CALL,440.79,448.0,3.95,3.98,3.965,1359,1867,35,0.0958904109589041,0.98390625,ATM,17.2,0.0555499999999999,0.0088504464285714,7.197667858268574,0.016066222897920923,3.2326678582685737,3.2326678582685737,81.53008469782027,81.53008469782027
2023-08-25,2023-09-29,CALL,440.79,447.0,4.39,4.42,4.404999999999999,1246,6071,35,0.0958904109589041,0.9861073825503356,ATM,17.2,0.0555499999999999,0.0098545861297539,7.61218774970726,0.017029502795765684,3.207187749707261,3.207187749707261,72.80789443149288,72.80789443149288
2023-08-25,2023-09-29,CALL,440.79,446.0,4.85,4.88,4.865,1706,1712,35,0.0958904109589041,0.988318385650224,ATM,17.2,0.0555499999999999,0.0109080717488789,8.043077075207577,0.01803380510136228,3.178077075207577,3.178077075207577,65.32532528689778,65.32532528689778
2023-08-25,2023-09-29,CALL,440.79,445.0,5.35,5.38,5.365,2646,15186,35,0.0958904109589041,0.9905393258426964,ATM,17.2,0.0555499999999999,0.0120561797752808,8.49048896697272,0.019079750487579147,3.1254889669727195,3.1254889669727195,58.25701709175619,58.25701709175619
2023-08-25,2023-09-29,CALL,440.79,444.0,5.87,5.9,5.885,982,1462,35,0.0958904109589041,0.9927702702702702,ATM,17.2,0.0555499999999999,0.0132545045045045,8.954548784700847,0.02016790266824515,3.0695487847008476,3.0695487847008476,52.158857853880164,52.158857853880164
2023-08-25,2023-09-29,CALL,440.79,443.0,6.42,6.45,6.4350000000000005,479,3209,35,0.0958904109589041,0.9950112866817156,ATM,17.2,0.0555499999999999,0.0145259593679458,9.435353265315456,0.021298765835926537,3.0003532653154554,3.0003532653154554,46.62553636853854,46.62553636853854
2023-08-25,2023-09-29,CALL,440.79,442.0,6.99,7.03,7.01,330,891,35,0.0958904109589041,0.997262443438914,ATM,17.2,0.0555499999999999,0.0158597285067873,9.932969813268585,0.0224727823829606,2.922969813268585,2.922969813268585,41.69714426916669,41.69714426916669
2023-08-25,2023-09-29,CALL,440.79,441.0,7.59,7.62,7.605,563,6614,35,0.0958904109589041,0.9995238095238096,ATM,17.2,0.0555499999999999,0.0172448979591836,10.44743593929465,0.023690330928105782,2.842435939294649,2.842435939294649,37.37588348842405,37.37588348842405
2023-08-25,2023-09-29,CALL,440.79,450.0,3.17,3.19,3.18,4214,39553,35,0.0958904109589041,0.9795333333333331,ATM,17.2,0.0555499999999999,0.0070666666666666,6.416990999409705,0.014259979998688234,3.2369909994097052,3.2369909994097052,101.79216979275803,101.79216979275803
2023-08-25,2023-10-06,CALL,440.79,441.0,8.62,8.67,8.645,108,93,42,0.1150684931506849,0.9995238095238096,ATM,17.2,0.05548,0.0196031746031746,11.578918666064936,0.026256051396972645,2.933918666064937,2.933918666064937,33.93775206552848,33.93775206552848
2023-08-25,2023-09-29,CALL,440.79,461.0,0.71,0.72,0.715,283,4721,35,0.0958904109589041,0.9561605206073752,OTM,17.2,0.0555499999999999,0.0015509761388286,3.185668832108547,0.006910344538196414,2.4706688321085473,2.4706688321085473,345.5480884067898,345.5480884067898
2023-08-25,2023-09-29,CALL,440.79,460.0,0.82,0.84,0.83,1079,10827,35,0.0958904109589041,0.9582391304347824,OTM,17.2,0.0555499999999999,0.0018043478260869,3.4117301376654723,0.007416804647098853,2.581730137665472,2.581730137665472,311.05182381511713,311.05182381511713
2023-08-25,2023-09-29,CALL,440.79,459.0,0.96,0.97,0.965,216,1773,35,0.0958904109589041,0.9603267973856208,OTM,17.2,0.0555499999999999,0.0021023965141612,3.6502212833828764,0.007952551815648969,2.6852212833828766,2.6852212833828766,278.2612728894172,278.2612728894172
2023-08-25,2023-09-29,CALL,440.79,458.0,1.11,1.13,1.12,693,2823,35,0.0958904109589041,0.962423580786026,OTM,17.2,0.0555499999999999,0.0024454148471615,3.9015343888139853,0.008518634036711758,2.781534388813985,2.781534388813985,248.35128471553438,248.35128471553438
2023-08-25,2023-09-29,CALL,440.79,457.0,1.28,1.3,1.29,351,3383,35,0.0958904109589041,0.9645295404814004,OTM,17.2,0.0555499999999999,0.0028227571115973,4.16605270735397,0.0091160890751728,2.8760527073539697,2.8760527073539697,222.94982227550153,222.94982227550153
2023-08-25,2023-09-29,CALL,440.79,463.0,0.52,0.53,0.525,681,3702,35,0.0958904109589041,0.9520302375809936,OTM,17.2,0.0555499999999999,0.001133909287257,2.7692327331251363,0.005981064218412821,2.2442327331251364,2.2442327331251364,427.472901547645,427.472901547645
2023-08-25,2023-09-29,CALL,440.79,456.0,1.47,1.49,1.48,635,5494,35,0.0958904109589041,0.9666447368421052,OTM,17.2,0.0555499999999999,0.0032456140350877,4.4441489670833505,0.00974594071728805,2.9641489670833505,2.9641489670833505,200.2803356137399,200.2803356137399
2023-08-25,2023-09-29,CALL,440.79,464.0,0.44,0.46,0.45,292,2841,35,0.0958904109589041,0.949978448275862,OTM,17.2,0.0555499999999999,0.0009698275862068,2.5780439541368594,0.005556129211501852,2.128043954136859,2.128043954136859,472.89865647485755,472.89865647485755
2023-08-25,2023-10-06,CALL,440.79,434.0,13.14,13.63,13.385000000000002,103,1,42,0.1150684931506849,1.0156451612903226,ATM,17.2,0.05548,0.0308410138248847,15.630163128034496,0.03601420075583985,2.245163128034495,2.245163128034495,16.773725274818784,16.773725274818784
2023-08-25,2023-09-29,CALL,440.79,473.0,0.12,0.13,0.125,104,2409,35,0.0958904109589041,0.9319027484143764,OTM,17.2,0.0555499999999999,0.0002642706131078,1.2944423209394103,0.0027366645262989647,1.1694423209394103,1.1694423209394103,935.5538567515282,935.5538567515282
2023-08-25,2023-09-29,CALL,440.79,471.0,0.15,0.16,0.155,16,2088,35,0.0958904109589041,0.9358598726114647,OTM,17.2,0.0555499999999999,0.0003290870488322,1.5192501032367502,0.0032255840833052022,1.3642501032367502,1.3642501032367502,880.1613569269357,880.1613569269357
2023-08-25,2023-09-29,CALL,440.79,470.0,0.18,0.19,0.185,128,6619,35,0.0958904109589041,0.9378510638297872,OTM,17.2,0.0555499999999999,0.0003936170212765,1.643412647027617,0.0034966226532502486,1.4584126470276169,1.4584126470276169,788.3311605554686,788.3311605554686
2023-08-25,2023-09-29,CALL,440.79,469.0,0.21,0.22,0.215,40,1889,35,0.0958904109589041,0.9398507462686566,OTM,17.2,0.0555499999999999,0.00045842217484,1.7759348664637287,0.0037866415063192507,1.5609348664637286,1.5609348664637286,726.0162169598738,726.0162169598738
2023-08-25,2023-09-29,CALL,440.79,468.0,0.24,0.25,0.245,71,3192,35,0.0958904109589041,0.9418589743589744,OTM,17.2,0.0555499999999999,0.0005235042735042,1.9172151810851972,0.00409661363479743,1.672215181085197,1.672215181085197,682.536808606203,682.536808606203
2023-08-25,2023-09-29,CALL,440.79,467.0,0.28,0.29,0.285,594,2616,35,0.0958904109589041,0.9438758029978586,OTM,17.2,0.0555499999999999,0.000610278372591,2.067657203885844,0.004427531485836925,1.782657203885844,1.782657203885844,625.4937557494189,625.4937557494189
2023-08-25,2023-09-29,CALL,440.79,466.0,0.33,0.34,0.335,142,4766,35,0.0958904109589041,0.945901287553648,OTM,17.2,0.0555499999999999,0.0007188841201716,2.2276686446282525,0.004780404816798825,1.8926686446282526,1.8926686446282526,564.9757148144037,564.9757148144037
2023-08-25,2023-09-29,CALL,440.79,465.0,0.38,0.39,0.385,460,13267,35,0.0958904109589041,0.9479354838709676,OTM,17.2,0.0555499999999999,0.0008279569892473,2.397660131456547,0.005156258347218381,2.0126601314565473,2.0126601314565473,522.7688653133889,522.7688653133889
2023-08-25,2023-09-29,CALL,440.79,472.0,0.13,0.14,0.135,55,3576,35,0.0958904109589041,0.9338771186440676,OTM,17.2,0.0555499999999999,0.0002860169491525,1.4030550215155628,0.0029725741981261925,1.2680550215155628,1.2680550215155628,939.3000159374538,939.3000159374538
2023-08-25,2023-10-06,CALL,440.79,432.0,14.62,15.14,14.88,7,1,42,0.1150684931506849,1.020347222222222,ATM,17.2,0.05548,0.0344444444444444,16.922219394892466,0.03917180415484367,2.0422193948924647,2.0422193948924647,13.724592707610649,13.724592707610649
2023-08-25,2023-10-06,CALL,440.79,440.0,9.25,9.28,9.265,347,65,42,0.1150684931506849,1.0017954545454544,ATM,17.2,0.05548,0.0210568181818181,12.111966047931105,0.027527195563479784,2.8469660479311045,2.8469660479311045,30.728181844912083,30.728181844912083
2023-08-25,2023-10-06,CALL,440.79,439.0,9.89,9.94,9.915,208,23,42,0.1150684931506849,1.0040774487471524,ATM,17.2,0.05548,0.0225854214123006,12.660357772260056,0.028839083763690335,2.745357772260057,2.745357772260057,27.688933658699522,27.688933658699522
2023-08-25,2023-10-06,CALL,440.79,438.0,10.55,10.59,10.57,309,42,42,0.1150684931506849,1.0063698630136986,ATM,17.2,0.05548,0.0241324200913242,13.224050727802336,0.03019189663881812,2.6540507278023355,2.6540507278023355,25.109278408725977,25.109278408725977
2023-08-25,2023-10-06,CALL,440.79,437.5,10.89,10.94,10.915,22,7,42,0.1150684931506849,1.00752,ATM,17.2,0.05548,0.0249485714285714,13.5116153379401,0.030883692201005942,2.5966153379401007,2.5966153379401007,23.789421327898317,23.789421327898317
2023-08-25,2023-10-06,CALL,440.79,437.0,11.03,11.47,11.25,18,24,42,0.1150684931506849,1.0086727688787185,ATM,17.2,0.05548,0.0257437070938215,13.802978566368836,0.031585763309768505,2.552978566368836,2.552978566368836,22.69314281216743,22.69314281216743
2023-08-25,2023-10-06,CALL,440.79,436.0,11.72,12.18,11.95,28,3,42,0.1150684931506849,1.01098623853211,ATM,17.2,0.05548,0.0274082568807339,14.397051847421722,0.03302076111793973,2.447051847421722,2.447051847421722,20.47742131733659,20.47742131733659
2023-08-25,2023-10-06,CALL,440.79,435.0,12.43,12.9,12.665,69,8,42,0.1150684931506849,1.0133103448275862,ATM,17.2,0.05548,0.0291149425287356,15.006158289538064,0.03449691560813348,2.3411582895380647,2.3411582895380647,18.485260872783773,18.485260872783773
2023-08-25,2023-10-06,CALL,440.79,433.0,13.88,14.38,14.13,21,1,42,0.1150684931506849,1.0179907621247113,ATM,17.2,0.05548,0.0326327944572748,16.2689095772173,0.037572539439300924,2.1389095772172997,2.1389095772172997,15.137364311516627,15.137364311516627
2023-08-25,2023-09-29,CALL,440.79,455.0,1.69,1.71,1.7,2693,16934,35,0.0958904109589041,0.9687692307692308,OTM,17.2,0.0555499999999999,0.0037362637362637,4.736183701721188,0.010409194948837776,3.036183701721188,3.036183701721188,178.59904127771696,178.59904127771696
2023-08-25,2023-09-29,CALL,440.79,454.0,1.93,1.95,1.94,693,4624,35,0.0958904109589041,0.9709030837004404,ATM,17.2,0.0555499999999999,0.0042731277533039,5.042503582985688,0.01110683608587156,3.102503582985688,3.102503582985688,159.92286510235508,159.92286510235508
2023-08-25,2023-09-29,CALL,440.79,453.0,2.2,2.22,2.21,966,6957,35,0.0958904109589041,0.973046357615894,ATM,17.2,0.0555499999999999,0.0048785871964679,5.363439766145234,0.011839822883322812,3.153439766145234,3.153439766145234,142.68958217851738,142.68958217851738
2023-08-25,2023-10-20,CALL,440.79,409.0,35.69,36.48,36.085,1,42,56,0.1534246575342465,1.077726161369193,ITM,17.2,0.05534,0.0882273838630806,36.72761303312751,0.08979856487317239,0.6426130331275104,0.6426130331275104,1.7808314621796049,1.7808314621796049
2023-08-25,2023-10-20,CALL,440.79,408.0,36.56,37.39,36.975,2,11,56,0.1534246575342465,1.0803676470588237,ITM,17.2,0.05534,0.090625,37.60914584272251,0.09217927902628066,0.6341458427225106,0.6341458427225106,1.7150665117579733,1.7150665117579733
2023-08-25,2023-10-06,CALL,440.79,450.0,4.0,4.04,4.02,171,350,42,0.1150684931506849,0.9795333333333331,ATM,17.2,0.05548,0.0089333333333333,7.467727779098794,0.016594950620219543,3.447727779098795,3.447727779098795,85.7643726143979,85.7643726143979
2023-08-25,2023-10-06,CALL,440.79,449.0,4.41,4.45,4.43,70,2,42,0.1150684931506849,0.9817149220489976,ATM,17.2,0.05548,0.0098663697104677,7.8645072203694895,0.017515606281446525,3.4345072203694897,3.4345072203694897,77.52837969231354,77.52837969231354
2023-08-25,2023-10-06,CALL,440.79,448.0,4.85,4.89,4.869999999999999,14,10,42,0.1150684931506849,0.98390625,ATM,17.2,0.05548,0.0108705357142857,8.276000905752824,0.01847321630748398,3.4060009057528244,3.4060009057528244,69.93841695591016,69.93841695591016
2023-08-25,2023-10-06,CALL,440.79,447.5,5.08,5.12,5.1,9,193,42,0.1150684931506849,0.9850055865921789,ATM,17.2,0.05548,0.0113966480446927,8.487314975607603,0.018966066984597997,3.3873149756076035,3.3873149756076035,66.41794069818832,66.41794069818832
2023-08-25,2023-10-06,CALL,440.79,447.0,5.32,5.36,5.34,15,7,42,0.1150684931506849,0.9861073825503356,ATM,17.2,0.05548,0.0119463087248322,8.702364397478163,0.01946837672813907,3.3623643974781636,3.3623643974781636,62.96562542093939,62.96562542093939
2023-08-25,2023-10-06,CALL,440.79,446.0,5.81,5.85,5.83,58,10,42,0.1150684931506849,0.988318385650224,ATM,17.2,0.05548,0.0130717488789237,9.143733257572904,0.02050164407527557,3.3137332575729044,3.3137332575729044,56.83933546437229,56.83933546437229
2023-08-25,2023-10-06,CALL,440.79,445.0,6.33,6.36,6.345000000000001,518,50,42,0.1150684931506849,0.9905393258426964,ATM,17.2,0.05548,0.0142584269662921,9.600222326002665,0.021573533316859923,3.2552223260026647,3.2552223260026647,51.303740362532146,51.303740362532146
2023-08-25,2023-10-06,CALL,440.79,444.0,6.87,6.9,6.885,131,19,42,0.1150684931506849,0.9927702702702702,ATM,17.2,0.05548,0.0155067567567567,10.071925078392837,0.02268451594232621,3.1869250783928376,3.1869250783928376,46.28794594615596,46.28794594615596
2023-08-25,2023-10-06,CALL,440.79,443.0,7.43,7.48,7.455,32,10,42,0.1150684931506849,0.9950112866817156,ATM,17.2,0.05548,0.0168284424379232,10.558913068880344,0.02383501821417685,3.1039130688803436,3.1039130688803436,41.63531950208375,41.63531950208375
2023-08-25,2023-10-06,CALL,440.79,442.5,7.72,7.77,7.744999999999999,20,6,42,0.1150684931506849,0.996135593220339,ATM,17.2,0.05548,0.017502824858757,10.80815527807917,0.024425209667975525,3.0631552780791704,3.0631552780791704,39.55010042710356,39.55010042710356
2023-08-25,2023-10-06,CALL,440.79,451.0,3.61,3.65,3.63,226,106,42,0.1150684931506849,0.977361419068736,ATM,17.2,0.05548,0.0080487804878048,7.08548781494963,0.01571061599767102,3.45548781494963,3.45548781494963,95.19250178924601,95.19250178924601
2023-08-25,2023-10-06,CALL,440.79,442.0,8.01,8.05,8.030000000000001,94,11,42,0.1150684931506849,0.997262443438914,ATM,17.2,0.05548,0.0181674208144796,11.061235463141088,0.025025419599866715,3.031235463141087,3.031235463141087,37.74888497062374,37.74888497062374
2023-08-25,2023-10-06,CALL,440.79,452.5,3.09,3.12,3.105,2,17,42,0.1150684931506849,0.974121546961326,ATM,17.2,0.05548,0.0068618784530386,6.538962172786597,0.01445074513323005,3.433962172786597,3.433962172786597,110.59459493676641,110.59459493676641
2023-08-25,2023-10-20,CALL,440.79,402.0,42.03,42.89,42.46,2,51,56,0.1534246575342465,1.0964925373134329,ITM,17.2,0.05534,0.1056218905472636,43.028702426242205,0.10703657319960748,0.5687024262422042,0.5687024262422042,1.3393839525252103,1.3393839525252103
2023-08-25,2023-10-06,CALL,440.79,475.0,0.15,0.17,0.16,62,146,42,0.1150684931506849,0.927978947368421,OTM,17.2,0.05548,0.0003368421052631,1.5813821361343585,0.0033292255497565444,1.4213821361343586,1.4213821361343586,888.3638350839741,888.3638350839741
2023-08-25,2023-10-20,CALL,440.79,424.0,22.77,23.39,23.08,13,295,56,0.1534246575342465,1.0395990566037736,ITM,17.2,0.05534,0.0544339622641509,24.500012185804962,0.057783047608030574,1.4200121858049641,1.4200121858049641,6.152565796381994,6.152565796381994
2023-08-25,2023-10-20,CALL,440.79,425.0,22.09,22.38,22.235,504,12772,56,0.1534246575342465,1.0371529411764706,ITM,17.2,0.05534,0.0523176470588235,23.76373297065777,0.0559146658133124,1.5287329706577708,1.5287329706577708,6.875345044559348,6.875345044559348
2023-08-25,2023-10-20,CALL,440.79,426.0,21.17,21.6,21.385,186,480,56,0.1534246575342465,1.0347183098591548,ITM,17.2,0.05534,0.0501995305164319,23.03875420543244,0.054081582641860186,1.6537542054324383,1.6537542054324383,7.733243887923488,7.733243887923488
2023-08-25,2023-10-20,CALL,440.79,427.0,20.54,20.78,20.66,4,373,56,0.1534246575342465,1.032295081967213,ITM,17.2,0.05534,0.0483840749414519,22.325294352620574,0.05228406171573905,1.665294352620574,1.665294352620574,8.060476053342565,8.060476053342565
2023-08-25,2023-09-29,CALL,440.79,452.0,2.49,2.51,2.5,8202,2580,35,0.0958904109589041,0.9751991150442476,ATM,17.2,0.0555499999999999,0.0055309734513274,5.69930626093344,0.012609084648082832,3.19930626093344,3.19930626093344,127.9722504373376,127.9722504373376
2023-08-25,2023-09-29,CALL,440.79,451.0,2.81,2.84,2.825,1192,2157,35,0.0958904109589041,0.977361419068736,ATM,17.2,0.0555499999999999,0.0062638580931263,6.050398340272864,0.013415517384197037,3.2253983402728634,3.2253983402728634,114.17339257603057,114.17339257603057
2023-08-25,2023-09-29,CALL,440.79,440.0,8.21,8.24,8.225000000000001,2424,13883,35,0.0958904109589041,1.0017954545454544,ATM,17.2,0.0555499999999999,0.0186931818181818,10.978758854315032,0.0249517246688978,2.7537588543150306,2.7537588543150306,33.480350812340795,33.480350812340795
2023-08-25,2023-10-20,CALL,440.79,420.0,26.19,26.67,26.43,100,11305,56,0.1534246575342465,1.0495,ITM,17.2,0.05534,0.0629285714285714,27.55343275760066,0.06560341132762063,1.1234327576006606,1.1234327576006606,4.250596888386911,4.250596888386911
2023-08-25,2023-10-20,CALL,440.79,419.0,26.93,27.63,27.28,11,3,56,0.1534246575342465,1.0520047732696896,ITM,17.2,0.05534,0.0651073985680191,28.342615549389507,0.06764347386489142,1.0626155493895055,1.0626155493895055,3.8952182895509733,3.8952182895509733
2023-08-25,2023-10-20,CALL,440.79,418.0,27.78,28.5,28.14,2,8,56,0.1534246575342465,1.0545215311004783,ITM,17.2,0.05534,0.0673205741626794,29.141604957034815,0.06971675827041822,1.0016049570348144,1.0016049570348144,3.559363742127983,3.559363742127983
2023-08-25,2023-10-20,CALL,440.79,417.0,28.63,29.36,28.995,2,13,56,0.1534246575342465,1.05705035971223,ITM,17.2,0.05534,0.0695323741007194,29.95012831042868,0.0718228496652966,0.9551283104286803,0.9551283104286803,3.2941138486934998,3.2941138486934998
2023-08-25,2023-10-20,CALL,440.79,416.0,29.49,30.24,29.865,1,21,56,0.1534246575342465,1.059591346153846,ITM,17.2,0.05534,0.0717908653846153,30.76790820457603,0.0739613177994616,0.9029082045760326,0.9029082045760326,3.023298860124,3.023298860124
2023-08-25,2023-09-29,CALL,440.79,405.0,37.34,38.28,37.81,3,1101,35,0.0958904109589041,1.0883703703703702,ITM,17.2,0.0555499999999999,0.093358024691358,38.36211499130053,0.0947212715834581,0.5521149913005274,0.5521149913005274,1.460235364455243,1.460235364455243
2023-08-25,2023-10-20,CALL,440.79,415.0,30.36,31.12,30.74,5,9565,56,0.1534246575342465,1.0621445783132528,ITM,17.2,0.05534,0.0740722891566265,31.594663279367012,0.07613171874546268,0.8546632793670135,0.8546632793670135,2.780296940035828,2.780296940035828
2023-08-25,2023-10-20,CALL,440.79,410.0,34.77,35.57,35.17,98,2466,56,0.1534246575342465,1.0750975609756095,ITM,17.2,0.05534,0.085780487804878,35.853039591357344,0.08744643802770084,0.6830395913573426,0.6830395913573426,1.9421085907231805,1.9421085907231805
2023-08-25,2023-10-20,CALL,440.79,421.0,25.25,25.9,25.575,1,2118,56,0.1534246575342465,1.0470071258907363,ITM,17.2,0.05534,0.0607482185273159,26.774323740484192,0.06359696850471304,1.1993237404841928,1.1993237404841928,4.689437890456277,4.689437890456277
2023-08-25,2023-10-20,CALL,440.79,422.0,24.42,25.05,24.735,4,42,56,0.1534246575342465,1.0445260663507108,ITM,17.2,0.05534,0.0586137440758293,26.005549376419367,0.061624524588671487,1.2705493764193676,1.2705493764193676,5.136645952776906,5.136645952776906
2023-08-25,2023-10-20,CALL,440.79,432.0,16.74,16.84,16.79,94,198,56,0.1534246575342465,1.020347222222222,ATM,17.2,0.05534,0.0388657407407407,18.937654590587954,0.04383716340413878,2.1476545905879547,2.1476545905879547,12.79127212976745,12.79127212976745
2023-08-25,2023-10-20,CALL,440.79,431.0,17.44,17.66,17.55,15,173,56,0.1534246575342465,1.0227146171693735,ATM,17.2,0.05534,0.0407192575406032,19.590632164523868,0.04545390293393009,2.040632164523867,2.040632164523867,11.627533700990694,11.627533700990694
2023-08-25,2023-10-20,CALL,440.79,430.0,18.27,18.37,18.32,1795,16204,56,0.1534246575342465,1.025093023255814,ATM,17.2,0.05534,0.0426046511627907,20.256051310672717,0.0471070960713319,1.9360513106727169,1.9360513106727169,10.5679656696109,10.5679656696109
2023-08-25,2023-10-20,CALL,440.79,429.0,18.97,19.2,19.085,2,124,56,0.1534246575342465,1.0274825174825173,ATM,17.2,0.05534,0.0444871794871794,20.933751974726363,0.0487966246497118,1.8487519747263619,1.8487519747263619,9.686937252954475,9.686937252954475
2023-08-25,2023-10-20,CALL,440.79,428.0,19.75,19.96,19.855,2,36,56,0.1534246575342465,1.0298831775700934,ATM,17.2,0.05534,0.0463901869158878,21.623561345504413,0.05052233959230003,1.7685613455044127,1.7685613455044127,8.90738527073489,8.90738527073489
2023-08-25,2023-10-20,CALL,440.79,413.0,32.11,32.88,32.495000000000005,1,15,56,0.1534246575342465,1.0672881355932202,ITM,17.2,0.05534,0.0786803874092009,33.27395842613771,0.08056648529331165,0.7789584261377058,0.7789584261377058,2.39716395180091,2.39716395180091
2023-08-25,2023-09-22,CALL,440.79,468.0,0.13,0.14,0.135,31,270,28,0.0767123287671232,0.9418589743589744,OTM,17.2,0.0556,0.0002884615384615,1.293162594264011,0.002763167936461562,1.158162594264011,1.158162594264011,857.8982179733415,857.8982179733415
2023-08-25,2023-09-22,CALL,440.79,467.0,0.15,0.16,0.155,22,121,28,0.0767123287671232,0.9438758029978586,OTM,17.2,0.0556,0.0003319057815845,1.4138247876768517,0.003027462072113173,1.2588247876768517,1.2588247876768517,812.1450243076463,812.1450243076463
2023-08-25,2023-09-22,CALL,440.79,466.0,0.18,0.19,0.185,48,386,28,0.0767123287671232,0.945901287553648,OTM,17.2,0.0556,0.0003969957081545,1.5437393881030559,0.003312745468032309,1.3587393881030558,1.3587393881030558,734.4537232989492,734.4537232989492
2023-08-25,2023-10-20,CALL,440.79,462.0,1.8,1.82,1.81,5550,7327,56,0.1534246575342465,0.954090909090909,OTM,17.2,0.05534,0.0039177489177489,5.345146567611451,0.0115695813151763,3.535146567611451,3.535146567611451,195.3119650614061,195.3119650614061
2023-08-25,2023-10-20,CALL,440.79,461.0,2.01,2.03,2.02,517,3972,56,0.1534246575342465,0.9561605206073752,OTM,17.2,0.05534,0.0043817787418655,5.620684390119692,0.012192373948198897,3.600684390119692,3.600684390119692,178.25170248117286,178.25170248117286
2023-08-25,2023-10-20,CALL,440.79,460.0,2.23,2.25,2.24,3870,24646,56,0.1534246575342465,0.9582391304347824,OTM,17.2,0.05534,0.0048695652173913,5.907029399210273,0.012841368259152768,3.667029399210273,3.667029399210273,163.70666960760147,163.70666960760147
2023-08-25,2023-10-20,CALL,440.79,459.0,2.47,2.49,2.4800000000000004,368,2624,56,0.1534246575342465,0.9603267973856208,OTM,17.2,0.05534,0.0054030501089324,6.204401233525232,0.01351721401639484,3.7244012335252314,3.7244012335252314,150.1774690937593,150.1774690937593
2023-08-25,2023-10-20,CALL,440.79,458.0,2.74,2.76,2.75,835,6434,56,0.1534246575342465,0.962423580786026,OTM,17.2,0.05534,0.006004366812227,6.513012768232727,0.014220551895704644,3.763012768232727,3.763012768232727,136.83682793573553,136.83682793573553
2023-08-25,2023-10-20,CALL,440.79,474.0,0.44,0.46,0.45,214,4563,56,0.1534246575342465,0.9299367088607594,OTM,17.2,0.05534,0.0009493670886075,2.795232670461388,0.005897115338526136,2.345232670461388,2.345232670461388,521.1628156580862,521.1628156580862
2023-08-25,2023-10-20,CALL,440.79,475.0,0.39,0.41,0.4,578,20313,56,0.1534246575342465,0.927978947368421,OTM,17.2,0.05534,0.0008421052631578,2.6382660211469187,0.005554244255046145,2.2382660211469187,2.2382660211469187,559.5665052867296,559.5665052867296
2023-08-25,2023-11-17,CALL,440.79,410.0,38.12,38.85,38.485,5,117,84,0.2301369863013698,1.0750975609756095,ITM,17.2,0.0559193548387096,0.0938658536585365,38.754020943918135,0.09452200230223935,0.2690209439181359,0.2690209439181359,0.6990280470784356,0.6990280470784356
2023-08-25,2023-10-20,CALL,440.79,486.0,0.12,0.13,0.125,3,1528,56,0.1534246575342465,0.9069753086419752,OTM,17.2,0.05534,0.0002572016460905,1.3446596197621403,0.0027667893410743627,1.2196596197621403,1.2196596197621403,975.7276958097123,975.7276958097123
2023-08-25,2023-10-20,CALL,440.79,485.0,0.13,0.14,0.135,55,11171,56,0.1534246575342465,0.9088453608247422,OTM,17.2,0.05534,0.0002783505154639,1.4337617964967606,0.0029562098896840426,1.2987617964967606,1.2987617964967606,962.0457751827855,962.0457751827855
2023-08-25,2023-10-20,CALL,440.79,484.0,0.15,0.16,0.155,11,1627,56,0.1534246575342465,0.9107231404958676,OTM,17.2,0.05534,0.0003202479338842,1.5278876792197593,0.00315679272566066,1.3728876792197593,1.3728876792197593,885.7339865933931,885.7339865933931
2023-08-25,2023-10-20,CALL,440.79,482.0,0.18,0.19,0.185,223,1544,56,0.1534246575342465,0.9145020746887966,OTM,17.2,0.05534,0.0003838174273858,1.732081863510416,0.0035935308371585397,1.547081863510416,1.547081863510416,836.2604667623871,836.2604667623871
2023-08-25,2023-10-20,CALL,440.79,480.0,0.22,0.23,0.225,330,20513,56,0.1534246575342465,0.9183125,OTM,17.2,0.05534,0.00046875,1.9590302031157734,0.004081312923157861,1.7340302031157733,1.7340302031157733,770.680090273677,770.680090273677
2023-08-25,2023-10-20,CALL,440.79,478.0,0.28,0.29,0.285,119,3367,56,0.1534246575342465,0.9221548117154812,OTM,17.2,0.05534,0.0005962343096234,2.2105879354720273,0.0046246609528703495,1.9255879354720273,1.9255879354720273,675.6448896393078,675.6448896393078
2023-08-25,2023-10-20,CALL,440.79,476.0,0.35,0.36,0.355,479,11028,56,0.1534246575342465,0.9260294117647058,OTM,17.2,0.05534,0.0007457983193277,2.488668462086963,0.00522829508841799,2.133668462086963,2.133668462086963,601.0333696019615,601.0333696019615
2023-08-25,2023-10-20,CALL,440.79,457.0,3.02,3.04,3.03,1192,2095,56,0.1534246575342465,0.9645295404814004,OTM,17.2,0.05534,0.0066301969365426,6.833069479637118,0.014952011990453212,3.803069479637118,3.803069479637118,125.51384421244613,125.51384421244613
2023-08-25,2023-10-20,CALL,440.79,456.0,3.32,3.35,3.335,1037,7193,56,0.1534246575342465,0.9666447368421052,OTM,17.2,0.05534,0.007313596491228,7.164768815541038,0.015712212314782977,3.829768815541038,3.829768815541038,114.83564664290968,114.83564664290968
2023-08-25,2023-10-20,CALL,440.79,463.0,1.62,1.63,1.625,215,2031,56,0.1534246575342465,0.9520302375809936,OTM,17.2,0.05534,0.0035097192224622,5.080190167854539,0.01097233297592773,3.455190167854539,3.455190167854539,212.62708725258702,212.62708725258702
2023-08-25,2023-10-20,CALL,440.79,443.0,9.31,9.35,9.33,591,5562,56,0.1534246575342465,0.9950112866817156,ATM,17.2,0.05534,0.0210609480812641,12.607926311382641,0.02846033027400145,3.2779263113826413,3.2779263113826413,35.133186617177294,35.133186617177294
2023-08-25,2023-10-20,CALL,440.79,472.0,0.56,0.58,0.5700000000000001,259,4220,56,0.1534246575342465,0.9338771186440676,OTM,17.2,0.05534,0.001207627118644,3.1322766291427513,0.006636179299031253,2.562276629142751,2.562276629142751,449.52221563907915,449.52221563907915
2023-08-25,2023-10-20,CALL,440.79,465.0,1.29,1.31,1.3,1351,21909,56,0.1534246575342465,0.9479354838709676,OTM,17.2,0.05534,0.0027956989247311,4.58109178323393,0.009851810286524581,3.28109178323393,3.28109178323393,252.3916756333792,252.3916756333792
2023-08-25,2023-12-15,CALL,440.79,485.0,1.18,1.21,1.1949999999999998,107,8166,112,0.3068493150684931,0.9088453608247422,OTM,17.2,0.0559645161290322,0.0024639175257731,5.0378931697244695,0.01038740859737004,3.8428931697244697,3.8428931697244697,321.58101838698497,321.58101838698497
2023-08-25,2023-12-15,CALL,440.79,487.0,1.01,1.03,1.02,3,2573,112,0.3068493150684931,0.9051129363449693,OTM,17.2,0.0559645161290322,0.002094455852156,4.671903215803752,0.009593230422594974,3.651903215803752,3.651903215803752,358.0297270395835,358.0297270395835
2023-08-25,2023-09-01,CALL,238.33,237.5,6.2,6.3,6.25,24423,3543,7,0.0191780821917808,1.0034947368421052,ATM,17.2,0.0556,0.0263157894736842,2.842290242683845,0.011967537863931978,-3.407709757316155,3.407709757316155,-54.52335611705848,54.52335611705848
2023-08-25,2023-09-01,CALL,238.33,235.0,7.65,7.7,7.675000000000001,36112,5606,7,0.0191780821917808,1.014170212765957,ATM,17.2,0.0556,0.0326595744680851,4.477060057066069,0.019051319391770506,-3.1979399429339317,3.1979399429339317,-41.66696994050725,41.66696994050725
2023-08-25,2023-09-01,CALL,238.33,232.5,9.25,9.3,9.275,13139,2920,7,0.0191780821917808,1.0250752688172042,ATM,17.2,0.0556,0.0398924731182795,6.474235780974794,0.027846175402042126,-2.800764219025206,2.800764219025206,-30.196918803506264,30.196918803506264
2023-08-25,2023-09-01,CALL,238.33,230.0,11.0,11.1,11.05,50173,6061,7,0.0191780821917808,1.0362173913043478,ITM,17.2,0.0556,0.0480434782608695,8.724692245619565,0.03793344454617202,-2.325307754380436,2.325307754380436,-21.043509089415707,21.043509089415707
2023-08-25,2023-09-01,CALL,238.33,227.5,12.9,13.0,12.95,3377,2103,7,0.0191780821917808,1.0476043956043954,ITM,17.2,0.0556,0.0569230769230769,11.119872573662917,0.04887856076335348,-1.8301274263370821,1.8301274263370821,-14.132258118433068,14.132258118433068
2023-08-25,2023-09-01,CALL,238.33,225.0,14.95,15.05,15.0,3075,3581,7,0.0191780821917808,1.0592444444444444,ITM,17.2,0.0556,0.0666666666666666,13.582244681269088,0.0603655319167515,-1.4177553187309115,1.4177553187309115,-9.451702124872744,9.451702124872744
2023-08-25,2023-09-01,CALL,238.33,222.5,17.05,17.15,17.1,1516,1063,7,0.0191780821917808,1.0711460674157305,ITM,17.2,0.0556,0.0768539325842696,16.06980061727984,0.0722238229990105,-1.0301993827201628,1.0301993827201628,-6.024557793685162,6.024557793685162
2023-08-25,2023-09-01,CALL,238.33,220.0,19.3,19.4,19.35,1718,2800,7,0.0191780821917808,1.0833181818181818,ITM,17.2,0.0556,0.0879545454545454,18.56492531806296,0.08438602417301345,-0.78507468193704,0.78507468193704,-4.057233498382636,4.057233498382636
2023-08-25,2023-09-01,CALL,238.33,217.5,21.55,21.7,21.625,862,871,7,0.0191780821917808,1.0957701149425287,ITM,17.2,0.0556,0.0994252873563218,21.061861199206106,0.09683614344462578,-0.5631388007938938,0.5631388007938938,-2.6041100614746533,2.6041100614746533
2023-08-25,2023-12-15,CALL,440.79,489.0,0.86,0.88,0.87,455,2557,112,0.3068493150684931,0.9014110429447852,OTM,17.2,0.0559645161290322,0.0017791411042944,4.328181576937652,0.008851087069402151,3.458181576937652,3.458181576937652,397.4921352801899,397.4921352801899
2023-08-25,2023-12-15,CALL,440.79,488.0,0.93,0.95,0.94,369,1997,112,0.3068493150684931,0.9032581967213114,OTM,17.2,0.0559645161290322,0.0019262295081967,4.497319337808975,0.009215818315182325,3.5573193378089747,3.5573193378089747,378.43822742648666,378.43822742648666
2023-08-25,2023-12-15,CALL,440.79,486.0,1.09,1.11,1.1,543,1989,112,0.3068493150684931,0.9069753086419752,OTM,17.2,0.0559645161290322,0.0022633744855967,4.852054098826031,0.00998365040910706,3.7520540988260307,3.7520540988260307,341.0958271660028,341.0958271660028
2023-08-25,2023-10-20,CALL,440.79,470.0,0.72,0.73,0.725,3025,21758,56,0.1534246575342465,0.9378510638297872,OTM,17.2,0.05534,0.0015425531914893,3.5018176996742767,0.00745067595675378,2.7768176996742766,2.7768176996742766,383.0093378861071,383.0093378861071
2023-08-25,2023-10-20,CALL,440.79,468.0,0.91,0.93,0.92,453,4658,56,0.1534246575342465,0.9418589743589744,OTM,17.2,0.05534,0.0019658119658119,3.9058791475894026,0.00834589561450727,2.9858791475894026,2.9858791475894026,324.5520812597177,324.5520812597177
2023-08-25,2023-10-20,CALL,440.79,466.0,1.15,1.17,1.16,449,5473,56,0.1534246575342465,0.945901287553648,OTM,17.2,0.05534,0.002489270386266,4.346473375149017,0.009327196084010766,3.186473375149017,3.186473375149017,274.6959806162946,274.6959806162946
2023-08-25,2023-10-20,CALL,440.79,464.0,1.45,1.46,1.455,310,6067,56,0.1534246575342465,0.949978448275862,OTM,17.2,0.05534,0.0031357758620689,4.825583940238332,0.01039996538844468,3.3705839402383315,3.3705839402383315,231.6552536246276,231.6552536246276
2023-08-25,2023-10-20,CALL,440.79,442.0,9.91,9.95,9.93,1713,5939,56,0.1534246575342465,0.997262443438914,ATM,17.2,0.05534,0.0224660633484162,13.11748990595484,0.02967757897274851,3.187489905954841,3.187489905954841,32.09959623318068,32.09959623318068
2023-08-25,2023-10-20,CALL,440.79,441.0,10.54,10.57,10.555,726,3236,56,0.1534246575342465,0.9995238095238096,ATM,17.2,0.05534,0.0239342403628117,13.640318411216782,0.030930427236319235,3.0853184112167824,3.0853184112167824,29.230870783673918,29.230870783673918
2023-08-25,2023-10-20,CALL,440.79,440.0,11.17,11.2,11.185,3155,17456,56,0.1534246575342465,1.0017954545454544,ATM,17.2,0.05534,0.0254204545454545,14.176411333307527,0.03221911666660802,2.9914113333075267,2.9914113333075267,26.744848755543376,26.744848755543376
2023-08-25,2023-11-17,CALL,440.79,448.0,10.02,10.07,10.045,153,1360,84,0.2301369863013698,0.98390625,ATM,17.2,0.0559193548387096,0.022421875,13.801349052293375,0.030806582706011998,3.756349052293375,3.756349052293375,37.395212068624936,37.395212068624936
2023-08-25,2023-11-17,CALL,440.79,446.0,11.16,11.2,11.18,335,1985,84,0.2301369863013698,0.988318385650224,ATM,17.2,0.0559193548387096,0.025067264573991,14.745399893586239,0.0330614347389826,3.565399893586239,3.565399893586239,31.89087561347262,31.89087561347262
2023-08-25,2023-11-17,CALL,440.79,445.0,11.75,11.79,11.77,2606,14483,84,0.2301369863013698,0.9905393258426964,ATM,17.2,0.0559193548387096,0.0264494382022471,15.233453241212658,0.03423247919373631,3.463453241212658,3.463453241212658,29.426110800447397,29.426110800447397
2023-08-25,2023-11-17,CALL,440.79,444.0,12.35,12.39,12.37,115,5778,84,0.2301369863013698,0.9927702702702702,ATM,17.2,0.0559193548387096,0.0278603603603603,15.732231973727892,0.03543295489578354,3.3622319737278925,3.3622319737278925,27.18053333652298,27.18053333652298
2023-08-25,2023-11-17,CALL,440.79,458.0,5.36,5.4,5.380000000000001,329,2815,84,0.2301369863013698,0.962423580786026,OTM,17.2,0.0559193548387096,0.0117467248908296,9.707663036616964,0.02119577082230778,4.327663036616963,4.327663036616963,80.43983339436734,80.43983339436734
2023-08-25,2023-11-17,CALL,440.79,460.0,4.65,4.68,4.665,2568,17901,84,0.2301369863013698,0.9582391304347824,OTM,17.2,0.0559193548387096,0.010141304347826,9.009673898614011,0.019586247605682634,4.344673898614011,4.344673898614011,93.13341690490913,93.13341690490913
2023-08-25,2023-12-15,CALL,440.79,405.0,45.24,46.13,45.685,1,6480,112,0.3068493150684931,1.0883703703703702,ITM,17.2,0.0559645161290322,0.1128024691358024,45.5941079578547,0.11257804434038199,-0.090892042145299,0.090892042145299,-0.19895379696902485,0.19895379696902485
2023-08-25,2023-11-17,CALL,440.79,485.0,0.52,0.54,0.53,56,7691,84,0.2301369863013698,0.9088453608247422,OTM,17.2,0.0559193548387096,0.0010927835051546,3.1420702024041276,0.006478495262688923,2.6120702024041274,2.6120702024041274,492.8434344158731,492.8434344158731
2023-08-25,2023-11-17,CALL,440.79,480.0,0.83,0.85,0.84,126,21268,84,0.2301369863013698,0.9183125,OTM,17.2,0.0559193548387096,0.00175,3.948928327166371,0.00822693401492994,3.108928327166371,3.108928327166371,370.1105151388537,370.1105151388537
2023-08-25,2023-11-17,CALL,440.79,475.0,1.33,1.35,1.34,162,12417,84,0.2301369863013698,0.927978947368421,OTM,17.2,0.0559193548387096,0.0028210526315789,4.91891214210267,0.010355604509689831,3.57891214210267,3.57891214210267,267.0829956793037,267.0829956793037
2023-08-25,2023-11-17,CALL,440.79,470.0,2.08,2.1,2.09,963,3112,84,0.2301369863013698,0.9378510638297872,OTM,17.2,0.0559193548387096,0.0044468085106382,6.072561027829806,0.012920342612403843,3.9825610278298065,3.9825610278298065,190.55315922630655,190.55315922630655
2023-08-25,2023-11-17,CALL,440.79,465.0,3.17,3.19,3.18,1627,16464,84,0.2301369863013698,0.9479354838709676,OTM,17.2,0.0559193548387096,0.0068387096774193,7.429906395523744,0.015978293323706975,4.249906395523745,4.249906395523745,133.64485520514918,133.64485520514918
2023-08-25,2023-11-17,CALL,440.79,464.0,3.43,3.45,3.4400000000000004,1190,1625,84,0.2301369863013698,0.949978448275862,OTM,17.2,0.0559193548387096,0.0074137931034482,7.727499374524427,0.016654093479578507,4.287499374524427,4.287499374524427,124.63660972454727,124.63660972454727
2023-08-25,2023-11-17,CALL,440.79,462.0,4.0,4.03,4.015000000000001,1137,6446,84,0.2301369863013698,0.954090909090909,OTM,17.2,0.0559193548387096,0.0086904761904761,8.349957413773438,0.018073500895613503,4.334957413773438,4.334957413773438,107.96905140158,107.96905140158
2023-08-25,2023-11-17,CALL,440.79,442.0,13.59,13.65,13.62,232,5430,84,0.2301369863013698,0.997262443438914,ATM,17.2,0.0559193548387096,0.030814479638009,16.762038848601463,0.03792316481584041,3.142038848601464,3.142038848601464,23.06930138473909,23.06930138473909
2023-08-25,2023-11-17,CALL,440.79,440.0,14.89,14.94,14.915,1366,13015,84,0.2301369863013698,1.0017954545454544,ATM,17.2,0.0559193548387096,0.0338977272727272,17.83488713427772,0.04053383439608573,2.9198871342777224,2.9198871342777224,19.576849710209338,19.576849710209338
2023-08-25,2023-11-17,CALL,440.79,427.0,24.21,24.44,24.325000000000003,2,70,84,0.2301369863013698,1.032295081967213,ITM,17.2,0.0559193548387096,0.0569672131147541,25.840878339802998,0.06051727948431616,1.5158783398029954,1.5158783398029954,6.231771181101728,6.231771181101728
2023-08-25,2023-11-17,CALL,440.79,450.0,8.96,9.0,8.98,1796,15423,84,0.2301369863013698,0.9795333333333331,ATM,17.2,0.0559193548387096,0.0199555555555555,12.89976235799827,0.02866613857332949,3.9197623579982697,3.9197623579982697,43.64991489975801,43.64991489975801
2023-08-25,2023-11-17,CALL,440.79,452.0,7.95,7.99,7.970000000000001,391,255,84,0.2301369863013698,0.9751991150442476,ATM,17.2,0.0559193548387096,0.0176327433628318,12.040203588155663,0.02663761855786651,4.070203588155662,4.070203588155662,51.069053803709686,51.069053803709686
2023-08-25,2023-11-17,CALL,440.79,454.0,7.02,7.06,7.039999999999999,85,462,84,0.2301369863013698,0.9709030837004404,ATM,17.2,0.0559193548387096,0.0155066079295154,11.222122711019693,0.024718331962598445,4.182122711019694,4.182122711019694,59.40515214516613,59.40515214516613
2023-08-25,2023-11-17,CALL,440.79,455.0,6.58,6.62,6.6,883,8856,84,0.2301369863013698,0.9687692307692308,OTM,17.2,0.0559193548387096,0.0145054945054945,10.82843497406816,0.023798758184765186,4.2284349740681595,4.2284349740681595,64.06719657679031,64.06719657679031
2023-08-25,2023-10-20,CALL,440.79,439.0,11.82,11.86,11.84,710,1801,56,0.1534246575342465,1.0040774487471524,ATM,17.2,0.05534,0.0269703872437357,14.725753145524777,0.033543856823518854,2.8857531455247774,2.8857531455247774,24.372915080445754,24.372915080445754
2023-08-25,2023-10-20,CALL,440.79,438.0,12.49,12.54,12.515,1492,2536,56,0.1534246575342465,1.0063698630136986,ATM,17.2,0.05534,0.0285730593607305,15.288313238779551,0.03490482474607203,2.7733132387795507,2.7733132387795507,22.159914013420302,22.159914013420302
2023-08-25,2023-10-20,CALL,440.79,437.0,13.15,13.23,13.19,1388,1907,56,0.1534246575342465,1.0086727688787185,ATM,17.2,0.05534,0.030183066361556,15.86404592340105,0.036302164584441764,2.674045923401051,2.674045923401051,20.273282209257403,20.273282209257403
2023-08-25,2023-10-20,CALL,440.79,436.0,13.85,13.92,13.885,585,2121,56,0.1534246575342465,1.01098623853211,ATM,17.2,0.05534,0.0318463302752293,16.45289048286884,0.03773598734602945,2.5678904828688385,2.5678904828688385,18.493989793797898,18.493989793797898
2023-08-25,2023-10-20,CALL,440.79,435.0,14.56,14.63,14.595,1032,7966,56,0.1534246575342465,1.0133103448275862,ATM,17.2,0.05534,0.033551724137931,17.05477127975672,0.03920637075806143,2.459771279756721,2.459771279756721,16.85352024499295,16.85352024499295
2023-08-25,2023-10-20,CALL,440.79,444.0,8.72,8.75,8.735,1057,4926,56,0.1534246575342465,0.9927702702702702,ATM,17.2,0.05534,0.0196734234234234,12.11161318855656,0.027278408082334598,3.3766131885565613,3.3766131885565613,38.656132668077404,38.656132668077404
2023-08-25,2023-10-20,CALL,440.79,455.0,3.65,3.68,3.665,4571,23701,56,0.1534246575342465,0.9687692307692308,OTM,17.2,0.05534,0.008054945054945,7.508299574287037,0.016501757306125357,3.8432995742870366,3.8432995742870366,104.864926992825,104.864926992825
2023-08-25,2023-10-20,CALL,440.79,454.0,4.0,4.03,4.015000000000001,906,5279,56,0.1534246575342465,0.9709030837004404,ATM,17.2,0.05534,0.0088436123348017,7.863841295458883,0.017321236333609876,3.8488412954588824,3.8488412954588824,95.8615515680917,95.8615515680917
2023-08-25,2023-12-15,CALL,440.79,466.0,4.79,4.83,4.8100000000000005,548,5063,112,0.3068493150684931,0.945901287553648,OTM,17.2,0.0559645161290322,0.0103218884120171,9.808805230035887,0.021048938261879584,4.998805230035886,4.998805230035886,103.92526465771073,103.92526465771073
2023-08-25,2023-10-20,CALL,440.79,453.0,4.37,4.4,4.385,2299,1256,56,0.1534246575342465,0.973046357615894,ATM,17.2,0.05534,0.0096799116997792,8.23156366526021,0.018171222219117465,3.846563665260211,3.846563665260211,87.72095017697174,87.72095017697174
2023-08-25,2023-10-20,CALL,440.79,451.0,5.18,5.21,5.195,845,830,56,0.1534246575342465,0.977361419068736,ATM,17.2,0.05534,0.0115188470066518,9.004176387948831,0.019964914385695857,3.809176387948831,3.809176387948831,73.32389582192168,73.32389582192168
2023-08-25,2023-10-20,CALL,440.79,450.0,5.63,5.66,5.645,4539,35528,56,0.1534246575342465,0.9795333333333331,ATM,17.2,0.05534,0.0125444444444444,9.409351760879161,0.02090967057973147,3.764351760879162,3.764351760879162,66.68470789865655,66.68470789865655
2023-08-25,2023-10-20,CALL,440.79,449.0,6.1,6.13,6.115,760,2747,56,0.1534246575342465,0.9817149220489976,ATM,17.2,0.05534,0.0136191536748329,9.827276784418018,0.021887030700262846,3.712276784418018,3.712276784418018,60.70771519898639,60.70771519898639
2023-08-25,2023-10-20,CALL,440.79,448.0,6.57,6.6,6.585,661,4300,56,0.1534246575342465,0.98390625,ATM,17.2,0.05534,0.0146986607142857,10.258063683951804,0.02289746358024956,3.6730636839518036,3.6730636839518036,55.77925108506915,55.77925108506915
2023-08-25,2023-10-20,CALL,440.79,447.0,7.08,7.11,7.095000000000001,604,872,56,0.1534246575342465,0.9861073825503356,ATM,17.2,0.05534,0.0158724832214765,10.701811740596469,0.023941413289924985,3.606811740596468,3.606811740596468,50.83596533610244,50.83596533610244
2023-08-25,2023-10-20,CALL,440.79,446.0,7.61,7.65,7.630000000000001,615,4165,56,0.1534246575342465,0.988318385650224,ATM,17.2,0.05534,0.0171076233183856,11.15860688270945,0.02501929794329473,3.5286068827094486,3.5286068827094486,46.24648601191937,46.24648601191937
2023-08-25,2023-10-20,CALL,440.79,445.0,8.16,8.19,8.175,2744,30554,56,0.1534246575342465,0.9905393258426964,ATM,17.2,0.05534,0.0183707865168539,11.628521315127017,0.02613150857331914,3.4535213151270163,3.4535213151270163,42.244909053541484,42.244909053541484
2023-08-25,2023-11-17,CALL,440.79,456.0,6.15,6.19,6.17,171,533,84,0.2301369863013698,0.9666447368421052,OTM,17.2,0.0559193548387096,0.0135307017543859,10.444862028345426,0.02290539918496804,4.274862028345426,4.274862028345426,69.28463579166007,69.28463579166007
2023-08-25,2023-10-20,CALL,440.79,452.0,4.77,4.8,4.785,1165,4612,56,0.1534246575342465,0.9751991150442476,ATM,17.2,0.05534,0.0105862831858407,8.611625939604664,0.019052269777886426,3.8266259396046642,3.8266259396046642,79.97128400427721,79.97128400427721
2023-08-25,2023-11-17,CALL,440.79,422.0,28.09,28.62,28.355,2,41,84,0.2301369863013698,1.0445260663507108,ITM,17.2,0.0559193548387096,0.067191943127962,29.374544207039605,0.0696079246612313,1.0195442070396048,1.0195442070396048,3.5956417105963845,3.5956417105963845
2023-08-25,2023-12-15,CALL,440.79,483.0,1.39,1.41,1.4,263,3792,112,0.3068493150684931,0.9126086956521738,OTM,17.2,0.0559645161290322,0.0028985507246376,5.427121405358065,0.011236276201569492,4.027121405358065,4.027121405358065,287.65152895414747,287.65152895414747
2023-08-25,2023-12-15,CALL,440.79,468.0,4.2,4.24,4.220000000000001,3,1361,112,0.3068493150684931,0.9418589743589744,OTM,17.2,0.0559645161290322,0.009017094017094,9.183836665729501,0.01962358261908013,4.9638366657295006,4.9638366657295006,117.6264612732109,117.6264612732109
2023-08-25,2023-12-15,CALL,440.79,459.0,7.36,7.4,7.380000000000001,532,5594,112,0.3068493150684931,0.9603267973856208,OTM,17.2,0.0559645161290322,0.016078431372549,12.252358732175281,0.026693592009096472,4.872358732175281,4.872358732175281,66.02112103218536,66.02112103218536
2023-08-25,2023-12-15,CALL,440.79,458.0,7.79,7.84,7.814999999999999,10,5486,112,0.3068493150684931,0.962423580786026,OTM,17.2,0.0559645161290322,0.0170633187772925,12.635147417208373,0.027587658116175487,4.820147417208374,4.820147417208374,61.67814993228886,61.67814993228886
2023-08-25,2023-12-15,CALL,440.79,457.0,8.24,8.28,8.26,24,6038,112,0.3068493150684931,0.9645295404814004,OTM,17.2,0.0559645161290322,0.0180743982494529,13.026602151425237,0.02850459989370949,4.7666021514252375,4.7666021514252375,57.70704783807793,57.70704783807793
2023-08-25,2023-12-15,CALL,440.79,456.0,8.7,8.75,8.725,84,4951,112,0.3068493150684931,0.9666447368421052,OTM,17.2,0.0559645161290322,0.0191337719298245,13.42679343089651,0.029444722436176556,4.70179343089651,4.70179343089651,53.888749924315306,53.888749924315306
2023-08-25,2023-12-15,CALL,440.79,455.0,9.18,9.22,9.2,217,16981,112,0.3068493150684931,0.9687692307692308,OTM,17.2,0.0559645161290322,0.0202197802197802,13.835787832244165,0.030408324906031133,4.635787832244166,4.635787832244166,50.38899817656702,50.38899817656702
2023-08-25,2023-12-15,CALL,440.79,454.0,9.67,9.73,9.7,10,5855,112,0.3068493150684931,0.9709030837004404,ATM,17.2,0.0559645161290322,0.0213656387665198,14.2536478844452,0.03139570018600264,4.553647884445201,4.553647884445201,46.94482355098146,46.94482355098146
2023-08-25,2023-12-15,CALL,440.79,453.0,10.18,10.23,10.205,119,4465,112,0.3068493150684931,0.973046357615894,ATM,17.2,0.0559645161290322,0.0225275938189845,14.68043194504412,0.032407134536521234,4.47543194504412,4.47543194504412,43.85528608568466,43.85528608568466
2023-08-25,2023-12-15,CALL,440.79,452.0,10.7,10.75,10.725,16,2492,112,0.3068493150684931,0.9751991150442476,ATM,17.2,0.0559645161290322,0.0237278761061946,15.116194081136399,0.033442907259151326,4.391194081136399,4.391194081136399,40.943534556050345,40.943534556050345
2023-08-25,2023-12-15,CALL,440.79,440.0,17.93,18.04,17.985,954,11571,112,0.3068493150684931,1.0017954545454544,ATM,17.2,0.0559645161290322,0.040875,21.059003812329053,0.04786137230074785,3.074003812329053,3.074003812329053,17.09204232598862,17.09204232598862
2023-08-25,2023-12-15,CALL,440.79,439.0,18.49,18.82,18.655,25,1018,112,0.3068493150684931,1.0040774487471524,ATM,17.2,0.0559645161290322,0.0424943052391799,21.61426819198192,0.04923523506146223,2.95926819198192,2.95926819198192,15.86313691761951,15.86313691761951
2023-08-25,2023-12-15,CALL,440.79,426.0,28.02,28.4,28.21,1,516,112,0.3068493150684931,1.0347183098591548,ITM,17.2,0.0559645161290322,0.0662206572769953,29.660192506782153,0.06962486503939472,1.4501925067821517,1.4501925067821517,5.14070367522918,5.14070367522918
2023-08-25,2023-12-15,CALL,440.79,425.0,28.8,29.18,28.99,20,15928,112,0.3068493150684931,1.0371529411764706,ITM,17.2,0.0559645161290322,0.0682117647058823,30.340962094692998,0.07139049904633646,1.3509620946929992,1.3509620946929992,4.660096911669539,4.660096911669539
2023-08-25,2023-12-15,CALL,440.79,420.0,32.61,33.37,32.989999999999995,62,12089,112,0.3068493150684931,1.0495,ITM,17.2,0.0559645161290322,0.078547619047619,33.870129621287674,0.08064316576497066,0.8801296212876792,0.8801296212876792,2.6678679032666848,2.6678679032666848
2023-08-25,2023-12-15,CALL,440.79,465.0,5.12,5.15,5.135,455,9471,112,0.3068493150684931,0.9479354838709676,OTM,17.2,0.0559645161290322,0.0110430107526881,10.133206075810364,0.021791841023248094,4.998206075810364,4.998206075810364,97.33604821441799,97.33604821441799
2023-08-25,2023-12-15,CALL,440.79,427.0,27.24,27.61,27.425,3,255,112,0.3068493150684931,1.032295081967213,ITM,17.2,0.0559645161290322,0.0642271662763466,28.987987833761736,0.06788755932965278,1.562987833761735,1.562987833761735,5.699135218821276,5.699135218821276
2023-08-25,2023-12-15,CALL,440.79,428.0,26.45,26.89,26.67,1,667,112,0.3068493150684931,1.0298831775700934,ATM,17.2,0.0559645161290322,0.0623130841121495,28.324429225566803,0.06617857295693179,1.6544292255668012,1.6544292255668012,6.203334179103116,6.203334179103116
2023-08-25,2023-12-15,CALL,440.79,438.0,19.27,19.54,19.405,309,1455,112,0.3068493150684931,1.0063698630136986,ATM,17.2,0.0559645161290322,0.0443036529680365,22.178764709073732,0.05063644910747427,2.773764709073731,2.773764709073731,14.29407219311379,14.29407219311379
2023-08-25,2023-12-15,CALL,440.79,460.0,6.95,6.99,6.970000000000001,200,21349,112,0.3068493150684931,0.9582391304347824,OTM,17.2,0.0559645161290322,0.0151521739130434,11.878161813044926,0.02582209089792375,4.908161813044925,4.908161813044925,70.41839043106062,70.41839043106062
2023-08-25,2023-12-15,CALL,440.79,437.0,19.95,20.11,20.03,162,2201,112,0.3068493150684931,1.0086727688787185,ATM,17.2,0.0559645161290322,0.0458352402745995,22.752473055737056,0.052065155733952075,2.722473055737055,2.722473055737055,13.5919773127162,13.5919773127162
2023-08-25,2023-12-15,CALL,440.79,461.0,6.55,6.59,6.57,3321,3686,112,0.3068493150684931,0.9561605206073752,OTM,17.2,0.0559645161290322,0.0142516268980477,11.512478725239134,0.02497283888338207,4.942478725239134,4.942478725239134,75.22798668552716,75.22798668552716
2023-08-25,2023-12-15,CALL,440.79,463.0,5.79,5.84,5.815,218,1605,112,0.3068493150684931,0.9520302375809936,OTM,17.2,0.0559645161290322,0.0125593952483801,10.806324887047623,0.02333979457245707,4.991324887047623,4.991324887047623,85.83533769643374,85.83533769643374
2023-08-25,2023-09-22,CALL,440.79,465.0,0.21,0.22,0.215,392,1128,28,0.0767123287671232,0.9479354838709676,OTM,17.2,0.0556,0.0004623655913978,1.683407216237768,0.0036202305725543398,1.468407216237768,1.468407216237768,682.980100575706,682.980100575706
2023-08-25,2023-09-22,CALL,440.79,463.0,0.3,0.31,0.305,65,1620,28,0.0767123287671232,0.9520302375809936,OTM,17.2,0.0556,0.0006587473002159,1.9940411574659436,0.004306784357377848,1.6890411574659436,1.6890411574659436,553.7839860544077,553.7839860544077
2023-08-25,2023-09-15,CALL,440.79,462.0,0.19,0.2,0.195,501,17655,21,0.0575342465753424,0.954090909090909,OTM,17.2,0.0556,0.0004220779220779,1.3752039793818653,0.0029766319900040375,1.1802039793818653,1.1802039793818653,605.2328099394181,605.2328099394181
2023-08-25,2023-10-20,CALL,440.79,433.0,16.0,16.1,16.05,46,696,56,0.1534246575342465,1.0179907621247113,ATM,17.2,0.05534,0.0370669745958429,18.297265432284064,0.04225696404684541,2.2472654322840633,2.2472654322840633,14.001653783701329,14.001653783701329
2023-08-25,2023-10-20,CALL,440.79,434.0,15.28,15.37,15.325,329,1080,56,0.1534246575342465,1.0156451612903226,ATM,17.2,0.05534,0.0353110599078341,17.66959791387336,0.04071335924855613,2.3445979138733613,2.3445979138733613,15.299170726742977,15.299170726742977
2023-08-25,2023-12-15,CALL,440.79,449.0,12.36,12.41,12.385,136,5187,112,0.3068493150684931,0.9817149220489976,ATM,17.2,0.0559645161290322,0.0275835189309576,16.47782290367047,0.03669893742465584,4.092822903670472,4.092822903670472,33.04661206031871,33.04661206031871
2023-08-25,2023-12-15,CALL,440.79,448.0,12.94,12.99,12.965,849,4574,112,0.3068493150684931,0.98390625,ATM,17.2,0.0559645161290322,0.0289397321428571,16.94994833516077,0.037834706105269574,3.9849483351607695,3.9849483351607695,30.736200039805393,30.736200039805393
2023-08-25,2023-12-15,CALL,440.79,447.0,13.52,13.57,13.545,974,3901,112,0.3068493150684931,0.9861073825503356,ATM,17.2,0.0559645161290322,0.0303020134228187,17.431254033846074,0.038996094035449826,3.8862540338460736,3.8862540338460736,28.691428821307298,28.691428821307298
2023-08-25,2023-12-15,CALL,440.79,446.0,14.12,14.18,14.15,692,4035,112,0.3068493150684931,0.988318385650224,ATM,17.2,0.0559645161290322,0.0317264573991031,17.92176613620731,0.04018333214396258,3.77176613620731,3.77176613620731,26.655591068602895,26.655591068602895
2023-08-25,2023-12-15,CALL,440.79,450.0,11.8,11.84,11.82,1272,27160,112,0.3068493150684931,0.9795333333333331,ATM,17.2,0.0559645161290322,0.0262666666666666,16.01484671809459,0.03558854826243242,4.194846718094588,4.194846718094588,35.48939693819449,35.48939693819449
2023-08-25,2023-12-15,CALL,440.79,444.0,15.28,15.41,15.345,531,1799,112,0.3068493150684931,0.9927702702702702,ATM,17.2,0.0559645161290322,0.0345608108108108,18.930489225138643,0.0426362369935555,3.5854892251386428,3.5854892251386428,23.36584701947633,23.36584701947633
2023-08-25,2023-12-15,CALL,440.79,443.0,15.91,16.06,15.985,807,2644,112,0.3068493150684931,0.9950112866817156,ATM,17.2,0.0559645161290322,0.0360835214446952,19.448727413700738,0.043902319218286086,3.463727413700738,3.463727413700738,21.668610658121604,21.668610658121604
2023-08-25,2023-12-15,CALL,440.79,442.0,16.61,16.73,16.67,39,6004,112,0.3068493150684931,0.997262443438914,ATM,17.2,0.0559645161290322,0.0377149321266968,19.976226295912795,0.04519508211744976,3.3062262959127935,3.3062262959127935,19.83339109725731,19.83339109725731
2023-08-25,2023-12-15,CALL,440.79,441.0,17.26,17.37,17.315,44,2153,112,0.3068493150684931,0.9995238095238096,ATM,17.2,0.0559645161290322,0.0392630385487528,20.51298659574951,0.04651470883389912,3.1979865957495086,3.1979865957495086,18.46945767109159,18.46945767109159
2023-08-25,2023-12-15,CALL,440.79,445.0,14.74,14.79,14.765,2752,12120,112,0.3068493150684931,0.9905393258426964,ATM,17.2,0.0559645161290322,0.0331797752808988,18.421505817903068,0.041396642287422625,3.656505817903067,3.656505817903067,24.76468552592663,24.76468552592663
2023-08-25,2023-12-15,CALL,440.79,451.0,11.24,11.29,11.265,58,2735,112,0.3068493150684931,0.977361419068736,ATM,17.2,0.0559645161290322,0.0249778270509977,15.560983955481078,0.03450329036692035,4.295983955481077,4.295983955481077,38.135676480080576,38.135676480080576
2023-08-25,2023-12-15,CALL,440.79,464.0,5.45,5.48,5.465,19,2245,112,0.3068493150684931,0.949978448275862,OTM,17.2,0.0559645161290322,0.0117780172413793,10.465681278300451,0.022555347582544075,5.000681278300451,5.000681278300451,91.5037745343175,91.5037745343175
2023-08-25,2023-12-15,CALL,440.79,462.0,6.16,6.21,6.1850000000000005,2123,4067,112,0.3068493150684931,0.954090909090909,OTM,17.2,0.0559645161290322,0.0133874458874458,11.15522802210046,0.024145515199351642,4.970228022100459,4.970228022100459,80.35938596767112,80.35938596767112
2023-08-25,2023-12-15,CALL,440.79,436.0,20.68,20.81,20.745,65,2910,112,0.3068493150684931,1.01098623853211,ATM,17.2,0.0559645161290322,0.0475802752293578,23.335367640642005,0.053521485414316526,2.590367640642004,2.590367640642004,12.486708318351427,12.486708318351427
2023-08-25,2023-12-15,CALL,440.79,435.0,21.4,21.52,21.46,14,11452,112,0.3068493150684931,1.0133103448275862,ATM,17.2,0.0559645161290322,0.0493333333333333,23.9274175969162,0.05500555769406023,2.4674175969161993,2.4674175969161993,11.497752082554516,11.497752082554516
2023-08-25,2023-12-15,CALL,440.79,434.0,22.1,22.25,22.175,3,2339,112,0.3068493150684931,1.0156451612903226,ATM,17.2,0.0559645161290322,0.0510944700460829,24.528586799292327,0.0565174811043602,2.3535867992923265,2.3535867992923265,10.613694698048823,10.613694698048823
2023-08-25,2023-09-08,CALL,238.33,227.5,14.8,14.9,14.85,827,578,14,0.0383561643835616,1.0476043956043954,ITM,17.2,0.0556,0.0652747252747252,11.575267176568389,0.05088029528161929,-3.274732823431611,3.274732823431611,-22.052072885061353,22.052072885061353
2023-08-25,2023-09-08,CALL,238.33,225.0,16.7,16.8,16.75,833,1382,14,0.0383561643835616,1.0592444444444444,ITM,17.2,0.0556,0.0744444444444444,13.928658658811202,0.06190514959471645,-2.8213413411887984,2.8213413411887984,-16.84382890261969,16.84382890261969
2023-08-25,2023-09-01,CALL,238.33,242.5,3.95,4.0,3.975,14346,3023,7,0.0191780821917808,0.9828041237113402,ATM,17.2,0.0556,0.0163917525773195,0.8408832686756398,0.0034675598708273805,-3.1341167313243603,3.1341167313243603,-78.84570393268831,78.84570393268831
2023-08-25,2023-09-01,CALL,238.33,240.0,5.0,5.05,5.025,48533,10149,7,0.0191780821917808,0.9930416666666666,ATM,17.2,0.0556,0.0209375,1.6340065355695401,0.0068083605648730835,-3.3909934644304602,3.3909934644304602,-67.48245700359125,67.48245700359125
2023-08-25,2023-12-15,CALL,440.79,481.0,1.63,1.65,1.64,27,2944,112,0.3068493150684931,0.9164033264033264,OTM,17.2,0.0559645161290322,0.0034095634095634,5.840558934327191,0.012142534167000398,4.200558934327192,4.200558934327192,256.1316423370239,256.1316423370239
2023-08-25,2023-12-15,CALL,440.79,480.0,1.76,1.79,1.775,1078,46524,112,0.3068493150684931,0.9183125,OTM,17.2,0.0559645161290322,0.0036979166666666,6.056658961217394,0.012618039502536238,4.281658961217394,4.281658961217394,241.22022316717712,241.22022316717712
2023-08-25,2023-12-15,CALL,440.79,479.0,1.9,1.93,1.915,114,3388,112,0.3068493150684931,0.9202296450939456,OTM,17.2,0.0559645161290322,0.0039979123173277,6.279173936667505,0.013108922623522975,4.3641739366675045,4.3641739366675045,227.89420034817255,227.89420034817255
2023-08-25,2023-12-15,CALL,440.79,478.0,2.05,2.08,2.065,204,1061,112,0.3068493150684931,0.9221548117154812,OTM,17.2,0.0559645161290322,0.0043200836820083,6.5082237690502325,0.013615530897594628,4.443223769050233,4.443223769050233,215.1682212615125,215.1682212615125
2023-08-25,2023-12-15,CALL,440.79,477.0,2.22,2.25,2.2350000000000003,3,4990,112,0.3068493150684931,0.9240880503144652,OTM,17.2,0.0559645161290322,0.0046855345911949,6.743927667048283,0.014138213138466001,4.508927667048282,4.508927667048282,201.74173006927433,201.74173006927433
2023-08-25,2023-12-15,CALL,440.79,476.0,2.39,2.42,2.405,2,684,112,0.3068493150684931,0.9260294117647058,OTM,17.2,0.0559645161290322,0.0050525210084033,6.98640400124323,0.014677319330342919,4.58140400124323,4.58140400124323,190.4949688666624,190.4949688666624
2023-08-25,2023-12-15,CALL,440.79,475.0,2.57,2.6,2.585,2007,12985,112,0.3068493150684931,0.927978947368421,OTM,17.2,0.0559645161290322,0.0054421052631578,7.235770163158932,0.015233200343492488,4.650770163158932,4.650770163158932,179.91373938719275,179.91373938719275
2023-08-25,2023-12-15,CALL,440.79,474.0,2.77,2.8,2.785,80,3654,112,0.3068493150684931,0.9299367088607594,OTM,17.2,0.0559645161290322,0.0058755274261603,7.492142421971948,0.01580620764129103,4.707142421971948,4.707142421971948,169.0176812198186,169.0176812198186
2023-08-25,2023-12-15,CALL,440.79,473.0,2.98,3.01,2.995,8,2520,112,0.3068493150684931,0.9319027484143764,OTM,17.2,0.0559645161290322,0.0063319238900634,7.755635779113632,0.016396692979098588,4.760635779113632,4.760635779113632,158.95278060479572,158.95278060479572
2023-08-25,2023-12-15,CALL,440.79,472.0,3.2,3.23,3.215,15,9613,112,0.3068493150684931,0.9338771186440676,OTM,17.2,0.0559645161290322,0.0068114406779661,8.02636382100377,0.01700500809534697,4.81136382100377,4.81136382100377,149.65361807165692,149.65361807165692
2023-08-25,2023-12-15,CALL,440.79,471.0,3.42,3.46,3.44,99,4210,112,0.3068493150684931,0.9358598726114647,OTM,17.2,0.0559645161290322,0.0073036093418259,8.304438570164564,0.01763150439525385,4.864438570164564,4.864438570164564,141.40809796990013,141.40809796990013
2023-08-25,2023-12-15,CALL,440.79,470.0,3.68,3.71,3.695,448,25180,112,0.3068493150684931,0.9378510638297872,OTM,17.2,0.0559645161290322,0.0078617021276595,8.589970334981388,0.018276532627619975,4.894970334981387,4.894970334981387,132.47551650829195,132.47551650829195
2023-08-25,2023-12-15,CALL,440.79,469.0,3.93,3.97,3.95,11,4376,112,0.3068493150684931,0.9398507462686566,OTM,17.2,0.0559645161290322,0.0084221748400852,8.883067558382919,0.01894044255518746,4.933067558382919,4.933067558382919,124.88778628817516,124.88778628817516
2023-08-25,2023-09-08,CALL,238.33,230.0,13.05,13.15,13.1,3074,1979,14,0.0383561643835616,1.0362173913043478,ITM,17.2,0.0556,0.0569565217391304,9.340068722063648,0.040608994443754994,-3.759931277936351,3.759931277936351,-28.70176548043016,28.70176548043016
2023-08-25,2023-09-08,CALL,238.33,232.5,11.45,11.5,11.475,2372,1184,14,0.0383561643835616,1.0250752688172042,ATM,17.2,0.0556,0.0493548387096774,7.279882241874077,0.03131132147042614,-4.195117758125923,4.195117758125923,-36.55876041939802,36.55876041939802
2023-08-25,2023-09-08,CALL,238.33,235.0,9.9,10.0,9.95,4511,2172,14,0.0383561643835616,1.014170212765957,ATM,17.2,0.0556,0.0423404255319148,5.452825664058764,0.02320351346407985,-4.497174335941235,4.497174335941235,-45.19773201950991,45.19773201950991
2023-08-25,2023-09-08,CALL,238.33,237.5,8.5,8.6,8.55,3652,895,14,0.0383561643835616,1.0034947368421052,ATM,17.2,0.0556,0.036,3.9060456680409175,0.016446508075961756,-4.643954331959083,4.643954331959083,-54.31525534455068,54.31525534455068
2023-08-25,2023-12-15,CALL,440.79,433.0,22.83,22.99,22.91,2,3850,112,0.3068493150684931,1.0179907621247113,ATM,17.2,0.0559645161290322,0.0529099307159353,25.13883389054257,0.058057353095941275,2.228833890542571,2.228833890542571,9.728650766226849,9.728650766226849
2023-08-25,2023-12-15,CALL,440.79,430.0,25.06,25.21,25.135,76,25415,112,0.3068493150684931,1.025093023255814,ATM,17.2,0.0559645161290322,0.058453488372093,27.02355126177042,0.06284546805062889,1.88855126177042,1.88855126177042,7.513631437320151,7.513631437320151
2023-08-25,2023-12-15,CALL,440.79,429.0,25.69,26.12,25.905,1,532,112,0.3068493150684931,1.0274825174825173,ATM,17.2,0.0559645161290322,0.0603846153846153,27.669593143701377,0.06449788611585403,1.7645931437013758,1.7645931437013758,6.811785924344242,6.811785924344242
2023-08-25,2023-12-15,CALL,440.79,410.0,40.93,41.79,41.36,10,8170,112,0.3068493150684931,1.0750975609756095,ITM,17.2,0.0559645161290322,0.1008780487804878,41.512234908802895,0.10124935343610462,0.15223490880289603,0.15223490880289603,0.36807279691222444,0.36807279691222444
2023-08-25,2023-09-08,CALL,238.33,217.5,22.8,22.9,22.85,97,205,14,0.0383561643835616,1.0957701149425287,ITM,17.2,0.0556,0.1050574712643678,21.299615777673864,0.09792926794332811,-1.5503842223261373,1.5503842223261373,-6.785051301208478,6.785051301208478
2023-08-25,2023-09-01,CALL,238.33,262.5,0.48,0.49,0.485,3288,1682,7,0.0191780821917808,0.9079238095238096,OTM,17.2,0.0556,0.001847619047619,4.060198390967457e-05,1.5467422441780789e-07,-0.48495939801609034,0.48495939801609034,-99.99162845692584,99.99162845692584
2023-08-25,2023-09-01,CALL,238.33,260.0,0.62,0.64,0.63,22342,9572,7,0.0191780821917808,0.916653846153846,OTM,17.2,0.0556,0.0024230769230769,0.0002236229006531143,8.60088079435055e-07,-0.6297763770993469,0.6297763770993469,-99.96450430148363,99.96450430148363
2023-08-25,2023-09-01,CALL,238.33,257.5,0.82,0.83,0.825,3712,1429,7,0.0191780821917808,0.9255533980582524,OTM,17.2,0.0556,0.0032038834951456,0.0010797537274170321,4.1932183589010955e-06,-0.823920246272583,0.823920246272583,-99.8691207603131,99.8691207603131
2023-08-25,2023-12-15,CALL,440.79,467.0,4.49,4.53,4.51,161,3884,112,0.3068493150684931,0.9438758029978586,OTM,17.2,0.0559645161290322,0.0096573875802997,9.492381912207179,0.020326299597874044,4.982381912207179,4.982381912207179,110.47410004893968,110.47410004893968
2023-08-25,2023-09-01,CALL,238.33,255.0,1.07,1.09,1.08,9018,3402,7,0.0191780821917808,0.934627450980392,OTM,17.2,0.0556,0.004235294117647,0.004564018357546495,1.789811120606469e-05,-1.0754359816424537,1.0754359816424537,-99.5774057076346,99.5774057076346
2023-08-25,2023-09-01,CALL,238.33,250.0,1.84,1.85,1.845,43639,16326,7,0.0191780821917808,0.95332,OTM,17.2,0.0556,0.00738,0.05456513414478259,0.00021826053657913037,-1.7904348658552174,1.7904348658552174,-97.04254015475433,97.04254015475433
2023-08-25,2023-09-01,CALL,238.33,247.5,2.39,2.4,2.395,11735,2418,7,0.0191780821917808,0.9629494949494948,OTM,17.2,0.0556,0.0096767676767676,0.15448762412236938,0.000624192420696442,-2.2405123758776306,2.2405123758776306,-93.54957728090316,93.54957728090316
2023-08-25,2023-09-01,CALL,238.33,245.0,3.05,3.15,3.1,25980,6026,7,0.0191780821917808,0.9727755102040816,ATM,17.2,0.0556,0.0126530612244897,0.38389948237723814,0.0015669366627642373,-2.716100517622762,2.716100517622762,-87.61614572976652,87.61614572976652
2023-08-25,2023-09-08,CALL,238.33,220.0,20.65,20.8,20.725,439,976,14,0.0383561643835616,1.0833181818181818,ITM,17.2,0.0556,0.0942045454545454,18.81729281873035,0.08553314917604705,-1.9077071812696502,1.9077071812696502,-9.204859740746201,9.204859740746201
2023-08-25,2023-09-08,CALL,238.33,222.5,18.65,18.75,18.7,145,427,14,0.0383561643835616,1.0711460674157305,ITM,17.2,0.0556,0.0840449438202247,16.353616888817953,0.07349940174749642,-2.346383111182046,2.346383111182046,-12.54750326835319,12.54750326835319
2023-08-25,2023-09-08,CALL,238.33,245.0,5.15,5.25,5.2,5015,4168,14,0.0383561643835616,0.9727755102040816,ATM,17.2,0.0556,0.0212244897959183,1.0552882526709837,0.004307298990493811,-4.1447117473290165,4.1447117473290165,-79.70599514094262,79.70599514094262
2023-08-25,2023-09-08,CALL,238.33,242.5,6.15,6.25,6.2,1505,644,14,0.0383561643835616,0.9828041237113402,ATM,17.2,0.0556,0.0255670103092783,1.7241160862330247,0.00710975705663103,-4.4758839137669755,4.4758839137669755,-72.1916760284996,72.1916760284996
2023-08-25,2023-09-08,CALL,238.33,240.0,7.25,7.35,7.3,8516,5419,14,0.0383561643835616,0.9930416666666666,ATM,17.2,0.0556,0.0304166666666666,2.6643265499584885,0.011101360624827035,-4.635673450041511,4.635673450041511,-63.502376027965916,63.502376027965916
2023-08-25,2023-09-01,CALL,238.33,252.5,1.4,1.41,1.4049999999999998,10503,3458,7,0.0191780821917808,0.9438811881188118,OTM,17.2,0.0556,0.0055643564356435,0.01687394914135254,6.682752135189125e-05,-1.3881260508586473,1.3881260508586473,-98.79900717855142,98.79900717855142
2023-08-25,2023-10-06,CALL,440.79,431.0,15.38,15.92,15.65,41,15,42,0.1150684931506849,1.0227146171693735,ATM,17.2,0.05548,0.0363109048723897,17.58989354596514,0.04081181797207689,1.9398935459651394,1.9398935459651394,12.395485916710156,12.395485916710156
2023-08-25,2023-09-07,CALL,440.79,435.0,8.5,8.55,8.525,830,23,13,0.0356164383561643,1.0133103448275862,ATM,17.2,0.0556,0.0195977011494252,9.600239281169479,0.022069515588895354,1.0752392811694786,1.0752392811694786,12.61277749172409,12.61277749172409
2023-08-25,2023-09-07,CALL,440.79,433.0,10.04,10.18,10.11,118,1,13,0.0356164383561643,1.0179907621247113,ATM,17.2,0.0556,0.0233487297921478,10.996226171611966,0.02539544150487752,0.8862261716119662,0.8862261716119662,8.76583750358028,8.76583750358028
2023-08-25,2023-12-15,CALL,238.33,250.0,22.65,22.75,22.7,1149,20944,112,0.3068493150684931,0.95332,OTM,17.2,0.0559645161290322,0.0907999999999999,5.960497006848357,0.023841988027393426,-16.739502993151643,16.739502993151643,-73.74230393458873,73.74230393458873
2023-08-25,2023-12-15,CALL,238.33,220.0,37.65,38.55,38.1,23,5415,112,0.3068493150684931,1.0833181818181818,ITM,17.2,0.0559645161290322,0.1731818181818182,23.808385835891414,0.10821993561768825,-14.291614164108587,14.291614164108587,-37.510798330993666,37.510798330993666
2023-08-25,2023-11-17,CALL,238.33,260.0,15.4,15.45,15.425,566,3860,84,0.2301369863013698,0.916653846153846,OTM,17.2,0.0559193548387096,0.059326923076923,2.0533397052567537,0.007897460404833669,-13.371660294743247,13.371660294743247,-86.6882352981734,86.6882352981734
2023-08-25,2023-11-17,CALL,238.33,255.0,17.2,17.3,17.25,320,4728,84,0.2301369863013698,0.934627450980392,OTM,17.2,0.0559193548387096,0.0676470588235294,3.0695776387924383,0.012037559367813484,-14.180422361207562,14.180422361207562,-82.20534702149311,82.20534702149311
2023-08-25,2023-11-17,CALL,238.33,250.0,19.2,19.3,19.25,643,4783,84,0.2301369863013698,0.95332,OTM,17.2,0.0559193548387096,0.077,4.450342828036426,0.017801371312145705,-14.799657171963574,14.799657171963574,-76.88133595825234,76.88133595825234
2023-08-25,2023-12-15,CALL,238.33,225.0,34.85,35.45,35.150000000000006,23,2395,112,0.3068493150684931,1.0592444444444444,ITM,17.2,0.0559645161290322,0.1562222222222222,19.86199663846992,0.08827554061542187,-15.288003361530087,15.288003361530087,-43.49360842540565,43.49360842540565
2023-08-25,2023-12-15,CALL,238.33,255.0,20.6,20.75,20.675,751,3029,112,0.3068493150684931,0.934627450980392,OTM,17.2,0.0559645161290322,0.081078431372549,4.3962629691006185,0.017240246937649483,-16.278737030899382,16.278737030899382,-78.73633388584949,78.73633388584949
2023-08-25,2023-09-15,CALL,4413.905,4100.0,322.4,330.3,326.35,7,17049,21,0.0575342465753424,1.076562195121951,ITM,17.2,0.0556,0.0795975609756097,329.11578299536086,0.08027214219399045,2.765782995360837,2.765782995360837,0.8474898101304847,0.8474898101304847
2023-08-25,2023-09-15,CALL,4413.905,4075.0,346.8,354.6,350.70000000000005,2,2808,21,0.0575342465753424,1.083166871165644,ITM,17.2,0.0556,0.0860613496932515,353.3482328109553,0.08671122277569455,2.648232810955278,2.648232810955278,0.7551276906060103,0.7551276906060103
2023-08-25,2023-09-15,CALL,4413.905,4065.0,357.0,365.5,361.25,1,1,21,0.0575342465753424,1.0858314883148832,ITM,17.2,0.0556,0.0888683886838868,363.1015023926866,0.08932386282722918,1.8515023926865979,1.8515023926865979,0.5125266138924839,0.5125266138924839
2023-08-25,2023-09-15,CALL,4413.905,4030.0,391.0,400.7,395.85,2,158,21,0.0575342465753424,1.095261786600496,ITM,17.2,0.0556,0.0982258064516129,397.44418618826285,0.09862138615093372,1.5941861882628245,1.5941861882628245,0.4027248170425223,0.4027248170425223
2023-08-25,2023-12-15,CALL,238.33,260.0,18.75,18.85,18.8,945,14608,112,0.3068493150684931,0.916653846153846,OTM,17.2,0.0559645161290322,0.0723076923076923,3.1730859690950766,0.012204176804211833,-15.626914030904924,15.626914030904924,-83.1218831431113,83.1218831431113
2023-08-25,2023-11-17,CALL,238.33,245.0,21.35,21.45,21.4,439,2372,84,0.2301369863013698,0.9727755102040816,ATM,17.2,0.0559193548387096,0.0873469387755102,6.258201889862576,0.025543681183112555,-15.141798110137422,15.141798110137422,-70.7560659352216,70.7560659352216
2023-08-25,2023-11-17,CALL,238.33,240.0,23.6,23.8,23.700000000000003,913,3636,84,0.2301369863013698,0.9930416666666666,ATM,17.2,0.0559193548387096,0.09875,8.539353633596775,0.03558064013998656,-15.160646366403228,15.160646366403228,-63.96897201014019,63.96897201014019
2023-08-25,2023-10-20,CALL,238.33,225.0,27.5,27.8,27.65,105,3991,56,0.1534246575342465,1.0592444444444444,ITM,17.2,0.05534,0.1228888888888888,16.57531905417784,0.07366808468523484,-11.07468094582216,11.07468094582216,-40.05309564492644,40.05309564492644
2023-08-25,2023-10-20,CALL,238.33,220.0,30.2,31.3,30.75,191,12265,56,0.1534246575342465,1.0833181818181818,ITM,17.2,0.05534,0.1397727272727272,20.868703170001623,0.09485774168182556,-9.881296829998377,9.881296829998377,-32.13429863414106,32.13429863414106
2023-08-25,2023-10-06,CALL,238.33,260.0,7.75,7.95,7.85,417,339,42,0.1150684931506849,0.916653846153846,OTM,17.2,0.05548,0.0301923076923076,0.551934003720806,0.0021228230912338692,-7.298065996279194,7.298065996279194,-92.96899358317444,92.96899358317444
2023-08-25,2023-12-15,CALL,238.33,230.0,32.35,32.5,32.425,167,4296,112,0.3068493150684931,1.0362173913043478,ITM,17.2,0.0559645161290322,0.1409782608695652,16.263220666509795,0.07070965507178172,-16.161779333490202,16.161779333490202,-49.843575430964385,49.843575430964385
2023-08-25,2023-10-06,CALL,238.33,255.0,9.3,9.5,9.4,120,38,42,0.1150684931506849,0.934627450980392,OTM,17.2,0.05548,0.0368627450980392,1.0862043801806323,0.004259625020316205,-8.313795619819368,8.313795619819368,-88.44463425339754,88.44463425339754
2023-08-25,2023-12-15,CALL,238.33,235.0,29.65,29.85,29.75,200,1416,112,0.3068493150684931,1.014170212765957,ATM,17.2,0.0559645161290322,0.126595744680851,13.056584161752824,0.05555993260320351,-16.693415838247176,16.693415838247176,-56.11232214536866,56.11232214536866
2023-08-25,2023-12-15,CALL,238.33,245.0,24.85,24.95,24.9,837,3432,112,0.3068493150684931,0.9727755102040816,ATM,17.2,0.0559645161290322,0.1016326530612244,7.908166138871479,0.03227822913825094,-16.99183386112852,16.99183386112852,-68.24029663103823,68.24029663103823
2023-08-25,2023-09-08,CALL,238.33,260.0,1.68,1.7,1.69,2694,6209,14,0.0383561643835616,0.916653846153846,OTM,17.2,0.0556,0.0065,0.015767367919243158,6.064372276631984e-05,-1.6742326320807568,1.6742326320807568,-99.06701964974891,99.06701964974891
2023-08-25,2023-09-08,CALL,238.33,257.5,2.04,2.06,2.05,251,66,14,0.0383561643835616,0.9255533980582524,OTM,17.2,0.0556,0.0079611650485436,0.03703312536906633,0.00014381796259831586,-2.0129668746309335,2.0129668746309335,-98.19350607955774,98.19350607955774
2023-08-25,2023-09-08,CALL,238.33,255.0,2.47,2.5,2.4850000000000003,2392,1613,14,0.0383561643835616,0.934627450980392,OTM,17.2,0.0556,0.0097450980392156,0.08178956680401406,0.00032074339923142766,-2.4032104331959863,2.4032104331959863,-96.70866934390286,96.70866934390286
2023-08-25,2023-09-08,CALL,238.33,252.5,3.0,3.05,3.025,1521,306,14,0.0383561643835616,0.9438811881188118,OTM,17.2,0.0556,0.0119801980198019,0.16983960470473392,0.0006726320978405303,-2.855160395295266,2.855160395295266,-94.38546761306665,94.38546761306665
2023-08-25,2023-09-15,CALL,238.33,226.67,17.45,17.55,17.5,1625,3205,21,0.0575342465753424,1.0514404199938236,ITM,17.2,0.0556,0.0772047469890148,12.825924453846966,0.05658412870625564,-4.674075546153034,4.674075546153034,-26.70900312087448,26.70900312087448
2023-08-25,2023-09-15,CALL,238.33,227.5,16.85,16.95,16.9,1640,654,21,0.0575342465753424,1.0476043956043954,ITM,17.2,0.0556,0.0742857142857142,12.089351847018293,0.053140008118761725,-4.810648152981706,4.810648152981706,-28.465373686282287,28.465373686282287
2023-08-25,2023-09-15,CALL,238.33,245.0,7.35,7.4,7.375,5831,9744,21,0.0575342465753424,0.9727755102040816,ATM,17.2,0.0556,0.0301020408163265,1.7019973641689319,0.006946928017016048,-5.673002635831068,5.673002635831068,-76.92206963838737,76.92206963838737
2023-08-25,2023-09-15,CALL,238.33,242.5,8.35,8.45,8.399999999999999,1673,840,21,0.0575342465753424,0.9828041237113402,ATM,17.2,0.0556,0.0346391752577319,2.48251267964919,0.010237165689275012,-5.9174873203508085,5.9174873203508085,-70.44627762322392,70.44627762322392
2023-08-25,2023-09-15,CALL,238.33,241.67,8.75,8.85,8.8,1732,3508,21,0.0575342465753424,0.9861795009724004,ATM,17.2,0.0556,0.0364132908511606,2.7917460280653756,0.011551893193467852,-6.008253971934625,6.008253971934625,-68.27561331743892,68.27561331743892
2023-08-25,2023-09-15,CALL,238.33,240.0,9.55,9.6,9.575,7646,16522,21,0.0575342465753424,0.9930416666666666,ATM,17.2,0.0556,0.0398958333333333,3.494583092224758,0.014560762884269825,-6.080416907775241,6.080416907775241,-63.503048645172235,63.503048645172235
2023-08-25,2023-09-15,CALL,238.33,237.5,10.8,10.9,10.85,3339,1618,21,0.0575342465753424,1.0034947368421052,ATM,17.2,0.0556,0.0456842105263157,4.754810702303871,0.020020255588647878,-6.095189297696129,6.095189297696129,-56.17685988660027,56.17685988660027
2023-08-25,2023-09-15,CALL,238.33,235.0,12.15,12.25,12.2,6437,5398,21,0.0575342465753424,1.014170212765957,ATM,17.2,0.0556,0.0519148936170212,6.264823441341406,0.02665882315464428,-5.935176558658593,5.935176558658593,-48.648988185726175,48.648988185726175
2023-08-25,2023-09-15,CALL,238.33,233.33,13.15,13.2,13.175,2362,2814,21,0.0575342465753424,1.0214288775553937,ATM,17.2,0.0556,0.0564650923584622,7.406281365763618,0.03174165930554844,-5.768718634236382,5.768718634236382,-43.78534067731599,43.78534067731599
2023-08-25,2023-09-15,CALL,238.33,232.5,13.65,13.7,13.675,3250,913,21,0.0575342465753424,1.0250752688172042,ATM,17.2,0.0556,0.0588172043010752,8.010516200368016,0.034453833119862436,-5.664483799631984,5.664483799631984,-41.42218500644961,41.42218500644961
2023-08-25,2023-09-15,CALL,238.33,230.0,15.2,15.3,15.25,3807,14677,21,0.0575342465753424,1.0362173913043478,ITM,17.2,0.0556,0.0663043478260869,9.964232471992915,0.043322749878230066,-5.285767528007085,5.285767528007085,-34.6607706754563,34.6607706754563
2023-08-25,2023-09-29,CALL,238.33,260.0,5.8,5.9,5.85,922,1325,35,0.0958904109589041,0.916653846153846,OTM,17.2,0.0555499999999999,0.0225,0.35845090525911694,0.0013786573279196805,-5.491549094740883,5.491549094740883,-93.87263409813475,93.87263409813475
2023-08-25,2023-10-06,CALL,238.33,220.0,26.8,28.1,27.450000000000003,21,13,42,0.1150684931506849,1.0833181818181818,ITM,17.2,0.05548,0.1247727272727272,20.137341719005633,0.0915333714500256,-7.31265828099437,7.31265828099437,-26.63992087793941,26.63992087793941
2023-08-25,2023-12-15,CALL,238.33,240.0,27.15,27.3,27.225,887,7436,112,0.3068493150684931,0.9930416666666666,ATM,17.2,0.0559645161290322,0.1134375,10.269228704167332,0.04278845293403055,-16.95577129583267,16.95577129583267,-62.28015168349924,62.28015168349924
2023-08-25,2023-09-08,CALL,238.33,262.5,1.39,1.41,1.4,377,71,14,0.0383561643835616,0.9079238095238096,OTM,17.2,0.0556,0.0053333333333333,0.006314839692057372,2.4056532160218562e-05,-1.3936851603079425,1.3936851603079425,-99.54894002199589,99.54894002199589
2023-08-25,2023-10-06,CALL,238.33,250.0,11.1,11.3,11.2,328,184,42,0.1150684931506849,0.95332,OTM,17.2,0.05548,0.0448,1.994035688103864,0.007976142752415455,-9.205964311896135,9.205964311896135,-82.19610992764407,82.19610992764407
2023-08-25,2023-10-06,CALL,238.33,240.0,15.45,15.65,15.55,204,90,42,0.1150684931506849,0.9930416666666666,ATM,17.2,0.05548,0.0647916666666666,5.477281944541019,0.022822008102254248,-10.072718055458981,10.072718055458981,-64.77632190005775,64.77632190005775
2023-08-25,2023-10-20,CALL,4413.905,4820.0,2.0,2.15,2.075,11,264,56,0.1534246575342465,0.9157479253112032,OTM,17.2,0.05534,0.0004304979253112,18.063534473330833,0.003747621260027144,15.988534473330834,15.988534473330834,770.531781847269,770.531781847269
2023-08-25,2023-10-20,CALL,4413.905,4810.0,2.25,2.4,2.325,28,398,56,0.1534246575342465,0.9176517671517672,OTM,17.2,0.05534,0.0004833679833679,19.207189665991336,0.003993178724738323,16.882189665991337,16.882189665991337,726.1156845587672,726.1156845587672
2023-08-25,2023-10-20,CALL,4413.905,4800.0,2.55,2.65,2.6,48,9095,56,0.1534246575342465,0.9195635416666668,OTM,17.2,0.05534,0.0005416666666666,20.411463799042963,0.004252388291467284,17.81146379904296,17.81146379904296,685.0562999631908,685.0562999631908
2023-08-25,2023-10-20,CALL,4413.905,4860.0,1.3,1.45,1.375,2,115,56,0.1534246575342465,0.9082109053497942,OTM,17.2,0.05534,0.0002829218106995,14.049324536684423,0.002890807517836301,12.674324536684423,12.674324536684423,921.7690572134126,921.7690572134126
2023-08-25,2023-11-17,CALL,4413.905,4255.0,259.9,261.6,260.75,2,8,84,0.2301369863013698,1.0373454759106933,ITM,17.2,0.0559193548387096,0.0612808460634547,273.18208283373815,0.06420260466127806,12.43208283373815,12.43208283373815,4.767817002392388,4.767817002392388
2023-08-25,2023-11-17,CALL,4413.905,4175.0,324.1,329.1,326.6,3,9132,84,0.2301369863013698,1.057222754491018,ITM,17.2,0.0559193548387096,0.0782275449101796,332.35818817315885,0.07960675165824165,5.758188173158828,5.758188173158828,1.7630704755538358,1.7630704755538358
2023-08-25,2023-11-17,CALL,4413.905,4160.0,336.8,341.8,339.3,2,4,84,0.2301369863013698,1.0610348557692306,ITM,17.2,0.0559193548387096,0.0815625,344.0754330464847,0.0827104406361742,4.775433046484693,4.775433046484693,1.40743679530937,1.40743679530937
2023-08-25,2023-10-20,CALL,4413.905,4790.0,2.85,2.95,2.9000000000000004,15,608,56,0.1534246575342465,0.921483298538622,OTM,17.2,0.05534,0.0006054279749478,21.67871411400938,0.0045258275812128145,18.778714114009382,18.778714114009382,647.5418660003235,647.5418660003235
2023-08-25,2023-10-20,CALL,4413.905,4780.0,3.2,3.3,3.25,231,1100,56,0.1534246575342465,0.9234110878661088,OTM,17.2,0.05534,0.0006799163179916,23.011332126492334,0.004814086218931451,19.761332126492334,19.761332126492334,608.0409885074564,608.0409885074564
2023-08-25,2023-10-20,CALL,4413.905,4775.0,3.4,3.5,3.45,180,1345,56,0.1534246575342465,0.9243780104712042,OTM,17.2,0.05534,0.0007225130890052,23.702909918578825,0.004963960192372529,20.252909918578826,20.252909918578826,587.0408672051833,587.0408672051833
2023-08-25,2023-10-20,CALL,4413.905,4645.0,15.6,15.9,15.75,6,166,56,0.1534246575342465,0.950248654467169,OTM,17.2,0.05534,0.0033907427341227,48.65211302217631,0.010474082459026117,32.90211302217631,32.90211302217631,208.90230490270673,208.90230490270673
2023-08-25,2023-10-20,CALL,4413.905,4640.0,16.5,16.8,16.65,24,607,56,0.1534246575342465,0.9512726293103448,OTM,17.2,0.05534,0.0035883620689655,49.91905754799063,0.01075841757499798,33.269057547990634,33.269057547990634,199.8141594473912,199.8141594473912
2023-08-25,2023-10-20,CALL,4413.905,4635.0,17.4,17.7,17.549999999999997,8,170,56,0.1534246575342465,0.9522988133764833,OTM,17.2,0.05534,0.0037864077669902,51.21162699363026,0.011048894712757338,33.661626993630264,33.661626993630264,191.8041424138477,191.8041424138477
2023-08-25,2023-10-20,CALL,4413.905,4630.0,18.4,18.7,18.55,9,1378,56,0.1534246575342465,0.953327213822894,OTM,17.2,0.05534,0.0040064794816414,52.530113547257315,0.011345596878457303,33.98011354725732,33.98011354725732,183.18120510650846,183.18120510650846
2023-08-25,2023-10-20,CALL,4413.905,4625.0,19.4,19.7,19.55,257,4306,56,0.1534246575342465,0.9543578378378378,OTM,17.2,0.05534,0.004227027027027,53.87480632640791,0.011648606773277385,34.32480632640791,34.32480632640791,175.57445691257243,175.57445691257243
2023-08-25,2023-10-20,CALL,4413.905,4620.0,20.5,20.8,20.65,681,1067,56,0.1534246575342465,0.9553906926406924,OTM,17.2,0.05534,0.0044696969696969,55.24599118038486,0.011958006749001052,34.595991180384864,34.595991180384864,167.53506624883713,167.53506624883713
2023-08-25,2023-10-20,CALL,4413.905,4615.0,21.7,21.9,21.8,153,235,56,0.1534246575342465,0.9564257854821234,OTM,17.2,0.05534,0.0047237269772481,56.64395049211157,0.012273878763187774,34.843950492111574,34.843950492111574,159.8346352849155,159.8346352849155
2023-08-25,2023-10-20,CALL,4413.905,4825.0,1.9,2.05,1.975,13,832,56,0.1534246575342465,0.91479896373057,OTM,17.2,0.05534,0.0004093264248704,17.51371248237615,0.003629784970440653,15.53871248237615,15.53871248237615,786.7702522722101,786.7702522722101
2023-08-25,2023-10-06,CALL,238.33,245.0,13.15,13.35,13.25,178,67,42,0.1150684931506849,0.9727755102040816,ATM,17.2,0.05548,0.0540816326530612,3.417263921106837,0.013948016004517703,-9.832736078893163,9.832736078893163,-74.20932889730689,74.20932889730689
2023-08-25,2023-10-20,CALL,4413.905,4840.0,1.6,1.75,1.675,7,1240,56,0.1534246575342465,0.9119638429752066,OTM,17.2,0.05534,0.0003460743801652,15.948841677930716,0.0032952152227129577,14.273841677930715,14.273841677930715,852.1696524137741,852.1696524137741
2023-08-25,2023-10-20,CALL,4413.905,4900.0,0.9,1.0,0.95,3,5163,56,0.1534246575342465,0.90079693877551,OTM,17.2,0.05534,0.0001938775510204,10.827240781905061,0.002209640975898992,9.877240781905062,9.877240781905062,1039.7095559900067,1039.7095559900067
2023-08-25,2023-10-06,CALL,238.33,235.0,18.05,18.25,18.15,447,55,42,0.1150684931506849,1.014170212765957,ATM,17.2,0.05548,0.0772340425531914,8.237156725980668,0.035051730748853906,-9.91284327401933,9.91284327401933,-54.61621638578144,54.61621638578144
2023-08-25,2023-10-06,CALL,238.33,230.0,20.9,21.1,21.0,253,28,42,0.1150684931506849,1.0362173913043478,ITM,17.2,0.05548,0.0913043478260869,11.67631899860254,0.05076660434175017,-9.32368100139746,9.32368100139746,-44.398480959035524,44.398480959035524
2023-08-25,2023-10-06,CALL,238.33,225.0,23.75,24.3,24.025,13,9,42,0.1150684931506849,1.0592444444444444,ITM,17.2,0.05548,0.1067777777777777,15.693271755026814,0.06974787446678583,-8.331728244973185,8.331728244973185,-34.67940996867091,34.67940996867091
2023-08-25,2023-10-20,CALL,238.33,230.0,24.6,24.75,24.675,1453,4968,56,0.1534246575342465,1.0362173913043478,ITM,17.2,0.05534,0.1072826086956521,12.69763341622479,0.055207101809673,-11.977366583775211,11.977366583775211,-48.540492740730336,48.540492740730336
2023-08-25,2023-10-20,CALL,238.33,235.0,21.85,21.95,21.9,956,6890,56,0.1534246575342465,1.014170212765957,ATM,17.2,0.05534,0.0931914893617021,9.343109031169433,0.03975791077093376,-12.556890968830565,12.556890968830565,-57.33740168415783,57.33740168415783
2023-08-25,2023-11-17,CALL,238.33,235.0,26.1,26.35,26.225,338,4119,84,0.2301369863013698,1.014170212765957,ATM,17.2,0.0559193548387096,0.111595744680851,11.314871448922105,0.04814838914434938,-14.910128551077896,14.910128551077896,-56.85463699171743,56.85463699171743
2023-08-25,2023-11-17,CALL,238.33,230.0,28.85,29.05,28.950000000000003,268,2504,84,0.2301369863013698,1.0362173913043478,ITM,17.2,0.0559193548387096,0.1258695652173913,14.575305001048747,0.06337089130890759,-14.374694998951256,14.374694998951256,-49.65352331243957,49.65352331243957
2023-08-25,2023-11-17,CALL,238.33,225.0,31.2,32.0,31.6,100,1870,84,0.2301369863013698,1.0592444444444444,ITM,17.2,0.0559193548387096,0.1404444444444444,18.280621194765217,0.08124720531006763,-13.319378805234784,13.319378805234784,-42.149932927958176,42.149932927958176
2023-08-25,2023-11-17,CALL,238.33,220.0,34.3,34.95,34.625,65,4060,84,0.2301369863013698,1.0833181818181818,ITM,17.2,0.0559193548387096,0.1573863636363636,22.36605127567026,0.10166386943486481,-12.258948724329741,12.258948724329741,-35.404906063046184,35.404906063046184
2023-08-25,2023-10-20,CALL,238.33,260.0,11.3,11.35,11.325,1694,7397,56,0.1534246575342465,0.916653846153846,OTM,17.2,0.05534,0.0435576923076923,1.0043611513699098,0.003862927505268884,-10.32063884863009,10.32063884863009,-91.13146886207585,91.13146886207585
2023-08-25,2023-10-20,CALL,238.33,255.0,12.95,13.05,13.0,728,4454,56,0.1534246575342465,0.934627450980392,OTM,17.2,0.05534,0.0509803921568627,1.7300590736140435,0.006784545386721739,-11.269940926385956,11.269940926385956,-86.69185327989197,86.69185327989197
2023-08-25,2023-10-20,CALL,238.33,250.0,14.85,14.95,14.9,4917,13306,56,0.1534246575342465,0.95332,OTM,17.2,0.05534,0.0596,2.8358740028003666,0.011343496011201467,-12.064125997199634,12.064125997199634,-80.96728857180962,80.96728857180962
2023-08-25,2023-10-20,CALL,238.33,245.0,16.95,17.05,17.0,1993,8808,56,0.1534246575342465,0.9727755102040816,ATM,17.2,0.05534,0.0693877551020408,4.425267175337694,0.018062315001378344,-12.574732824662306,12.574732824662306,-73.96901661566062,73.96901661566062
2023-08-25,2023-10-20,CALL,238.33,240.0,19.3,19.4,19.35,2107,10516,56,0.1534246575342465,0.9930416666666666,ATM,17.2,0.05534,0.080625,6.580789025340621,0.02741995427225259,-12.76921097465938,12.76921097465938,-65.99075439100454,65.99075439100454
2023-08-25,2023-09-15,CALL,4413.905,4690.0,0.5,0.6,0.55,53,717,21,0.0575342465753424,0.941131130063966,OTM,17.2,0.0556,0.0001172707889125,6.976225727267035,0.0014874681721251675,6.426225727267036,6.426225727267036,1168.4046776849154,1168.4046776849154
2023-08-25,2023-09-15,CALL,4413.905,4695.0,0.45,0.55,0.5,5,668,21,0.0575342465753424,0.9401288604898828,OTM,17.2,0.0556,0.0001064962726304,6.593210284922122,0.0014043046400260112,6.093210284922122,6.093210284922122,1218.6420569844245,1218.6420569844245
2023-08-25,2023-09-15,CALL,4413.905,4700.0,0.45,0.5,0.475,652,25896,21,0.0575342465753424,0.9391287234042552,OTM,17.2,0.0556,0.0001010638297872,6.228407447642098,0.0013251930739664039,5.753407447642099,5.753407447642099,1211.2436731878101,1211.2436731878101
2023-08-25,2023-10-20,CALL,4413.905,4850.0,1.45,1.6,1.525,29,5610,56,0.1534246575342465,0.9100835051546392,OTM,17.2,0.05534,0.0003144329896907,14.973287620567305,0.0030872757980551146,13.448287620567305,13.448287620567305,881.8549259388398,881.8549259388398
2023-08-25,2023-09-15,CALL,238.33,216.67,25.0,25.1,25.05,196,4083,21,0.0575342465753424,1.0999676928047262,ITM,17.2,0.0556,0.1156136059445239,22.378472666834966,0.10328366948278474,-2.6715273331650344,2.6715273331650344,-10.664779773113908,10.664779773113908
2023-08-25,2023-09-15,CALL,238.33,217.5,24.35,24.45,24.4,268,190,21,0.0575342465753424,1.0957701149425287,ITM,17.2,0.0556,0.112183908045977,21.559556150380644,0.0991243960937041,-2.840443849619355,2.840443849619355,-11.641163318112111,11.641163318112111
2023-08-25,2023-09-15,CALL,238.33,220.0,22.35,22.45,22.4,906,16980,21,0.0575342465753424,1.0833181818181818,ITM,17.2,0.0556,0.1018181818181818,19.109062887372716,0.08685937676078508,-3.290937112627283,3.290937112627283,-14.691683538514658,14.691683538514658
2023-08-25,2023-09-15,CALL,4413.905,4650.0,1.05,1.2,1.125,648,15944,21,0.0575342465753424,0.94922688172043,OTM,17.2,0.0556,0.0002419354838709,10.78344982410215,0.002319021467548849,9.65844982410215,9.65844982410215,858.5288732535244,858.5288732535244
2023-08-25,2023-09-15,CALL,4413.905,4645.0,1.2,1.3,1.25,9,435,21,0.0575342465753424,0.950248654467169,OTM,17.2,0.0556,0.0002691065662002,11.363730036838547,0.0024464434955518938,10.113730036838547,10.113730036838547,809.0984029470837,809.0984029470837
2023-08-25,2023-09-15,CALL,4413.905,4640.0,1.3,1.45,1.375,37,1040,21,0.0575342465753424,0.9512726293103448,OTM,17.2,0.0556,0.0002963362068965,11.969870146801554,0.0025797133937072317,10.594870146801554,10.594870146801554,770.5360106764766,770.5360106764766
2023-08-25,2023-09-15,CALL,4413.905,4635.0,1.45,1.6,1.525,12,2159,21,0.0575342465753424,0.9522988133764833,OTM,17.2,0.0556,0.000329018338727,12.602698707167406,0.002719028847285309,11.077698707167405,11.077698707167405,726.4064726011414,726.4064726011414
2023-08-25,2023-09-15,CALL,4413.905,4630.0,1.6,1.75,1.675,23,6287,21,0.0575342465753424,0.953327213822894,OTM,17.2,0.0556,0.0003617710583153,13.263052961341486,0.0028645902724279667,11.588052961341486,11.588052961341486,691.8240573935216,691.8240573935216
2023-08-25,2023-09-15,CALL,4413.905,4625.0,1.8,1.9,1.85,118,8645,21,0.0575342465753424,0.9543578378378378,OTM,17.2,0.0556,0.0004,13.951777952354746,0.003016600638346972,12.101777952354746,12.101777952354746,654.150159586743,654.150159586743
2023-08-25,2023-09-15,CALL,4413.905,4620.0,2.0,2.1,2.05,61,2892,21,0.0575342465753424,0.9553906926406924,OTM,17.2,0.0556,0.0004437229437229,14.669725583452077,0.00317526527780348,12.619725583452077,12.619725583452077,615.5963699244917,615.5963699244917
2023-08-25,2023-09-15,CALL,4413.905,4615.0,2.2,2.3,2.25,9,5250,21,0.0575342465753424,0.9564257854821234,OTM,17.2,0.0556,0.0004875406283856,15.417753630731113,0.0033407916859655717,13.167753630731113,13.167753630731113,585.2334946991606,585.2334946991606
2023-08-25,2023-09-15,CALL,4413.905,4610.0,2.45,2.55,2.5,36,6718,21,0.0575342465753424,0.9574631236442516,OTM,17.2,0.0556,0.0005422993492407,16.19672470890214,0.0035133893077878824,13.696724708902138,13.696724708902138,547.8689883560855,547.8689883560855
2023-08-25,2023-09-15,CALL,4413.905,4605.0,2.7,2.8,2.75,15,12002,21,0.0575342465753424,0.9585027144408252,OTM,17.2,0.0556,0.0005971769815418,17.007505191438554,0.003693269314101749,14.257505191438554,14.257505191438554,518.4547342341292,518.4547342341292
2023-08-25,2023-09-15,CALL,4413.905,4535.0,10.4,10.7,10.55,11,9748,21,0.0575342465753424,0.973297684674752,ATM,17.2,0.0556,0.0023263506063947,32.1821868853101,0.00709640284130322,21.6321868853101,21.6321868853101,205.0444254531763,205.0444254531763
2023-08-25,2023-09-15,CALL,4413.905,4530.0,11.3,11.6,11.45,1530,10350,21,0.0575342465753424,0.9743719646799116,ATM,17.2,0.0556,0.0025275938189845,33.5728686172763,0.007411229275336931,22.1228686172763,22.1228686172763,193.21282635175808,193.21282635175808
2023-08-25,2023-09-15,CALL,4413.905,4460.0,33.6,34.1,33.85,407,7820,21,0.0575342465753424,0.989664798206278,ATM,17.2,0.0556,0.0075896860986547,58.08398440252199,0.013023314888457845,24.23398440252199,24.23398440252199,71.59227297643129,71.59227297643129
2023-08-25,2023-09-15,CALL,4413.905,4455.0,35.9,36.4,36.15,57,9155,21,0.0575342465753424,0.9907755331088663,ATM,17.2,0.0556,0.0081144781144781,60.2174621046629,0.01351682651058651,24.0674621046629,24.0674621046629,66.57665865743542,66.57665865743542
2023-08-25,2023-09-15,CALL,4413.905,4450.0,38.2,38.8,38.5,2072,53127,21,0.0575342465753424,0.9918887640449436,ATM,17.2,0.0556,0.0086516853932584,62.404271810360115,0.014023431867496656,23.904271810360115,23.904271810360115,62.08901768924705,62.08901768924705
2023-08-25,2023-09-15,CALL,4413.905,4445.0,40.7,41.2,40.95,115,8392,21,0.0575342465753424,0.9930044994375704,ATM,17.2,0.0556,0.0092125984251968,64.64469782969059,0.014543239106792033,23.694697829690583,23.694697829690583,57.862509962614354,57.862509962614354
2023-08-25,2023-09-15,CALL,4413.905,4440.0,43.2,43.8,43.5,125,10671,21,0.0575342465753424,0.9941227477477476,ATM,17.2,0.0556,0.0097972972972972,66.93898632743822,0.015076348271945544,23.438986327438215,23.438986327438215,53.88272718951314,53.88272718951314
2023-08-25,2023-09-15,CALL,4413.905,4655.0,0.95,1.1,1.025,6,514,21,0.0575342465753424,0.9482073039742211,OTM,17.2,0.0556,0.000220193340494,10.228210486781222,0.0021972525213278674,9.203210486781222,9.203210486781222,897.8741938323144,897.8741938323144
2023-08-25,2023-09-15,CALL,4413.905,4435.0,45.8,46.4,46.1,13,10047,21,0.0575342465753424,0.9952435174746336,ATM,17.2,0.0556,0.0103945885005636,69.28734465014304,0.015622851104880054,23.18734465014304,23.18734465014304,50.29792765757709,50.29792765757709
2023-08-25,2023-09-15,CALL,4413.905,4660.0,0.9,1.0,0.95,306,1755,21,0.0575342465753424,0.94718991416309,OTM,17.2,0.0556,0.0002038626609442,9.69720332562764,0.002080944919662584,8.747203325627641,8.747203325627641,920.7582448029096,920.7582448029096
2023-08-25,2023-09-15,CALL,4413.905,4670.0,0.7,0.85,0.7749999999999999,46,1033,21,0.0575342465753424,0.945161670235546,OTM,17.2,0.0556,0.0001659528907922,8.704706743307213,0.0018639629000657843,7.929706743307213,7.929706743307213,1023.1879668783502,1023.1879668783502
2023-08-25,2023-09-15,CALL,4413.905,4410.0,60.1,60.9,60.5,1235,12527,21,0.0575342465753424,1.0008854875283446,ATM,17.2,0.0556,0.013718820861678,81.8446560234438,0.01855887891688068,21.344656023443804,21.344656023443804,35.28042317924596,35.28042317924596
2023-08-25,2023-09-15,CALL,4413.905,4415.0,57.2,57.8,57.5,2959,14268,21,0.0575342465753424,0.9997519818799546,ATM,17.2,0.0556,0.0130237825594563,79.2242336985355,0.017944333793552775,21.7242336985355,21.7242336985355,37.781275997453044,37.781275997453044
2023-08-25,2023-09-15,CALL,4413.905,4590.0,3.6,3.8,3.7,391,10269,21,0.0575342465753424,0.9616350762527232,OTM,17.2,0.0556,0.0008061002178649,19.639399283058765,0.004278736227245918,15.939399283058766,15.939399283058766,430.79457521780444,430.79457521780444
2023-08-25,2023-09-15,CALL,4413.905,4585.0,4.0,4.2,4.1,6,10092,21,0.0575342465753424,0.9626837513631408,OTM,17.2,0.0556,0.0008942202835332,20.586116076940243,0.0044898835500414925,16.48611607694024,16.48611607694024,402.1003921204937,402.1003921204937
2023-08-25,2023-09-15,CALL,4413.905,4580.0,4.4,4.6,4.5,661,9078,21,0.0575342465753424,0.9637347161572052,OTM,17.2,0.0556,0.0009825327510917,21.568989742068993,0.004709386406565283,17.068989742068993,17.068989742068993,379.3108831570887,379.3108831570887
2023-08-25,2023-09-15,CALL,4413.905,4575.0,4.9,5.1,5.0,487,19054,21,0.0575342465753424,0.9647879781420764,OTM,17.2,0.0556,0.0010928961748633,22.588884187892745,0.00493746102467601,17.588884187892745,17.588884187892745,351.7776837578549,351.7776837578549
2023-08-25,2023-09-15,CALL,4413.905,4570.0,5.4,5.6,5.5,35,6280,21,0.0575342465753424,0.965843544857768,OTM,17.2,0.0556,0.0012035010940919,23.64665839843451,0.005174323500751534,18.14665839843451,18.14665839843451,329.9392436079002,329.9392436079002
2023-08-25,2023-09-15,CALL,4413.905,4565.0,5.9,6.1,6.0,18,7684,21,0.0575342465753424,0.9669014238773276,OTM,17.2,0.0556,0.0013143483023001,24.74316505897275,0.005420189498132037,18.74316505897275,18.74316505897275,312.3860843162125,312.3860843162125
2023-08-25,2023-09-15,CALL,4413.905,4560.0,6.5,6.8,6.65,277,5698,21,0.0575342465753424,0.9679616228070176,OTM,17.2,0.0556,0.0014583333333333,25.879249158099128,0.005675273938179634,19.22924915809913,19.22924915809913,289.16164147517486,289.16164147517486
2023-08-25,2023-09-15,CALL,4413.905,4555.0,7.2,7.4,7.300000000000001,51,8361,21,0.0575342465753424,0.9690241492864984,OTM,17.2,0.0556,0.001602634467618,27.055746568498762,0.005939790684632001,19.75574656849876,19.75574656849876,270.6266653219008,270.6266653219008
2023-08-25,2023-09-15,CALL,4413.905,4550.0,7.9,8.1,8.0,1862,34589,21,0.0575342465753424,0.9700890109890108,ATM,17.2,0.0556,0.0017582417582417,28.273482609960183,0.006213952221969271,20.273482609960183,20.273482609960183,253.4185326245023,253.4185326245023
2023-08-25,2023-09-15,CALL,4413.905,4545.0,8.6,8.9,8.75,59,8292,21,0.0575342465753424,0.971156215621562,ATM,17.2,0.0556,0.0019251925192519,29.53327059831372,0.006497969328561875,20.78327059831372,20.78327059831372,237.5230925521568,237.5230925521568
2023-08-25,2023-09-15,CALL,4413.905,4540.0,9.5,9.8,9.65,79,11623,21,0.0575342465753424,0.97222577092511,ATM,17.2,0.0556,0.0021255506607929,30.83591038415034,0.006792050745407564,21.18591038415034,21.18591038415034,219.54311278912266,219.54311278912266
2023-08-25,2023-09-15,CALL,4413.905,4595.0,3.3,3.4,3.35,52,10238,21,0.0575342465753424,0.960588683351469,OTM,17.2,0.0556,0.0007290533188248,18.727971871087448,0.004075728372380293,15.377971871087448,15.377971871087448,459.0439364503716,459.0439364503716
2023-08-25,2023-09-15,CALL,4413.905,4600.0,3.0,3.1,3.05,2837,54273,21,0.0575342465753424,0.9595445652173912,OTM,17.2,0.0556,0.0006630434782608,17.85096408660843,0.003880644366654006,14.800964086608428,14.800964086608428,485.27751103634193,485.27751103634193
2023-08-25,2023-09-15,CALL,4413.905,4680.0,0.6,0.7,0.6499999999999999,46,2613,21,0.0575342465753424,0.943142094017094,OTM,17.2,0.0556,0.0001388888888888,7.7997238353983676,0.0016666076571364033,7.149723835398367,7.149723835398367,1099.9575131382105,1099.9575131382105
2023-08-25,2023-09-15,CALL,4413.905,4675.0,0.65,0.75,0.7,208,5156,21,0.0575342465753424,0.9441508021390372,OTM,17.2,0.0556,0.0001497326203208,8.241657953961578,0.0017629214874784124,7.541657953961578,7.541657953961578,1077.379707708797,1077.379707708797
2023-08-25,2023-09-15,CALL,4413.905,4665.0,0.8,0.9,0.8500000000000001,42,421,21,0.0575342465753424,0.9461747052518756,OTM,17.2,0.0556,0.000182207931404,9.189630704952322,0.001969910118960841,8.339630704952322,8.339630704952322,981.1330241120378,981.1330241120378
2023-08-25,2023-09-15,CALL,4413.905,4430.0,48.5,49.1,48.8,7,9063,21,0.0575342465753424,0.996366817155756,ATM,17.2,0.0556,0.0110158013544018,71.68994073419663,0.01618283086550714,22.889940734196628,22.889940734196628,46.90561625859966,46.90561625859966
2023-08-25,2023-09-15,CALL,4413.905,4425.0,51.3,51.9,51.6,4254,15321,21,0.0575342465753424,0.9974926553672316,ATM,17.2,0.0556,0.0116610169491525,74.1469025976512,0.016756362168960724,22.546902597651204,22.546902597651204,43.69554766986668,43.69554766986668
2023-08-25,2023-09-15,CALL,4413.905,4420.0,54.2,54.8,54.5,3906,12871,21,0.0575342465753424,0.9986210407239818,ATM,17.2,0.0556,0.0123303167420814,76.65831791807523,0.01734351084119349,22.158317918075227,22.158317918075227,40.657464069862804,40.657464069862804
2023-08-25,2023-09-15,CALL,238.33,253.33,4.6,4.65,4.625,727,2333,21,0.0575342465753424,0.9407886945880866,OTM,17.2,0.0556,0.0182568191686732,0.36950937641745796,0.0014586088359746494,-4.255490623582542,4.255490623582542,-92.01060807746038,92.01060807746038
2023-08-25,2023-09-22,CALL,238.33,220.0,23.45,24.1,23.775,35,403,28,0.0767123287671232,1.0833181818181818,ITM,17.2,0.0556,0.1080681818181818,19.434065034537895,0.08833665924789952,-4.340934965462104,4.340934965462104,-18.258401537169735,18.258401537169735
2023-08-25,2023-09-22,CALL,238.33,250.0,7.3,7.4,7.35,1718,4413,28,0.0767123287671232,0.95332,OTM,17.2,0.0556,0.0294,1.1356759030775194,0.004542703612310078,-6.21432409692248,6.21432409692248,-84.54862716901334,84.54862716901334
2023-08-25,2023-09-29,CALL,238.33,255.0,7.15,7.3,7.225,526,979,35,0.0958904109589041,0.934627450980392,OTM,17.2,0.0555499999999999,0.0283333333333333,0.7819281582912581,0.003066384934475522,-6.443071841708742,6.443071841708742,-89.17746493714522,89.17746493714522
2023-08-25,2023-09-29,CALL,238.33,250.0,8.85,8.95,8.899999999999999,1343,2796,35,0.0958904109589041,0.95332,OTM,17.2,0.0555499999999999,0.0355999999999999,1.5651201770457206,0.006260480708182883,-7.334879822954278,7.334879822954278,-82.41438003319415,82.41438003319415
2023-08-25,2023-09-29,CALL,238.33,245.0,10.85,10.95,10.9,510,852,35,0.0958904109589041,0.9727755102040816,ATM,17.2,0.0555499999999999,0.0444897959183673,2.877621236896289,0.01174539280365832,-8.022378763103712,8.022378763103712,-73.5998051660891,73.5998051660891
2023-08-25,2023-09-29,CALL,238.33,240.0,13.15,13.25,13.2,611,908,35,0.0958904109589041,0.9930416666666666,ATM,17.2,0.0555499999999999,0.055,4.872681649597993,0.020302840206658304,-8.327318350402006,8.327318350402006,-63.08574507880308,63.08574507880308
2023-08-25,2023-09-29,CALL,238.33,235.0,15.75,15.85,15.8,997,1014,35,0.0958904109589041,1.014170212765957,ATM,17.2,0.0555499999999999,0.0672340425531914,7.6329759566609425,0.032480748751748695,-8.167024043339058,8.167024043339058,-51.690025590753535,51.690025590753535
2023-08-25,2023-09-29,CALL,238.33,230.0,18.65,18.8,18.725,633,1446,35,0.0958904109589041,1.0362173913043478,ITM,17.2,0.0555499999999999,0.0814130434782608,11.132814892086458,0.048403543009071556,-7.592185107913544,7.592185107913544,-40.54571486202159,40.54571486202159
2023-08-25,2023-09-29,CALL,238.33,225.0,21.35,22.25,21.8,210,868,35,0.0958904109589041,1.0592444444444444,ITM,17.2,0.0555499999999999,0.0968888888888888,15.24313611693566,0.06774727163082515,-6.5568638830643415,6.5568638830643415,-30.077357261763037,30.077357261763037
2023-08-25,2023-09-29,CALL,238.33,220.0,24.75,26.0,25.375,163,502,35,0.0958904109589041,1.0833181818181818,ITM,17.2,0.0555499999999999,0.115340909090909,19.77968824602118,0.08990767384555082,-5.5953117539788195,5.5953117539788195,-22.050489670852492,22.050489670852492
2023-08-25,2023-09-22,CALL,238.33,260.0,4.5,4.6,4.55,1121,2404,28,0.0767123287671232,0.916653846153846,OTM,17.2,0.0556,0.0174999999999999,0.19748078912327394,0.0007595414966279767,-4.352519210876726,4.352519210876726,-95.65976287641156,95.65976287641156
2023-08-25,2023-09-22,CALL,238.33,255.0,5.75,5.85,5.8,640,1111,28,0.0767123287671232,0.934627450980392,OTM,17.2,0.0556,0.0227450980392156,0.5007040558140332,0.0019635453169177773,-5.299295944185967,5.299295944185967,-91.36717145148219,91.36717145148219
2023-08-25,2023-09-15,CALL,238.33,250.0,5.55,5.6,5.574999999999999,8343,25959,21,0.0575342465753424,0.95332,OTM,17.2,0.0556,0.0222999999999999,0.7158870282207559,0.0028635481128830237,-4.859112971779243,4.859112971779243,-87.15897707227343,87.15897707227343
2023-08-25,2023-09-15,CALL,238.33,246.67,6.7,6.75,6.725,1114,2676,21,0.0575342465753424,0.9661896460858636,OTM,17.2,0.0556,0.0272631450926338,1.2959597141950354,0.005253819735659121,-5.429040285804964,5.429040285804964,-80.72922358074297,80.72922358074297
2023-08-25,2023-09-15,CALL,238.33,225.0,18.6,18.7,18.65,1322,11896,21,0.0575342465753424,1.0592444444444444,ITM,17.2,0.0556,0.0828888888888888,14.34602071088301,0.06376009204836894,-4.303979289116988,4.303979289116988,-23.07763693896509,23.07763693896509
2023-08-25,2023-09-15,CALL,238.33,222.5,20.45,20.55,20.5,531,500,21,0.0575342465753424,1.0711460674157305,ITM,17.2,0.0556,0.0921348314606741,16.696517969696202,0.0750405302008818,-3.8034820303037975,3.8034820303037975,-18.55357087953072,18.55357087953072
2023-08-25,2023-09-15,CALL,238.33,255.0,4.15,4.2,4.175000000000001,1520,6723,21,0.0575342465753424,0.934627450980392,OTM,17.2,0.0556,0.0163725490196078,0.2584422651702969,0.0010134990790992035,-3.916557734829704,3.916557734829704,-93.80976610370547,93.80976610370547
2023-08-25,2023-09-15,CALL,238.33,258.33,3.4,3.5,3.45,804,4703,21,0.0575342465753424,0.922579646188983,OTM,17.2,0.0556,0.0133550110324004,0.12030995965563207,0.0004657219821764103,-3.329690040344368,3.329690040344368,-96.51275479259037,96.51275479259037
2023-08-25,2023-09-15,CALL,238.33,260.0,3.1,3.15,3.125,15775,25040,21,0.0575342465753424,0.916653846153846,OTM,17.2,0.0556,0.0120192307692307,0.07989367294111549,0.0003072833574658288,-3.0451063270588845,3.0451063270588845,-97.4434024658843,97.4434024658843
2023-08-25,2023-09-22,CALL,238.33,245.0,9.2,9.3,9.25,898,1271,28,0.0767123287671232,0.9727755102040816,ATM,17.2,0.0556,0.0377551020408163,2.3078778028746,0.009419909399488164,-6.9421221971254,6.9421221971254,-75.04996969865297,75.04996969865297
2023-08-25,2023-09-15,CALL,4413.905,4465.0,31.4,31.9,31.65,7,8210,21,0.0575342465753424,0.9885565509518476,ATM,17.2,0.0556,0.0070884658454647,56.00351699967359,0.012542780962972809,24.353516999673595,24.353516999673595,76.94634123119619,76.94634123119619
2023-08-25,2023-09-15,CALL,4413.905,4525.0,12.4,12.7,12.55,245,13737,21,0.0575342465753424,0.9754486187845304,ATM,17.2,0.0556,0.0027734806629834,35.00870622571938,0.007736730657617543,22.45870622571938,22.45870622571938,178.9538344678835,178.9538344678835
2023-08-25,2023-09-15,CALL,4413.905,4520.0,13.5,13.8,13.65,669,9047,21,0.0575342465753424,0.9765276548672566,ATM,17.2,0.0556,0.0030199115044247,36.49043102555743,0.008073104209194121,22.84043102555743,22.84043102555743,167.32916502239874,167.32916502239874
2023-08-25,2023-09-15,CALL,4413.905,4515.0,14.7,15.1,14.9,76,7959,21,0.0575342465753424,0.9776090808416388,ATM,17.2,0.0556,0.0033001107419712,38.01875355095672,0.008420543422138807,23.11875355095672,23.11875355095672,155.15941980507864,155.15941980507864
2023-08-25,2023-09-15,CALL,4413.905,4510.0,16.0,16.4,16.2,187,8410,21,0.0575342465753424,0.9786929046563192,ATM,17.2,0.0556,0.0035920177383592,39.594362120803,0.008779237720798892,23.394362120803,23.394362120803,144.40964272100618,144.40964272100618
2023-08-25,2023-09-15,CALL,4413.905,4505.0,17.3,17.7,17.5,20,7715,21,0.0575342465753424,0.9797791342952274,ATM,17.2,0.0556,0.0038845726970033,41.21792142420213,0.009149372125239096,23.71792142420213,23.71792142420213,135.53097956686932,135.53097956686932
2023-08-25,2023-09-15,CALL,4413.905,4500.0,18.8,19.2,19.0,8288,60134,21,0.0575342465753424,0.9808677777777776,ATM,17.2,0.0556,0.0042222222222222,42.890071130607566,0.009531126917912792,23.890071130607566,23.890071130607566,125.73721647688193,125.73721647688193
2023-08-25,2023-09-15,CALL,4413.905,4495.0,20.3,20.7,20.5,31,9335,21,0.0575342465753424,0.9819588431590656,ATM,17.2,0.0556,0.0045606229143492,44.61142452919262,0.009924677314614598,24.111424529192618,24.111424529192618,117.61670502045179,117.61670502045179
2023-08-25,2023-10-20,CALL,4413.905,4610.0,22.7,23.1,22.9,142,429,56,0.1534246575342465,0.9574631236442516,OTM,17.2,0.05534,0.0049674620390455,58.068962979634534,0.012596304333977123,35.168962979634536,35.168962979634536,153.57625755298923,153.57625755298923
2023-08-25,2023-09-15,CALL,4413.905,4490.0,21.9,22.4,22.15,30,10606,21,0.0575342465753424,0.9830523385300668,ATM,17.2,0.0556,0.0049331848552338,46.38256720207869,0.010330193140774763,24.23256720207869,24.23256720207869,109.40210926446362,109.40210926446362
2023-08-25,2023-09-15,CALL,4413.905,4480.0,25.5,25.9,25.7,43,13436,21,0.0575342465753424,0.9852466517857142,ATM,17.2,0.0556,0.0057366071428571,50.07641647687933,0.011177771535017708,24.37641647687933,24.37641647687933,94.84986955984175,94.84986955984175
2023-08-25,2023-09-15,CALL,4413.905,4475.0,27.4,27.8,27.6,1772,18351,21,0.0575342465753424,0.9863474860335196,ATM,17.2,0.0556,0.0061675977653631,52.00014433199817,0.01162014398480406,24.40014433199817,24.40014433199817,88.40632004347164,88.40632004347164
2023-08-25,2023-09-15,CALL,4413.905,4470.0,29.4,29.8,29.6,183,7380,21,0.0575342465753424,0.9874507829977628,ATM,17.2,0.0556,0.0066219239373601,53.97570162375723,0.01207510103439759,24.37570162375723,24.37570162375723,82.35034332350416,82.35034332350416
2023-08-25,2023-09-15,CALL,4413.905,4685.0,0.55,0.65,0.6000000000000001,43,160,21,0.0575342465753424,0.9421355389541088,OTM,17.2,0.0556,0.0001280683030949,7.378157412254268,0.0015748468329251373,6.778157412254268,6.778157412254268,1129.692902042378,1129.692902042378
2023-08-25,2023-09-22,CALL,238.33,240.0,11.5,11.6,11.55,3701,1713,28,0.0767123287671232,0.9930416666666666,ATM,17.2,0.0556,0.048125,4.218338931365338,0.01757641221402224,-7.331661068634663,7.331661068634663,-63.47758500982392,63.47758500982392
2023-08-25,2023-09-22,CALL,238.33,235.0,14.1,14.2,14.15,1617,1801,28,0.0767123287671232,1.014170212765957,ATM,17.2,0.0556,0.0602127659574468,6.9813300812597845,0.029707787579828872,-7.168669918740216,7.168669918740216,-50.66197822431248,50.66197822431248
2023-08-25,2023-09-22,CALL,238.33,230.0,17.05,17.2,17.125,1058,1766,28,0.0767123287671232,1.0362173913043478,ITM,17.2,0.0556,0.0744565217391304,10.56300592270307,0.045926112707404654,-6.56199407729693,6.56199407729693,-38.318213590055066,38.318213590055066
2023-08-25,2023-09-22,CALL,238.33,225.0,19.85,20.8,20.325000000000003,201,877,28,0.0767123287671232,1.0592444444444444,ITM,17.2,0.0556,0.0903333333333333,14.791160834794994,0.06573849259908886,-5.533839165205009,5.533839165205009,-27.226760960418243,27.226760960418243
2023-08-25,2023-09-15,CALL,4413.905,4485.0,23.7,24.1,23.9,32,13797,21,0.0575342465753424,0.9841482720178372,ATM,17.2,0.0556,0.0053288740245261,48.20405573598873,0.010747838514155793,24.304055735988733,24.304055735988733,101.69060977401143,101.69060977401143
2023-08-25,2023-10-20,CALL,4413.905,4605.0,23.9,24.3,24.1,17,172,56,0.1534246575342465,0.9585027144408252,OTM,17.2,0.05534,0.0052334419109663,59.52130349748472,0.012925364494567802,35.42130349748472,35.42130349748472,146.97636306010259,146.97636306010259
2023-08-25,2023-10-20,CALL,4413.905,4600.0,25.2,25.6,25.4,1041,21394,56,0.1534246575342465,0.9595445652173912,OTM,17.2,0.05534,0.0055217391304347,61.00124283811465,0.013261139747416228,35.60124283811465,35.60124283811465,140.16237337840414,140.16237337840414
2023-08-25,2023-10-20,CALL,4413.905,4595.0,26.5,27.0,26.75,10,133,56,0.1534246575342465,0.960588683351469,OTM,17.2,0.05534,0.0058215451577801,62.50904753361897,0.013603710018197816,35.75904753361897,35.75904753361897,133.67868236866903,133.67868236866903
2023-08-25,2023-09-15,CALL,4413.905,4740.0,0.25,0.35,0.3,5,2570,21,0.0575342465753424,0.9312035864978904,OTM,17.2,0.0556,6.329113924050633e-05,3.8863411017679823,0.0008199031860270005,3.5863411017679825,3.5863411017679825,1195.447033922661,1195.447033922661
2023-08-25,2023-09-15,CALL,4413.905,4735.0,0.25,0.35,0.3,2,1380,21,0.0575342465753424,0.9321869060190072,OTM,17.2,0.0556,6.335797254487856e-05,4.1288961135207956,0.0008719949553370213,3.8288961135207957,3.8288961135207957,1276.298704506932,1276.298704506932
2023-08-25,2023-09-15,CALL,4413.905,4730.0,0.3,0.4,0.35,2,672,21,0.0575342465753424,0.9331723044397462,OTM,17.2,0.0556,7.399577167019027e-05,4.3846022545533,0.0009269772208357928,4.034602254553301,4.034602254553301,1152.743501300943,1152.743501300943
2023-08-25,2023-09-15,CALL,4413.905,4725.0,0.3,0.4,0.35,4,5967,21,0.0575342465753424,0.9341597883597884,OTM,17.2,0.0556,7.407407407407407e-05,4.65403536630248,0.0009849810299052868,4.304035366302481,4.304035366302481,1229.7243903721373,1229.7243903721373
2023-08-25,2023-09-15,CALL,4413.905,4720.0,0.3,0.45,0.375,13,614,21,0.0575342465753424,0.9351493644067796,OTM,17.2,0.0556,7.944915254237288e-05,4.937787745793742,0.0010461414715664708,4.562787745793742,4.562787745793742,1216.7433988783312,1216.7433988783312
2023-08-25,2023-09-15,CALL,4413.905,4715.0,0.35,0.45,0.4,183,3488,21,0.0575342465753424,0.9361410392364792,OTM,17.2,0.0556,8.483563096500531e-05,5.2364680862191335,0.0011105976853062849,4.836468086219133,4.836468086219133,1209.1170215547832,1209.1170215547832
2023-08-25,2023-09-15,CALL,4413.905,4710.0,0.35,0.5,0.425,16,610,21,0.0575342465753424,0.9371348195329088,OTM,17.2,0.0556,9.02335456475584e-05,5.550701380386329,0.0011784928620777767,5.125701380386329,5.125701380386329,1206.0473836203128,1206.0473836203128
2023-08-25,2023-09-15,CALL,4413.905,4705.0,0.4,0.5,0.45,73,609,21,0.0575342465753424,0.9381307120085016,OTM,17.2,0.0556,9.564293304994688e-05,5.881128785480655,0.0012499742370840924,5.431128785480655,5.431128785480655,1206.91750788459,1206.91750788459
2023-08-25,2023-09-15,CALL,4413.905,4805.0,0.1,0.2,0.15,160,393,21,0.0575342465753424,0.9186066597294484,OTM,17.2,0.0556,3.121748178980229e-05,1.697581410657051,0.0003532947784926225,1.5475814106570511,1.5475814106570511,1031.7209404380342,1031.7209404380342
2023-08-25,2023-10-20,CALL,4413.905,4305.0,188.4,189.9,189.15,4,4,56,0.1534246575342465,1.0252973286875726,ATM,17.2,0.05534,0.0439372822299651,203.41314355672557,0.047250439850575046,14.263143556725566,14.263143556725566,7.540652157930514,7.540652157930514
2023-08-25,2023-09-15,CALL,4413.905,4820.0,0.1,0.15,0.125,165,694,21,0.0575342465753424,0.9157479253112032,OTM,17.2,0.0556,2.5933609958506223e-05,1.3870980293708612,0.0002877796741433322,1.2620980293708612,1.2620980293708612,1009.678423496689,1009.678423496689
2023-08-25,2023-10-20,CALL,4413.905,4100.0,360.6,366.0,363.3,4,4541,56,0.1534246575342465,1.076562195121951,ITM,17.2,0.05534,0.0886097560975609,363.895030927883,0.08875488559216659,0.5950309278829877,0.5950309278829877,0.16378500629864787,0.16378500629864787
2023-08-25,2023-10-20,CALL,4413.905,4070.0,387.8,393.5,390.65,2,48,56,0.1534246575342465,1.084497542997543,ITM,17.2,0.05534,0.0959828009828009,390.45049995052705,0.09593378377162827,-0.1995000494729311,0.1995000494729311,-0.05106874426543737,0.05106874426543737
2023-08-25,2023-10-20,CALL,4413.905,4060.0,396.9,402.7,399.8,1,15,56,0.1534246575342465,1.087168719211823,ITM,17.2,0.05534,0.0984729064039409,399.4306054565045,0.09838192252623264,-0.3693945434955026,0.3693945434955026,-0.09239483329052091,0.09239483329052091
2023-08-25,2023-10-20,CALL,4413.905,4030.0,424.5,430.4,427.45,2,21,56,0.1534246575342465,1.095261786600496,ITM,17.2,0.05534,0.1060669975186104,426.7170078582253,0.10588511361246286,-0.7329921417746732,0.7329921417746732,-0.17148020628720861,0.17148020628720861
2023-08-25,2023-09-15,CALL,4413.905,4850.0,0.1,0.15,0.125,390,8833,21,0.0575342465753424,0.9100835051546392,OTM,17.2,0.0556,2.577319587628866e-05,0.9149095930850564,0.0001886411532134137,0.7899095930850564,0.7899095930850564,631.9276744680451,631.9276744680451
2023-08-25,2023-10-20,CALL,4413.905,4310.0,184.7,186.0,185.35,2,121,56,0.1534246575342465,1.0241078886310904,ATM,17.2,0.05534,0.0430046403712296,200.06529519849528,0.0464188619950105,14.715295198495284,14.715295198495284,7.939193524950247,7.939193524950247
2023-08-25,2023-09-15,CALL,4413.905,4745.0,0.25,0.3,0.275,2,862,21,0.0575342465753424,0.930222339304531,OTM,17.2,0.0556,5.795574288724974e-05,3.6563778573375316,0.0007705748909035894,3.3813778573375317,3.3813778573375317,1229.5919481227386,1229.5919481227386
2023-08-25,2023-10-20,CALL,4413.905,4500.0,61.7,62.6,62.150000000000006,945,17518,56,0.1534246575342465,0.9808677777777776,ATM,17.2,0.05534,0.0138111111111111,96.76855117356672,0.021504122483014827,34.618551173566715,34.618551173566715,55.70161089873968,55.70161089873968
2023-08-25,2023-09-15,CALL,4413.905,4750.0,0.2,0.3,0.25,57,19896,21,0.0575342465753424,0.9292431578947368,OTM,17.2,0.0556,5.263157894736842e-05,3.4384634877619646,0.0007238870500551504,3.1884634877619646,3.1884634877619646,1275.3853951047859,1275.3853951047859
2023-08-25,2023-09-15,CALL,4413.905,4760.0,0.2,0.3,0.25,4,1374,21,0.0575342465753424,0.9272909663865546,OTM,17.2,0.0556,5.252100840336135e-05,3.036691867012223,0.0006379604762630721,2.786691867012223,2.786691867012223,1114.6767468048893,1114.6767468048893
2023-08-25,2023-10-20,CALL,4413.905,4175.0,294.1,299.4,296.75,6,693,56,0.1534246575342465,1.057222754491018,ITM,17.2,0.05534,0.0710778443113772,300.4632245296734,0.07196723940830502,3.7132245296734254,3.7132245296734254,1.251297229881525,1.251297229881525
2023-08-25,2023-10-20,CALL,4413.905,4155.0,311.6,317.0,314.3,2,1,56,0.1534246575342465,1.0623116726835138,ITM,17.2,0.05534,0.0756438026474127,316.9205254707249,0.07627449469812873,2.6205254707248855,2.6205254707248855,0.8337656604278987,0.8337656604278987
2023-08-25,2023-10-20,CALL,4413.905,4180.0,289.9,295.1,292.5,1,24,56,0.1534246575342465,1.0559581339712918,ITM,17.2,0.05534,0.0699760765550239,296.40567911201833,0.07091044954832974,3.9056791120183334,3.9056791120183334,1.3352749100917378,1.3352749100917378
2023-08-25,2023-10-20,CALL,4413.905,4225.0,251.6,256.6,254.1,12,1245,56,0.1534246575342465,1.0447112426035503,ITM,17.2,0.05534,0.0601420118343195,260.98196296502783,0.06177087880829061,6.881962965027839,6.881962965027839,2.7083679516048167,2.7083679516048167
2023-08-25,2023-10-20,CALL,4413.905,4300.0,192.3,193.8,193.05,81,5997,56,0.1534246575342465,1.0264895348837209,ATM,17.2,0.05534,0.0448953488372093,206.791620188068,0.0480910744623414,13.741620188067998,13.741620188067998,7.118166375585598,7.118166375585598
2023-08-25,2023-10-20,CALL,4413.905,4295.0,196.2,197.7,196.95,4,2,56,0.1534246575342465,1.027684516880093,ATM,17.2,0.05534,0.0458556461001164,210.20051218572098,0.04894074788957415,13.250512185720993,13.250512185720993,6.727855895263262,6.727855895263262
2023-08-25,2023-10-20,CALL,4413.905,4290.0,200.3,201.8,201.05,2,726,56,0.1534246575342465,1.0288822843822842,ATM,17.2,0.05534,0.0468648018648018,213.63959887704414,0.049799440297679284,12.589598877044125,12.589598877044125,6.261924335759326,6.261924335759326
2023-08-25,2023-10-20,CALL,4413.905,4280.0,208.1,209.6,208.85,2,65,56,0.1534246575342465,1.0312862149532709,ITM,17.2,0.05534,0.0487967289719626,220.60743578241727,0.05154379340710684,11.757435782417275,11.757435782417275,5.629607748344397,5.629607748344397
2023-08-25,2023-10-20,CALL,4413.905,4275.0,212.1,213.6,212.85,27,1233,56,0.1534246575342465,1.032492397660819,ITM,17.2,0.05534,0.0497894736842105,224.13570728630611,0.05242940521317102,11.28570728630612,11.28570728630612,5.3021880602800655,5.3021880602800655
2023-08-25,2023-10-20,CALL,4413.905,4255.0,228.3,229.8,229.05,2,18,56,0.1534246575342465,1.0373454759106933,ITM,17.2,0.05534,0.0538307873090481,238.53856623206912,0.0560607676221079,9.488566232069104,9.488566232069104,4.14257421177433,4.14257421177433
2023-08-25,2023-10-20,CALL,4413.905,4250.0,232.4,233.9,233.15,53,2638,56,0.1534246575342465,1.0385658823529411,ITM,17.2,0.05534,0.0548588235294117,242.21038973835311,0.056990679938436026,9.06038973835311,9.06038973835311,3.8860775202029205,3.8860775202029205
2023-08-25,2023-09-15,CALL,4413.905,4800.0,0.1,0.2,0.15,22,30796,21,0.0575342465753424,0.9195635416666668,OTM,17.2,0.0556,3.125e-05,1.8141769902745182,0.00037795353964052464,1.6641769902745183,1.6641769902745183,1109.451326849679,1109.451326849679
2023-08-25,2023-09-15,CALL,4413.905,4785.0,0.15,0.2,0.175,3,207,21,0.0575342465753424,0.92244618599791,OTM,17.2,0.0556,3.657262277951933e-05,2.208253990058296,0.0004614950867415456,2.033253990058296,2.033253990058296,1161.8594228904549,1161.8594228904549
2023-08-25,2023-09-15,CALL,4413.905,4780.0,0.15,0.25,0.2,3,563,21,0.0575342465753424,0.9234110878661088,OTM,17.2,0.0556,4.184100418410042e-05,2.355659981202024,0.0004928158956489589,2.1556599812020236,2.1556599812020236,1077.8299906010118,1077.8299906010118
2023-08-25,2023-09-15,CALL,4413.905,4775.0,0.15,0.25,0.2,2,4219,21,0.0575342465753424,0.9243780104712042,OTM,17.2,0.0556,4.188481675392671e-05,2.511768571093768,0.0005260248316426739,2.3117685710937677,2.3117685710937677,1155.8842855468838,1155.8842855468838
2023-08-25,2023-09-15,CALL,4413.905,4770.0,0.15,0.25,0.2,2,2399,21,0.0575342465753424,0.9253469601677148,OTM,17.2,0.0556,4.19287211740042e-05,2.677010136580776,0.0005612180579833912,2.477010136580776,2.477010136580776,1238.505068290388,1238.505068290388
2023-08-25,2023-09-15,CALL,4413.905,4765.0,0.2,0.25,0.225,3,290,21,0.0575342465753424,0.926317943336831,OTM,17.2,0.0556,4.72193074501574e-05,2.8518306476402984,0.0005984954139853721,2.6268306476402983,2.6268306476402983,1167.4802878401326,1167.4802878401326
2023-08-25,2023-09-15,CALL,4413.905,4755.0,0.2,0.3,0.25,2,342,21,0.0575342465753424,0.92826603575184,OTM,17.2,0.0556,5.257623554153522e-05,3.2320715278593184,0.0006797206157432847,2.9820715278593184,2.9820715278593184,1192.8286111437274,1192.8286111437274
2023-08-25,2023-10-20,CALL,4413.905,4490.0,66.6,67.5,67.05,1,776,56,0.1534246575342465,0.9830523385300668,ATM,17.2,0.05534,0.0149331848552338,101.02633073908123,0.02250029637841453,33.976330739081234,33.976330739081234,50.673125636213626,50.673125636213626
2023-08-25,2023-10-20,CALL,4413.905,4485.0,69.2,70.0,69.6,1,510,56,0.1534246575342465,0.9841482720178372,ATM,17.2,0.05534,0.0155183946488294,103.20355996530952,0.023010827194048945,33.60355996530953,33.60355996530953,48.280976961651625,48.280976961651625
2023-08-25,2023-10-20,CALL,4413.905,4480.0,71.7,72.6,72.15,11,354,56,0.1534246575342465,0.9852466517857142,ATM,17.2,0.05534,0.0161049107142857,105.41317538067142,0.0235297266474713,33.26317538067141,33.26317538067141,46.102807180417756,46.102807180417756
2023-08-25,2023-10-20,CALL,4413.905,4355.0,150.9,152.2,151.55,1,47,56,0.1534246575342465,1.0135258323765786,ATM,17.2,0.05534,0.0347990815154994,171.34403326258098,0.0393442097043814,19.794033262580967,19.794033262580967,13.061057909984141,13.061057909984141
2023-08-25,2023-10-20,CALL,4413.905,4350.0,154.4,156.0,155.2,318,7163,56,0.1534246575342465,1.014690804597701,ATM,17.2,0.05534,0.0356781609195402,174.4079977620181,0.04009379258896968,19.207997762018124,19.207997762018124,12.376287217795184,12.376287217795184
2023-08-25,2023-10-20,CALL,4413.905,4345.0,158.1,159.5,158.8,56,20,56,0.1534246575342465,1.0158584579976984,ATM,17.2,0.05534,0.0365477560414269,177.50413435532664,0.04085250502999462,18.70413435532663,18.70413435532663,11.778422138115005,11.778422138115005
2023-08-25,2023-10-20,CALL,4413.905,4340.0,161.8,163.2,162.5,5,77,56,0.1534246575342465,1.017028801843318,ATM,17.2,0.05534,0.037442396313364,180.63230605217996,0.04162034701663132,18.132306052179956,18.132306052179956,11.158342185956895,11.158342185956895
2023-08-25,2023-10-20,CALL,4413.905,4335.0,165.5,167.0,166.25,21,16,56,0.1534246575342465,1.01820184544406,ATM,17.2,0.05534,0.0383506343713956,183.79236697896658,0.042397316488804286,17.542366978966584,17.542366978966584,10.551799686596441,10.551799686596441
2023-08-25,2023-10-20,CALL,4413.905,4325.0,173.2,174.5,173.85,41,1370,56,0.1534246575342465,1.0205560693641618,ATM,17.2,0.05534,0.0401965317919075,190.20752918578728,0.04397861946492192,16.357529185787286,16.357529185787286,9.408990040717448,9.408990040717448
2023-08-25,2023-10-20,CALL,4413.905,4435.0,97.3,98.2,97.75,112,357,56,0.1534246575342465,0.9952435174746336,ATM,17.2,0.05534,0.0220405862457722,126.77232471833531,0.028584515156332653,29.022324718335312,29.022324718335312,29.690357768117966,29.690357768117966
2023-08-25,2023-10-20,CALL,4413.905,4375.0,136.6,137.9,137.25,10,1450,56,0.1534246575342465,1.0088925714285717,ATM,17.2,0.05534,0.0313714285714285,159.4123204647376,0.03643710182051145,22.162320464737604,22.162320464737604,16.147410174672206,16.147410174672206
2023-08-25,2023-10-20,CALL,4413.905,4380.0,133.1,134.4,133.75,6,15,56,0.1534246575342465,1.0077408675799089,ATM,17.2,0.05534,0.0305365296803652,156.51095475336842,0.03573309469254987,22.760954753368424,22.760954753368424,17.01753626420069,17.01753626420069
2023-08-25,2023-10-20,CALL,4413.905,4430.0,100.3,101.3,100.8,42,508,56,0.1534246575342465,0.996366817155756,ATM,17.2,0.05534,0.0227539503386004,129.31039666006927,0.029189705792340693,28.510396660069276,28.510396660069276,28.28412367070365,28.28412367070365
2023-08-25,2023-10-20,CALL,4413.905,4425.0,103.4,104.4,103.9,9,4561,56,0.1534246575342465,0.9974926553672316,ATM,17.2,0.05534,0.0234802259887005,131.8815782100828,0.029803746488154308,27.9815782100828,27.9815782100828,26.93125910498826,26.93125910498826
2023-08-25,2023-10-20,CALL,4413.905,4420.0,106.5,107.7,107.1,44,218,56,0.1534246575342465,0.9986210407239818,ATM,17.2,0.05534,0.0242307692307692,134.48588084249923,0.030426669873868602,27.385880842499233,27.385880842499233,25.57038360644186,25.57038360644186
2023-08-25,2023-10-20,CALL,4413.905,4415.0,109.7,110.9,110.3,25,639,56,0.1534246575342465,0.9997519818799546,ATM,17.2,0.05534,0.0249830124575311,137.1233067248536,0.031058506619445887,26.823306724853595,26.823306724853595,24.318501110474703,24.318501110474703
2023-08-25,2023-10-20,CALL,4413.905,4410.0,113.0,114.2,113.6,3,349,56,0.1534246575342465,1.0008854875283446,ATM,17.2,0.05534,0.0257596371882086,139.79384868464012,0.03169928541601817,26.19384868464013,26.19384868464013,23.057965391408565,23.057965391408565
2023-08-25,2023-10-20,CALL,4413.905,4405.0,116.3,117.4,116.85,1,68,56,0.1534246575342465,1.0020215664018162,ATM,17.2,0.05534,0.0265266742338252,142.497490183639,0.03234903295882838,25.647490183639007,25.647490183639007,21.949071616293544,21.949071616293544
2023-08-25,2023-10-20,CALL,4413.905,4400.0,119.6,120.7,120.15,491,10966,56,0.1534246575342465,1.0031602272727271,ATM,17.2,0.05534,0.0273068181818181,145.234205300113,0.03300777393184386,25.084205300112984,25.084205300112984,20.877407657189334,20.877407657189334
2023-08-25,2023-10-20,CALL,4413.905,4395.0,123.0,124.1,123.55,440,140,56,0.1534246575342465,1.004301478953356,ATM,17.2,0.05534,0.0281114903299203,148.00395871891806,0.03367553099406554,24.45395871891806,24.45395871891806,19.79276302623882,19.79276302623882
2023-08-25,2023-10-20,CALL,4413.905,4365.0,143.7,145.0,144.35,45,41,56,0.1534246575342465,1.0112038946162656,ATM,17.2,0.05534,0.033069873997709,165.31312357826118,0.03787242235469901,20.96312357826119,20.96312357826119,14.522427141157735,14.522427141157735
2023-08-25,2023-10-20,CALL,4413.905,4370.0,140.0,141.4,140.7,7,464,56,0.1534246575342465,1.0100469107551486,ATM,17.2,0.05534,0.0321967963386727,162.34640721736787,0.03715020760122834,21.64640721736788,21.64640721736788,15.384795463658763,15.384795463658763
2023-08-25,2023-11-17,CALL,4413.905,4820.0,7.2,7.5,7.35,24,127,84,0.2301369863013698,0.9157479253112032,OTM,17.2,0.0559193548387096,0.0015248962655601,37.21889376529214,0.007721762191969323,29.868893765292135,29.868893765292135,406.3795070107774,406.3795070107774
2023-08-25,2023-10-20,CALL,4413.905,4515.0,54.8,55.6,55.2,88,312,56,0.1534246575342465,0.9776090808416388,ATM,17.2,0.05534,0.0122259136212624,90.62156725632849,0.020071221983682944,35.42156725632849,35.42156725632849,64.1695058991458,64.1695058991458
2023-08-25,2023-10-20,CALL,4413.905,4475.0,74.4,75.3,74.85,5,3955,56,0.1534246575342465,0.9863474860335196,ATM,17.2,0.05534,0.0167262569832402,107.65528650973397,0.024057047264745023,32.805286509733975,32.805286509733975,43.82803808915695,43.82803808915695
2023-08-25,2023-10-20,CALL,4413.905,4470.0,77.1,78.0,77.55,5,1121,56,0.1534246575342465,0.9874507829977628,ATM,17.2,0.05534,0.0173489932885906,109.92999441899792,0.024592839914764637,32.379994418997924,32.379994418997924,41.75370008897218,41.75370008897218
2023-08-25,2023-10-20,CALL,4413.905,4460.0,82.7,83.5,83.1,305,224,56,0.1534246575342465,0.989664798206278,ATM,17.2,0.05534,0.0186322869955156,114.57756189435167,0.02569003629918199,31.47756189435168,31.47756189435168,37.879135853612134,37.879135853612134
2023-08-25,2023-10-20,CALL,4413.905,4455.0,85.5,86.3,85.9,135,291,56,0.1534246575342465,0.9907755331088663,ATM,17.2,0.05534,0.0192817059483726,116.9505803360912,0.026251533184307792,31.0505803360912,31.0505803360912,36.14735778357532,36.14735778357532
2023-08-25,2023-10-20,CALL,4413.905,4450.0,88.4,89.2,88.80000000000001,1378,6304,56,0.1534246575342465,0.9918887640449436,ATM,17.2,0.05534,0.0199550561797752,119.35651311951187,0.026821688341463343,30.556513119511862,30.556513119511862,34.41048774719804,34.41048774719804
2023-08-25,2023-10-20,CALL,4413.905,4445.0,91.4,92.2,91.8,63,244,56,0.1534246575342465,0.9930044994375704,ATM,17.2,0.05534,0.020652418447694,121.79541748463771,0.027400543866060226,29.995417484637713,29.995417484637713,32.674746715291626,32.674746715291626
2023-08-25,2023-10-20,CALL,4413.905,4440.0,94.2,95.2,94.7,5,265,56,0.1534246575342465,0.9941227477477476,ATM,17.2,0.05534,0.0213288288288288,124.26734164529626,0.02798814001020186,29.567341645296253,29.567341645296253,31.222113669795405,31.222113669795405
2023-08-25,2023-10-20,CALL,4413.905,4505.0,59.4,60.2,59.8,98,213,56,0.1534246575342465,0.9797791342952274,ATM,17.2,0.05534,0.013274139844617,94.68774057750306,0.021018366387903012,34.88774057750307,34.88774057750307,58.34070330686132,58.34070330686132
2023-08-25,2023-10-20,CALL,4413.905,4200.0,272.8,277.7,275.25,1,7333,56,0.1534246575342465,1.050929761904762,ITM,17.2,0.05534,0.0655357142857142,280.41303755683066,0.06676500894210254,5.163037556830659,5.163037556830659,1.8757629634262158,1.8757629634262158
2023-08-25,2023-10-20,CALL,4413.905,4510.0,57.0,57.9,57.45,190,547,56,0.1534246575342465,0.9786929046563192,ATM,17.2,0.05534,0.0127383592017738,92.63879591982345,0.02054075297557061,35.18879591982345,35.18879591982345,61.25116783259085,61.25116783259085
2023-08-25,2023-10-20,CALL,4413.905,4555.0,38.8,39.5,39.15,26,305,56,0.1534246575342465,0.9690241492864984,OTM,17.2,0.05534,0.0085949506037321,75.60506001145382,0.016598256863107314,36.45506001145382,36.45506001145382,93.11637295390503,93.11637295390503
2023-08-25,2023-10-20,CALL,4413.905,4550.0,40.6,41.3,40.95,1300,12262,56,0.1534246575342465,0.9700890109890108,ATM,17.2,0.05534,0.009,77.37484676666304,0.01700546082783803,36.42484676666304,36.42484676666304,88.94956475375588,88.94956475375588
2023-08-25,2023-10-20,CALL,4413.905,4545.0,42.5,43.2,42.85,6,361,56,0.1534246575342465,0.971156215621562,ATM,17.2,0.05534,0.0094279427942794,79.17488690399978,0.01742021714059401,36.324886903999776,36.324886903999776,84.77219814235653,84.77219814235653
2023-08-25,2023-10-20,CALL,4413.905,4540.0,44.4,45.1,44.75,6,205,56,0.1534246575342465,0.97222577092511,ATM,17.2,0.05534,0.0098568281938325,81.00538730989433,0.01784259632376527,36.25538730989433,36.25538730989433,81.01762527350688,81.01762527350688
2023-08-25,2023-10-20,CALL,4413.905,4535.0,46.4,47.1,46.75,6,216,56,0.1534246575342465,0.973297684674752,ATM,17.2,0.05534,0.010308710033076,82.86654833509738,0.018272667769591484,36.11654833509738,36.11654833509738,77.25464884512807,77.25464884512807
2023-08-25,2023-10-20,CALL,4413.905,4530.0,48.4,49.1,48.75,3,135,56,0.1534246575342465,0.9743719646799116,ATM,17.2,0.05534,0.0107615894039735,84.75856362076752,0.018710499695533667,36.00856362076752,36.00856362076752,73.86372024772824,73.86372024772824
2023-08-25,2023-10-20,CALL,4413.905,4525.0,50.5,51.2,50.85,13,11693,56,0.1534246575342465,0.9754486187845304,ATM,17.2,0.05534,0.0112375690607734,86.68161992807336,0.019156159100126708,35.83161992807336,35.83161992807336,70.465329258748,70.465329258748
2023-08-25,2023-10-20,CALL,4413.905,4520.0,52.7,53.4,53.05,70,215,56,0.1534246575342465,0.9765276548672566,ATM,17.2,0.05534,0.0117367256637168,88.63589697153225,0.01960971171936554,35.58589697153225,35.58589697153225,67.07991889072999,67.07991889072999
2023-08-25,2023-10-20,CALL,4413.905,4560.0,37.0,37.8,37.4,25,801,56,0.1534246575342465,0.9679616228070176,OTM,17.2,0.05534,0.0082017543859649,73.86531339344515,0.01619853363891341,36.46531339344515,36.46531339344515,97.5008379503881,97.5008379503881
2023-08-25,2023-09-15,CALL,4413.905,4245.0,186.6,194.6,190.6,2,12,21,0.0575342465753424,1.0397891637220258,ITM,17.2,0.0556,0.0448998822143698,196.6687946752727,0.04632951582456365,6.068794675272699,6.068794675272699,3.18404757359533,3.18404757359533
2023-08-25,2023-10-20,CALL,4413.905,4215.0,259.9,265.0,262.45,2,3,56,0.1534246575342465,1.0471897983392644,ITM,17.2,0.05534,0.0622657176749703,268.67745492132644,0.06374316842736096,6.227454921326455,6.227454921326455,2.3728157444566413,2.3728157444566413
2023-08-25,2023-10-20,CALL,4413.905,4570.0,33.7,34.4,34.05,2,404,56,0.1534246575342465,0.965843544857768,OTM,17.2,0.05534,0.0074507658643326,70.47505688100455,0.015421237829541476,36.42505688100455,36.42505688100455,106.97520376212792,106.97520376212792
2023-08-25,2023-10-20,CALL,4413.905,4695.0,8.7,9.0,8.85,186,325,56,0.1534246575342465,0.9401288604898828,OTM,17.2,0.05534,0.0018849840255591,37.32595212264607,0.007950149546889473,28.47595212264607,28.47595212264607,321.76217087735677,321.76217087735677
2023-08-25,2023-10-20,CALL,4413.905,4690.0,9.3,9.6,9.45,147,937,56,0.1534246575342465,0.941131130063966,OTM,17.2,0.05534,0.0020149253731343,38.353254104550274,0.008177666120373192,28.903254104550275,28.903254104550275,305.8545407888918,305.8545407888918
2023-08-25,2023-10-20,CALL,4413.905,4685.0,9.8,10.1,9.95,2,415,56,0.1534246575342465,0.9421355389541088,OTM,17.2,0.05534,0.0021237993596584,39.40313294068267,0.00841048728723216,29.453132940682668,29.453132940682668,296.0113863385193,296.0113863385193
2023-08-25,2023-10-20,CALL,4413.905,4680.0,10.4,10.7,10.55,198,660,56,0.1534246575342465,0.943142094017094,OTM,17.2,0.05534,0.0022542735042735,40.475900912568136,0.008648696776189773,29.925900912568135,29.925900912568135,283.65782855514817,283.65782855514817
2023-08-25,2023-10-20,CALL,4413.905,4675.0,11.1,11.4,11.25,3,4086,56,0.1534246575342465,0.9441508021390372,OTM,17.2,0.05534,0.0024064171122994,41.57186913607393,0.008892378424828647,30.32186913607393,30.32186913607393,269.5277256539905,269.5277256539905
2023-08-25,2023-10-20,CALL,4413.905,4660.0,13.2,13.5,13.35,9,1153,56,0.1534246575342465,0.94718991416309,OTM,17.2,0.05534,0.0028648068669527,45.00206514987099,0.009657095525723388,31.652065149870985,31.652065149870985,237.0941209728164,237.0941209728164
2023-08-25,2023-11-17,CALL,4413.905,4265.0,251.8,253.7,252.75,2,10,84,0.2301369863013698,1.0349132473622509,ITM,17.2,0.0559193548387096,0.0592614302461899,266.2018951837631,0.06241545021893625,13.4518951837631,13.4518951837631,5.322213722557112,5.322213722557112
2023-08-25,2023-11-17,CALL,4413.905,4595.0,50.3,51.1,50.7,12,29,84,0.2301369863013698,0.960588683351469,OTM,17.2,0.0559193548387096,0.0110337323177366,94.10372230558687,0.02047959136138996,43.40372230558687,43.40372230558687,85.60891973488535,85.60891973488535
2023-08-25,2023-11-17,CALL,4413.905,4590.0,52.1,53.0,52.55,1,314,84,0.2301369863013698,0.9616350762527232,OTM,17.2,0.0559193548387096,0.0114488017429193,95.86680246329229,0.020886013608560412,43.31680246329229,43.31680246329229,82.42969070084166,82.42969070084166
2023-08-25,2023-11-17,CALL,4413.905,4580.0,55.9,56.8,56.35,7,321,84,0.2301369863013698,0.9637347161572052,OTM,17.2,0.0559193548387096,0.0123034934497816,99.46621625073772,0.021717514465226576,43.116216250737715,43.116216250737715,76.51502440237394,76.51502440237394
2023-08-25,2023-11-17,CALL,4413.905,4575.0,57.9,58.8,58.35,4,506,84,0.2301369863013698,0.9647879781420764,OTM,17.2,0.0559193548387096,0.0127540983606557,101.30282760333557,0.022142694558106135,42.95282760333557,42.95282760333557,73.61238663810724,73.61238663810724
2023-08-25,2023-11-17,CALL,4413.905,4600.0,48.6,49.2,48.900000000000006,313,7967,84,0.2301369863013698,0.9595445652173912,OTM,17.2,0.0559193548387096,0.0106304347826086,92.36486933157016,0.020079319419906556,43.464869331570156,43.464869331570156,88.88521335699417,88.88521335699417
2023-08-25,2023-11-17,CALL,4413.905,4550.0,68.5,69.3,68.9,1758,6368,84,0.2301369863013698,0.9700890109890108,ATM,17.2,0.0559193548387096,0.0151428571428571,110.860172688901,0.02436487311843978,41.960172688901,41.960172688901,60.90010549913061,60.90010549913061
2023-08-25,2023-11-17,CALL,4413.905,4525.0,80.1,80.9,80.5,77,780,84,0.2301369863013698,0.9754486187845304,ATM,17.2,0.0559193548387096,0.0177900552486187,121.05225663508872,0.026751879919356625,40.552256635088725,40.552256635088725,50.37547408085556,50.37547408085556
2023-08-25,2023-11-17,CALL,4413.905,4505.0,90.2,91.1,90.65,38,12,84,0.2301369863013698,0.9797791342952274,ATM,17.2,0.0559193548387096,0.0201220865704772,129.67171534650765,0.028783954571921788,39.02171534650765,39.02171534650765,43.04656960453133,43.04656960453133
2023-08-25,2023-11-17,CALL,4413.905,4555.0,66.2,67.1,66.65,2,29,84,0.2301369863013698,0.9690241492864984,OTM,17.2,0.0559193548387096,0.0146322722283205,108.89838244373709,0.023907438516737014,42.248382443737086,42.248382443737086,63.38842077079832,63.38842077079832
2023-08-25,2023-11-17,CALL,4413.905,4605.0,46.8,47.6,47.2,1,75,84,0.2301369863013698,0.9585027144408252,OTM,17.2,0.0559193548387096,0.0102497285559174,90.65009656287998,0.019685145833415848,43.45009656287998,43.45009656287998,92.05528932813554,92.05528932813554
2023-08-25,2023-10-20,CALL,4413.905,4700.0,8.3,8.5,8.4,332,12747,56,0.1534246575342465,0.9391287234042552,OTM,17.2,0.05534,0.0017872340425531,36.32091372747038,0.007727853984568166,27.920913727470385,27.920913727470385,332.39183008893315,332.39183008893315
2023-08-25,2023-11-17,CALL,4413.905,4610.0,45.1,45.9,45.5,10,401,84,0.2301369863013698,0.9574631236442516,OTM,17.2,0.0559193548387096,0.0098698481561822,88.95925392038089,0.019297018203987177,43.45925392038089,43.45925392038089,95.5148437810569,95.5148437810569
2023-08-25,2023-10-20,CALL,4413.905,4705.0,7.8,8.0,7.9,10,239,56,0.1534246575342465,0.9381307120085016,OTM,17.2,0.05534,0.0016790648246546,35.3378248426701,0.007510696034573879,27.437824842670103,27.437824842670103,347.3142385148114,347.3142385148114
2023-08-25,2023-10-20,CALL,4413.905,4715.0,6.9,7.1,7.0,9,357,56,0.1534246575342465,0.9361410392364792,OTM,17.2,0.05534,0.0014846235418875,33.43623629824344,0.007091460508641239,26.436236298243443,26.436236298243443,377.6605185463349,377.6605185463349
2023-08-25,2023-10-20,CALL,4413.905,4590.0,27.8,28.4,28.1,22,1612,56,0.1534246575342465,0.9616350762527232,OTM,17.2,0.05534,0.0061220043572984,64.04497965795008,0.01395315460957518,35.94497965795008,35.94497965795008,127.91807707455544,127.91807707455544
2023-08-25,2023-10-20,CALL,4413.905,4585.0,29.2,29.9,29.55,97,170,56,0.1534246575342465,0.9626837513631408,OTM,17.2,0.05534,0.0064449291166848,65.60929662986905,0.01430955215482422,36.05929662986905,36.05929662986905,122.02807658162116,122.02807658162116
2023-08-25,2023-10-20,CALL,4413.905,4580.0,30.6,31.3,30.950000000000003,69,664,56,0.1534246575342465,0.9637347161572052,OTM,17.2,0.05534,0.0067576419213973,67.20225101683263,0.014672980571360838,36.25225101683263,36.25225101683263,117.13166725955614,117.13166725955614
2023-08-25,2023-10-20,CALL,4413.905,4575.0,32.3,32.9,32.599999999999994,945,5997,56,0.1534246575342465,0.9647879781420764,OTM,17.2,0.05534,0.0071256830601092,68.82409034006128,0.015043517014221044,36.22409034006128,36.22409034006128,111.11684153393033,111.11684153393033
2023-08-25,2023-10-20,CALL,4413.905,4650.0,14.7,15.1,14.9,1021,10318,56,0.1534246575342465,0.94922688172043,OTM,17.2,0.05534,0.0032043010752688,47.41049835425156,0.010195806097688507,32.51049835425156,32.51049835425156,218.19126412249366,218.19126412249366
2023-08-25,2023-10-20,CALL,4413.905,4655.0,13.9,14.2,14.05,5,133,56,0.1534246575342465,0.9482073039742211,OTM,17.2,0.05534,0.0030182599355531,46.1939158044313,0.009923505006322513,32.1439158044313,32.1439158044313,228.7823188927495,228.7823188927495
2023-08-25,2023-10-20,CALL,4413.905,4670.0,11.7,12.0,11.85,2,515,56,0.1534246575342465,0.945161670235546,OTM,17.2,0.05534,0.0025374732334047,42.69134737929471,0.009141616141176598,30.84134737929471,30.84134737929471,260.26453484636886,260.26453484636886
2023-08-25,2023-10-20,CALL,4413.905,4770.0,3.6,3.7,3.65,1,1047,56,0.1534246575342465,0.9253469601677148,OTM,17.2,0.05534,0.0007651991614255,24.411740268158837,0.0051177652553792115,20.76174026815884,20.76174026815884,568.8148018673654,568.8148018673654
2023-08-25,2023-10-20,CALL,4413.905,4765.0,3.8,4.0,3.9,4,282,56,0.1534246575342465,0.926317943336831,OTM,17.2,0.05534,0.0008184679958027,25.138130217204434,0.005275578219770081,21.238130217204436,21.238130217204436,544.5674414667803,544.5674414667803
2023-08-25,2023-10-20,CALL,4413.905,4760.0,4.0,4.2,4.1,5,197,56,0.1534246575342465,0.9272909663865546,OTM,17.2,0.05534,0.0008613445378151,25.882388274623167,0.005437476528282178,21.782388274623166,21.782388274623166,531.2777627956871,531.2777627956871
2023-08-25,2023-10-20,CALL,4413.905,4750.0,4.5,4.7,4.6,230,12359,56,0.1534246575342465,0.9292431578947368,OTM,17.2,0.05534,0.0009684210526315,27.42574932137427,0.005773841962394583,22.825749321374268,22.825749321374268,496.2119417690059,496.2119417690059
2023-08-25,2023-10-20,CALL,4413.905,4745.0,4.8,5.0,4.9,1,263,56,0.1534246575342465,0.930222339304531,OTM,17.2,0.05534,0.0010326659641728,28.225475504499514,0.00594846691348778,23.325475504499515,23.325475504499515,476.03011233672476,476.03011233672476
2023-08-25,2023-10-20,CALL,4413.905,4740.0,5.1,5.3,5.199999999999999,81,404,56,0.1534246575342465,0.9312035864978904,OTM,17.2,0.05534,0.0010970464135021,29.044315911294348,0.006127492808289947,23.84431591129435,23.84431591129435,458.5445367556606,458.5445367556606
2023-08-25,2023-10-20,CALL,4413.905,4735.0,5.4,5.6,5.5,1,204,56,0.1534246575342465,0.9321869060190072,OTM,17.2,0.05534,0.0011615628299894,29.882584409872607,0.006310999875369083,24.382584409872607,24.382584409872607,443.3197165431383,443.3197165431383
2023-08-25,2023-10-20,CALL,4413.905,4730.0,5.7,6.0,5.85,23,3519,56,0.1534246575342465,0.9331723044397462,OTM,17.2,0.05534,0.0012367864693446,30.74059551881669,0.006499068820045812,24.89059551881669,24.89059551881669,425.4802652789178,425.4802652789178
2023-08-25,2023-10-20,CALL,4413.905,4725.0,6.1,6.3,6.199999999999999,189,2719,56,0.1534246575342465,0.9341597883597884,OTM,17.2,0.05534,0.0013121693121693,31.61866425822609,0.006691780795391765,25.41866425822609,25.41866425822609,409.9784557778402,409.9784557778402
2023-08-25,2023-10-20,CALL,4413.905,4720.0,6.5,6.7,6.6,2,345,56,0.1534246575342465,0.9351493644067796,OTM,17.2,0.05534,0.0013983050847457,32.51710599725777,0.006889217372300376,25.91710599725777,25.91710599725777,392.6834242008754,392.6834242008754
2023-08-25,2023-10-20,CALL,4413.905,4710.0,7.3,7.6,7.449999999999999,3,139,56,0.1534246575342465,0.9371348195329088,OTM,17.2,0.05534,0.0015817409766454,34.37637075746227,0.007298592517507913,26.92637075746227,26.92637075746227,361.42779540217816,361.42779540217816
2023-08-25,2023-11-17,CALL,4413.905,4780.0,10.6,10.9,10.75,2,25,84,0.2301369863013698,0.9234110878661088,OTM,17.2,0.0559193548387096,0.0022489539748953,44.47504968972453,0.009304403700779191,33.72504968972453,33.72504968972453,313.72139246255375,313.72139246255375
2023-08-25,2023-11-17,CALL,4413.905,4775.0,11.1,11.4,11.25,34,1825,84,0.2301369863013698,0.9243780104712042,OTM,17.2,0.0559193548387096,0.0023560209424083,45.45812157682144,0.009520025461114438,34.20812157682144,34.20812157682144,304.0721917939684,304.0721917939684
2023-08-25,2023-11-17,CALL,4413.905,4760.0,12.8,13.1,12.95,1,241,84,0.2301369863013698,0.9272909663865546,OTM,17.2,0.0559193548387096,0.0027205882352941,48.51367556197806,0.010191948647474382,35.56367556197806,35.56367556197806,274.6229773125719,274.6229773125719
2023-08-25,2023-11-17,CALL,4413.905,4295.0,228.6,230.3,229.45,2,2,84,0.2301369863013698,1.027684516880093,ATM,17.2,0.0559193548387096,0.0534225844004656,245.84935143856592,0.05724082687743095,16.39935143856593,16.39935143856593,7.147244035112631,7.147244035112631
2023-08-25,2023-11-17,CALL,4413.905,4285.0,236.3,238.0,237.15,2,1,84,0.2301369863013698,1.0300828471411902,ITM,17.2,0.0559193548387096,0.0553442240373395,252.53435893876895,0.05893450617007443,15.38435893876894,15.38435893876894,6.487184878249606,6.487184878249606
2023-08-25,2023-11-17,CALL,4413.905,4275.0,244.1,245.8,244.95,6,441,84,0.2301369863013698,1.032492397660819,ITM,17.2,0.0559193548387096,0.057298245614035,259.31891905661087,0.06065939627055225,14.368919056610878,14.368919056610878,5.8660620765915,5.8660620765915
2023-08-25,2023-11-17,CALL,4413.905,4375.0,169.9,171.5,170.7,17,1265,84,0.2301369863013698,1.0088925714285717,ATM,17.2,0.0559193548387096,0.0390171428571428,196.065667274102,0.04481500966265189,25.36566727410201,25.36566727410201,14.859793365027539,14.859793365027539
2023-08-25,2023-11-17,CALL,4413.905,4270.0,248.0,249.7,248.85,2,36,84,0.2301369863013698,1.0337014051522249,ITM,17.2,0.0559193548387096,0.0582786885245901,262.7481788343157,0.061533531342931075,13.8981788343157,13.8981788343157,5.584962360584971,5.584962360584971
2023-08-25,2023-11-17,CALL,4413.905,4490.0,98.2,99.2,98.7,1,152,84,0.2301369863013698,0.9830523385300668,ATM,17.2,0.0559193548387096,0.0219821826280623,136.4116698501416,0.030381218229430202,37.711669850141604,37.711669850141604,38.20837877420628,38.20837877420628
2023-08-25,2023-11-17,CALL,4413.905,4480.0,103.7,104.7,104.2,10,148,84,0.2301369863013698,0.9852466517857142,ATM,17.2,0.0559193548387096,0.0232589285714285,141.03716979696492,0.031481511115393955,36.837169796964915,36.837169796964915,35.3523702466074,35.3523702466074
2023-08-25,2023-11-17,CALL,4413.905,4475.0,106.5,107.6,107.05,13,1246,84,0.2301369863013698,0.9863474860335196,ATM,17.2,0.0559193548387096,0.0239217877094972,143.3897593097504,0.03204240431502802,36.33975930975039,36.33975930975039,33.946529014246046,33.946529014246046
2023-08-25,2023-11-17,CALL,4413.905,4470.0,109.4,110.4,109.9,1,540,84,0.2301369863013698,0.9874507829977628,ATM,17.2,0.0559193548387096,0.0245861297539149,145.7689778467411,0.032610509585400696,35.8689778467411,35.8689778467411,32.637832435615195,32.637832435615195
2023-08-25,2023-11-17,CALL,4413.905,4465.0,112.3,113.3,112.8,10,70,84,0.2301369863013698,0.9885565509518476,ATM,17.2,0.0559193548387096,0.0252631578947368,148.17487149219187,0.03318586147641475,35.37487149219187,35.37487149219187,31.360701677475067,31.360701677475067
2023-08-25,2023-11-17,CALL,4413.905,4450.0,121.3,122.3,121.8,12,4390,84,0.2301369863013698,0.9918887640449436,ATM,17.2,0.0559193548387096,0.0273707865168539,155.5529919708597,0.03495572853277746,33.752991970859696,33.752991970859696,27.71181606802931,27.71181606802931
2023-08-25,2023-11-17,CALL,4413.905,4425.0,136.7,138.0,137.35,10,695,84,0.2301369863013698,0.9974926553672316,ATM,17.2,0.0559193548387096,0.0310395480225988,168.38626001537477,0.03805339209387001,31.03626001537478,31.03626001537478,22.596476167000205,22.596476167000205
2023-08-25,2023-11-17,CALL,4413.905,4415.0,143.2,144.5,143.85,6,92,84,0.2301369863013698,0.9997519818799546,ATM,17.2,0.0559193548387096,0.0325821064552661,173.70761304001826,0.039344872715745924,29.857613040018265,29.857613040018265,20.756074410857327,20.756074410857327
2023-08-25,2023-11-17,CALL,4413.905,4400.0,153.2,154.3,153.75,4,3916,84,0.2301369863013698,1.0031602272727271,ATM,17.2,0.0559193548387096,0.0349431818181818,181.89104037318975,0.04133887281208858,28.141040373189753,28.141040373189753,18.303115689879515,18.303115689879515
2023-08-25,2023-11-17,CALL,4413.905,4390.0,159.8,161.2,160.5,1,146,84,0.2301369863013698,1.0054453302961277,ATM,17.2,0.0559193548387096,0.0365603644646924,187.48070938073033,0.042706311931829236,26.98070938073033,26.98070938073033,16.810410829115472,16.810410829115472
2023-08-25,2023-11-17,CALL,4413.905,4385.0,163.2,164.6,163.89999999999998,1,19,84,0.2301369863013698,1.0065917901938426,ATM,17.2,0.0559193548387096,0.0373774230330672,190.31567348144245,0.043401521888584364,26.415673481442468,26.415673481442468,16.116945382210172,16.116945382210172
2023-08-25,2023-11-17,CALL,4413.905,4380.0,166.7,168.0,167.35,4,74,84,0.2301369863013698,1.0077408675799089,ATM,17.2,0.0559193548387096,0.0382077625570776,193.17734071382074,0.04410441568808693,25.827340713820746,25.827340713820746,15.433128601028232,15.433128601028232
2023-08-25,2023-11-17,CALL,4413.905,4300.0,224.8,226.5,225.65,33,2219,84,0.2301369863013698,1.0264895348837209,ATM,17.2,0.0559193548387096,0.0524767441860465,242.54451602808922,0.05640570140188121,16.894516028089214,16.894516028089214,7.487044550449464,7.487044550449464
2023-08-25,2023-11-17,CALL,4413.905,4305.0,221.0,222.7,221.85,3,4,84,0.2301369863013698,1.0252973286875726,ATM,17.2,0.0559193548387096,0.0515331010452961,239.26496318005002,0.05557838865970965,17.414963180050023,17.414963180050023,7.849881983344613,7.849881983344613
2023-08-25,2023-11-17,CALL,4413.905,4325.0,205.9,207.6,206.75,1,1462,84,0.2301369863013698,1.0205560693641618,ATM,17.2,0.0559193548387096,0.0478034682080924,226.40194948600538,0.05234727155745789,19.65194948600538,19.65194948600538,9.505175083920376,9.505175083920376
2023-08-25,2023-11-17,CALL,4413.905,4360.0,180.4,182.1,181.25,28,7,84,0.2301369863013698,1.0123635321100917,ATM,17.2,0.0559193548387096,0.0415711009174311,204.89008883234192,0.046993139640445394,23.640088832341917,23.640088832341917,13.04280763163692,13.04280763163692
2023-08-25,2023-11-17,CALL,4413.905,4750.0,14.0,14.3,14.15,1,2724,84,0.2301369863013698,0.9292431578947368,OTM,17.2,0.0559193548387096,0.002978947368421,50.641376509699285,0.010661342423094586,36.491376509699286,36.491376509699286,257.88958664098436,257.88958664098436
2023-08-25,2023-11-17,CALL,4413.905,4730.0,16.8,17.1,16.950000000000003,3,121,84,0.2301369863013698,0.9331723044397462,OTM,17.2,0.0559193548387096,0.003583509513742,55.12171242031877,0.011653638989496569,38.17171242031877,38.17171242031877,225.2018431877213,225.2018431877213
2023-08-25,2023-11-17,CALL,4413.905,4725.0,17.6,17.9,17.75,3,2301,84,0.2301369863013698,0.9341597883597884,OTM,17.2,0.0559193548387096,0.0037566137566137,56.289837640687665,0.011913193151468288,38.539837640687665,38.539837640687665,217.1258458630291,217.1258458630291
2023-08-25,2023-11-17,CALL,4413.905,4720.0,18.4,18.7,18.55,75,124,84,0.2301369863013698,0.9351493644067796,OTM,17.2,0.0559193548387096,0.0039300847457627,57.47758075318802,0.012177453549404242,38.927580753188025,38.927580753188025,209.8521873487225,209.8521873487225
2023-08-25,2023-11-17,CALL,4413.905,4705.0,21.0,21.3,21.15,1,494,84,0.2301369863013698,0.9381307120085016,OTM,17.2,0.0559193548387096,0.0044952178533475,61.16050260449197,0.012999044124227836,40.01050260449197,40.01050260449197,189.17495321272798,189.17495321272798
2023-08-25,2023-11-17,CALL,4413.905,4700.0,21.9,22.2,22.05,334,4115,84,0.2301369863013698,0.9391287234042552,OTM,17.2,0.0559193548387096,0.0046914893617021,62.4286967829496,0.013282701443180766,40.3786967829496,40.3786967829496,183.12334141927258,183.12334141927258
2023-08-25,2023-11-17,CALL,4413.905,4695.0,22.9,23.2,23.05,2,11,84,0.2301369863013698,0.9401288604898828,OTM,17.2,0.0559193548387096,0.0049094781682641,63.71749264895129,0.013571350936943833,40.667492648951296,40.667492648951296,176.43163839024425,176.43163839024425
2023-08-25,2023-11-17,CALL,4413.905,4675.0,27.1,27.4,27.25,1080,3800,84,0.2301369863013698,0.9441508021390372,OTM,17.2,0.0559193548387096,0.0058288770053475,69.08252814417187,0.014777011367737299,41.832528144171874,41.832528144171874,153.5138647492546,153.5138647492546
2023-08-25,2023-10-20,CALL,4413.905,4565.0,35.4,36.1,35.75,9,81,56,0.1534246575342465,0.9669014238773276,OTM,17.2,0.05534,0.0078313253012048,72.15538748944095,0.015806218508092214,36.405387489440955,36.405387489440955,101.83325171871596,101.83325171871596
2023-08-25,2023-11-17,CALL,4413.905,4665.0,29.4,29.8,29.6,8,138,84,0.2301369863013698,0.9461747052518756,OTM,17.2,0.0559193548387096,0.0063451232583065,71.89359685182535,0.015411274780669957,42.29359685182535,42.29359685182535,142.88377314805862,142.88377314805862
2023-08-25,2023-11-17,CALL,4413.905,4655.0,31.9,32.3,32.099999999999994,7,357,84,0.2301369863013698,0.9482073039742211,OTM,17.2,0.0559193548387096,0.0068958109559613,74.79233487306487,0.01606709664297849,42.69233487306488,42.69233487306488,132.99792795347318,132.99792795347318
2023-08-25,2023-11-17,CALL,4413.905,4650.0,33.2,33.7,33.45,955,5097,84,0.2301369863013698,0.94922688172043,OTM,17.2,0.0559193548387096,0.0071935483870967,76.27503034389429,0.016403232332020276,42.825030343894284,42.825030343894284,128.02699654377963,128.02699654377963
2023-08-25,2023-11-17,CALL,4413.905,4625.0,40.3,41.0,40.65,7,2440,84,0.2301369863013698,0.9543578378378378,OTM,17.2,0.0559193548387096,0.0087891891891891,84.02876118048084,0.01816838079577964,43.37876118048084,43.37876118048084,106.71281963217919,106.71281963217919
2023-08-25,2023-11-17,CALL,4413.905,4620.0,41.6,42.6,42.1,2,345,84,0.2301369863013698,0.9553906926406924,OTM,17.2,0.0559193548387096,0.0091125541125541,85.64874368814526,0.01853868910998815,43.54874368814526,43.54874368814526,103.4411964088961,103.4411964088961
2023-08-25,2023-11-17,CALL,4413.905,4615.0,43.5,44.2,43.85,8,222,84,0.2301369863013698,0.9564257854821234,OTM,17.2,0.0559193548387096,0.0095016251354279,87.29218830648347,0.018914883706713643,43.442188306483466,43.442188306483466,99.0699847354241,99.0699847354241
2023-08-25,2023-11-17,CALL,4413.905,4500.0,92.8,93.7,93.25,3209,5560,84,0.2301369863013698,0.9808677777777776,ATM,17.2,0.0559193548387096,0.0207222222222222,131.8920153313063,0.029309336740290293,38.64201533130631,38.64201533130631,41.43915853223197,41.43915853223197
2023-08-25,2023-11-17,CALL,4413.905,4495.0,95.5,96.4,95.95,30,5,84,0.2301369863013698,0.9819588431590656,ATM,17.2,0.0559193548387096,0.0213459399332591,134.1386437238532,0.0298417449886214,38.18864372385319,38.18864372385319,39.80056667415653,39.80056667415653
2023-08-25,2023-11-17,CALL,4413.905,4365.0,176.9,178.6,177.75,18,9,84,0.2301369863013698,1.0112038946162656,ATM,17.2,0.0559193548387096,0.040721649484536,201.92209780091207,0.04625935802999131,24.17209780091207,24.17209780091207,13.598929845801447,13.598929845801447
2023-08-25,2023-11-17,CALL,4413.905,4660.0,30.6,31.0,30.8,1,128,84,0.2301369863013698,0.94718991416309,OTM,17.2,0.0559193548387096,0.0066094420600858,73.33191658836972,0.015736462787203802,42.531916588369725,42.531916588369725,138.09063827392768,138.09063827392768
2023-08-25,2023-09-07,CALL,440.79,434.0,9.28,9.35,9.315,111,101,13,0.0356164383561643,1.0156451612903226,ATM,17.2,0.0556,0.0214631336405529,10.285912054670916,0.023700258190485983,0.9709120546709169,0.9709120546709169,10.423103109725357,10.423103109725357
2023-08-25,2023-09-15,CALL,4413.905,4250.0,184.1,187.7,185.9,11,11007,21,0.0575342465753424,1.0385658823529411,ITM,17.2,0.0556,0.0437411764705882,192.4896394898915,0.04529167987997447,6.589639489891482,6.589639489891482,3.544722694938936,3.544722694938936
2023-08-25,2023-09-15,CALL,4413.905,4265.0,168.9,176.9,172.9,2,113,21,0.0575342465753424,1.0349132473622509,ITM,17.2,0.0556,0.0405392731535756,180.16758734745918,0.04224327956564107,7.26758734745917,7.26758734745917,4.203347222359265,4.203347222359265
2023-08-25,2023-12-15,CALL,4413.905,4550.0,95.1,95.8,95.45,366,28719,112,0.3068493150684931,0.9700890109890108,ATM,17.2,0.0559645161290322,0.0209780219780219,141.12600216054648,0.031016703771548675,45.676002160546474,45.676002160546474,47.85332861241118,47.85332861241118
2023-08-25,2023-12-15,CALL,4413.905,4375.0,200.6,201.9,201.25,60,5757,112,0.3068493150684931,1.0088925714285717,ATM,17.2,0.0559645161290322,0.046,228.38644895610832,0.05220261690425333,27.136448956108325,27.136448956108325,13.483949791855068,13.483949791855068
2023-08-25,2023-12-15,CALL,4413.905,4360.0,211.0,212.5,211.75,2,40,112,0.3068493150684931,1.0123635321100917,ATM,17.2,0.0559645161290322,0.0485665137614678,237.1771659322908,0.054398432553277705,25.42716593229079,25.42716593229079,12.008106697657988,12.008106697657988
2023-08-25,2023-12-15,CALL,4413.905,4150.0,374.5,376.5,375.5,4,20583,112,0.3068493150684931,1.06359156626506,ITM,17.2,0.0559645161290322,0.0904819277108433,380.83515647301465,0.09176750758385895,5.335156473014649,5.335156473014649,1.4208139741716777,1.4208139741716777
2023-08-25,2023-12-15,CALL,4413.905,4100.0,416.9,418.4,417.65,10,30224,112,0.3068493150684931,1.076562195121951,ITM,17.2,0.0559645161290322,0.1018658536585365,420.16736836973723,0.10247984594383835,2.5173683697372553,2.5173683697372553,0.6027459283460447,0.6027459283460447
2023-08-25,2023-12-15,CALL,4413.905,4075.0,438.2,440.2,439.2,2,10318,112,0.3068493150684931,1.083166871165644,ITM,17.2,0.0559645161290322,0.1077791411042944,440.4677970920752,0.10809025695511049,1.2677970920752273,1.2677970920752273,0.288660540089988,0.288660540089988
2023-08-25,2023-11-17,CALL,4413.905,4900.0,3.4,3.6,3.5,5,1812,84,0.2301369863013698,0.90079693877551,OTM,17.2,0.0559193548387096,0.0007142857142857,25.624851342042575,0.0052295614983760355,22.124851342042575,22.124851342042575,632.138609772645,632.138609772645
2023-08-25,2023-11-17,CALL,4413.905,4890.0,3.7,3.9,3.8,1,64,84,0.2301369863013698,0.9026390593047036,OTM,17.2,0.0559193548387096,0.0007770961145194,26.881962350930394,0.005497333814096195,23.081962350930393,23.081962350930393,607.4200618665893,607.4200618665893
2023-08-25,2023-11-17,CALL,4413.905,4860.0,4.9,5.2,5.050000000000001,1,101,84,0.2301369863013698,0.9082109053497942,OTM,17.2,0.0559193548387096,0.0010390946502057,30.970000306193924,0.00637242804654196,25.920000306193923,25.920000306193923,513.2673327959192,513.2673327959192
2023-08-25,2023-12-15,CALL,4413.905,4180.0,348.2,352.9,350.54999999999995,22,11,112,0.3068493150684931,1.0559581339712918,ITM,17.2,0.0559645161290322,0.0838636363636363,358.1033902678496,0.08567066752819368,7.553390267849636,7.553390267849636,2.1547255078732386,2.1547255078732386
2023-08-25,2023-12-15,CALL,4413.905,4200.0,333.7,334.9,334.29999999999995,5,27120,112,0.3068493150684931,1.050929761904762,ITM,17.2,0.0559645161290322,0.079595238095238,343.3310739367562,0.08174549379446576,9.03107393675623,9.03107393675623,2.7014878662148463,2.7014878662148463
2023-08-25,2023-12-15,CALL,4413.905,4350.0,218.5,219.6,219.05,12,10247,112,0.3068493150684931,1.014690804597701,ATM,17.2,0.0559645161290322,0.0503563218390804,243.15174277939514,0.055896952363079344,24.101742779395124,24.101742779395124,11.002849933528932,11.002849933528932
2023-08-25,2023-12-15,CALL,4413.905,4310.0,247.3,249.0,248.15,2,98,112,0.3068493150684931,1.0241078886310904,ATM,17.2,0.0559645161290322,0.0575754060324826,267.9536646569527,0.06217022381831849,19.80366465695269,19.80366465695269,7.9805217235352375,7.9805217235352375
2023-08-25,2023-12-15,CALL,4413.905,4300.0,255.2,256.4,255.8,75,30962,112,0.3068493150684931,1.0264895348837209,ATM,17.2,0.0559645161290322,0.0594883720930232,274.3774492311395,0.06380870912352081,18.577449231139497,18.577449231139497,7.262489926168684,7.262489926168684
2023-08-25,2023-12-15,CALL,4413.905,4260.0,285.6,287.2,286.4,1,8,112,0.3068493150684931,1.0361279342723004,ITM,17.2,0.0559645161290322,0.0672300469483568,300.9464529480142,0.07064470726479206,14.546452948014235,14.546452948014235,5.079068766764747,5.079068766764747
2023-08-25,2023-12-15,CALL,4413.905,4250.0,293.4,295.0,294.2,88,10268,112,0.3068493150684931,1.0385658823529411,ITM,17.2,0.0559645161290322,0.0692235294117647,307.8033407361954,0.0724243154673401,13.603340736195435,13.603340736195435,4.62384117477751,4.62384117477751
2023-08-25,2023-12-15,CALL,4413.905,4245.0,297.4,298.9,298.15,2,14,112,0.3068493150684931,1.0397891637220258,ITM,17.2,0.0559645161290322,0.0702355712603062,311.26340180756006,0.07332471185101533,13.11340180756008,13.11340180756008,4.398256517712588,4.398256517712588
2023-08-25,2023-12-15,CALL,4413.905,4560.0,90.2,91.1,90.65,24,75,112,0.3068493150684931,0.9679616228070176,OTM,17.2,0.0559645161290322,0.0198793859649122,136.98118922164645,0.030039734478431238,46.33118922164644,46.33118922164644,51.109971562764954,51.109971562764954
2023-08-25,2023-08-28,CALL,4413.905,4360.0,56.2,57.1,56.650000000000006,665,93,3,0.0082191780821917,1.0123635321100917,ATM,17.2,0.0556,0.012993119266055,63.870071921377075,0.014649099064536026,7.22007192137707,7.22007192137707,12.745051935352285,12.745051935352285
2023-08-25,2023-12-15,CALL,4413.905,4570.0,85.5,86.4,85.95,1,228,112,0.3068493150684931,0.965843544857768,OTM,17.2,0.0559645161290322,0.0188074398249452,132.924679973082,0.02908636323262188,46.97467997308199,46.97467997308199,54.6534961874136,54.6534961874136
2023-08-25,2023-12-15,CALL,4413.905,4600.0,72.4,73.1,72.75,633,40688,112,0.3068493150684931,0.9595445652173912,OTM,17.2,0.0559645161290322,0.0158152173913043,121.27838614946268,0.026364866554231016,48.528386149462676,48.528386149462676,66.70568542881468,66.70568542881468
2023-08-25,2023-12-15,CALL,4413.905,4500.0,121.6,122.2,121.9,9445,30315,112,0.3068493150684931,0.9808677777777776,ATM,17.2,0.0559645161290322,0.0270888888888888,163.19404678569254,0.036265343730153894,41.29404678569253,41.29404678569253,33.8753460095919,33.8753460095919
2023-08-25,2023-12-15,CALL,4413.905,4490.0,127.1,128.2,127.65,2,107,112,0.3068493150684931,0.9830523385300668,ATM,17.2,0.0559645161290322,0.0284298440979955,167.8797197341164,0.03738969259111724,40.2297197341164,40.2297197341164,31.51564413170106,31.51564413170106
2023-08-25,2023-12-15,CALL,4413.905,4470.0,139.0,139.9,139.45,21,126,112,0.3068493150684931,0.9874507829977628,ATM,17.2,0.0559645161290322,0.0311968680089485,177.5260343321529,0.03971499649488879,38.076034332152915,38.076034332152915,27.304434802547807,27.304434802547807
2023-08-25,2023-12-15,CALL,4413.905,4460.0,145.0,146.1,145.55,2,279,112,0.3068493150684931,0.989664798206278,ATM,17.2,0.0559645161290322,0.032634529147982,182.48718634089346,0.04091640949347387,36.93718634089345,36.93718634089345,25.377661518992404,25.377661518992404
2023-08-25,2023-12-15,CALL,4413.905,4450.0,151.2,152.1,151.64999999999998,754,23989,112,0.3068493150684931,0.9918887640449436,ATM,17.2,0.0559645161290322,0.0340786516853932,187.5405924855222,0.04214395336753308,35.890592485522234,35.890592485522234,23.666727652833657,23.666727652833657
2023-08-25,2023-12-15,CALL,4413.905,4420.0,170.3,171.5,170.9,1,41,112,0.3068493150684931,0.9986210407239818,ATM,17.2,0.0559645161290322,0.0386651583710407,203.25538334648218,0.045985380847620404,32.35538334648217,32.35538334648217,18.932348359556567,18.932348359556567
2023-08-25,2023-12-15,CALL,4413.905,4400.0,183.7,184.7,184.2,389,47470,112,0.3068493150684931,1.0031602272727271,ATM,17.2,0.0559645161290322,0.0418636363636363,214.1942011307242,0.04868050025698277,29.994201130724207,29.994201130724207,16.283496813639633,16.283496813639633
2023-08-25,2023-12-15,CALL,4413.905,4440.0,157.4,158.6,158.0,1,47,112,0.3068493150684931,0.9941227477477476,ATM,17.2,0.0559645161290322,0.0355855855855855,192.6863830881657,0.04339783402886615,34.68638308816571,34.68638308816571,21.9534070178264,21.9534070178264
2023-08-25,2023-12-15,CALL,4413.905,4530.0,105.2,106.2,105.7,4,464,112,0.3068493150684931,0.9743719646799116,ATM,17.2,0.0559645161290322,0.0233333333333333,149.68288863580688,0.03304258027280505,43.98288863580687,43.98288863580687,41.61105831202164,41.61105831202164
2023-08-25,2023-12-15,CALL,4413.905,4540.0,100.0,101.0,100.5,1,167,112,0.3068493150684931,0.97222577092511,ATM,17.2,0.0559645161290322,0.0221365638766519,145.35971674236612,0.032017558753825136,44.85971674236612,44.85971674236612,44.636534072006086,44.636534072006086
2023-08-25,2023-12-15,CALL,4413.905,4750.0,27.1,27.6,27.35,2,15599,112,0.3068493150684931,0.9292431578947368,OTM,17.2,0.0559645161290322,0.0057578947368421,74.1071826340285,0.015601512133479685,46.7571826340285,46.7571826340285,170.95862023410785,170.95862023410785
2023-08-25,2023-12-15,CALL,4413.905,4700.0,38.7,39.1,38.900000000000006,413,25463,112,0.3068493150684931,0.9391287234042552,OTM,17.2,0.0559645161290322,0.0082765957446808,87.88460848752675,0.018698852869686543,48.98460848752674,48.98460848752674,125.92444341266511,125.92444341266511
2023-08-25,2023-12-15,CALL,4413.905,4675.0,45.6,46.2,45.900000000000006,2,3078,112,0.3068493150684931,0.9441508021390372,OTM,17.2,0.0559645161290322,0.0098181818181818,95.47946790450942,0.02042341559454747,49.579467904509414,49.579467904509414,108.01626994446494,108.01626994446494
2023-08-25,2023-12-15,CALL,4413.905,4670.0,47.2,47.7,47.45,56,380,112,0.3068493150684931,0.945161670235546,OTM,17.2,0.0559645161290322,0.0101605995717344,97.05704041702757,0.02078309216638706,49.60704041702756,49.60704041702756,104.5459229020602,104.5459229020602
2023-08-25,2023-12-15,CALL,4413.905,4650.0,53.7,54.2,53.95,1525,12935,112,0.3068493150684931,0.94922688172043,OTM,17.2,0.0559645161290322,0.0116021505376344,103.56682262056961,0.02227243497216551,49.61682262056961,49.61682262056961,91.96816055712624,91.96816055712624
2023-08-25,2023-12-15,CALL,4413.905,4625.0,62.5,63.2,62.85,75,8630,112,0.3068493150684931,0.9543578378378378,OTM,17.2,0.0559645161290322,0.0135891891891891,112.16179413330542,0.024251198731525498,49.31179413330542,49.31179413330542,78.45949742769359,78.45949742769359
2023-08-25,2023-12-15,CALL,4413.905,4620.0,64.4,65.1,64.75,10,67,112,0.3068493150684931,0.9553906926406924,OTM,17.2,0.0559645161290322,0.0140151515151515,113.94295608244988,0.024662977507023783,49.19295608244988,49.19295608244988,75.97367734741294,75.97367734741294
2023-08-25,2023-12-15,CALL,4413.905,4590.0,76.6,77.4,77.0,1,214,112,0.3068493150684931,0.9616350762527232,OTM,17.2,0.0559645161290322,0.0167755991285403,125.07397657625415,0.02724923236955428,48.073976576254154,48.073976576254154,62.433735813317085,62.433735813317085
2023-08-25,2023-12-15,CALL,4413.905,4525.0,107.9,108.6,108.25,129,13355,112,0.3068493150684931,0.9754486187845304,ATM,17.2,0.0559645161290322,0.0239226519337016,151.87818287413847,0.033564239309201875,43.628182874138474,43.628182874138474,40.3031712463173,40.3031712463173
2023-08-25,2023-12-15,CALL,4413.905,4800.0,18.6,19.0,18.8,608,27136,112,0.3068493150684931,0.9195635416666668,OTM,17.2,0.0559645161290322,0.0039166666666666,62.096811402601816,0.012936835708875377,43.29681140260182,43.29681140260182,230.30218831171177,230.30218831171177
2023-08-25,2023-08-28,CALL,4413.905,4295.0,117.9,121.6,119.75,9,27,3,0.0082191780821917,1.027684516880093,ATM,17.2,0.0556,0.0278812572759022,121.88471723458497,0.028378281079065183,2.1347172345849685,2.1347172345849685,1.7826448723047754,1.7826448723047754
2023-08-25,2023-12-15,CALL,4413.905,4900.0,8.4,8.6,8.5,508,14835,112,0.3068493150684931,0.90079693877551,OTM,17.2,0.0559645161290322,0.001734693877551,42.78807215477309,0.00873225962342308,34.28807215477309,34.28807215477309,403.38908417380105,403.38908417380105
2023-08-25,2023-12-15,CALL,4413.905,4870.0,10.7,11.0,10.85,1,375,112,0.3068493150684931,0.9063459958932236,OTM,17.2,0.0559645161290322,0.0022279260780287,47.97158850878316,0.009850428851906193,37.121588508783155,37.121588508783155,342.1344563021489,342.1344563021489
2023-08-25,2023-12-15,CALL,4413.905,4860.0,11.6,11.9,11.75,10,131,112,0.3068493150684931,0.9082109053497942,OTM,17.2,0.0559645161290322,0.002417695473251,49.810609886635575,0.010249096684492916,38.060609886635575,38.060609886635575,323.92008414157937,323.92008414157937
2023-08-25,2023-12-15,CALL,4413.905,4825.0,15.3,15.7,15.5,1,2838,112,0.3068493150684931,0.91479896373057,OTM,17.2,0.0559645161290322,0.0032124352331606,56.70877596303569,0.011753114189230194,41.20877596303569,41.20877596303569,265.8630707292626,265.8630707292626
2023-08-25,2023-08-28,CALL,4413.905,4235.0,177.7,181.7,179.7,3,3,3,0.0082191780821917,1.0422443919716646,ITM,17.2,0.0556,0.0424321133412042,180.91548364061055,0.04271912246531536,1.2154836406105574,1.2154836406105574,0.6763960159212896,0.6763960159212896
2023-08-25,2023-08-28,CALL,4413.905,4225.0,187.7,191.7,189.7,1,20,3,0.0082191780821917,1.0447112426035503,ITM,17.2,0.0556,0.0448994082840236,190.88095793471803,0.04517892495496285,1.1809579347180374,1.1809579347180374,0.6225397652704467,0.6225397652704467
2023-08-25,2023-08-28,CALL,4413.905,4200.0,212.6,216.6,214.6,10,20,3,0.0082191780821917,1.050929761904762,ITM,17.2,0.0556,0.051095238095238,215.83566617399902,0.051389444327142625,1.2356661739990216,1.2356661739990216,0.5757997082940455,0.5757997082940455
2023-08-25,2023-08-28,CALL,4413.905,4180.0,232.6,236.6,234.6,10,2,3,0.0082191780821917,1.0559581339712918,ITM,17.2,0.0556,0.0561244019138756,235.81836695096626,0.056415877260996714,1.2183669509662707,1.2183669509662707,0.519338001264395,0.519338001264395
2023-08-25,2023-08-28,CALL,4413.905,4175.0,237.6,241.6,239.6,3,3,3,0.0082191780821917,1.057222754491018,ITM,17.2,0.0556,0.0573892215568862,240.81512268703682,0.057680268907074686,1.2151226870368248,1.2151226870368248,0.5071463635379069,0.5071463635379069
2023-08-25,2023-08-28,CALL,4413.905,4160.0,252.6,256.6,254.6,1,1,3,0.0082191780821917,1.0610348557692306,ITM,17.2,0.0556,0.061201923076923,255.80663527906108,0.06149197963438968,1.2066352790610892,1.2066352790610892,0.4739337309745048,0.4739337309745048
2023-08-25,2023-08-29,CALL,4413.905,4460.0,4.5,4.7,4.6,1251,953,4,0.010958904109589,0.989664798206278,ATM,17.2,0.0556,0.0010313901345291,14.759720734444954,0.0033093544247634428,10.159720734444955,10.159720734444955,220.86349422706425,220.86349422706425
2023-08-25,2023-08-31,CALL,4413.905,4270.0,147.5,149.1,148.3,2,29,6,0.0164383561643835,1.0337014051522249,ITM,17.2,0.0556,0.0347306791569086,150.3377994106395,0.03520791555284297,2.0377994106394794,2.0377994106394794,1.3741061433846793,1.3741061433846793
2023-08-25,2023-08-31,CALL,4413.905,4265.0,152.1,154.1,153.1,5,79,6,0.0164383561643835,1.0349132473622509,ITM,17.2,0.0556,0.0358968347010551,155.03651088460674,0.03635088180178353,1.9365108846067471,1.9365108846067471,1.2648666783845508,1.2648666783845508
2023-08-25,2023-08-31,CALL,4413.905,4260.0,157.4,158.9,158.15,2,61,6,0.0164383561643835,1.0361279342723004,ITM,17.2,0.0556,0.0371244131455399,159.76532455426786,0.03750359731320842,1.6153245542678576,1.6153245542678576,1.0213876410166662,1.0213876410166662
2023-08-25,2023-08-31,CALL,4413.905,4250.0,167.2,168.7,167.95,23,396,6,0.0164383561643835,1.0385658823529411,ITM,17.2,0.0556,0.0395176470588235,169.3036150010612,0.039836144706132046,1.3536150010612005,1.3536150010612005,0.8059630848831203,0.8059630848831203
2023-08-25,2023-08-31,CALL,4413.905,4245.0,171.6,173.6,172.6,50,162,6,0.0164383561643835,1.0397891637220258,ITM,17.2,0.0556,0.0406595995288574,174.10858157121356,0.04101497799086303,1.5085815712135684,1.5085815712135684,0.8740333552801671,0.8740333552801671
2023-08-25,2023-08-31,CALL,4413.905,4275.0,142.4,144.4,143.4,15,150,6,0.0164383561643835,1.032492397660819,ITM,17.2,0.0556,0.0335438596491228,145.67175188345936,0.034075263598470025,2.271751883459359,2.271751883459359,1.5842063343510173,1.5842063343510173
2023-08-25,2023-08-28,CALL,4413.905,4125.0,287.6,291.6,289.6,3,2,3,0.0082191780821917,1.0700375757575755,ITM,17.2,0.0556,0.0702060606060606,290.7897242088957,0.07049447859609592,1.1897242088956546,1.1897242088956546,0.4108163704750188,0.4108163704750188
2023-08-25,2023-12-15,CALL,4413.905,4850.0,12.5,12.9,12.7,212,8048,112,0.3068493150684931,0.9100835051546392,OTM,17.2,0.0559645161290322,0.0026185567010309,51.7072369897071,0.010661285977259195,39.007236989707096,39.007236989707096,307.14359834415035,307.14359834415035
2023-08-25,2023-08-28,CALL,4413.905,4240.0,172.7,176.7,174.7,2,4,3,0.0082191780821917,1.041015330188679,ITM,17.2,0.0556,0.0412028301886792,175.938700816223,0.041494976607599765,1.2387008162230018,1.2387008162230018,0.709044542772182,0.709044542772182
2023-08-25,2023-08-28,CALL,4413.905,4315.0,99.3,101.1,100.2,14,14,3,0.0082191780821917,1.0229212050984935,ATM,17.2,0.0556,0.0232213209733487,102.95060852683037,0.023858773702625808,2.750608526830362,2.750608526830362,2.7451182902498625,2.7451182902498625
2023-08-25,2023-08-28,CALL,4413.905,4290.0,122.9,126.6,124.75,27,23,3,0.0082191780821917,1.0288822843822842,ATM,17.2,0.0556,0.029079254079254,126.70665442009977,0.029535350680675938,1.9566544200997669,1.9566544200997669,1.568460456993801,1.568460456993801
2023-08-25,2023-08-28,CALL,4413.905,4285.0,127.8,131.8,129.8,21,1,3,0.0082191780821917,1.0300828471411902,ITM,17.2,0.0556,0.0302917152858809,131.5556664871492,0.030701439086849292,1.755666487149199,1.755666487149199,1.3525935956465323,1.3525935956465323
2023-08-25,2023-08-28,CALL,4413.905,4280.0,132.8,136.8,134.8,51,55,3,0.0082191780821917,1.0312862149532709,ITM,17.2,0.0556,0.0314953271028037,136.4282242388672,0.031875753326838126,1.6282242388671762,1.6282242388671762,1.2078814828391513,1.2078814828391513
2023-08-25,2023-08-28,CALL,4413.905,4300.0,113.0,116.6,114.8,18,25,3,0.0082191780821917,1.0264895348837209,ATM,17.2,0.0556,0.0266976744186046,117.09373491237602,0.02723110114241303,2.2937349123760242,2.2937349123760242,1.9980269271568156,1.9980269271568156
2023-08-25,2023-08-28,CALL,4413.905,4270.0,142.7,146.7,144.7,91,93,3,0.0082191780821917,1.0337014051522249,ITM,17.2,0.0556,0.033887587822014,146.23155955580114,0.03424626687489488,1.5315595558011523,1.5315595558011523,1.0584378409130286,1.0584378409130286
2023-08-25,2023-08-28,CALL,4413.905,4260.0,152.7,156.7,154.7,50,51,3,0.0082191780821917,1.0361279342723004,ITM,17.2,0.0556,0.0363145539906103,156.09502603457804,0.03664202489074602,1.395026034578052,1.395026034578052,0.9017621425843906,0.9017621425843906
2023-08-25,2023-08-28,CALL,4413.905,4250.0,162.7,166.7,164.7,104,103,3,0.0082191780821917,1.0385658823529411,ITM,17.2,0.0556,0.0387529411764705,166.00169912971342,0.03905922332463845,1.3016991297134268,1.3016991297134268,0.7903455553815586,0.7903455553815586
2023-08-25,2023-08-28,CALL,4413.905,4275.0,137.8,141.7,139.75,1,20,3,0.0082191780821917,1.032492397660819,ITM,17.2,0.0556,0.0326900584795321,141.32114090085452,0.03305757681891334,1.571140900854516,1.571140900854516,1.1242510918458075,1.1242510918458075
2023-08-25,2023-08-28,CALL,4413.905,4305.0,108.0,111.7,109.85,3,8,3,0.0082191780821917,1.0252973286875726,ATM,17.2,0.0556,0.0255168408826945,112.3379415882082,0.026094759950803296,2.4879415882082014,2.4879415882082014,2.2648535168030968,2.2648535168030968
2023-08-25,2023-08-28,CALL,4413.905,4355.0,60.7,61.8,61.25,279,112,3,0.0082191780821917,1.0135258323765786,ATM,17.2,0.0556,0.0140642939150401,67.87451182987888,0.015585421774943486,6.624511829878884,6.624511829878884,10.815529518169607,10.815529518169607
2023-08-25,2023-08-28,CALL,4413.905,4350.0,65.3,66.5,65.9,210,127,3,0.0082191780821917,1.014690804597701,ATM,17.2,0.0556,0.0151494252873563,71.97833747612322,0.016546744247384646,6.07833747612321,6.07833747612321,9.223577353752972,9.223577353752972
2023-08-25,2023-08-28,CALL,4413.905,4345.0,69.9,71.3,70.6,52,96,3,0.0082191780821917,1.0158584579976984,ATM,17.2,0.0556,0.0162485615650172,76.17514881440184,0.0175316798191949,5.575148814401842,5.575148814401842,7.89681135184397,7.89681135184397
2023-08-25,2023-08-28,CALL,4413.905,4340.0,74.9,76.1,75.5,64,71,3,0.0082191780821917,1.017028801843318,ATM,17.2,0.0556,0.0173963133640553,80.4584800757525,0.01853882029395219,4.9584800757525045,4.9584800757525045,6.56752327914239,6.56752327914239
2023-08-25,2023-08-28,CALL,4413.905,4335.0,79.7,80.9,80.30000000000001,75,31,3,0.0082191780821917,1.01820184544406,ATM,17.2,0.0556,0.0185236447520184,84.82187138507015,0.019566752337963126,4.521871385070142,4.521871385070142,5.631222148281621,5.631222148281621
2023-08-25,2023-08-28,CALL,4413.905,4330.0,84.3,86.2,85.25,55,34,3,0.0082191780821917,1.019377598152425,ATM,17.2,0.0556,0.0196882217090069,89.25893547239593,0.020614072857366265,4.008935472395933,4.008935472395933,4.702563603983499,4.702563603983499
2023-08-25,2023-08-28,CALL,4413.905,4325.0,89.5,90.8,90.15,43,30,3,0.0082191780821917,1.0205560693641618,ATM,17.2,0.0556,0.0208439306358381,93.76341842602824,0.021679403104283984,3.6134184260282325,3.6134184260282325,4.008228980619226,4.008228980619226
2023-08-25,2023-08-28,CALL,4413.905,4320.0,94.5,95.7,95.1,43,18,3,0.0082191780821917,1.0217372685185184,ATM,17.2,0.0556,0.0220138888888888,98.32925366264817,0.022761401310798186,3.2292536626481763,3.2292536626481763,3.395640023815117,3.395640023815117
2023-08-25,2023-08-28,CALL,4413.905,4310.0,103.0,106.7,104.85,10,13,3,0.0082191780821917,1.0241078886310904,ATM,17.2,0.0556,0.0243271461716937,107.62192316997243,0.024970283798137455,2.771923169972439,2.771923169972439,2.643703547899322,2.643703547899322
2023-08-25,2023-08-29,CALL,4413.905,4455.0,5.5,5.8,5.65,2158,1078,4,0.010958904109589,0.9907755331088663,ATM,17.2,0.0556,0.0012682379349046,16.26486608041023,0.00365092392377334,10.614866080410229,10.614866080410229,187.87373593646421,187.87373593646421
2023-08-25,2023-08-29,CALL,4413.905,4280.0,134.7,136.7,135.7,2,3,4,0.010958904109589,1.0312862149532709,ITM,17.2,0.0556,0.0317056074766355,137.7938858102516,0.03219483313323635,2.0938858102516065,2.0938858102516065,1.5430256523593269,1.5430256523593269
2023-08-25,2023-08-29,CALL,4413.905,4290.0,125.1,126.8,125.95,5,4,4,0.010958904109589,1.0288822843822842,ATM,17.2,0.0556,0.0293589743589743,128.2745058094356,0.02990081720499664,2.3245058094355926,2.3245058094355926,1.8455782528269888,1.8455782528269888
2023-08-25,2023-09-08,CALL,238.33,250.0,3.6,3.65,3.625,9364,7921,14,0.0383561643835616,0.95332,OTM,17.2,0.0556,0.0145,0.33167562718828236,0.0013267025087531294,-3.2933243728117176,3.2933243728117176,-90.8503275258405,90.8503275258405
2023-08-25,2023-08-28,CALL,4413.905,4510.0,0.1,0.15,0.125,3422,934,3,0.0082191780821917,0.9786929046563192,ATM,17.2,0.0556,2.771618625277162e-05,2.833154854531074,0.0006281939810490186,2.708154854531074,2.708154854531074,2166.523883624859,2166.523883624859
2023-08-25,2023-08-28,CALL,4413.905,4505.0,0.1,0.15,0.125,1539,453,3,0.0082191780821917,0.9797791342952274,ATM,17.2,0.0556,2.774694783573807e-05,3.2968426561174056,0.0007318185696154063,3.1718426561174056,3.1718426561174056,2537.4741248939245,2537.4741248939245
2023-08-25,2023-08-28,CALL,4413.905,4500.0,0.15,0.2,0.175,3756,2392,3,0.0082191780821917,0.9808677777777776,ATM,17.2,0.0556,3.888888888888888e-05,3.8224193624198506,0.000849426524982189,3.6474193624198508,3.6474193624198508,2084.2396356684862,2084.2396356684862
2023-08-25,2023-08-28,CALL,4413.905,4495.0,0.2,0.25,0.225,1492,615,3,0.0082191780821917,0.9819588431590656,ATM,17.2,0.0556,5.005561735261402e-05,4.4157310510132675,0.00098236508365145,4.190731051013268,4.190731051013268,1862.5471337836746,1862.5471337836746
2023-08-25,2023-08-28,CALL,4413.905,4490.0,0.25,0.35,0.3,1966,1846,3,0.0082191780821917,0.9830523385300668,ATM,17.2,0.0556,6.681514476614699e-05,5.082808070265173,0.0011320285234443592,4.782808070265173,4.782808070265173,1594.2693567550577,1594.2693567550577
2023-08-25,2023-08-28,CALL,4413.905,4485.0,0.35,0.45,0.4,2307,1289,3,0.0082191780821917,0.9841482720178372,ATM,17.2,0.0556,8.918617614269789e-05,5.829817582746841,0.0012998478445366425,5.429817582746841,5.429817582746841,1357.4543956867103,1357.4543956867103
2023-08-25,2023-08-28,CALL,4413.905,4480.0,0.5,0.6,0.55,5401,1140,3,0.0082191780821917,0.9852466517857142,ATM,17.2,0.0556,0.0001227678571428,6.663009565279708,0.0014872789208213635,6.113009565279708,6.113009565279708,1111.4562845963105,1111.4562845963105
2023-08-25,2023-08-28,CALL,4413.905,4475.0,0.7,0.8,0.75,7686,1861,3,0.0082191780821917,0.9863474860335196,ATM,17.2,0.0556,0.0001675977653631,7.588656826879401,0.0016957892350568493,6.838656826879401,6.838656826879401,911.8209102505867,911.8209102505867
2023-08-25,2023-08-28,CALL,4413.905,4410.0,17.5,17.7,17.6,4763,363,3,0.0082191780821917,1.0008854875283446,ATM,17.2,0.0556,0.0039909297052154,30.501227867282523,0.006916378201197851,12.901227867282522,12.901227867282522,73.30243106410522,73.30243106410522
2023-08-25,2023-08-28,CALL,4413.905,4405.0,20.5,20.7,20.6,3974,721,3,0.0082191780821917,1.0020215664018162,ATM,17.2,0.0556,0.0046765039727582,33.228102224080885,0.007543269517384991,12.628102224080884,12.628102224080884,61.30146710718875,61.30146710718875
2023-08-25,2023-08-28,CALL,4413.905,4400.0,23.8,24.0,23.9,5781,1243,3,0.0082191780821917,1.0031602272727271,ATM,17.2,0.0556,0.0054318181818181,36.09840061591149,0.008204181958161702,12.198400615911488,12.198400615911488,51.03933312096858,51.03933312096858
2023-08-25,2023-08-28,CALL,4413.905,4395.0,27.3,27.5,27.4,2782,915,3,0.0082191780821917,1.004301478953356,ATM,17.2,0.0556,0.0062343572241183,39.11034050886519,0.008898826054349305,11.710340508865194,11.710340508865194,42.73846901045692,42.73846901045692
2023-08-25,2023-08-28,CALL,4413.905,4390.0,30.8,31.3,31.05,2412,281,3,0.0082191780821917,1.0054453302961277,ATM,17.2,0.0556,0.0070728929384965,42.26141889244718,0.009626746900329655,11.211418892447181,11.211418892447181,36.10762928324374,36.10762928324374
2023-08-25,2023-08-28,CALL,4413.905,4385.0,34.7,35.2,34.95,1591,213,3,0.0082191780821917,1.0065917901938426,ATM,17.2,0.0556,0.0079703534777651,45.548448888408984,0.010387331559500338,10.598448888408981,10.598448888408981,30.32460340031182,30.32460340031182
2023-08-25,2023-08-28,CALL,4413.905,4380.0,38.8,39.4,39.1,1342,183,3,0.0082191780821917,1.0077408675799089,ATM,17.2,0.0556,0.0089269406392694,48.96760657289724,0.011179818852259644,9.867606572897238,9.867606572897238,25.23684545498015,25.23684545498015
2023-08-25,2023-08-28,CALL,4413.905,4375.0,43.0,43.6,43.3,1291,669,3,0.0082191780821917,1.0088925714285717,ATM,17.2,0.0556,0.0098971428571428,52.514486863402,0.012003311283063313,9.214486863402001,9.214486863402001,21.280570123330257,21.280570123330257
2023-08-25,2023-09-07,CALL,440.79,437.0,6.99,7.04,7.015000000000001,1044,3,13,0.0356164383561643,1.0086727688787185,ATM,17.2,0.0556,0.0160526315789473,8.305940954752828,0.019006729873576263,1.290940954752827,1.290940954752827,18.402579540311145,18.402579540311145
2023-08-25,2023-08-28,CALL,4413.905,4370.0,47.3,48.1,47.7,821,145,3,0.0082191780821917,1.0100469107551486,ATM,17.2,0.0556,0.0109153318077803,56.184167103916934,0.012856788810964973,8.484167103916931,8.484167103916931,17.786513844689583,17.786513844689583
2023-08-25,2023-09-07,CALL,440.79,438.0,6.29,6.31,6.3,1464,42,13,0.0356164383561643,1.0063698630136986,ATM,17.2,0.0556,0.0143835616438356,7.6986010323759615,0.017576714685789866,1.3986010323759617,1.3986010323759617,22.20001638692003,22.20001638692003
2023-08-25,2023-09-07,CALL,440.79,440.0,4.97,4.99,4.98,3107,921,13,0.0356164383561643,1.0017954545454544,ATM,17.2,0.0556,0.0113181818181818,6.5658405154811135,0.014922364807911622,1.585840515481113,1.585840515481113,31.84418705785367,31.84418705785367
2023-08-25,2023-09-07,CALL,440.79,432.0,10.86,11.02,10.94,35,3,13,0.0356164383561643,1.020347222222222,ATM,17.2,0.0556,0.025324074074074,11.730278065165805,0.02715342144714307,0.7902780651658059,0.7902780651658059,7.223748310473547,7.223748310473547
2023-08-25,2023-09-07,CALL,440.79,431.0,11.7,11.88,11.79,9,8,13,0.0356164383561643,1.0227146171693735,ATM,17.2,0.0556,0.0273549883990719,12.487079845958135,0.028972343030065278,0.697079845958136,0.697079845958136,5.912466886837456,5.912466886837456
2023-08-25,2023-09-07,CALL,440.79,430.0,12.57,12.75,12.66,31,2,13,0.0356164383561643,1.025093023255814,ATM,17.2,0.0556,0.0294418604651162,13.265571977264926,0.0308501673889882,0.6055719772649262,0.6055719772649262,4.783348951539701,4.783348951539701
2023-08-25,2023-09-06,CALL,440.79,456.0,0.14,0.15,0.145,57,65,12,0.0328767123287671,0.9666447368421052,OTM,17.2,0.0556,0.0003179824561403,1.100570467031588,0.002413531725946465,0.9555704670315879,0.9555704670315879,659.0141151941986,659.0141151941986
2023-08-25,2023-09-06,CALL,440.79,455.0,0.18,0.19,0.185,524,13,12,0.0328767123287671,0.9687692307692308,OTM,17.2,0.0556,0.0004065934065934,1.2566860619849223,0.002761947388977851,1.0716860619849222,1.0716860619849222,579.2897632350931,579.2897632350931
2023-08-25,2023-09-06,CALL,440.79,454.0,0.24,0.25,0.245,255,111,12,0.0328767123287671,0.9709030837004404,ATM,17.2,0.0556,0.0005396475770925,1.430259322731942,0.0031503509311276256,1.185259322731942,1.185259322731942,483.7793154007926,483.7793154007926
2023-08-25,2023-09-06,CALL,440.79,453.0,0.31,0.32,0.315,303,22,12,0.0328767123287671,0.973046357615894,ATM,17.2,0.0556,0.0006953642384105,1.6225260322288477,0.0035817351704831076,1.3075260322288478,1.3075260322288478,415.08762927899926,415.08762927899926
2023-08-25,2023-09-06,CALL,440.79,452.0,0.41,0.42,0.415,9,53,12,0.0328767123287671,0.9751991150442476,ATM,17.2,0.0556,0.0009181415929203,1.8347128198532374,0.004059099158967339,1.4197128198532374,1.4197128198532374,342.0994746634307,342.0994746634307
2023-08-25,2023-09-07,CALL,440.79,436.0,7.73,7.78,7.755000000000001,653,18,13,0.0356164383561643,1.01098623853211,ATM,17.2,0.0556,0.0177866972477064,8.940015324127785,0.020504622303045377,1.185015324127784,1.185015324127784,15.28066181982958,15.28066181982958
2023-08-25,2023-09-07,CALL,440.79,448.0,1.33,1.34,1.335,207,30,13,0.0356164383561643,0.98390625,ATM,17.2,0.0556,0.0029799107142857,3.131730145958528,0.006990469075800286,1.796730145958528,1.796730145958528,134.58652778715566,134.58652778715566
2023-08-25,2023-09-07,CALL,440.79,447.0,1.63,1.64,1.6349999999999998,538,69,13,0.0356164383561643,0.9861073825503356,ATM,17.2,0.0556,0.0036577181208053,3.4681006117223205,0.007758614343897809,1.8331006117223207,1.8331006117223207,112.11624536527958,112.11624536527958
2023-08-25,2023-09-07,CALL,440.79,446.0,1.97,1.98,1.975,597,165,13,0.0356164383561643,0.988318385650224,ATM,17.2,0.0556,0.0044282511210762,3.82993116076139,0.00858728959811971,1.85493116076139,1.85493116076139,93.92056510184254,93.92056510184254
2023-08-25,2023-09-07,CALL,440.79,445.0,2.35,2.37,2.3600000000000003,625,324,13,0.0356164383561643,0.9905393258426964,ATM,17.2,0.0556,0.0053033707865168,4.2179050640675655,0.009478438346219248,1.8579050640675652,1.8579050640675652,78.72479085032055,78.72479085032055
2023-08-25,2023-09-07,CALL,440.79,444.0,2.79,2.81,2.8,327,40,13,0.0356164383561643,0.9927702702702702,ATM,17.2,0.0556,0.0063063063063063,4.632597694676463,0.010433778591613655,1.8325976946764628,1.8325976946764628,65.44991766701654,65.44991766701654
2023-08-25,2023-09-07,CALL,440.79,443.0,3.27,3.29,3.28,754,34,13,0.0356164383561643,0.9950112866817156,ATM,17.2,0.0556,0.0074040632054176,5.074467815053794,0.011454780620888925,1.7944678150537938,1.7944678150537938,54.709384605298595,54.709384605298595
2023-08-25,2023-09-07,CALL,440.79,442.0,3.79,3.81,3.8,782,92,13,0.0356164383561643,0.997262443438914,ATM,17.2,0.0556,0.0085972850678733,5.54385030880286,0.012542647757472533,1.7438503088028598,1.7438503088028598,45.89079760007527,45.89079760007527
2023-08-25,2023-09-07,CALL,440.79,441.0,4.36,4.38,4.37,1623,742,13,0.0356164383561643,0.9995238095238096,ATM,17.2,0.0556,0.0099092970521541,6.040950543242786,0.013698300551570943,1.6709505432427862,1.6709505432427862,38.2368545364482,38.2368545364482
2023-08-25,2023-09-07,CALL,440.79,439.0,5.61,5.63,5.62,1812,139,13,0.0356164383561643,1.0040774487471524,ATM,17.2,0.0556,0.0128018223234624,7.118456895070807,0.016215163770092956,1.4984568950708068,1.4984568950708068,26.662934075993004,26.662934075993004
2023-08-25,2023-08-28,CALL,4413.905,4415.0,14.8,15.0,14.9,4269,423,3,0.0082191780821917,0.9997519818799546,ATM,17.2,0.0556,0.003374858437146,27.918814098309667,0.006323627202335145,13.018814098309667,13.018814098309667,87.37459126382326,87.37459126382326
2023-08-25,2023-08-28,CALL,4413.905,4470.0,0.95,1.05,1.0,7411,974,3,0.0082191780821917,0.9874507829977628,ATM,17.2,0.0556,0.0002237136465324,8.61298981603818,0.0019268433592926576,7.61298981603818,7.61298981603818,761.298981603818,761.298981603818
2023-08-25,2023-08-28,CALL,4413.905,4465.0,1.35,1.4,1.375,7615,1728,3,0.0082191780821917,0.9885565509518476,ATM,17.2,0.0556,0.0003079507278835,9.742127192932003,0.002181887389234491,8.367127192932003,8.367127192932003,608.5183413041457,608.5183413041457
2023-08-25,2023-08-29,CALL,4413.905,4445.0,8.1,8.3,8.2,454,310,4,0.010958904109589,0.9930044994375704,ATM,17.2,0.0556,0.0018447694038245,19.60903110328286,0.004411480563168247,11.40903110328286,11.40903110328286,139.134525649791,139.134525649791
2023-08-25,2023-08-29,CALL,4413.905,4440.0,9.6,9.8,9.7,587,393,4,0.010958904109589,0.9941227477477476,ATM,17.2,0.0556,0.0021846846846846,21.454345388304773,0.004832059772140715,11.754345388304774,11.754345388304774,121.17881843613169,121.17881843613169
2023-08-25,2023-08-29,CALL,4413.905,4435.0,11.4,11.6,11.5,333,66,4,0.010958904109589,0.9952435174746336,ATM,17.2,0.0556,0.0025930101465614,23.418726111006208,0.005280434297859348,11.918726111006208,11.918726111006208,103.64109661744529,103.64109661744529
2023-08-25,2023-08-29,CALL,4413.905,4430.0,13.3,13.5,13.4,634,353,4,0.010958904109589,0.996366817155756,ATM,17.2,0.0556,0.0030248306997742,25.5043465265976,0.0057571888321890745,12.1043465265976,12.1043465265976,90.3309442283403,90.3309442283403
2023-08-25,2023-08-29,CALL,4413.905,4425.0,15.4,15.7,15.55,394,368,4,0.010958904109589,0.9974926553672316,ATM,17.2,0.0556,0.0035141242937853,27.712939068881724,0.006262811089012819,12.162939068881723,12.162939068881723,78.21825767769597,78.21825767769597
2023-08-25,2023-08-29,CALL,4413.905,4420.0,17.8,18.0,17.9,673,117,4,0.010958904109589,0.9986210407239818,ATM,17.2,0.0556,0.0040497737556561,30.045773826777804,0.0067976863861488246,12.145773826777805,12.145773826777805,67.85348506579781,67.85348506579781
2023-08-25,2023-08-29,CALL,4413.905,4415.0,20.3,20.6,20.450000000000003,443,140,4,0.010958904109589,0.9997519818799546,ATM,17.2,0.0556,0.0046319365798414,32.50364213801322,0.007362093349493368,12.053642138013217,12.053642138013217,58.9420153448079,58.9420153448079
2023-08-25,2023-08-29,CALL,4413.905,4410.0,23.1,23.4,23.25,603,104,4,0.010958904109589,1.0008854875283446,ATM,17.2,0.0556,0.0052721088435374,35.08684564766327,0.007956200827134528,11.836845647663267,11.836845647663267,50.911164075971044,50.911164075971044
2023-08-25,2023-08-29,CALL,4413.905,4350.0,68.0,69.5,68.75,49,99,4,0.010958904109589,1.014690804597701,ATM,17.2,0.0556,0.0158045977011494,75.32555330610148,0.017316219150827927,6.575553306101483,6.575553306101483,9.564441172511248,9.564441172511248
2023-08-25,2023-08-29,CALL,4413.905,4345.0,72.4,74.0,73.2,31,8,4,0.010958904109589,1.0158584579976984,ATM,17.2,0.0556,0.0168469505178365,79.35766378575318,0.018264134358055968,6.157663785753172,6.157663785753172,8.412108996930563,8.412108996930563
2023-08-25,2023-08-29,CALL,4413.905,4340.0,77.0,78.4,77.7,69,2,4,0.010958904109589,1.017028801843318,ATM,17.2,0.0556,0.0179032258064516,83.47484471879079,0.019233835188661473,5.7748447187907885,5.7748447187907885,7.4322325853163305,7.4322325853163305
2023-08-25,2023-08-29,CALL,4413.905,4330.0,86.3,87.7,87.0,4,5,4,0.010958904109589,1.019377598152425,ATM,17.2,0.0556,0.0200923787528868,91.94509874766845,0.0212344338909165,4.945098747668453,4.945098747668453,5.684021549044199,5.684021549044199
2023-08-25,2023-08-29,CALL,4413.905,4325.0,90.8,92.5,91.65,12,4,4,0.010958904109589,1.0205560693641618,ATM,17.2,0.0556,0.0211907514450867,96.28844968186058,0.022263225359967765,4.638449681860578,4.638449681860578,5.061047116050822,5.061047116050822
2023-08-25,2023-08-29,CALL,4413.905,4320.0,95.3,97.6,96.45,6,1,4,0.010958904109589,1.0217372685185184,ATM,17.2,0.0556,0.0223263888888888,100.69750567486471,0.023309607795107573,4.247505674864712,4.247505674864712,4.40384206828897,4.40384206828897
2023-08-25,2023-08-29,CALL,4413.905,4310.0,105.1,107.5,106.3,2,3,4,0.010958904109589,1.0241078886310904,ATM,17.2,0.0556,0.0246635730858468,109.69383587476023,0.025451006003424648,3.393835874760228,3.393835874760228,3.1926960251742504,3.1926960251742504
2023-08-25,2023-08-29,CALL,4413.905,4305.0,110.3,111.8,111.05,30,2,4,0.010958904109589,1.0252973286875726,ATM,17.2,0.0556,0.0257955865272938,114.27195406949386,0.026544007913935855,3.2219540694938615,3.2219540694938615,2.9013544074685833,2.9013544074685833
2023-08-25,2023-08-29,CALL,4413.905,4300.0,115.0,117.1,116.05,55,25,4,0.010958904109589,1.0264895348837209,ATM,17.2,0.0556,0.0269883720930232,118.89751925147084,0.027650585872435077,2.8475192514708425,2.8475192514708425,2.453700345946439,2.453700345946439
2023-08-25,2023-08-29,CALL,4413.905,4450.0,6.7,6.9,6.800000000000001,818,1997,4,0.010958904109589,0.9918887640449436,ATM,17.2,0.0556,0.0015280898876404,17.880195380059376,0.004018021433721208,11.080195380059376,11.080195380059376,162.94404970675552,162.94404970675552
2023-08-25,2023-08-29,CALL,4413.905,4405.0,26.0,26.3,26.15,373,74,4,0.010958904109589,1.0020215664018162,ATM,17.2,0.0556,0.0059364358683314,37.79519107685746,0.008580066078741762,11.645191076857465,11.645191076857465,44.532279452609814,44.532279452609814
2023-08-25,2023-08-29,CALL,4413.905,4400.0,29.2,29.5,29.35,1569,147,4,0.010958904109589,1.0031602272727271,ATM,17.2,0.0556,0.0066704545454545,40.62799083706295,0.009233634281150671,11.277990837062951,11.277990837062951,38.42586315864719,38.42586315864719
2023-08-25,2023-08-29,CALL,4413.905,4355.0,63.4,65.0,64.2,26,71,4,0.010958904109589,1.0135258323765786,ATM,17.2,0.0556,0.0147416762342135,71.38324906169373,0.01639110196594575,7.183249061693729,7.183249061693729,11.188861466812662,11.188861466812662
2023-08-25,2023-08-28,CALL,4413.905,4460.0,1.8,1.9,1.85,7922,2483,3,0.0082191780821917,0.989664798206278,ATM,17.2,0.0556,0.000414798206278,10.982003332033855,0.002462332585657815,9.132003332033856,9.132003332033856,493.62180173155974,493.62180173155974
2023-08-25,2023-08-28,CALL,4413.905,4455.0,2.45,2.5,2.475,4477,624,3,0.0082191780821917,0.9907755331088663,ATM,17.2,0.0556,0.0005555555555555,12.33829408802103,0.002769538515829636,9.86329408802103,9.86329408802103,398.5169328493345,398.5169328493345
2023-08-25,2023-08-28,CALL,4413.905,4450.0,3.2,3.3,3.25,6175,1816,3,0.0082191780821917,0.9918887640449436,ATM,17.2,0.0556,0.0007303370786516,13.816342294818696,0.0031047960213075724,10.566342294818696,10.566342294818696,325.1182244559599,325.1182244559599
2023-08-25,2023-08-28,CALL,4413.905,4445.0,4.1,4.3,4.199999999999999,5113,643,3,0.0082191780821917,0.9930044994375704,ATM,17.2,0.0556,0.0009448818897637,15.421084566806257,0.003469310363735941,11.221084566806258,11.221084566806258,267.1686801620538,267.1686801620538
2023-08-25,2023-08-28,CALL,4413.905,4440.0,5.3,5.5,5.4,6391,3621,3,0.0082191780821917,0.9941227477477476,ATM,17.2,0.0556,0.0012162162162162,17.1569810264441,0.0038641849158657883,11.7569810264441,11.7569810264441,217.7218708600759,217.7218708600759
2023-08-25,2023-08-28,CALL,4413.905,4435.0,6.7,6.9,6.800000000000001,4207,628,3,0.0082191780821917,0.9952435174746336,ATM,17.2,0.0556,0.0015332581736189,19.027949589183436,0.004290405769827156,12.227949589183435,12.227949589183435,179.82278807622697,179.82278807622697
2023-08-25,2023-08-28,CALL,4413.905,4430.0,8.3,8.5,8.4,4153,595,3,0.0082191780821917,0.996366817155756,ATM,17.2,0.0556,0.0018961625282167,21.0373063914426,0.004748827627865147,12.637306391442598,12.637306391442598,150.44412370764996,150.44412370764996
2023-08-25,2023-08-28,CALL,4413.905,4425.0,10.2,10.4,10.3,8449,1204,3,0.0082191780821917,0.9974926553672316,ATM,17.2,0.0556,0.0023276836158192,23.187713849927604,0.005240161322017538,12.887713849927604,12.887713849927604,125.12343543619032,125.12343543619032
2023-08-25,2023-08-31,CALL,4413.905,4280.0,137.9,139.4,138.65,10,970,6,0.0164383561643835,1.0312862149532709,ITM,17.2,0.0556,0.0323948598130841,141.04104500493986,0.03295351518807006,2.391045004939855,2.391045004939855,1.7245185755065666,1.7245185755065666
2023-08-25,2023-08-28,CALL,4413.905,4420.0,12.4,12.6,12.5,3630,420,3,0.0082191780821917,0.9986210407239818,ATM,17.2,0.0556,0.0028280542986425,25.48113769175052,0.005764963278676588,12.981137691750519,12.981137691750519,103.84910153400415,103.84910153400415
2023-08-25,2023-08-29,CALL,4413.905,4395.0,32.5,32.8,32.65,355,102,4,0.010958904109589,1.004301478953356,ATM,17.2,0.0556,0.007428896473265,43.584069510859536,0.009916739365383285,10.934069510859537,10.934069510859537,33.48872744520532,33.48872744520532
2023-08-25,2023-08-29,CALL,4413.905,4390.0,36.0,36.3,36.15,294,127,4,0.010958904109589,1.0054453302961277,ATM,17.2,0.0556,0.0082346241457858,46.66177610410523,0.010629106174055861,10.51177610410523,10.51177610410523,29.07821882186786,29.07821882186786
2023-08-25,2023-08-29,CALL,4413.905,4385.0,39.2,40.2,39.7,253,136,4,0.010958904109589,1.0065917901938426,ATM,17.2,0.0556,0.0090535917901938,49.85900186015988,0.011370353901974887,10.159001860159876,10.159001860159876,25.589425340453086,25.589425340453086
2023-08-25,2023-08-29,CALL,4413.905,4380.0,43.2,44.1,43.650000000000006,259,48,4,0.010958904109589,1.0077408675799089,ATM,17.2,0.0556,0.0099657534246575,53.17320331739711,0.0121400007573966,9.523203317397105,9.523203317397105,21.817189730577557,21.817189730577557
2023-08-25,2023-08-29,CALL,4413.905,4375.0,46.9,47.9,47.4,179,63,4,0.010958904109589,1.0088925714285717,ATM,17.2,0.0556,0.0108342857142857,56.601430189826715,0.012937469757674678,9.201430189826716,9.201430189826716,19.412299978537376,19.412299978537376
2023-08-25,2023-08-29,CALL,4413.905,4370.0,50.9,52.2,51.55,103,58,4,0.010958904109589,1.0100469107551486,ATM,17.2,0.0556,0.0117963386727688,60.14035755988334,0.01376209555146072,8.590357559883344,8.590357559883344,16.66412717727128,16.66412717727128
2023-08-25,2023-08-29,CALL,4413.905,4365.0,55.0,56.3,55.65,66,33,4,0.010958904109589,1.0112038946162656,ATM,17.2,0.0556,0.0127491408934707,63.78632179480883,0.014613132140849675,8.136321794808829,8.136321794808829,14.620524339279118,14.620524339279118
2023-08-25,2023-08-29,CALL,4413.905,4360.0,58.4,60.8,59.6,48,35,4,0.010958904109589,1.0123635321100917,ATM,17.2,0.0556,0.0136697247706422,67.53535953560731,0.015489761361377825,7.935359535607311,7.935359535607311,13.31436163692502,13.31436163692502
2023-08-25,2023-08-28,CALL,4413.905,4365.0,51.8,52.6,52.2,422,106,3,0.0082191780821917,1.0112038946162656,ATM,17.2,0.0556,0.0119587628865979,59.971276810586005,0.013739124126136542,7.771276810586002,7.771276810586002,14.88750346855556,14.88750346855556
2023-08-25,2023-08-31,CALL,4413.905,4335.0,86.6,88.2,87.4,1,80,6,0.0164383561643835,1.01820184544406,ATM,17.2,0.0556,0.0201614763552479,93.29013373211319,0.021520215393797736,5.890133732113185,5.890133732113185,6.739283446353758,6.739283446353758
2023-08-25,2023-08-31,CALL,4413.905,4330.0,91.3,92.4,91.85,25,114,6,0.0164383561643835,1.019377598152425,ATM,17.2,0.0556,0.0212124711316397,97.3317497041071,0.02247846413489771,5.481749704107102,5.481749704107102,5.968154277743171,5.968154277743171
2023-08-25,2023-08-31,CALL,4413.905,4325.0,95.6,96.9,96.25,35,407,6,0.0164383561643835,1.0205560693641618,ATM,17.2,0.0556,0.0222543352601156,101.44291826644985,0.023455010003803435,5.192918266449851,5.192918266449851,5.395239757350494,5.395239757350494
2023-08-25,2023-08-30,CALL,4413.905,4525.0,0.55,0.65,0.6000000000000001,283,642,5,0.0136986301369863,0.9754486187845304,ATM,17.2,0.0556,0.0001325966850828,5.076840089083134,0.0011219536108471016,4.476840089083135,4.476840089083135,746.140014847189,746.140014847189
2023-08-25,2023-08-30,CALL,4413.905,4520.0,0.7,0.8,0.75,707,804,5,0.0136986301369863,0.9765276548672566,ATM,17.2,0.0556,0.0001659292035398,5.671958673492327,0.001254858113604497,4.921958673492327,4.921958673492327,656.2611564656436,656.2611564656436
2023-08-25,2023-08-30,CALL,4413.905,4515.0,0.85,0.95,0.8999999999999999,296,651,5,0.0136986301369863,0.9776090808416388,ATM,17.2,0.0556,0.0001993355481727,6.323483318513581,0.0014005500151746582,5.423483318513581,5.423483318513581,602.6092576126202,602.6092576126202
2023-08-25,2023-08-30,CALL,4413.905,4510.0,1.05,1.15,1.1,497,1004,5,0.0136986301369863,0.9786929046563192,ATM,17.2,0.0556,0.0002439024390243,7.035076320698749,0.0015598838848555985,5.93507632069875,5.93507632069875,539.5523927907954,539.5523927907954
2023-08-25,2023-08-30,CALL,4413.905,4505.0,1.3,1.4,1.35,465,564,5,0.0136986301369863,0.9797791342952274,ATM,17.2,0.0556,0.0002996670366259,7.810448901310792,0.0017337289459069462,6.460448901310793,6.460448901310793,478.55177046746604,478.55177046746604
2023-08-25,2023-08-30,CALL,4413.905,4500.0,1.6,1.7,1.65,2547,3058,5,0.0136986301369863,0.9808677777777776,ATM,17.2,0.0556,0.0003666666666666,8.653340969256874,0.001922964659834861,7.0033409692568735,7.0033409692568735,424.4449072276893,424.4449072276893
2023-08-25,2023-11-17,CALL,4413.905,4850.0,5.4,5.7,5.550000000000001,1,1227,84,0.2301369863013698,0.9100835051546392,OTM,17.2,0.0559193548387096,0.0011443298969072,32.44349856620988,0.0066893811476721405,26.89349856620988,26.89349856620988,484.56754173351135,484.56754173351135
2023-08-25,2023-08-30,CALL,4413.905,4370.0,54.0,55.2,54.6,98,100,5,0.0136986301369863,1.0100469107551486,ATM,17.2,0.0556,0.0124942791762013,63.79271472162509,0.014597875222339837,9.192714721625087,9.192714721625087,16.836473849130197,16.836473849130197
2023-08-25,2023-08-30,CALL,4413.905,4365.0,57.9,59.1,58.5,91,86,5,0.0136986301369863,1.0112038946162656,ATM,17.2,0.0556,0.0134020618556701,67.33885297204188,0.015426999535404783,8.838852972041877,8.838852972041877,15.109150379558764,15.109150379558764
2023-08-25,2023-08-30,CALL,4413.905,4360.0,62.0,63.2,62.6,88,251,5,0.0136986301369863,1.0123635321100917,ATM,17.2,0.0556,0.0143577981651376,70.98076137042472,0.016279991140005667,8.380761370424715,8.380761370424715,13.38779771633341,13.38779771633341
2023-08-25,2023-08-30,CALL,4413.905,4355.0,65.8,67.2,66.5,27,57,5,0.0136986301369863,1.0135258323765786,ATM,17.2,0.0556,0.0152698048220436,74.7152803052818,0.017156206729111778,8.215280305281794,8.215280305281794,12.353804970348563,12.353804970348563
2023-08-25,2023-08-30,CALL,4413.905,4350.0,70.4,71.7,71.05000000000001,45,691,5,0.0136986301369863,1.014690804597701,ATM,17.2,0.0556,0.0163333333333333,78.53906081984633,0.0180549565103095,7.4890608198463156,7.4890608198463156,10.540550063119372,10.540550063119372
2023-08-25,2023-08-30,CALL,4413.905,4345.0,74.5,76.0,75.25,35,125,5,0.0136986301369863,1.0158584579976984,ATM,17.2,0.0556,0.0173187571921749,82.44859205395096,0.01897551025407387,7.198592053950961,7.198592053950961,9.566235287642472,9.566235287642472
2023-08-25,2023-08-30,CALL,4413.905,4340.0,79.0,80.4,79.7,12,35,5,0.0136986301369863,1.017028801843318,ATM,17.2,0.0556,0.0183640552995391,86.44022932715598,0.01991710353160276,6.740229327155973,6.740229327155973,8.457000410484282,8.457000410484282
2023-08-25,2023-08-30,CALL,4413.905,4335.0,83.2,84.9,84.05000000000001,15,31,5,0.0136986301369863,1.01820184544406,ATM,17.2,0.0556,0.0193886966551326,90.51022248580284,0.020878944056701924,6.460222485802831,6.460222485802831,7.686165955743998,7.686165955743998
2023-08-25,2023-08-30,CALL,4413.905,4330.0,87.8,89.2,88.5,1,18,5,0.0136986301369863,1.019377598152425,ATM,17.2,0.0556,0.0204387990762124,94.6547441448165,0.021860218047301733,6.154744144816505,6.154744144816505,6.954513157984751,6.954513157984751
2023-08-25,2023-08-30,CALL,4413.905,4375.0,50.0,51.1,50.55,170,88,5,0.0136986301369863,1.0088925714285717,ATM,17.2,0.0556,0.0115542857142857,60.34529046301577,0.01379320924868932,9.795290463015775,9.795290463015775,19.37742920477898,19.37742920477898
2023-08-25,2023-08-30,CALL,4413.905,4530.0,0.45,0.55,0.5,136,1289,5,0.0136986301369863,0.9743719646799116,ATM,17.2,0.0556,0.0001103752759381,4.534532697427721,0.0010010005954586582,4.034532697427721,4.034532697427721,806.9065394855443,806.9065394855443
2023-08-25,2023-08-30,CALL,4413.905,4435.0,15.0,15.3,15.15,265,223,5,0.0136986301369863,0.9952435174746336,ATM,17.2,0.0556,0.0034160090191657,27.36102912191791,0.006169341402912719,12.211029121917909,12.211029121917909,80.60085228988719,80.60085228988719
2023-08-25,2023-08-30,CALL,4413.905,4535.0,0.35,0.45,0.4,60,861,5,0.0136986301369863,0.973297684674752,ATM,17.2,0.0556,8.820286659316429e-05,4.0415257284124095,0.0008911853866400021,3.6415257284124096,3.6415257284124096,910.3814321031024,910.3814321031024
2023-08-25,2023-08-30,CALL,4413.905,4545.0,0.25,0.35,0.3,98,697,5,0.0136986301369863,0.971156215621562,ATM,17.2,0.0556,6.6006600660066e-05,3.189877127313366,0.000701843152324173,2.8898771273133663,2.8898771273133663,963.2923757711221,963.2923757711221
2023-08-25,2023-08-30,CALL,4413.905,4325.0,92.3,93.8,93.05,9,16,5,0.0136986301369863,1.0205560693641618,ATM,17.2,0.0556,0.021514450867052,98.86991746993635,0.022860096524840775,5.819917469936357,5.819917469936357,6.254613078921393,6.254613078921393
2023-08-25,2023-08-30,CALL,4413.905,4490.0,2.4,2.5,2.45,1726,1963,5,0.0136986301369863,0.9830523385300668,ATM,17.2,0.0556,0.0005456570155902,10.556654214280798,0.002351147931911091,8.106654214280798,8.106654214280798,330.8838454808489,330.8838454808489
2023-08-25,2023-08-30,CALL,4413.905,4485.0,2.9,3.1,3.0,138,1998,5,0.0136986301369863,0.9841482720178372,ATM,17.2,0.0556,0.0006688963210702,11.624495223881922,0.0025918606965177086,8.624495223881922,8.624495223881922,287.4831741293974,287.4831741293974
2023-08-25,2023-08-30,CALL,4413.905,4480.0,3.5,3.7,3.6,2968,2205,5,0.0136986301369863,0.9852466517857142,ATM,17.2,0.0556,0.0008035714285714,12.774645444629414,0.0028514833581762085,9.174645444629414,9.174645444629414,254.85126235081705,254.85126235081705
2023-08-25,2023-08-30,CALL,4413.905,4475.0,4.2,4.4,4.300000000000001,1217,1356,5,0.0136986301369863,0.9863474860335196,ATM,17.2,0.0556,0.0009608938547486,14.010635480443398,0.003130868263786234,9.710635480443397,9.710635480443397,225.82873210333477,225.82873210333477
2023-08-25,2023-08-30,CALL,4413.905,4470.0,5.1,5.2,5.15,1245,1020,5,0.0136986301369863,0.9874507829977628,ATM,17.2,0.0556,0.001152125279642,15.33587680944538,0.0034308449238132843,10.18587680944538,10.18587680944538,197.784015717386,197.784015717386
2023-08-25,2023-08-30,CALL,4413.905,4465.0,6.0,6.2,6.1,968,1877,5,0.0136986301369863,0.9885565509518476,ATM,17.2,0.0556,0.0013661814109742,16.75363507498696,0.0037522139025726675,10.65363507498696,10.65363507498696,174.6497553276551,174.6497553276551
2023-08-25,2023-08-30,CALL,4413.905,4460.0,7.2,7.4,7.300000000000001,349,645,5,0.0136986301369863,0.989664798206278,ATM,17.2,0.0556,0.0016367713004484,18.26700360204677,0.004095740717947706,10.96700360204677,10.96700360204677,150.2329260554352,150.2329260554352
2023-08-25,2023-08-30,CALL,4413.905,4455.0,8.4,8.6,8.5,293,509,5,0.0136986301369863,0.9907755331088663,ATM,17.2,0.0556,0.0019079685746352,19.878877483973156,0.004462149828052335,11.378877483973156,11.378877483973156,133.86914687027243,133.86914687027243
2023-08-25,2023-08-30,CALL,4413.905,4450.0,9.8,10.1,9.95,2758,1521,5,0.0136986301369863,0.9918887640449436,ATM,17.2,0.0556,0.0022359550561797,21.5919285905577,0.004852118784394989,11.6419285905577,11.6419285905577,117.00430744279096,117.00430744279096
2023-08-25,2023-08-30,CALL,4413.905,4445.0,11.4,11.6,11.5,936,518,5,0.0136986301369863,0.9930044994375704,ATM,17.2,0.0556,0.0025871766029246,23.40858184806666,0.005266272631736031,11.90858184806666,11.90858184806666,103.55288563536226,103.55288563536226
2023-08-25,2023-08-30,CALL,4413.905,4440.0,13.1,13.4,13.25,682,195,5,0.0136986301369863,0.9941227477477476,ATM,17.2,0.0556,0.0029842342342342,25.330993134803975,0.005705178633964859,12.080993134803975,12.080993134803975,91.17730667776586,91.17730667776586
2023-08-25,2023-08-30,CALL,4413.905,4495.0,1.95,2.1,2.025,140,269,5,0.0136986301369863,0.9819588431590656,ATM,17.2,0.0556,0.0004505005561735,9.567499287514806,0.002128475926032215,7.542499287514806,7.542499287514806,372.46910061801515,372.46910061801515
2023-08-25,2023-08-30,CALL,4413.905,4565.0,0.1,0.2,0.15,55,1150,5,0.0136986301369863,0.9669014238773276,OTM,17.2,0.0556,3.285870755750274e-05,1.9361009911684732,0.00042411850847064034,1.7861009911684733,1.7861009911684733,1190.7339941123155,1190.7339941123155
2023-08-25,2023-08-30,CALL,4413.905,4560.0,0.15,0.2,0.175,141,521,5,0.0136986301369863,0.9679616228070176,OTM,17.2,0.0556,3.8377192982456135e-05,2.2007050279985663,0.00048261075175407155,2.0257050279985664,2.0257050279985664,1157.5457302848952,1157.5457302848952
2023-08-25,2023-08-30,CALL,4413.905,4555.0,0.15,0.25,0.2,48,644,5,0.0136986301369863,0.9690241492864984,OTM,17.2,0.0556,4.390779363336992e-05,2.496002759067892,0.0005479698702673747,2.2960027590678918,2.2960027590678918,1148.0013795339457,1148.0013795339457
2023-08-25,2023-08-30,CALL,4413.905,4550.0,0.2,0.3,0.25,139,2324,5,0.0136986301369863,0.9700890109890108,ATM,17.2,0.0556,5.494505494505495e-05,2.824757649215769,0.0006208258569704987,2.574757649215769,2.574757649215769,1029.9030596863076,1029.9030596863076
2023-08-25,2023-08-30,CALL,4413.905,4540.0,0.3,0.4,0.35,81,1051,5,0.0136986301369863,0.97222577092511,ATM,17.2,0.0556,7.709251101321586e-05,3.594407276060508,0.0007917196643305084,3.244407276060508,3.244407276060508,926.9735074458596,926.9735074458596
2023-08-25,2023-08-30,CALL,4413.905,4430.0,17.1,17.4,17.25,209,323,5,0.0136986301369863,0.996366817155756,ATM,17.2,0.0556,0.0038939051918735,29.500249368592904,0.006659198503068376,12.250249368592904,12.250249368592904,71.01593836865452,71.01593836865452
2023-08-25,2023-08-30,CALL,4413.905,4425.0,19.4,19.6,19.5,1205,228,5,0.0136986301369863,0.9974926553672316,ATM,17.2,0.0556,0.0044067796610169,31.74989095363435,0.007175116599691379,12.249890953634349,12.249890953634349,62.819953608381276,62.819953608381276
2023-08-25,2023-08-30,CALL,4413.905,4420.0,21.8,22.1,21.950000000000003,326,144,5,0.0136986301369863,0.9986210407239818,ATM,17.2,0.0556,0.0049660633484162,34.11085589224376,0.007717388210914878,12.16085589224376,12.16085589224376,55.40253253869594,55.40253253869594
2023-08-25,2023-09-15,CALL,4413.905,4395.0,69.7,70.5,70.1,3120,6089,21,0.0575342465753424,1.004301478953356,ATM,17.2,0.0556,0.0159499431171786,90.03240676675114,0.020485189252958166,19.932406766751143,19.932406766751143,28.43424645756226,28.43424645756226
2023-08-25,2023-09-15,CALL,4413.905,4390.0,72.9,73.8,73.35,2022,7478,21,0.0575342465753424,1.0054453302961277,ATM,17.2,0.0556,0.0167084282460136,92.87009433575349,0.021154918983087356,19.520094335753498,19.520094335753498,26.612262216432853,26.612262216432853
2023-08-25,2023-09-15,CALL,4413.905,4385.0,76.3,77.2,76.75,501,7823,21,0.0575342465753424,1.0065917901938426,ATM,17.2,0.0556,0.0175028506271379,95.76170298862053,0.02183847274540947,19.011702988620527,19.011702988620527,24.77094851937528,24.77094851937528
2023-08-25,2023-09-15,CALL,4413.905,4380.0,79.8,80.7,80.25,1298,7990,21,0.0575342465753424,1.0077408675799089,ATM,17.2,0.0556,0.0183219178082191,98.70699334060009,0.02253584322844751,18.456993340600093,18.456993340600093,22.999368648722857,22.999368648722857
2023-08-25,2023-09-15,CALL,4413.905,4375.0,83.3,84.2,83.75,1655,7985,21,0.0575342465753424,1.0088925714285717,ATM,17.2,0.0556,0.0191428571428571,101.70568597260899,0.02324701393659634,17.95568597260899,17.95568597260899,21.439625041921182,21.439625041921182
2023-08-25,2023-09-15,CALL,4413.905,4370.0,86.9,87.8,87.35,538,2999,21,0.0575342465753424,1.0100469107551486,ATM,17.2,0.0556,0.0199885583524027,104.75746192861925,0.023971959251400287,17.407461928619256,17.407461928619256,19.928405184452497,19.928405184452497
2023-08-25,2023-09-15,CALL,4413.905,4365.0,90.5,91.4,90.95,252,4349,21,0.0575342465753424,1.0112038946162656,ATM,17.2,0.0556,0.020836197021764,107.86196330330358,0.024710644513929802,16.91196330330358,16.91196330330358,18.594791977244178,18.594791977244178
2023-08-25,2023-09-15,CALL,4413.905,4360.0,94.2,95.1,94.65,206,10841,21,0.0575342465753424,1.0123635321100917,ATM,17.2,0.0556,0.0217087155963302,111.01879391820648,0.02546302612802901,16.368793918206478,16.368793918206478,17.294024213636003,17.294024213636003
2023-08-25,2023-09-15,CALL,4413.905,4295.0,143.0,151.0,147.0,13,58,21,0.0575342465753424,1.027684516880093,ATM,17.2,0.0556,0.0342258440046565,156.57533401836554,0.03645525821149372,9.575334018365538,9.575334018365538,6.513832665554788,6.513832665554788
2023-08-25,2023-09-15,CALL,4413.905,4290.0,146.6,153.7,150.14999999999998,5,186,21,0.0575342465753424,1.0288822843822842,ATM,17.2,0.0556,0.0349999999999999,160.40403824023315,0.03739021870401705,10.254038240233172,10.254038240233172,6.82919629719159,6.82919629719159
2023-08-25,2023-09-15,CALL,4413.905,4200.0,229.8,233.6,231.7,2,21738,21,0.0575342465753424,1.050929761904762,ITM,17.2,0.0556,0.0551666666666666,235.71322688170085,0.05612219687659544,4.013226881700859,4.013226881700859,1.7320789303844883,1.7320789303844883
2023-08-25,2023-09-15,CALL,4413.905,4175.0,250.5,258.7,254.6,1,4752,21,0.0575342465753424,1.057222754491018,ITM,17.2,0.0556,0.0609820359281437,258.35529944270775,0.06188150884855275,3.755299442707752,3.755299442707752,1.4749801424618036,1.4749801424618036
2023-08-25,2023-09-15,CALL,4413.905,4170.0,255.8,264.9,260.35,2,1064,21,0.0575342465753424,1.0584904076738608,ITM,17.2,0.0556,0.0624340527577937,262.95166156841105,0.06305795241448707,2.601661568411032,2.601661568411032,0.9992938614983798,0.9992938614983798
2023-08-25,2023-09-15,CALL,4413.905,4145.0,279.8,288.8,284.3,2,3,21,0.0575342465753424,1.0648745476477683,ITM,17.2,0.0556,0.0685886610373944,286.2268731993322,0.06905352791298726,1.9268731993321921,1.9268731993321921,0.6777605344116047,0.6777605344116047
2023-08-25,2023-09-15,CALL,4413.905,4280.0,155.9,163.9,159.9,2,320,21,0.0575342465753424,1.0312862149532709,ITM,17.2,0.0556,0.0373598130841121,168.1880670188507,0.03929627734085296,8.288067018850683,8.288067018850683,5.183281437680226,5.183281437680226
2023-08-25,2023-09-15,CALL,4413.905,4275.0,161.1,166.4,163.75,23,4213,21,0.0575342465753424,1.032492397660819,ITM,17.2,0.0556,0.0383040935672514,172.14166346323782,0.04026705578087434,8.391663463237819,8.391663463237819,5.124679977549813,5.124679977549813
2023-08-25,2023-09-15,CALL,4413.905,4270.0,164.5,172.5,168.5,1,108,21,0.0575342465753424,1.0337014051522249,ITM,17.2,0.0556,0.0394613583138173,176.13513690997388,0.04124944658313206,7.63513690997388,7.63513690997388,4.531238522239692,4.531238522239692
2023-08-25,2023-09-15,CALL,4413.905,4400.0,66.4,67.2,66.80000000000001,15224,62047,21,0.0575342465753424,1.0031602272727271,ATM,17.2,0.0556,0.0151818181818181,87.24883922626259,0.019829281642332407,20.448839226262578,20.448839226262578,30.612034769854155,30.612034769854155
2023-08-25,2023-09-15,CALL,4413.905,4405.0,63.2,64.0,63.6,4662,9468,21,0.0575342465753424,1.0020215664018162,ATM,17.2,0.0556,0.0144381384790011,84.51954990570857,0.01918718499562056,20.91954990570857,20.91954990570857,32.89237406557952,32.89237406557952
2023-08-25,2023-09-15,CALL,4413.905,4355.0,97.9,98.8,98.35,4,3782,21,0.0575342465753424,1.0135258323765786,ATM,17.2,0.0556,0.0225832376578645,114.22752008438738,0.026229051684130283,15.877520084387385,15.877520084387385,16.143894341014118,16.143894341014118
2023-08-25,2023-09-15,CALL,4413.905,4300.0,140.9,144.0,142.45,322,47493,21,0.0575342465753424,1.0264895348837209,ATM,17.2,0.0556,0.0331279069767441,152.78995973554538,0.03553254877570823,10.339959735545392,10.339959735545392,7.258658993011859,7.258658993011859
2023-08-25,2023-08-30,CALL,4413.905,4415.0,24.4,24.7,24.55,252,125,5,0.0136986301369863,0.9997519818799546,ATM,17.2,0.0556,0.0055605889014722,36.58370154797967,0.008286229116190187,12.033701547979671,12.033701547979671,49.0171142483897,49.0171142483897
2023-08-25,2023-08-30,CALL,4413.905,4410.0,27.1,27.4,27.25,443,180,5,0.0136986301369863,1.0008854875283446,ATM,17.2,0.0556,0.0061791383219954,39.168634206290335,0.008881776464011414,11.918634206290335,11.918634206290335,43.7381071790471,43.7381071790471
2023-08-25,2023-08-30,CALL,4413.905,4405.0,30.0,30.3,30.15,249,155,5,0.0136986301369863,1.0020215664018162,ATM,17.2,0.0556,0.0068444948921679,41.86550592841604,0.009504087611445186,11.715505928416043,11.715505928416043,38.85739943089899,38.85739943089899
2023-08-25,2023-08-30,CALL,4413.905,4400.0,33.1,33.5,33.3,1261,501,5,0.0136986301369863,1.0031602272727271,ATM,17.2,0.0556,0.0075681818181818,44.67381475389084,0.010153139716793371,11.37381475389084,11.37381475389084,34.15559986153406,34.15559986153406
2023-08-25,2023-08-30,CALL,4413.905,4395.0,36.3,36.6,36.45,227,96,5,0.0136986301369863,1.004301478953356,ATM,17.2,0.0556,0.0082935153583617,47.592708267385206,0.010828830094968192,11.142708267385203,11.142708267385203,30.56984435496626,30.56984435496626
2023-08-25,2023-08-30,CALL,4413.905,4390.0,39.7,40.0,39.85,219,95,5,0.0136986301369863,1.0054453302961277,ATM,17.2,0.0556,0.0090774487471526,50.620990492400324,0.011530977333120803,10.770990492400323,10.770990492400323,27.02883435985024,27.02883435985024
2023-08-25,2023-08-30,CALL,4413.905,4385.0,43.2,43.5,43.35,308,91,5,0.0136986301369863,1.0065917901938426,ATM,17.2,0.0556,0.0098859749144811,53.75713202148245,0.012259323151991436,10.407132021482447,10.407132021482447,24.007224963050625,24.007224963050625
2023-08-25,2023-08-30,CALL,4413.905,4380.0,46.5,47.3,46.9,153,122,5,0.0136986301369863,1.0077408675799089,ATM,17.2,0.0556,0.0107077625570776,56.999283241370904,0.013013534986614362,10.099283241370905,10.099283241370905,21.533652966675703,21.533652966675703
2023-08-25,2023-08-30,CALL,4413.905,4320.0,96.9,98.5,97.7,1,14,5,0.0136986301369863,1.0217372685185184,ATM,17.2,0.0556,0.0226157407407407,103.15184316715977,0.023877741473879575,5.451843167159765,5.451843167159765,5.580187479180927,5.580187479180927
2023-08-25,2023-08-31,CALL,4413.905,4575.0,0.2,0.25,0.225,230,1848,6,0.0164383561643835,0.9647879781420764,OTM,17.2,0.0556,4.918032786885246e-05,2.3898823428982894,0.0005223786541854184,2.1648823428982893,2.1648823428982893,962.1699301770175,962.1699301770175
2023-08-25,2023-11-17,CALL,4413.905,4800.0,8.8,9.0,8.9,40,6354,84,0.2301369863013698,0.9195635416666668,OTM,17.2,0.0559193548387096,0.0018541666666666,40.71451046910977,0.008482189681064536,31.81451046910977,31.81451046910977,357.4664097652783,357.4664097652783
2023-08-25,2023-09-15,CALL,4413.905,4340.0,109.4,110.3,109.85,2,993,21,0.0575342465753424,1.017028801843318,ATM,17.2,0.0556,0.0253110599078341,124.16019069131153,0.02860833886896579,14.310190691311533,14.310190691311533,13.02702839445747,13.02702839445747
2023-08-25,2023-09-15,CALL,4413.905,4330.0,117.2,118.2,117.7,4,262,21,0.0575342465753424,1.019377598152425,ATM,17.2,0.0556,0.0271824480369515,131.03189274499164,0.030261407100459964,13.331892744991634,13.331892744991634,11.327011677987795,11.327011677987795
2023-08-25,2023-09-15,CALL,4413.905,4325.0,121.3,122.2,121.75,24,5798,21,0.0575342465753424,1.0205560693641618,ATM,17.2,0.0556,0.028150289017341,134.54090083446226,0.03110772273629185,12.790900834462263,12.790900834462263,10.505873375328347,10.505873375328347
2023-08-25,2023-09-15,CALL,4413.905,4350.0,101.7,102.6,102.15,274,16221,21,0.0575342465753424,1.014690804597701,ATM,17.2,0.0556,0.0234827586206896,117.48767144913245,0.02700866010324884,15.337671449132444,15.337671449132444,15.014852128372436,15.014852128372436
2023-08-25,2023-09-15,CALL,4413.905,4315.0,126.5,134.2,130.35,4,275,21,0.0575342465753424,1.0229212050984935,ATM,17.2,0.0556,0.0302085747392815,141.70189134404427,0.03283937226976692,11.351891344044276,11.351891344044276,8.70877740241218,8.70877740241218
2023-08-25,2023-09-15,CALL,4413.905,4310.0,131.8,136.6,134.2,16,61,21,0.0575342465753424,1.0241078886310904,ATM,17.2,0.0556,0.0311368909512761,145.35245275953957,0.033724466997572984,11.152452759539585,11.152452759539585,8.310322473576443,8.310322473576443
2023-08-25,2023-09-15,CALL,4413.905,4305.0,134.8,142.5,138.65,4,581,21,0.0575342465753424,1.0252973286875726,ATM,17.2,0.0556,0.0322067363530778,149.0487336391907,0.03462223777913837,10.39873363919068,10.39873363919068,7.499988199921155,7.499988199921155
2023-08-25,2023-11-17,CALL,4413.905,4825.0,6.9,7.1,7.0,41,3708,84,0.2301369863013698,0.91479896373057,OTM,17.2,0.0559193548387096,0.0014507772020725,36.38484321819726,0.007540900148849173,29.38484321819726,29.38484321819726,419.7834745456752,419.7834745456752
2023-08-25,2023-09-15,CALL,4413.905,4260.0,173.2,181.3,177.25,2,906,21,0.0575342465753424,1.0361279342723004,ITM,17.2,0.0556,0.0416079812206572,184.23810336809174,0.043248381072322005,6.988103368091743,6.988103368091743,3.9425124784720693,3.9425124784720693
2023-08-25,2023-08-29,CALL,4413.905,4525.0,0.2,0.3,0.25,233,407,4,0.010958904109589,0.9754486187845304,ATM,17.2,0.0556,5.524861878453039e-05,3.31345053590627,0.0007322542620787337,3.06345053590627,3.06345053590627,1225.380214362508,1225.380214362508
2023-08-25,2023-08-29,CALL,4413.905,4535.0,0.15,0.2,0.175,87,251,4,0.010958904109589,0.973297684674752,ATM,17.2,0.0556,3.858875413450937e-05,2.5302605323612397,0.0005579405804545182,2.35526053236124,2.35526053236124,1345.86316134928,1345.86316134928
2023-08-25,2023-08-31,CALL,4413.905,4470.0,7.4,7.7,7.550000000000001,1036,952,6,0.0164383561643835,0.9874507829977628,ATM,17.2,0.0556,0.0016890380313199,18.439252642597694,0.004125112448008433,10.889252642597693,10.889252642597693,144.228511822486,144.228511822486
2023-08-25,2023-08-31,CALL,4413.905,4465.0,8.6,8.9,8.75,430,273,6,0.0164383561643835,0.9885565509518476,ATM,17.2,0.0556,0.0019596864501679,19.951080874172703,0.004468327183465331,11.201080874172703,11.201080874172703,128.01235284768805,128.01235284768805
2023-08-25,2023-08-31,CALL,4413.905,4485.0,4.6,4.8,4.699999999999999,233,428,6,0.0164383561643835,0.9841482720178372,ATM,17.2,0.0556,0.0010479375696767,14.41687781937253,0.0032144655115657816,9.716877819372531,9.716877819372531,206.74208126324538,206.74208126324538
2023-08-25,2023-08-31,CALL,4413.905,4515.0,1.6,1.7,1.65,106,637,6,0.0164383561643835,0.9776090808416388,ATM,17.2,0.0556,0.0003654485049833,8.427830251577006,0.0018666290701167235,6.777830251577006,6.777830251577006,410.7775910046671,410.7775910046671
2023-08-25,2023-08-31,CALL,4413.905,4520.0,1.35,1.45,1.4,402,680,6,0.0164383561643835,0.9765276548672566,ATM,17.2,0.0556,0.0003097345132743,7.660939566177831,0.0016948981341101395,6.26093956617783,6.26093956617783,447.20996901270223,447.20996901270223
2023-08-25,2023-08-31,CALL,4413.905,4570.0,0.2,0.3,0.25,63,1103,6,0.0164383561643835,0.965843544857768,OTM,17.2,0.0556,5.4704595185995626e-05,2.680562217818249,0.0005865562839864878,2.430562217818249,2.430562217818249,972.2248871272996,972.2248871272996
2023-08-25,2023-08-31,CALL,4413.905,4565.0,0.25,0.35,0.3,844,383,6,0.0164383561643835,0.9669014238773276,OTM,17.2,0.0556,6.571741511500547e-05,3.001201009278418,0.0006574372419010774,2.701201009278418,2.701201009278418,900.4003364261393,900.4003364261393
2023-08-25,2023-08-31,CALL,4413.905,4560.0,0.3,0.35,0.3249999999999999,167,891,6,0.0164383561643835,0.9679616228070176,OTM,17.2,0.0556,7.127192982456138e-05,3.3541821872557307,0.0007355662691350287,3.029182187255731,3.029182187255731,932.0560576171482,932.0560576171482
2023-08-25,2023-08-31,CALL,4413.905,4555.0,0.35,0.45,0.4,494,502,6,0.0164383561643835,0.9690241492864984,OTM,17.2,0.0556,8.781558726673985e-05,3.741995726052153,0.0008215138805822508,3.341995726052153,3.341995726052153,835.4989315130382,835.4989315130382
2023-08-25,2023-08-31,CALL,4413.905,4550.0,0.45,0.5,0.475,711,7741,6,0.0164383561643835,0.9700890109890108,ATM,17.2,0.0556,0.0001043956043956,4.167233695397272,0.0009158755374499498,3.6922336953972716,3.6922336953972716,777.3123569257415,777.3123569257415
2023-08-25,2023-08-31,CALL,4413.905,4545.0,0.5,0.6,0.55,133,576,6,0.0164383561643835,0.971156215621562,ATM,17.2,0.0556,0.0001210121012101,4.632584695401306,0.0010192705600442918,4.082584695401306,4.082584695401306,742.288126436601,742.288126436601
2023-08-25,2023-08-31,CALL,4413.905,4540.0,0.65,0.7,0.675,181,2033,6,0.0164383561643835,0.97222577092511,ATM,17.2,0.0556,0.0001486784140969,5.140827099314549,0.0011323407707741298,4.4658270993145495,4.4658270993145495,661.6040147132666,661.6040147132666
2023-08-25,2023-08-31,CALL,4413.905,4535.0,0.75,0.85,0.8,55,373,6,0.0164383561643835,0.973297684674752,ATM,17.2,0.0556,0.0001764057331863,5.69482108070963,0.0012557488601344278,4.89482108070963,4.89482108070963,611.8526350887038,611.8526350887038
2023-08-25,2023-08-31,CALL,4413.905,4530.0,0.9,1.0,0.95,322,414,6,0.0164383561643835,0.9743719646799116,ATM,17.2,0.0556,0.0002097130242825,6.297499415700145,0.0013901764714569856,5.3474994157001445,5.3474994157001445,562.8946753368574,562.8946753368574
2023-08-25,2023-08-31,CALL,4413.905,4525.0,1.1,1.2,1.15,611,1834,6,0.0164383561643835,0.9754486187845304,ATM,17.2,0.0556,0.0002541436464088,6.951857066148705,0.0015363220035687745,5.801857066148704,5.801857066148704,504.5093100998874,504.5093100998874
2023-08-25,2023-08-31,CALL,4413.905,4460.0,9.9,10.2,10.05,1192,2174,6,0.0164383561643835,0.989664798206278,ATM,17.2,0.0556,0.0022533632286995,21.552579988470825,0.004832417037773727,11.502579988470824,11.502579988470824,114.45353222359029,114.45353222359029
2023-08-25,2023-08-31,CALL,4413.905,4455.0,11.5,11.7,11.6,512,255,6,0.0164383561643835,0.9907755331088663,ATM,17.2,0.0556,0.0026038159371492,23.246000733226538,0.005217957515875766,11.646000733226538,11.646000733226538,100.39655804505637,100.39655804505637
2023-08-25,2023-08-31,CALL,4413.905,4475.0,6.4,6.6,6.5,1130,2752,6,0.0164383561643835,0.9863474860335196,ATM,17.2,0.0556,0.0014525139664804,17.014677023387776,0.0038021624633268773,10.514677023387776,10.514677023387776,161.76426189827347,161.76426189827347
2023-08-25,2023-08-31,CALL,4413.905,4395.0,40.7,40.9,40.8,286,293,6,0.0164383561643835,1.004301478953356,ATM,17.2,0.0556,0.0092832764505119,51.26481063241272,0.011664348266760573,10.464810632412721,10.464810632412721,25.649045667678237,25.649045667678237
2023-08-25,2023-08-31,CALL,4413.905,4480.0,5.4,5.7,5.550000000000001,428,457,6,0.0164383561643835,0.9852466517857142,ATM,17.2,0.0556,0.0012388392857142,15.674785610511208,0.003498836073774823,10.124785610511207,10.124785610511207,182.42856955876044,182.42856955876044
2023-08-25,2023-08-31,CALL,4413.905,4495.0,3.3,3.5,3.4,146,445,6,0.0164383561643835,0.9819588431590656,ATM,17.2,0.0556,0.0007563959955506,12.13565998745753,0.002699813122904901,8.73565998745753,8.73565998745753,256.9311761016921,256.9311761016921
2023-08-25,2023-08-31,CALL,4413.905,4320.0,100.0,101.7,100.85,8,143,6,0.0164383561643835,1.0217372685185184,ATM,17.2,0.0556,0.0233449074074074,105.62042038147183,0.02444917138459996,4.770420381471837,4.770420381471837,4.730213566159482,4.730213566159482
2023-08-25,2023-08-31,CALL,4413.905,4310.0,109.5,110.7,110.1,1,160,6,0.0164383561643835,1.0241078886310904,ATM,17.2,0.0556,0.0255452436194895,114.16142708797497,0.026487570090017395,4.061427087974977,4.061427087974977,3.6888529409400337,3.6888529409400337
2023-08-25,2023-08-31,CALL,4413.905,4300.0,118.9,120.1,119.5,123,2696,6,0.0164383561643835,1.0264895348837209,ATM,17.2,0.0556,0.0277906976744186,122.92878335572095,0.028588089152493244,3.4287833557209524,3.4287833557209524,2.8692747746618847,2.8692747746618847
2023-08-25,2023-08-31,CALL,4413.905,4285.0,132.9,134.7,133.8,1,46,6,0.0164383561643835,1.0300828471411902,ITM,17.2,0.0556,0.0312252042007001,136.44846402841995,0.03184328215365693,2.648464028419937,2.648464028419937,1.9794200511359767,1.9794200511359767
2023-08-25,2023-08-31,CALL,4413.905,4200.0,215.3,219.3,217.3,10,957,6,0.0164383561643835,1.050929761904762,ITM,17.2,0.0556,0.0517380952380952,218.09553828881053,0.05192750911638346,0.7955382888105191,0.7955382888105191,0.3661013754305196,0.3661013754305196
2023-08-25,2023-08-31,CALL,4413.905,4195.0,220.2,224.2,222.2,3,125,6,0.0164383561643835,1.052182359952324,ITM,17.2,0.0556,0.0529678188319427,223.03876086819128,0.05316776182793594,0.8387608681912866,0.8387608681912866,0.37748013869994895,0.37748013869994895
2023-08-25,2023-08-31,CALL,4413.905,4340.0,82.3,83.8,83.05,16,184,6,0.0164383561643835,1.017028801843318,ATM,17.2,0.0556,0.0191359447004608,89.32124215167141,0.02058093137135286,6.271242151671416,6.271242151671416,7.551164541446617,7.551164541446617
2023-08-25,2023-08-31,CALL,4413.905,4170.0,245.1,249.1,247.1,5,153,6,0.0164383561643835,1.0584904076738608,ITM,17.2,0.0556,0.0592565947242206,247.84476287092184,0.05943519493307478,0.7447628709218463,0.7447628709218463,0.30140140466282733,0.30140140466282733
2023-08-25,2023-08-31,CALL,4413.905,4160.0,255.1,259.1,257.1,3,21,6,0.0164383561643835,1.0610348557692306,ITM,17.2,0.0556,0.0618028846153846,257.7967289901835,0.06197036754571719,0.6967289901834874,0.6967289901834874,0.27099532873725685,0.27099532873725685
2023-08-25,2023-08-31,CALL,4413.905,4155.0,260.1,264.1,262.1,3,24,6,0.0164383561643835,1.0623116726835138,ITM,17.2,0.0556,0.0630806257521059,262.77699532648785,0.06324356084873353,0.6769953264878268,0.6769953264878268,0.2582965763021086,0.2582965763021086
2023-08-25,2023-08-31,CALL,4413.905,4150.0,265.1,269.1,267.1,6,100,6,0.0164383561643835,1.06359156626506,ITM,17.2,0.0556,0.0643614457831325,267.75960150689934,0.06452038590527695,0.6596015068993211,0.6596015068993211,0.24694927251940135,0.24694927251940135
2023-08-25,2023-08-31,CALL,4413.905,4135.0,280.0,284.0,282.0,1,31,6,0.0164383561643835,1.0674498186215235,ITM,17.2,0.0556,0.06819830713422,282.7183688363666,0.06837203599428456,0.7183688363666079,0.7183688363666079,0.2547407221158184,0.2547407221158184
2023-08-25,2023-08-31,CALL,4413.905,4130.0,285.0,289.0,287.0,2,23,6,0.0164383561643835,1.068742130750605,ITM,17.2,0.0556,0.0694915254237288,287.70743170581954,0.06966281639366091,0.7074317058195447,0.7074317058195447,0.24649188356081697,0.24649188356081697
2023-08-25,2023-08-30,CALL,4413.905,4575.0,0.1,0.15,0.125,4,203,5,0.0136986301369863,0.9647879781420764,OTM,17.2,0.0556,2.73224043715847e-05,1.488660027415989,0.00032539016992699213,1.363660027415989,1.363660027415989,1090.9280219327911,1090.9280219327911
2023-08-25,2023-08-31,CALL,4413.905,4510.0,1.95,2.05,2.0,283,522,6,0.0164383561643835,0.9786929046563192,ATM,17.2,0.0556,0.0004434589800443,9.255636389576239,0.0020522475364914057,7.255636389576239,7.255636389576239,362.78181947881194,362.78181947881194
2023-08-25,2023-08-31,CALL,4413.905,4505.0,2.35,2.45,2.4000000000000004,179,438,6,0.0164383561643835,0.9797791342952274,ATM,17.2,0.0556,0.0005327413984461,10.14747428468229,0.0022524915171325834,7.747474284682289,7.747474284682289,322.8114285284287,322.8114285284287
2023-08-25,2023-08-31,CALL,4413.905,4500.0,2.8,2.9,2.85,2504,6460,6,0.0164383561643835,0.9808677777777776,ATM,17.2,0.0556,0.0006333333333333,11.106453454503708,0.0024681007676674908,8.256453454503708,8.256453454503708,289.7001212106564,289.7001212106564
2023-08-25,2023-08-31,CALL,4413.905,4490.0,3.9,4.1,4.0,819,1472,6,0.0164383561643835,0.9830523385300668,ATM,17.2,0.0556,0.0008908685968819,13.238139211508155,0.0029483606261710813,9.238139211508155,9.238139211508155,230.95348028770388,230.95348028770388
2023-08-25,2023-08-31,CALL,4413.905,4390.0,44.0,44.3,44.15,276,5525,6,0.0164383561643835,1.0054453302961277,ATM,17.2,0.0556,0.0100569476082004,54.25721704964053,0.01235927495436003,10.107217049640532,10.107217049640532,22.89290384969543,22.89290384969543
2023-08-25,2023-08-31,CALL,4413.905,4385.0,47.4,47.7,47.55,136,241,6,0.0164383561643835,1.0065917901938426,ATM,17.2,0.0556,0.0108437856328392,57.348665089667975,0.013078372882478444,9.798665089667978,9.798665089667978,20.607076949880078,20.607076949880078
2023-08-25,2023-08-31,CALL,4413.905,4380.0,51.0,51.3,51.15,219,478,6,0.0164383561643835,1.0077408675799089,ATM,17.2,0.0556,0.0116780821917808,60.53773022209225,0.01382139959408499,9.387730222092252,9.387730222092252,18.353333767531282,18.353333767531282
2023-08-25,2023-08-30,CALL,4413.905,4285.0,130.5,132.2,131.35,2,6,5,0.0136986301369863,1.0300828471411902,ITM,17.2,0.0556,0.0306534422403733,134.67338554220123,0.03142902813120215,3.323385542201237,3.323385542201237,2.5301755174733436,2.5301755174733436
2023-08-25,2023-08-30,CALL,4413.905,4280.0,135.3,137.1,136.2,2,3,5,0.0136986301369863,1.0312862149532709,ITM,17.2,0.0556,0.031822429906542,139.35407104525757,0.03255936239375177,3.154071045257581,3.154071045257581,2.315764350409384,2.315764350409384
2023-08-25,2023-08-30,CALL,4413.905,4270.0,145.0,146.9,145.95,1,10,5,0.0136986301369863,1.0337014051522249,ITM,17.2,0.0556,0.0341803278688524,148.81557450419677,0.034851422600514465,2.865574504196786,2.865574504196786,1.9633946585795041,1.9633946585795041
2023-08-25,2023-08-29,CALL,4413.905,4510.0,0.4,0.5,0.45,699,603,4,0.010958904109589,0.9786929046563192,ATM,17.2,0.0556,9.977827050997784e-05,4.865249017908582,0.0010787691835717477,4.4152490179085815,4.4152490179085815,981.1664484241293,981.1664484241293
2023-08-25,2023-08-29,CALL,4413.905,4505.0,0.55,0.65,0.6000000000000001,723,503,4,0.010958904109589,0.9797791342952274,ATM,17.2,0.0556,0.0001331853496115,5.500242922760776,0.0012209196276938461,4.900242922760777,4.900242922760777,816.7071537934627,816.7071537934627
2023-08-25,2023-08-29,CALL,4413.905,4500.0,0.7,0.8,0.75,1775,1933,4,0.010958904109589,0.9808677777777776,ATM,17.2,0.0556,0.0001666666666666,6.201629401195646,0.0013781398669323658,5.451629401195646,5.451629401195646,726.8839201594195,726.8839201594195
2023-08-25,2023-08-29,CALL,4413.905,4495.0,0.9,1.0,0.95,1035,822,4,0.010958904109589,0.9819588431590656,ATM,17.2,0.0556,0.0002113459399332,6.97405213227762,0.0015515132663576462,6.02405213227762,6.02405213227762,634.1107507660653,634.1107507660653
2023-08-25,2023-08-29,CALL,4413.905,4490.0,1.15,1.25,1.2,1046,940,4,0.010958904109589,0.9830523385300668,ATM,17.2,0.0556,0.0002672605790645,7.822196414425662,0.0017421372860636217,6.6221964144256615,6.6221964144256615,551.8497012021385,551.8497012021385
2023-08-25,2023-08-29,CALL,4413.905,4485.0,1.5,1.6,1.55,385,456,4,0.010958904109589,0.9841482720178372,ATM,17.2,0.0556,0.0003455964325529,8.75075483903504,0.0019511159061393621,7.2007548390350395,7.2007548390350395,464.56482832484124,464.56482832484124
2023-08-25,2023-08-29,CALL,4413.905,4480.0,1.9,2.0,1.95,657,593,4,0.010958904109589,0.9852466517857142,ATM,17.2,0.0556,0.0004352678571428,9.76439050091767,0.0021795514510976944,7.81439050091767,7.81439050091767,400.7379744060344,400.7379744060344
2023-08-25,2023-08-29,CALL,4413.905,4475.0,2.35,2.5,2.425,1290,689,4,0.010958904109589,0.9863474860335196,ATM,17.2,0.0556,0.0005418994413407,10.867698160337795,0.0024285359017514625,8.442698160337795,8.442698160337795,348.15250145722865,348.15250145722865
2023-08-25,2023-08-29,CALL,4413.905,4470.0,2.95,3.1,3.0250000000000004,971,777,4,0.010958904109589,0.9874507829977628,ATM,17.2,0.0556,0.0006767337807606,12.065163840715059,0.0026991417988176864,9.040163840715058,9.040163840715058,298.8483914285969,298.8483914285969
2023-08-25,2023-08-29,CALL,4413.905,4465.0,3.7,3.9,3.8,368,213,4,0.010958904109589,0.9885565509518476,ATM,17.2,0.0556,0.0008510638297872,13.361123408406911,0.00299241285742596,9.56112340840691,9.56112340840691,251.60851074755027,251.60851074755027
2023-08-25,2023-08-29,CALL,4413.905,4515.0,0.35,0.4,0.375,163,334,4,0.010958904109589,0.9776090808416388,ATM,17.2,0.0556,8.305647840531562e-05,4.292077149050556,0.0009506261681175096,3.917077149050556,3.917077149050556,1044.5539064134816,1044.5539064134816
2023-08-25,2023-08-29,CALL,4413.905,4520.0,0.25,0.35,0.3,128,368,4,0.010958904109589,0.9765276548672566,ATM,17.2,0.0556,6.63716814159292e-05,3.776258372984387,0.0008354553922531829,3.476258372984387,3.476258372984387,1158.7527909947958,1158.7527909947958
2023-08-25,2023-08-29,CALL,4413.905,4545.0,0.1,0.15,0.125,40,222,4,0.010958904109589,0.971156215621562,ATM,17.2,0.0556,2.7502750275027505e-05,1.9110498203245072,0.0004204730077721688,1.7860498203245072,1.7860498203245072,1428.8398562596058,1428.8398562596058
2023-08-25,2023-08-29,CALL,4413.905,4540.0,0.1,0.2,0.15,73,265,4,0.010958904109589,0.97222577092511,ATM,17.2,0.0556,3.303964757709251e-05,2.2020073567263694,0.0004850236468560285,2.0520073567263695,2.0520073567263695,1368.0049044842463,1368.0049044842463
2023-08-25,2023-08-30,CALL,4413.905,4300.0,115.8,117.5,116.65,8,29,5,0.0136986301369863,1.0264895348837209,ATM,17.2,0.0556,0.0271279069767441,120.86970718028942,0.028109234227974286,4.219707180289419,4.219707180289419,3.6174086414825704,3.6174086414825704
2023-08-25,2023-08-30,CALL,4413.905,4305.0,111.2,112.7,111.95,2,8,5,0.0136986301369863,1.0252973286875726,ATM,17.2,0.0556,0.0260046457607433,116.35933848500736,0.027028882342626563,4.409338485007353,4.409338485007353,3.9386676954063002,3.9386676954063002
2023-08-25,2023-08-30,CALL,4413.905,4315.0,101.7,103.4,102.55,2,6,5,0.0136986301369863,1.0229212050984935,ATM,17.2,0.0556,0.023765932792584,107.4966253728312,0.024912311789763893,4.946625372831207,4.946625372831207,4.8236229866710945,4.8236229866710945
2023-08-25,2023-08-30,CALL,4413.905,4570.0,0.1,0.15,0.125,42,404,5,0.0136986301369863,0.965843544857768,OTM,17.2,0.0556,2.7352297592997813e-05,1.6995747574222264,0.0003718981963724784,1.5745747574222264,1.5745747574222264,1259.6598059377811,1259.6598059377811
2023-08-25,2023-08-31,CALL,4413.905,4375.0,54.4,55.3,54.85,129,1770,6,0.0164383561643835,1.0088925714285717,ATM,17.2,0.0556,0.0125371428571428,63.82274990522728,0.014588057121194807,8.972749905227282,8.972749905227282,16.358705387834608,16.358705387834608
2023-08-25,2023-08-31,CALL,4413.905,4370.0,58.1,59.2,58.650000000000006,176,892,6,0.0164383561643835,1.0100469107551486,ATM,17.2,0.0556,0.0134210526315789,67.20183563253977,0.015377994423922145,8.551835632539763,8.551835632539763,14.581134923341454,14.581134923341454
2023-08-25,2023-08-31,CALL,4413.905,4365.0,62.0,63.1,62.55,63,242,6,0.0164383561643835,1.0112038946162656,ATM,17.2,0.0556,0.0143298969072164,70.67288661322391,0.016190810220669854,8.122886613223912,8.122886613223912,12.986229597480275,12.986229597480275
2023-08-25,2023-08-31,CALL,4413.905,4360.0,65.8,67.0,66.4,43,907,6,0.0164383561643835,1.0123635321100917,ATM,17.2,0.0556,0.0152293577981651,74.23360492080474,0.0170260561744965,7.833604920804731,7.833604920804731,11.797597772296282,11.797597772296282
2023-08-25,2023-08-31,CALL,4413.905,4355.0,70.0,71.1,70.55,42,1318,6,0.0164383561643835,1.0135258323765786,ATM,17.2,0.0556,0.0161997703788748,77.88151192626174,0.01788324039638616,7.33151192626174,7.33151192626174,10.391937528365329,10.391937528365329
2023-08-25,2023-08-31,CALL,4413.905,4350.0,74.1,75.0,74.55,55,5930,6,0.0164383561643835,1.014690804597701,ATM,17.2,0.0556,0.0171379310344827,81.61396581796953,0.01876183122252173,7.063965817969532,7.063965817969532,9.475473934231431,9.475473934231431
2023-08-25,2023-08-31,CALL,4413.905,4345.0,78.3,79.5,78.9,23,348,6,0.0164383561643835,1.0158584579976984,ATM,17.2,0.0556,0.0181588032220943,85.42817999983345,0.019661261219754533,6.528179999833441,6.528179999833441,8.27399239522616,8.27399239522616
2023-08-25,2023-08-31,CALL,4413.905,4400.0,37.5,37.7,37.6,2176,5944,6,0.0164383561643835,1.0031602272727271,ATM,17.2,0.0556,0.0085454545454545,48.372622090733785,0.010993777747894042,10.772622090733783,10.772622090733783,28.650590666845165,28.650590666845165
2023-08-25,2023-08-29,CALL,4413.905,4530.0,0.15,0.25,0.2,124,353,4,0.010958904109589,0.9743719646799116,ATM,17.2,0.0556,4.415011037527594e-05,2.899460096290852,0.0006400574163997466,2.699460096290852,2.699460096290852,1349.730048145426,1349.730048145426
2023-08-25,2023-08-31,CALL,4413.905,4405.0,34.4,34.7,34.55,395,86,6,0.0164383561643835,1.0020215664018162,ATM,17.2,0.0556,0.0078433598183881,45.58157103662052,0.01034768922511249,11.03157103662052,11.03157103662052,31.92929388312741,31.92929388312741
2023-08-25,2023-08-31,CALL,4413.905,4445.0,14.9,15.1,15.0,221,248,6,0.0164383561643835,0.9930044994375704,ATM,17.2,0.0556,0.0033745781777277,26.91667378004081,0.006055494663676222,11.91667378004081,11.91667378004081,79.44449186693873,79.44449186693873
2023-08-25,2023-08-31,CALL,4413.905,4440.0,16.8,17.0,16.9,221,580,6,0.0164383561643835,0.9941227477477476,ATM,17.2,0.0556,0.0038063063063063,28.89744549367788,0.00650843366974727,11.99744549367788,11.99744549367788,70.99080173773895,70.99080173773895
2023-08-25,2023-08-31,CALL,4413.905,4435.0,18.9,19.1,19.0,362,177,6,0.0164383561643835,0.9952435174746336,ATM,17.2,0.0556,0.0042841037204058,30.977150058884718,0.006984701253412563,11.977150058884718,11.977150058884718,63.03763188886693,63.03763188886693
2023-08-25,2023-08-31,CALL,4413.905,4430.0,21.1,21.3,21.200000000000003,313,438,6,0.0164383561643835,0.996366817155756,ATM,17.2,0.0556,0.004785553047404,33.15697368791825,0.0074846441733449785,11.95697368791825,11.95697368791825,56.40081928263325,56.40081928263325
2023-08-25,2023-08-31,CALL,4413.905,4425.0,23.5,23.7,23.6,298,1417,6,0.0164383561643835,0.9974926553672316,ATM,17.2,0.0556,0.0053333333333333,35.437853676228315,0.008008554503102444,11.837853676228313,11.837853676228313,50.160396933170816,50.160396933170816
2023-08-25,2023-08-31,CALL,4413.905,4420.0,26.0,26.2,26.1,384,524,6,0.0164383561643835,0.9986210407239818,ATM,17.2,0.0556,0.0059049773755656,37.820470283539635,0.008556667484963719,11.720470283539633,11.720470283539633,44.90601641202924,44.90601641202924
2023-08-25,2023-08-31,CALL,4413.905,4415.0,28.6,28.9,28.75,164,274,6,0.0164383561643835,0.9997519818799546,ATM,17.2,0.0556,0.0065118912797281,40.30524054159696,0.009129159805571226,11.555240541596959,11.555240541596959,40.19214101425029,40.19214101425029
2023-08-25,2023-08-31,CALL,4413.905,4410.0,31.4,31.7,31.55,335,626,6,0.0164383561643835,1.0008854875283446,ATM,17.2,0.0556,0.0071541950113378,42.89231408005571,0.009726148317472951,11.342314080055711,11.342314080055711,35.95028234565994,35.95028234565994
2023-08-25,2023-08-31,CALL,4413.905,4450.0,13.1,13.3,13.2,1900,6705,6,0.0164383561643835,0.9918887640449436,ATM,17.2,0.0556,0.0029662921348314,25.03340971948478,0.005625485330221299,11.83340971948478,11.83340971948478,89.64704332943016,89.64704332943016
2023-08-25,2023-10-06,CALL,440.79,420.0,24.34,25.08,24.71,9,21,42,0.1150684931506849,1.0495,ITM,17.2,0.05548,0.0588333333333333,25.807309308188508,0.06144597454330597,1.0973093081885068,1.0973093081885068,4.440749931964819,4.440749931964819
2023-08-25,2023-10-06,CALL,440.79,430.0,16.14,16.73,16.435000000000002,15,3,42,0.1150684931506849,1.025093023255814,ATM,17.2,0.05548,0.0382209302325581,18.27171296116296,0.04249235572363479,1.8367129611629593,1.8367129611629593,11.175618869260475,11.175618869260475
2023-08-25,2023-08-31,CALL,4413.905,4580.0,0.15,0.25,0.2,34,943,6,0.0164383561643835,0.9637347161572052,OTM,17.2,0.0556,4.366812227074236e-05,2.1268877187569615,0.0004643859647940964,1.9268877187569615,1.9268877187569615,963.4438593784807,963.4438593784807
2023-08-25,2023-09-01,CALL,4413.905,4510.0,3.0,3.2,3.1,1733,474,7,0.0191780821917808,0.9786929046563192,ATM,17.2,0.0556,0.0006873614190687,11.483881822838498,0.002546315260052882,8.383881822838498,8.383881822838498,270.44780073672575,270.44780073672575
2023-08-25,2023-09-01,CALL,4413.905,4530.0,1.55,1.7,1.625,2619,1248,7,0.0191780821917808,0.9743719646799116,ATM,17.2,0.0556,0.0003587196467991,8.13149984477434,0.001795033078316631,6.506499844774339,6.506499844774339,400.39999044765165,400.39999044765165
2023-08-25,2023-09-01,CALL,4413.905,4505.0,3.6,3.8,3.7,618,553,7,0.0191780821917808,0.9797791342952274,ATM,17.2,0.0556,0.0008213096559378,12.473947718012596,0.0027689118130993554,8.773947718012597,8.773947718012597,237.13372210844855,237.13372210844855
2023-08-25,2023-09-01,CALL,4413.905,4500.0,4.2,4.4,4.300000000000001,3582,7169,7,0.0191780821917808,0.9808677777777776,ATM,17.2,0.0556,0.0009555555555555,13.53008722469633,0.003006686049932518,9.23008722469633,9.23008722469633,214.65319127200763,214.65319127200763
2023-08-25,2023-09-01,CALL,4413.905,4495.0,4.9,5.1,5.0,536,331,7,0.0191780821917808,0.9819588431590656,ATM,17.2,0.0556,0.0011123470522803,14.654891122538174,0.0032602649883288486,9.654891122538174,9.654891122538174,193.0978224507635,193.0978224507635
2023-08-25,2023-09-01,CALL,4413.905,4490.0,5.7,5.9,5.800000000000001,833,479,7,0.0191780821917808,0.9830523385300668,ATM,17.2,0.0556,0.0012917594654788,15.850899685775403,0.0035302671905958582,10.050899685775402,10.050899685775402,173.2913738926793,173.2913738926793
2023-08-25,2023-09-01,CALL,4413.905,4485.0,6.6,6.8,6.699999999999999,673,283,7,0.0191780821917808,0.9841482720178372,ATM,17.2,0.0556,0.0014938684503901,17.12058925751694,0.0038172997229692176,10.42058925751694,10.42058925751694,155.53118294801405,155.53118294801405
2023-08-25,2023-09-01,CALL,4413.905,4535.0,1.3,1.45,1.375,472,792,7,0.0191780821917808,0.973297684674752,ATM,17.2,0.0556,0.000303197353914,7.432074924535527,0.0016388257826980214,6.057074924535527,6.057074924535527,440.5145399662202,440.5145399662202
2023-08-25,2023-09-01,CALL,4413.905,4600.0,0.2,0.25,0.225,1268,3687,7,0.0191780821917808,0.9595445652173912,OTM,17.2,0.0556,4.891304347826087e-05,2.015036302627095,0.00043805137013632503,1.7900363026270951,1.7900363026270951,795.5716900564868,795.5716900564868
2023-08-25,2023-09-01,CALL,4413.905,4595.0,0.2,0.3,0.25,32,271,7,0.0191780821917808,0.960588683351469,OTM,17.2,0.0556,5.44069640914037e-05,2.2482007989639214,0.0004892711205579807,1.9982007989639214,1.9982007989639214,799.2803195855686,799.2803195855686
2023-08-25,2023-09-01,CALL,4413.905,4590.0,0.25,0.3,0.275,147,1285,7,0.0191780821917808,0.9616350762527232,OTM,17.2,0.0556,5.9912854030501095e-05,2.5045062573622374,0.0005456440647848012,2.2295062573622375,2.2295062573622375,810.7295481317226,810.7295481317226
2023-08-25,2023-09-01,CALL,4413.905,4585.0,0.25,0.35,0.3,512,466,7,0.0191780821917808,0.9626837513631408,OTM,17.2,0.0556,6.543075245365322e-05,2.785771824940923,0.000607583822233571,2.4857718249409233,2.4857718249409233,828.5906083136412,828.5906083136412
2023-08-25,2023-09-01,CALL,4413.905,4580.0,0.3,0.4,0.35,393,329,7,0.0191780821917808,0.9637347161572052,OTM,17.2,0.0556,7.641921397379912e-05,3.093905608310706,0.0006755252419892372,2.743905608310706,2.743905608310706,783.9730309459161,783.9730309459161
2023-08-25,2023-09-01,CALL,4413.905,4575.0,0.35,0.45,0.4,563,853,7,0.0191780821917808,0.9647879781420764,OTM,17.2,0.0556,8.743169398907104e-05,3.4309033279416212,0.0007499242246866932,3.0309033279416213,3.0309033279416213,757.7258319854053,757.7258319854053
2023-08-25,2023-09-01,CALL,4413.905,4570.0,0.4,0.5,0.45,199,378,7,0.0191780821917808,0.965843544857768,OTM,17.2,0.0556,9.846827133479212e-05,3.798846280935436,0.0008312573918895921,3.348846280935436,3.348846280935436,744.1880624300969,744.1880624300969
2023-08-25,2023-09-01,CALL,4413.905,4565.0,0.5,0.55,0.525,332,315,7,0.0191780821917808,0.9669014238773276,OTM,17.2,0.0556,0.0001150054764512,4.199898574098597,0.000920021593449857,3.6748985740985973,3.6748985740985973,699.9806807806851,699.9806807806851
2023-08-25,2023-09-01,CALL,4413.905,4560.0,0.55,0.65,0.6000000000000001,1412,1466,7,0.0191780821917808,0.9679616228070176,OTM,17.2,0.0556,0.0001315789473684,4.636303594174365,0.0010167332443364835,4.036303594174365,4.036303594174365,672.7172656957274,672.7172656957274
2023-08-25,2023-09-01,CALL,4413.905,4515.0,2.6,2.75,2.675,609,303,7,0.0191780821917808,0.9776090808416388,ATM,17.2,0.0556,0.0005924695459579,10.557261448385475,0.002338263886685598,7.882261448385475,7.882261448385475,294.6639793788963,294.6639793788963
2023-08-25,2023-09-01,CALL,4413.905,4555.0,0.65,0.75,0.7,236,1243,7,0.0191780821917808,0.9690241492864984,OTM,17.2,0.0556,0.0001536772777167,5.110379687956538,0.0011219274836348052,4.410379687956538,4.410379687956538,630.0542411366483,630.0542411366483
2023-08-25,2023-09-01,CALL,4413.905,4520.0,2.2,2.3,2.25,709,476,7,0.0191780821917808,0.9765276548672566,ATM,17.2,0.0556,0.0004977876106194,9.69143405263685,0.0021441225780170024,7.4414340526368505,7.4414340526368505,330.7304023394156,330.7304023394156
2023-08-25,2023-09-01,CALL,4413.905,4365.0,65.3,66.6,65.94999999999999,202,85,7,0.0191780821917808,1.0112038946162656,ATM,17.2,0.0556,0.0151088201603665,73.82455385482399,0.01691284166204444,7.874553854824001,7.874553854824001,11.940187801097805,11.940187801097805
2023-08-25,2023-09-01,CALL,4413.905,4330.0,94.0,95.4,94.7,55,79,7,0.0191780821917808,1.019377598152425,ATM,17.2,0.0556,0.0218706697459584,99.95426888447628,0.023084126763158495,5.254268884476275,5.254268884476275,5.548330395434293,5.548330395434293
2023-08-25,2023-09-01,CALL,4413.905,4325.0,98.2,99.8,99.0,12,535,7,0.0191780821917808,1.0205560693641618,ATM,17.2,0.0556,0.0228901734104046,103.97930118813792,0.024041456922112816,4.979301188137924,4.979301188137924,5.029597159735277,5.029597159735277
2023-08-25,2023-09-01,CALL,4413.905,4320.0,102.6,104.0,103.3,8,103,7,0.0191780821917808,1.0217372685185184,ATM,17.2,0.0556,0.023912037037037,108.06958072381167,0.02501610664903048,4.769580723811671,4.769580723811671,4.617212704561154,4.617212704561154
2023-08-25,2023-09-01,CALL,4413.905,4310.0,111.5,113.0,112.25,17,57,7,0.0191780821917808,1.0241078886310904,ATM,17.2,0.0556,0.0260440835266821,116.43484718396667,0.027015045750340295,4.184847183966667,4.184847183966667,3.728148938945806,3.728148938945806
2023-08-25,2023-09-01,CALL,4413.905,4240.0,177.9,179.7,178.8,4,10,7,0.0191780821917808,1.041015330188679,ITM,17.2,0.0556,0.0421698113207547,180.16369965996864,0.042491438599049206,1.3636996599686313,1.3636996599686313,0.7626955592665723,0.7626955592665723
2023-08-25,2023-08-31,CALL,4413.905,4600.0,0.1,0.15,0.125,185,7183,6,0.0164383561643835,0.9595445652173912,OTM,17.2,0.0556,2.7173913043478265e-05,1.3102303438013791,0.0002848326834350824,1.1852303438013791,1.1852303438013791,948.1842750411033,948.1842750411033
2023-08-25,2023-08-31,CALL,4413.905,4595.0,0.1,0.2,0.15,9,547,6,0.0164383561643835,0.960588683351469,OTM,17.2,0.0556,3.264417845484222e-05,1.4829661128557348,0.00032273473620364197,1.3329661128557349,1.3329661128557349,888.6440752371566,888.6440752371566
2023-08-25,2023-08-31,CALL,4413.905,4590.0,0.1,0.2,0.15,49,599,6,0.0164383561643835,0.9616350762527232,OTM,17.2,0.0556,3.26797385620915e-05,1.6754210786016017,0.000365015485534118,1.5254210786016018,1.5254210786016018,1016.9473857344012,1016.9473857344012
2023-08-25,2023-09-01,CALL,4413.905,4100.0,315.4,319.4,317.4,4,14,7,0.0191780821917808,1.076562195121951,ITM,17.2,0.0556,0.0774146341463414,318.29773887931697,0.07763359484861389,0.8977388793169894,0.8977388793169894,0.2828414868673565,0.2828414868673565
2023-08-25,2023-09-01,CALL,4413.905,4110.0,305.4,309.5,307.45,1,5,7,0.0191780821917808,1.073942822384428,ITM,17.2,0.0556,0.0748053527980535,308.31882123171727,0.07501674482523535,0.868821231717277,0.868821231717277,0.2825894394917148,0.2825894394917148
2023-08-25,2023-09-01,CALL,4413.905,4200.0,217.1,219.1,218.1,3,21,7,0.0191780821917808,1.050929761904762,ITM,17.2,0.0556,0.0519285714285714,218.9906731116971,0.05214063645516598,0.8906731116971116,0.8906731116971116,0.40837831806378344,0.40837831806378344
2023-08-25,2023-09-01,CALL,4413.905,4175.0,240.8,244.8,242.8,1,20,7,0.0191780821917808,1.057222754491018,ITM,17.2,0.0556,0.0581556886227544,243.64886219184154,0.05835900890822552,0.8488621918415333,0.8488621918415333,0.34961375281776497,0.34961375281776497
2023-08-25,2023-09-01,CALL,4413.905,4160.0,255.7,259.7,257.7,1,301,7,0.0191780821917808,1.0610348557692306,ITM,17.2,0.0556,0.0619471153846153,258.52350181176644,0.06214507255090539,0.8235018117664481,0.8235018117664481,0.31955832819807845,0.31955832819807845
2023-08-25,2023-09-01,CALL,4413.905,4140.0,275.6,279.6,277.6,1,1,7,0.0191780821917808,1.0661606280193237,ITM,17.2,0.0556,0.0670531400966183,278.41350515846443,0.06724963892716532,0.8135051584644089,0.8135051584644089,0.29304940866873513,0.29304940866873513
2023-08-25,2023-09-01,CALL,4413.905,4120.0,295.5,299.5,297.5,1,5,7,0.0191780821917808,1.0713361650485436,ITM,17.2,0.0556,0.0722087378640776,298.344091659832,0.07241361448054175,0.8440916598319745,0.8440916598319745,0.2837282890191511,0.2837282890191511
2023-08-25,2023-09-01,CALL,4413.905,4605.0,0.15,0.25,0.2,16,243,7,0.0191780821917808,0.9585027144408252,OTM,17.2,0.0556,4.343105320304018e-05,1.8032832770151117,0.0003915924597209797,1.6032832770151118,1.6032832770151118,801.6416385075559,801.6416385075559
2023-08-25,2023-09-01,CALL,4413.905,4360.0,69.3,70.5,69.9,199,289,7,0.0191780821917808,1.0123635321100917,ATM,17.2,0.0556,0.0160321100917431,77.3211922596729,0.017734218408181856,7.4211922596728925,7.4211922596728925,10.616870185512006,10.616870185512006
2023-08-25,2023-09-01,CALL,4413.905,4525.0,1.85,2.0,1.925,742,1941,7,0.0191780821917808,0.9754486187845304,ATM,17.2,0.0556,0.0004254143646408,8.883735073349158,0.0019632563698009186,6.958735073349158,6.958735073349158,361.4927310830731,361.4927310830731
2023-08-25,2023-09-01,CALL,4413.905,4335.0,88.8,90.9,89.85,14,44,7,0.0191780821917808,1.01820184544406,ATM,17.2,0.0556,0.0207266435986159,95.99719300165043,0.02214468119991936,6.147193001650436,6.147193001650436,6.84161714151412,6.84161714151412
2023-08-25,2023-09-01,CALL,4413.905,4550.0,0.8,0.9,0.8500000000000001,2350,2031,7,0.0191780821917808,0.9700890109890108,ATM,17.2,0.0556,0.0001868131868131,5.624515031674491,0.0012361571498185695,4.7745150316744915,4.7745150316744915,561.7076507852343,561.7076507852343
2023-08-25,2023-09-01,CALL,4413.905,4540.0,1.1,1.2,1.15,680,767,7,0.0191780821917808,0.97222577092511,ATM,17.2,0.0556,0.0002533039647577,6.782828765311024,0.0014940151465442785,5.632828765311023,5.632828765311023,489.8111969835673,489.8111969835673
2023-08-25,2023-09-01,CALL,4413.905,4425.0,27.2,27.5,27.35,1600,1521,7,0.0191780821917808,0.9974926553672316,ATM,17.2,0.0556,0.0061807909604519,38.86031552873874,0.008781992209884461,11.510315528738737,11.510315528738737,42.085248733962466,42.085248733962466
2023-08-25,2023-09-01,CALL,4413.905,4420.0,29.8,30.1,29.950000000000003,1356,948,7,0.0191780821917808,0.9986210407239818,ATM,17.2,0.0556,0.0067760180995475,41.26043547403469,0.009334940152496536,11.31043547403469,11.31043547403469,37.7643922338387,37.7643922338387
2023-08-25,2023-09-08,CALL,4413.905,4170.0,252.0,253.9,252.95,40,258,14,0.0383561643835616,1.0584904076738608,ITM,17.2,0.0556,0.0606594724220623,255.11864602606101,0.06117953142111775,2.168646026061026,2.168646026061026,0.8573417774504947,0.8573417774504947
2023-08-25,2023-09-08,CALL,4413.905,4200.0,223.1,224.9,224.0,5,27,14,0.0383561643835616,1.050929761904762,ITM,17.2,0.0556,0.0533333333333333,226.743751485109,0.05398660749645452,2.7437514851089873,2.7437514851089873,1.2248890558522265,1.2248890558522265
2023-08-25,2023-09-08,CALL,4413.905,4150.0,271.7,273.4,272.54999999999995,1,12,14,0.0383561643835616,1.06359156626506,ITM,17.2,0.0556,0.0656746987951807,274.36479336954653,0.06611199840230036,1.814793369546578,1.814793369546578,0.6658570425780879,0.6658570425780879
2023-08-25,2023-09-08,CALL,4413.905,4210.0,213.4,215.3,214.35,1,1,14,0.0383561643835616,1.0484334916864608,ITM,17.2,0.0556,0.0509144893111638,217.45063197921763,0.05165098146774766,3.1006319792176384,3.1006319792176384,1.446527632011961,1.446527632011961
2023-08-25,2023-09-08,CALL,4413.905,4260.0,166.1,168.2,167.14999999999998,2,16,14,0.0383561643835616,1.0361279342723004,ITM,17.2,0.0556,0.0392370892018779,172.6620789769645,0.0405310044546865,5.512078976964517,5.512078976964517,3.297684102282093,3.297684102282093
2023-08-25,2023-09-08,CALL,4413.905,4255.0,170.6,172.8,171.7,3,30,14,0.0383561643835616,1.0373454759106933,ITM,17.2,0.0556,0.0403525264394829,176.99329306946402,0.04159654361209495,5.293293069464028,5.293293069464028,3.0828730748188864,3.0828730748188864
2023-08-25,2023-09-08,CALL,4413.905,4250.0,176.0,177.5,176.75,17,310,14,0.0383561643835616,1.0385658823529411,ITM,17.2,0.0556,0.0415882352941176,181.3609738335781,0.04267317031378308,4.6109738335781,4.6109738335781,2.608754644174314,2.608754644174314
2023-08-25,2023-09-08,CALL,4413.905,4240.0,185.0,186.8,185.9,1,11,14,0.0383561643835616,1.041015330188679,ITM,17.2,0.0556,0.0438443396226415,190.2001614130195,0.044858528635146104,4.300161413019481,4.300161413019481,2.313158371715697,2.313158371715697
2023-08-25,2023-09-08,CALL,4413.905,4220.0,203.9,205.9,204.9,1,31,14,0.0383561643835616,1.0459490521327013,ITM,17.2,0.0556,0.0485545023696682,208.25558300791408,0.049349664219884855,3.3555830079140776,3.3555830079140776,1.6376686227008674,1.6376686227008674
2023-08-25,2023-09-08,CALL,4413.905,4100.0,320.5,322.6,321.55,1,10,14,0.0383561643835616,1.076562195121951,ITM,17.2,0.0556,0.0784268292682926,323.23964035713107,0.078838936672471,1.6896403571310543,1.6896403571310543,0.5254673789864887,0.5254673789864887
2023-08-25,2023-09-07,CALL,4413.905,4510.0,7.2,7.5,7.35,8,61,13,0.0356164383561643,0.9786929046563192,ATM,17.2,0.0556,0.0016297117516629,24.303986059472436,0.005388910434472824,16.953986059472435,16.953986059472435,230.66647699962496,230.66647699962496
2023-08-25,2023-09-07,CALL,4413.905,4505.0,8.2,8.4,8.3,11,234,13,0.0356164383561643,0.9797791342952274,ATM,17.2,0.0556,0.001842397336293,25.66986501675524,0.005698083244562761,17.369865016755238,17.369865016755238,209.27548212958118,209.27548212958118
2023-08-25,2023-09-07,CALL,4413.905,4500.0,9.1,9.4,9.25,96,368,13,0.0356164383561643,0.9808677777777776,ATM,17.2,0.0556,0.0020555555555555,27.093118308737075,0.006020692957497128,17.843118308737075,17.843118308737075,192.89857631067107,192.89857631067107
2023-08-25,2023-09-07,CALL,4413.905,4495.0,10.2,10.5,10.35,6,69,13,0.0356164383561643,0.9819588431590656,ATM,17.2,0.0556,0.0023025583982202,28.57493535503022,0.006357049022253664,18.22493535503022,18.22493535503022,176.0863319326591,176.0863319326591
2023-08-25,2023-09-07,CALL,4413.905,4490.0,11.4,11.7,11.55,31,54,13,0.0356164383561643,0.9830523385300668,ATM,17.2,0.0556,0.0025723830734966,30.116461569399235,0.006707452465345041,18.566461569399234,18.566461569399234,160.74858501644357,160.74858501644357
2023-08-25,2023-09-01,CALL,4413.905,4430.0,24.8,25.1,24.950000000000003,650,486,7,0.0191780821917808,0.996366817155756,ATM,17.2,0.0556,0.0056320541760722,36.554453867167695,0.008251569721708284,11.604453867167692,11.604453867167692,46.510837142956674,46.510837142956674
2023-08-25,2023-09-01,CALL,4413.905,4545.0,0.95,1.05,1.0,307,286,7,0.0191780821917808,0.971156215621562,ATM,17.2,0.0556,0.0002200220022002,6.181161676507145,0.0013599915679883708,5.181161676507145,5.181161676507145,518.1161676507145,518.1161676507145
2023-08-25,2023-09-01,CALL,4413.905,4435.0,22.5,22.8,22.65,570,311,7,0.0191780821917808,0.9952435174746336,ATM,17.2,0.0556,0.0051071025930101,34.342315711948004,0.007743475921521534,11.692315711948005,11.692315711948005,51.62170292250776,51.62170292250776
2023-08-25,2023-09-01,CALL,4413.905,4445.0,18.3,18.5,18.4,1418,378,7,0.0191780821917808,0.9930044994375704,ATM,17.2,0.0556,0.0041394825646794,30.19605051268786,0.006793262207578822,11.796050512687863,11.796050512687863,64.10897017765144,64.10897017765144
2023-08-25,2023-09-01,CALL,4413.905,4480.0,7.6,7.8,7.699999999999999,741,579,7,0.0191780821917808,0.9852466517857142,ATM,17.2,0.0556,0.0017187499999999,18.4663587029288,0.004121955067618036,10.766358702928802,10.766358702928802,139.82284029777665,139.82284029777665
2023-08-25,2023-09-01,CALL,4413.905,4475.0,8.8,9.0,8.9,1209,2352,7,0.0191780821917808,0.9863474860335196,ATM,17.2,0.0556,0.0019888268156424,19.890515857918217,0.004444808012942618,10.990515857918217,10.990515857918217,123.48894222380018,123.48894222380018
2023-08-25,2023-09-01,CALL,4413.905,4410.0,35.3,35.6,35.45,829,678,7,0.0191780821917808,1.0008854875283446,ATM,17.2,0.0556,0.0080385487528344,46.34453908474234,0.010508965778853137,10.894539084742334,10.894539084742334,30.732127178398684,30.732127178398684
2023-08-25,2023-09-01,CALL,4413.905,4405.0,38.3,38.6,38.45,654,196,7,0.0191780821917808,1.0020215664018162,ATM,17.2,0.0556,0.0087287173666288,49.02853476617929,0.011130200854978272,10.578534766179288,10.578534766179288,27.51244412530374,27.51244412530374
2023-08-25,2023-09-01,CALL,4413.905,4400.0,41.3,41.6,41.45,2680,1915,7,0.0191780821917808,1.0031602272727271,ATM,17.2,0.0556,0.0094204545454545,51.806811235700025,0.011774275280840915,10.356811235700022,10.356811235700022,24.986275598793778,24.986275598793778
2023-08-25,2023-09-01,CALL,4413.905,4395.0,44.5,44.8,44.65,359,113,7,0.0191780821917808,1.004301478953356,ATM,17.2,0.0556,0.0101592718998862,54.67884118234906,0.012441147026700582,10.028841182349062,10.028841182349062,22.461010486784012,22.461010486784012
2023-08-25,2023-09-01,CALL,4413.905,4390.0,47.7,48.1,47.900000000000006,543,526,7,0.0191780821917808,1.0054453302961277,ATM,17.2,0.0556,0.0109111617312072,57.643887663658006,0.013130726119284284,9.743887663658,9.743887663658,20.34214543561169,20.34214543561169
2023-08-25,2023-09-01,CALL,4413.905,4385.0,51.2,51.5,51.35,307,337,7,0.0191780821917808,1.0065917901938426,ATM,17.2,0.0556,0.0117103762827822,60.701008384285615,0.013842875344192842,9.351008384285613,9.351008384285613,18.21033765196809,18.21033765196809
2023-08-25,2023-09-01,CALL,4413.905,4380.0,54.7,55.0,54.85,184,326,7,0.0191780821917808,1.0077408675799089,ATM,17.2,0.0556,0.0125228310502283,63.84906135560277,0.014577411268402458,8.99906135560277,8.99906135560277,16.406675215319545,16.406675215319545
2023-08-25,2023-09-01,CALL,4413.905,4375.0,58.3,58.6,58.45,297,634,7,0.0191780821917808,1.0088925714285717,ATM,17.2,0.0556,0.01336,67.08671188016706,0.015334105572609613,8.636711880167056,8.636711880167056,14.776239315940215,14.776239315940215
2023-08-25,2023-09-01,CALL,4413.905,4370.0,61.6,62.7,62.150000000000006,174,181,7,0.0191780821917808,1.0100469107551486,ATM,17.2,0.0556,0.0142219679633867,70.41244079014541,0.016112686679667143,8.262440790145405,8.262440790145405,13.294353644642646,13.294353644642646
2023-08-25,2023-09-01,CALL,4413.905,4415.0,32.5,32.8,32.65,852,412,7,0.0191780821917808,0.9997519818799546,ATM,17.2,0.0556,0.0073952434881087,43.755139013518146,0.009910563762971267,11.105139013518148,11.105139013518148,34.01267691736034,34.01267691736034
2023-08-25,2023-09-01,CALL,4413.905,4470.0,10.0,10.2,10.1,814,919,7,0.0191780821917808,0.9874507829977628,ATM,17.2,0.0556,0.0022595078299776,21.395264094899858,0.004786412549194599,11.295264094899858,11.295264094899858,111.83429796930552,111.83429796930552
2023-08-25,2023-09-01,CALL,4413.905,4465.0,11.4,11.6,11.5,1118,1003,7,0.0191780821917808,0.9885565509518476,ATM,17.2,0.0556,0.002575587905935,22.98268913080119,0.005147298797491868,11.482689130801191,11.482689130801191,99.84947070261906,99.84947070261906
2023-08-25,2023-09-01,CALL,4413.905,4460.0,12.9,13.1,13.0,1240,676,7,0.0191780821917808,0.989664798206278,ATM,17.2,0.0556,0.002914798206278,24.654746204439107,0.005527970000995315,11.654746204439107,11.654746204439107,89.65189388030082,89.65189388030082
2023-08-25,2023-09-01,CALL,4413.905,4455.0,14.6,14.8,14.7,1032,256,7,0.0191780821917808,0.9907755331088663,ATM,17.2,0.0556,0.0032996632996632,26.413247750796927,0.0059288996073618245,11.713247750796928,11.713247750796928,79.68195748841447,79.68195748841447
2023-08-25,2023-09-01,CALL,4413.905,4450.0,16.4,16.6,16.5,4117,1699,7,0.0191780821917808,0.9918887640449436,ATM,17.2,0.0556,0.0037078651685393,28.25985169837304,0.006350528471544503,11.75985169837304,11.75985169837304,71.27182847498813,71.27182847498813
2023-08-25,2023-09-01,CALL,4413.905,4440.0,20.3,20.6,20.450000000000003,743,597,7,0.0191780821917808,0.9941227477477476,ATM,17.2,0.0556,0.0046058558558558,32.22316110415545,0.007257468717152129,11.773161104155449,11.773161104155449,57.570469946970405,57.570469946970405
2023-08-25,2023-09-01,CALL,4413.905,4340.0,85.5,86.6,86.05,102,108,7,0.0191780821917808,1.017028801843318,ATM,17.2,0.0556,0.0198271889400921,92.1107259231112,0.021223669567537143,6.060725923111207,6.060725923111207,7.043260805474964,7.043260805474964
2023-08-25,2023-09-01,CALL,4413.905,4345.0,81.0,82.6,81.8,24,91,7,0.0191780821917808,1.0158584579976984,ATM,17.2,0.0556,0.0188262370540851,88.29744867512227,0.02032162224974045,6.497448675122271,6.497448675122271,7.943091289880527,7.943091289880527
2023-08-25,2023-09-01,CALL,4413.905,4350.0,77.1,78.3,77.69999999999999,196,341,7,0.0191780821917808,1.014690804597701,ATM,17.2,0.0556,0.0178620689655172,84.55985640803192,0.01943904745012228,6.859856408031931,6.859856408031931,8.828644025781122,8.828644025781122
2023-08-25,2023-09-01,CALL,4413.905,4640.0,0.1,0.15,0.125,13,638,7,0.0191780821917808,0.9512726293103448,OTM,17.2,0.0556,2.6939655172413796e-05,0.7938861359545086,0.00017109614999019583,0.6688861359545086,0.6688861359545086,535.1089087636069,535.1089087636069
2023-08-25,2023-09-01,CALL,4413.905,4635.0,0.1,0.15,0.125,2,458,7,0.0191780821917808,0.9522988133764833,OTM,17.2,0.0556,2.696871628910464e-05,0.8967636882719461,0.0001934765238990175,0.7717636882719461,0.7717636882719461,617.4109506175569,617.4109506175569
2023-08-25,2023-09-01,CALL,4413.905,4630.0,0.1,0.15,0.125,505,527,7,0.0191780821917808,0.953327213822894,OTM,17.2,0.0556,2.6997840172786177e-05,1.0114006724249265,0.00021844506963821306,0.8864006724249265,0.8864006724249265,709.1205379399412,709.1205379399412
2023-08-25,2023-09-01,CALL,4413.905,4625.0,0.1,0.15,0.125,824,1048,7,0.0191780821917808,0.9543578378378378,OTM,17.2,0.0556,2.7027027027027027e-05,1.1389240200108475,0.00024625384216450755,1.0139240200108475,1.0139240200108475,811.139216008678,811.139216008678
2023-08-25,2023-09-01,CALL,4413.905,4620.0,0.1,0.2,0.15,7,419,7,0.0191780821917808,0.9553906926406924,OTM,17.2,0.0556,3.246753246753247e-05,1.2805410484173763,0.0002771733871033282,1.1305410484173763,1.1305410484173763,753.6940322782509,753.6940322782509
2023-08-25,2023-09-01,CALL,4413.905,4615.0,0.15,0.2,0.175,517,357,7,0.0191780821917808,0.9564257854821234,OTM,17.2,0.0556,3.791982665222101e-05,1.4375419504794706,0.0003114933803855841,1.2625419504794706,1.2625419504794706,721.4525431311262,721.4525431311262
2023-08-25,2023-09-05,CALL,4413.905,4400.0,45.1,45.5,45.3,539,1754,11,0.0301369863013698,1.0031602272727271,ATM,17.2,0.0556,0.0102954545454545,63.77092102465531,0.014493391141967115,18.47092102465531,18.47092102465531,40.774660098576845,40.774660098576845
2023-08-25,2023-09-05,CALL,4413.905,4405.0,41.9,42.5,42.2,45,53,11,0.0301369863013698,1.0020215664018162,ATM,17.2,0.0556,0.0095800227014755,61.02124276124323,0.013852722533766909,18.821242761243226,18.821242761243226,44.60010132996025,44.60010132996025
2023-08-25,2023-09-05,CALL,4413.905,4625.0,0.2,0.25,0.225,36,313,11,0.0301369863013698,0.9543578378378378,OTM,17.2,0.0556,4.864864864864865e-05,3.8747422242977336,0.0008377821025508613,3.6497422242977335,3.6497422242977335,1622.1076552434372,1622.1076552434372
2023-08-25,2023-09-05,CALL,4413.905,4610.0,0.25,0.35,0.3,1,86,11,0.0301369863013698,0.9574631236442516,OTM,17.2,0.0556,6.50759219088937e-05,4.938165125132457,0.0010711854935211403,4.638165125132457,4.638165125132457,1546.055041710819,1546.055041710819
2023-08-25,2023-09-05,CALL,4413.905,4600.0,0.35,0.4,0.375,175,345,11,0.0301369863013698,0.9595445652173912,OTM,17.2,0.0556,8.152173913043479e-05,5.777887308413028,0.0012560624583506583,5.402887308413028,5.402887308413028,1440.7699489101408,1440.7699489101408
2023-08-25,2023-09-05,CALL,4413.905,4590.0,0.45,0.5,0.475,5,273,11,0.0301369863013698,0.9616350762527232,OTM,17.2,0.0556,0.0001034858387799,6.735514968929124,0.0014674324551043844,6.260514968929124,6.260514968929124,1318.0031513534998,1318.0031513534998
2023-08-25,2023-09-05,CALL,4413.905,4580.0,0.55,0.65,0.6000000000000001,12,252,11,0.0301369863013698,0.9637347161572052,OTM,17.2,0.0556,0.0001310043668122,7.823088573174118,0.0017080979417410738,7.223088573174119,7.223088573174119,1203.8480955290195,1203.8480955290195
2023-08-25,2023-09-05,CALL,4413.905,4575.0,0.65,0.75,0.7,46,409,11,0.0301369863013698,0.9647879781420764,OTM,17.2,0.0556,0.0001530054644808,8.419506602839306,0.0018403293120960232,7.719506602839306,7.719506602839306,1102.7866575484722,1102.7866575484722
2023-08-25,2023-09-05,CALL,4413.905,4570.0,0.75,0.85,0.8,41,55,11,0.0301369863013698,0.965843544857768,OTM,17.2,0.0556,0.0001750547045951,9.053147689193224,0.001980995117985388,8.253147689193224,8.253147689193224,1031.643461149153,1031.643461149153
2023-08-25,2023-09-05,CALL,4413.905,4650.0,0.15,0.2,0.175,585,1090,11,0.0301369863013698,0.94922688172043,OTM,17.2,0.0556,3.763440860215053e-05,2.538703901761778,0.0005459578283358663,2.3637039017617782,2.3637039017617782,1350.6879438638734,1350.6879438638734
2023-08-25,2023-09-05,CALL,4413.905,4565.0,0.85,0.95,0.8999999999999999,29,62,11,0.0301369863013698,0.9669014238773276,OTM,17.2,0.0556,0.000197152245345,9.725642298942944,0.002130480240732299,8.825642298942943,8.825642298942943,980.6269221047717,980.6269221047717
2023-08-25,2023-09-05,CALL,4413.905,4270.0,151.1,152.9,152.0,3,3,11,0.0301369863013698,1.0337014051522249,ITM,17.2,0.0556,0.0355971896955503,158.83819437185412,0.03719864036811572,6.838194371854115,6.838194371854115,4.4988120867461285,4.4988120867461285
2023-08-25,2023-09-05,CALL,4413.905,4555.0,1.15,1.3,1.225,49,69,11,0.0301369863013698,0.9690241492864984,OTM,17.2,0.0556,0.0002689352360043,11.193804643990461,0.002457476321402955,9.968804643990461,9.968804643990461,813.7799709379967,813.7799709379967
2023-08-25,2023-09-05,CALL,4413.905,4350.0,80.4,82.1,81.25,24,44,11,0.0301369863013698,1.014690804597701,ATM,17.2,0.0556,0.0186781609195402,95.29286580921234,0.021906405933152264,14.042865809212344,14.042865809212344,17.28352714979981,17.28352714979981
2023-08-25,2023-09-05,CALL,4413.905,4360.0,73.1,74.2,73.65,10,63,11,0.0301369863013698,1.0123635321100917,ATM,17.2,0.0556,0.0168922018348623,88.42143414545808,0.02028014544620598,14.771434145458073,14.771434145458073,20.056258174416936,20.056258174416936
2023-08-25,2023-09-15,CALL,4413.905,4225.0,207.7,210.2,208.95,5,106,21,0.0575342465753424,1.0447112426035503,ITM,17.2,0.0556,0.0494556213017751,213.71936123629075,0.05058446419793864,4.769361236290763,4.769361236290763,2.2825370836519565,2.2825370836519565
2023-08-25,2023-09-15,CALL,4413.905,4200.0,231.6,233.3,232.45,16,729,21,0.0575342465753424,1.050929761904762,ITM,17.2,0.0556,0.055345238095238,235.71322688170085,0.05612219687659544,3.2632268817008594,3.2632268817008594,1.4038403448917443,1.4038403448917443
2023-08-25,2023-09-08,CALL,4413.905,4525.0,6.0,6.3,6.15,288,924,14,0.0383561643835616,0.9754486187845304,ATM,17.2,0.0556,0.0013591160220994,22.42369832176064,0.004955513441273069,16.27369832176064,16.27369832176064,264.61298084163644,264.61298084163644
2023-08-25,2023-09-05,CALL,4413.905,4335.0,92.6,94.4,93.5,1,16,11,0.0301369863013698,1.01820184544406,ATM,17.2,0.0556,0.0215686274509803,106.0961861785172,0.024474322071168904,12.5961861785172,12.5961861785172,13.471856875419466,13.471856875419466
2023-08-25,2023-09-05,CALL,4413.905,4320.0,105.4,107.3,106.35,7,15,11,0.0301369863013698,1.0217372685185184,ATM,17.2,0.0556,0.0246180555555555,117.46128530851502,0.02719011233993403,11.111285308515022,11.111285308515022,10.44784702258112,10.44784702258112
2023-08-25,2023-09-05,CALL,4413.905,4310.0,113.9,116.1,115.0,13,37,11,0.0301369863013698,1.0241078886310904,ATM,17.2,0.0556,0.0266821345707656,125.32945364397665,0.029078759546166275,10.329453643976649,10.329453643976649,8.982133603457955,8.982133603457955
2023-08-25,2023-09-05,CALL,4413.905,4300.0,123.1,125.1,124.1,33,35,11,0.0301369863013698,1.0264895348837209,ATM,17.2,0.0556,0.028860465116279,133.4152393366344,0.03102679984572893,9.315239336634392,9.315239336634392,7.50623637118001,7.50623637118001
2023-08-25,2023-09-05,CALL,4413.905,4290.0,131.9,134.2,133.05,6,18,11,0.0301369863013698,1.0288822843822842,ATM,17.2,0.0556,0.031013986013986,141.7047621755505,0.03303141309453392,8.654762175550502,8.654762175550502,6.504894532544533,6.504894532544533
2023-08-25,2023-09-05,CALL,4413.905,4280.0,141.6,143.8,142.7,1,17,11,0.0301369863013698,1.0312862149532709,ITM,17.2,0.0556,0.0333411214953271,150.18384456710965,0.035089683310072346,7.4838445671096565,7.4838445671096565,5.244460103090159,5.244460103090159
2023-08-25,2023-09-05,CALL,4413.905,4345.0,84.5,86.3,85.4,3,2,11,0.0301369863013698,1.0158584579976984,ATM,17.2,0.0556,0.0196547756041426,98.82913346234682,0.02274548526175991,13.429133462346812,13.429133462346812,15.724980635066524,15.724980635066524
2023-08-25,2023-09-05,CALL,4413.905,4395.0,48.3,48.7,48.5,47,36,11,0.0301369863013698,1.004301478953356,ATM,17.2,0.0556,0.0110352673492605,66.59556387552948,0.015152574260643795,18.09556387552948,18.09556387552948,37.31044098047315,37.31044098047315
2023-08-25,2023-09-05,CALL,4413.905,4390.0,51.6,52.0,51.8,67,80,11,0.0301369863013698,1.0054453302961277,ATM,17.2,0.0556,0.0117995444191343,69.49478404789807,0.015830246935739877,17.694784047898068,17.694784047898068,34.15981476428198,34.15981476428198
2023-08-25,2023-09-05,CALL,4413.905,4385.0,55.0,55.4,55.2,64,73,11,0.0301369863013698,1.0065917901938426,ATM,17.2,0.0556,0.012588369441277,72.46808818111913,0.016526359904474146,17.268088181119126,17.268088181119126,31.282768444056387,31.282768444056387
2023-08-25,2023-09-05,CALL,4413.905,4380.0,58.5,58.9,58.7,15,34,11,0.0301369863013698,1.0077408675799089,ATM,17.2,0.0556,0.0134018264840182,75.51487858889277,0.0172408398604778,16.814878588892768,16.814878588892768,28.645449044110336,28.645449044110336
2023-08-25,2023-09-05,CALL,4413.905,4375.0,62.1,62.5,62.3,12,686,11,0.0301369863013698,1.0088925714285717,ATM,17.2,0.0556,0.01424,78.6344554777047,0.017973589823475362,16.334455477704708,16.334455477704708,26.21902965923709,26.21902965923709
2023-08-25,2023-09-05,CALL,4413.905,4370.0,65.8,66.2,66.0,9,67,11,0.0301369863013698,1.0100469107551486,ATM,17.2,0.0556,0.0151029748283752,81.82601960122793,0.018724489611264973,15.826019601227927,15.826019601227927,23.97881757761807,23.97881757761807
2023-08-25,2023-09-05,CALL,4413.905,4365.0,68.9,70.4,69.65,4,86,11,0.0301369863013698,1.0112038946162656,ATM,17.2,0.0556,0.0159564719358533,85.08867533410603,0.019493396411020856,15.438675334106023,15.438675334106023,22.166080881702833,22.166080881702833
2023-08-25,2023-09-05,CALL,4413.905,4355.0,76.5,78.2,77.35,10,38,11,0.0301369863013698,1.0135258323765786,ATM,17.2,0.0556,0.0177611940298507,91.823218449651,0.021084550734707462,14.473218449651,14.473218449651,18.711336069361344,18.711336069361344
2023-08-25,2023-09-05,CALL,4413.905,4550.0,1.35,1.5,1.425,153,815,11,0.0301369863013698,0.9700890109890108,ATM,17.2,0.0556,0.0003131868131868,11.992812531084382,0.0026357829738646995,10.567812531084382,10.567812531084382,741.6008793743426,741.6008793743426
2023-08-25,2023-09-05,CALL,4413.905,4545.0,1.6,1.7,1.65,83,202,11,0.0301369863013698,0.971156215621562,ATM,17.2,0.0556,0.0003630363036303,12.837346051146028,0.002824498581110237,11.187346051146028,11.187346051146028,678.020972796729,678.020972796729
2023-08-25,2023-09-05,CALL,4413.905,4540.0,1.85,2.0,1.925,448,229,11,0.0301369863013698,0.97222577092511,ATM,17.2,0.0556,0.0004240088105726,13.729090331053612,0.0030240287072805312,11.804090331053612,11.804090331053612,613.1994977170707,613.1994977170707
2023-08-25,2023-09-05,CALL,4413.905,4480.0,9.9,10.2,10.05,595,119,11,0.0301369863013698,0.9852466517857142,ATM,17.2,0.0556,0.0022433035714285,28.707860393098372,0.006408004552030886,18.65786039309837,18.65786039309837,185.65035217013303,185.65035217013303
2023-08-25,2023-09-05,CALL,4413.905,4475.0,11.2,11.5,11.35,1709,411,11,0.0301369863013698,0.9863474860335196,ATM,17.2,0.0556,0.002536312849162,30.35879474287799,0.006784088210698992,19.00879474287799,19.00879474287799,167.4783677786607,167.4783677786607
2023-08-25,2023-09-05,CALL,4413.905,4470.0,12.6,12.9,12.75,101,918,11,0.0301369863013698,0.9874507829977628,ATM,17.2,0.0556,0.0028523489932885,32.07797139955778,0.00717627995515834,19.327971399557782,19.327971399557782,151.59193254555123,151.59193254555123
2023-08-25,2023-09-05,CALL,4413.905,4465.0,14.1,14.4,14.25,67,41,11,0.0301369863013698,0.9885565509518476,ATM,17.2,0.0556,0.0031914893617021,33.86649848935781,0.007584882080483272,19.61649848935781,19.61649848935781,137.6596385218092,137.6596385218092
2023-08-25,2023-09-05,CALL,4413.905,4460.0,15.8,16.1,15.95,93,521,11,0.0301369863013698,0.989664798206278,ATM,17.2,0.0556,0.0035762331838565,35.72540453329475,0.00801018038863111,19.77540453329475,19.77540453329475,123.98372748147179,123.98372748147179
2023-08-25,2023-09-01,CALL,4413.905,4610.0,0.15,0.2,0.175,33,269,7,0.0191780821917808,0.9574631236442516,OTM,17.2,0.0556,3.796095444685466e-05,1.6113019790381315,0.00034952320586510444,1.4363019790381315,1.4363019790381315,820.7439880217895,820.7439880217895
2023-08-25,2023-09-01,CALL,4413.905,4290.0,129.9,131.7,130.8,4,31,7,0.0191780821917808,1.0288822843822842,ATM,17.2,0.0556,0.0304895104895104,133.82615683179847,0.031194908352400574,3.0261568317984597,3.0261568317984597,2.3135755594789447,2.3135755594789447
2023-08-25,2023-09-01,CALL,4413.905,4285.0,134.6,136.4,135.5,6,29,7,0.0191780821917808,1.0300828471411902,ITM,17.2,0.0556,0.0316219369894982,138.2954902214342,0.03227432677279678,2.795490221434193,2.795490221434193,2.0630924143425777,2.0630924143425777
2023-08-25,2023-09-01,CALL,4413.905,4280.0,139.2,141.1,140.14999999999998,3,250,7,0.0191780821917808,1.0312862149532709,ITM,17.2,0.0556,0.0327453271028037,142.80800930068972,0.03336635731324526,2.6580093006897414,2.6580093006897414,1.8965460582873648,1.8965460582873648
2023-08-25,2023-09-01,CALL,4413.905,4275.0,144.0,145.9,144.95,8,81,7,0.0191780821917808,1.032492397660819,ITM,17.2,0.0556,0.033906432748538,147.36109304540287,0.03447043112173166,2.411093045402879,2.411093045402879,1.6633963748898786,1.6633963748898786
2023-08-25,2023-09-01,CALL,4413.905,4260.0,158.4,160.3,159.35000000000002,108,4,7,0.0191780821917808,1.0361279342723004,ITM,17.2,0.0556,0.0374061032863849,161.23853937783815,0.03784942238916388,1.8885393778381285,1.8885393778381285,1.1851517902969113,1.1851517902969113
2023-08-25,2023-09-01,CALL,4413.905,4255.0,163.2,165.1,164.14999999999998,106,10,7,0.0191780821917808,1.0373454759106933,ITM,17.2,0.0556,0.038578143360752,165.9290786014335,0.038996258190701176,1.7790786014335254,1.7790786014335254,1.0838127331303842,1.0838127331303842
2023-08-25,2023-09-01,CALL,4413.905,4250.0,168.2,170.0,169.1,20,83,7,0.0191780821917808,1.0385658823529411,ITM,17.2,0.0556,0.0397882352941176,170.64819138038547,0.040152515618914225,1.5481913803854752,1.5481913803854752,0.915547829914533,0.915547829914533
2023-08-25,2023-09-01,CALL,4413.905,4245.0,173.0,174.9,173.95,6,1,7,0.0191780821917808,1.0397891637220258,ITM,17.2,0.0556,0.0409776207302709,175.39374385126666,0.04131772528887318,1.4437438512666745,1.4437438512666745,0.8299763445051306,0.8299763445051306
2023-08-25,2023-09-01,CALL,4413.905,4300.0,120.9,122.3,121.6,105,685,7,0.0191780821917808,1.0264895348837209,ATM,17.2,0.0556,0.0282790697674418,125.0278010627153,0.029076232805282626,3.4278010627153037,3.4278010627153037,2.818915347627717,2.818915347627717
2023-08-25,2023-09-01,CALL,4413.905,4305.0,116.0,117.7,116.85,9,31,7,0.0191780821917808,1.0252973286875726,ATM,17.2,0.0556,0.0271428571428571,120.70426048977242,0.028038155746753175,3.854260489772429,3.854260489772429,3.2984685406696013,3.2984685406696013
2023-08-25,2023-09-01,CALL,4413.905,4355.0,73.3,74.3,73.8,77,449,7,0.0191780821917808,1.0135258323765786,ATM,17.2,0.0556,0.0169460390355912,80.90034404818653,0.018576428024841912,7.100344048186528,7.100344048186528,9.621062395916704,9.621062395916704
2023-08-25,2023-09-05,CALL,4413.905,4485.0,8.8,9.1,8.95,450,86,11,0.0301369863013698,0.9841482720178372,ATM,17.2,0.0556,0.0019955406911928,27.1239852477745,0.006047711314999888,18.1739852477745,18.1739852477745,203.06128768463128,203.06128768463128
2023-08-25,2023-09-05,CALL,4413.905,4490.0,7.7,8.0,7.85,155,270,11,0.0301369863013698,0.9830523385300668,ATM,17.2,0.0556,0.0017483296213808,25.605916070865078,0.0057028766304822,17.755916070865077,17.755916070865077,226.19001364159334,226.19001364159334
2023-08-25,2023-09-05,CALL,4413.905,4495.0,6.8,7.0,6.9,110,102,11,0.0301369863013698,0.9819588431590656,ATM,17.2,0.0556,0.0015350389321468,24.152334516935525,0.00537315562112025,17.252334516935527,17.252334516935527,250.03383357877576,250.03383357877576
2023-08-25,2023-09-05,CALL,4413.905,4500.0,5.9,6.2,6.050000000000001,1378,904,11,0.0301369863013698,0.9808677777777776,ATM,17.2,0.0556,0.0013444444444444,22.76186230447206,0.005058191623216014,16.71186230447206,16.71186230447206,276.22912899953815,276.22912899953815
2023-08-25,2023-09-05,CALL,4413.905,4535.0,2.15,2.3,2.225,32,140,11,0.0301369863013698,0.973297684674752,ATM,17.2,0.0556,0.0004906284454244,14.669728393207151,0.0032347802410600114,12.444728393207152,12.444728393207152,559.3136356497596,559.3136356497596
2023-08-25,2023-09-05,CALL,4413.905,4530.0,2.5,2.65,2.575,53,124,11,0.0301369863013698,0.9743719646799116,ATM,17.2,0.0556,0.0005684326710816,15.660936345823416,0.0034571603412413723,13.085936345823416,13.085936345823416,508.1917027504239,508.1917027504239
2023-08-25,2023-09-05,CALL,4413.905,4560.0,1.0,1.1,1.05,86,115,11,0.0301369863013698,0.9679616228070176,OTM,17.2,0.0556,0.0002302631578947,10.438639785233477,0.0022891753914985693,9.388639785233476,9.388639785233476,894.1561700222358,894.1561700222358
2023-08-25,2023-09-05,CALL,4413.905,4525.0,2.9,3.1,3.0,115,285,11,0.0301369863013698,0.9754486187845304,ATM,17.2,0.0556,0.0006629834254143,16.70437840956538,0.0036915753391304706,13.70437840956538,13.70437840956538,456.8126136521793,456.8126136521793
2023-08-25,2023-09-05,CALL,4413.905,4520.0,3.3,3.6,3.45,186,140,11,0.0301369863013698,0.9765276548672566,ATM,17.2,0.0556,0.0007632743362831,17.801701801771628,0.003938429602161865,14.351701801771629,14.351701801771629,415.9913565730906,415.9913565730906
2023-08-25,2023-09-05,CALL,4413.905,4450.0,19.4,19.7,19.55,1939,653,11,0.0301369863013698,0.9918887640449436,ATM,17.2,0.0556,0.0043932584269662,39.658043512925815,0.008911919890545126,20.108043512925814,20.108043512925814,102.85444252135966,102.85444252135966
2023-08-25,2023-09-05,CALL,4413.905,4445.0,21.4,21.8,21.6,147,66,11,0.0301369863013698,0.9930044994375704,ATM,17.2,0.0556,0.004859392575928,41.73339741433074,0.009388840813122776,20.133397414330737,20.133397414330737,93.21017321449415,93.21017321449415
2023-08-25,2023-09-05,CALL,4413.905,4440.0,23.6,23.9,23.75,136,45,11,0.0301369863013698,0.9941227477477476,ATM,17.2,0.0556,0.005349099099099,43.88236492466467,0.009883415523573124,20.13236492466467,20.13236492466467,84.76785231437756,84.76785231437756
2023-08-25,2023-09-07,CALL,4413.905,4485.0,12.7,13.0,12.85,422,37,13,0.0356164383561643,0.9841482720178372,ATM,17.2,0.0556,0.0028651059085841,31.71879460715695,0.007072195007169889,18.86879460715695,18.86879460715695,146.83886853818638,146.83886853818638
2023-08-25,2023-09-05,CALL,4413.905,4435.0,25.8,26.2,26.0,195,83,11,0.0301369863013698,0.9952435174746336,ATM,17.2,0.0556,0.0058624577226606,46.1055167119207,0.010395832404040744,20.1055167119207,20.1055167119207,77.32891043046423,77.32891043046423
2023-08-25,2023-09-05,CALL,4413.905,4425.0,30.8,31.2,31.0,295,742,11,0.0301369863013698,0.9974926553672316,ATM,17.2,0.0556,0.0070056497175141,50.776147343499815,0.011474835557853065,19.776147343499815,19.776147343499815,63.79402368870908,63.79402368870908
2023-08-25,2023-09-05,CALL,4413.905,4420.0,33.4,33.8,33.599999999999994,322,58,11,0.0301369863013698,0.9986210407239818,ATM,17.2,0.0556,0.0076018099547511,53.224252505638106,0.01204168608724844,19.62425250563811,19.62425250563811,58.405513409637244,58.405513409637244
2023-08-25,2023-09-05,CALL,4413.905,4415.0,36.2,36.5,36.35,515,98,11,0.0301369863013698,0.9997519818799546,ATM,17.2,0.0556,0.0082332955832389,55.74779119713958,0.012626906273417797,19.397791197139576,19.397791197139576,53.363937268609554,53.363937268609554
2023-08-25,2023-09-05,CALL,4413.905,4410.0,39.0,39.4,39.2,75,87,11,0.0301369863013698,1.0008854875283446,ATM,17.2,0.0556,0.0088888888888888,58.346808947157115,0.01323056892225785,19.146808947157112,19.146808947157112,48.84390037540079,48.84390037540079
2023-08-25,2023-09-05,CALL,4413.905,4455.0,17.5,17.8,17.65,318,73,11,0.0301369863013698,0.9907755331088663,ATM,17.2,0.0556,0.0039618406285072,37.655634063174375,0.008452443111823653,20.005634063174377,20.005634063174377,113.34636862988317,113.34636862988317
2023-08-25,2023-09-05,CALL,4413.905,4515.0,3.9,4.1,4.0,124,44,11,0.0301369863013698,0.9776090808416388,ATM,17.2,0.0556,0.0008859357696566,18.954531501498195,0.004198124363565492,14.954531501498195,14.954531501498195,373.8632875374549,373.8632875374549
2023-08-25,2023-09-05,CALL,4413.905,4510.0,4.5,4.7,4.6,166,152,11,0.0301369863013698,0.9786929046563192,ATM,17.2,0.0556,0.0010199556541019,20.16446492034288,0.004471056523357623,15.56446492034288,15.56446492034288,338.3579330509322,338.3579330509322
2023-08-25,2023-09-05,CALL,4413.905,4505.0,5.1,5.4,5.25,125,171,11,0.0301369863013698,0.9797791342952274,ATM,17.2,0.0556,0.0011653718091009,21.433066505687748,0.004757617426345782,16.183066505687748,16.183066505687748,308.2488858226238,308.2488858226238
2023-08-25,2023-09-05,CALL,4413.905,4430.0,28.2,28.6,28.4,216,201,11,0.0301369863013698,0.996366817155756,ATM,17.2,0.0556,0.0064108352144469,48.40332222119696,0.010926257837741976,20.00332222119696,20.00332222119696,70.43423317322873,70.43423317322873
2023-08-25,2023-09-07,CALL,4413.905,4480.0,14.0,14.4,14.2,235,56,13,0.0356164383561643,0.9852466517857142,ATM,17.2,0.0556,0.0031696428571428,33.3829806939857,0.007451558190621808,19.1829806939857,19.1829806939857,135.09141333792746,135.09141333792746
2023-08-25,2023-09-07,CALL,4413.905,4475.0,15.5,15.9,15.7,218,72,13,0.0356164383561643,0.9863474860335196,ATM,17.2,0.0556,0.0035083798882681,35.11001105587388,0.007845812526452264,19.410011055873884,19.410011055873884,123.63064366798652,123.63064366798652
2023-08-25,2023-09-07,CALL,4413.905,4470.0,17.1,17.5,17.3,60,66,13,0.0356164383561643,0.9874507829977628,ATM,17.2,0.0556,0.0038702460850111,36.90081846976841,0.008255216659903447,19.60081846976841,19.60081846976841,113.29952872698503,113.29952872698503
2023-08-25,2023-09-06,CALL,4413.905,4400.0,48.1,48.5,48.3,115,145,12,0.0328767123287671,1.0031602272727271,ATM,17.2,0.0556,0.0109772727272727,66.44618531636388,0.015101405753719065,18.146185316363884,18.146185316363884,37.569741855825846,37.569741855825846
2023-08-25,2023-09-06,CALL,4413.905,4395.0,51.3,51.6,51.45,37,40,12,0.0328767123287671,1.004301478953356,ATM,17.2,0.0556,0.0117064846416382,69.26356831693693,0.015759628741055045,17.813568316936923,17.813568316936923,34.623067671403156,34.623067671403156
2023-08-25,2023-09-06,CALL,4413.905,4390.0,54.5,54.9,54.7,26,90,12,0.0328767123287671,1.0054453302961277,ATM,17.2,0.0556,0.0124601366742596,72.15239946826068,0.016435626302565075,17.45239946826068,17.45239946826068,31.905666303950053,31.905666303950053
2023-08-25,2023-09-06,CALL,4413.905,4385.0,58.0,58.3,58.15,31,52,12,0.0328767123287671,1.0065917901938426,ATM,17.2,0.0556,0.013261117445838,75.11224281520572,0.01712935982102753,16.96224281520572,16.96224281520572,29.16980707688,29.16980707688
2023-08-25,2023-09-06,CALL,4413.905,4380.0,61.5,61.8,61.65,31,46,12,0.0328767123287671,1.0077408675799089,ATM,17.2,0.0556,0.0140753424657534,78.14257046881858,0.0178407695134289,16.492570468818577,16.492570468818577,26.751939122171255,26.751939122171255
2023-08-25,2023-09-06,CALL,4413.905,4375.0,64.9,65.5,65.2,19,10,12,0.0328767123287671,1.0088925714285717,ATM,17.2,0.0556,0.0149028571428571,81.24276437941717,0.01856977471529535,16.042764379417164,16.042764379417164,24.60546683959688,24.60546683959688
2023-08-25,2023-09-06,CALL,4413.905,4370.0,68.7,69.0,68.85,16,37,12,0.0328767123287671,1.0100469107551486,ATM,17.2,0.0556,0.0157551487414187,84.41211846407168,0.019316274248071322,15.562118464071688,15.562118464071688,22.602931683473766,22.602931683473766
2023-08-25,2023-09-06,CALL,4413.905,4365.0,71.7,73.2,72.45,1,23,12,0.0328767123287671,1.0112038946162656,ATM,17.2,0.0556,0.0165979381443299,87.64984107642567,0.020080146867451472,15.19984107642567,15.19984107642567,20.979766841167248,20.979766841167248
2023-08-25,2023-09-06,CALL,4413.905,4540.0,2.6,2.7,2.6500000000000004,7,46,12,0.0328767123287671,0.97222577092511,ATM,17.2,0.0556,0.0005837004405286,15.488351938420578,0.00341153126396929,12.838351938420578,12.838351938420578,484.46611088379535,484.46611088379535
2023-08-25,2023-09-06,CALL,4413.905,4545.0,2.25,2.4,2.325,31,10,12,0.0328767123287671,0.971156215621562,ATM,17.2,0.0556,0.0005115511551155,14.539901928238692,0.003199098334045917,12.214901928238692,12.214901928238692,525.3721259457501,525.3721259457501
2023-08-25,2023-09-07,CALL,4413.905,4355.0,83.1,84.2,83.65,13,28,13,0.0356164383561643,1.0135258323765786,ATM,17.2,0.0556,0.0192078071182548,96.75761721719982,0.022217592931618787,13.107617217199817,13.107617217199817,15.669596195098407,15.669596195098407
2023-08-25,2023-09-07,CALL,4413.905,4345.0,90.9,92.1,91.5,56,31,13,0.0356164383561643,1.0158584579976984,ATM,17.2,0.0556,0.0210586881472957,103.63732009643854,0.02385208747904224,12.137320096438543,12.137320096438543,13.264830706490212,13.264830706490212
2023-08-25,2023-09-07,CALL,4413.905,4340.0,94.9,96.1,95.5,52,66,13,0.0356164383561643,1.017028801843318,ATM,17.2,0.0556,0.0220046082949308,107.16970426357102,0.024693480245062446,11.66970426357102,11.66970426357102,12.219585616304734,12.219585616304734
2023-08-25,2023-09-07,CALL,4413.905,4320.0,111.0,112.8,111.9,4,20,13,0.0356164383561643,1.0217372685185184,ATM,17.2,0.0556,0.0259027777777777,121.88962021052839,0.028215189863548238,9.989620210528386,9.989620210528386,8.927274540239845,8.927274540239845
2023-08-25,2023-09-07,CALL,4413.905,4360.0,79.3,80.3,79.8,5,32,13,0.0356164383561643,1.0123635321100917,ATM,17.2,0.0556,0.0183027522935779,93.41233652509345,0.021424847826856296,13.612336525093454,13.612336525093454,17.058065820919115,17.058065820919115
2023-08-25,2023-09-07,CALL,4413.905,4415.0,42.3,42.7,42.5,23,60,13,0.0356164383561643,0.9997519818799546,ATM,17.2,0.0556,0.0096262740656851,61.008224206042996,0.01381839732866206,18.508224206042996,18.508224206042996,43.54876283774823,43.54876283774823
2023-08-25,2023-09-07,CALL,4413.905,4410.0,45.2,45.8,45.5,21,23,13,0.0356164383561643,1.0008854875283446,ATM,17.2,0.0556,0.0103174603174603,63.61188500422668,0.014424463719779292,18.11188500422668,18.11188500422668,39.806340668630064,39.806340668630064
2023-08-25,2023-09-06,CALL,4413.905,4405.0,45.0,45.3,45.15,82,49,12,0.0328767123287671,1.0020215664018162,ATM,17.2,0.0556,0.010249716231555,63.70059307880092,0.014460974592236305,18.550593078800922,18.550593078800922,41.08658489213936,41.08658489213936
2023-08-25,2023-09-07,CALL,4413.905,4405.0,48.3,48.7,48.5,11,28,13,0.0356164383561643,1.0020215664018162,ATM,17.2,0.0556,0.0110102156640181,66.28489263196525,0.015047648724623212,17.78489263196525,17.78489263196525,36.669881715392265,36.669881715392265
2023-08-25,2023-09-06,CALL,4413.905,4535.0,2.95,3.1,3.0250000000000004,14,112,12,0.0328767123287671,0.973297684674752,ATM,17.2,0.0556,0.0006670341786108,16.48537100927149,0.003635142449673978,13.460371009271489,13.460371009271489,444.9709424552558,444.9709424552558
2023-08-25,2023-09-06,CALL,4413.905,4295.0,129.9,131.9,130.9,2,6,12,0.0328767123287671,1.027684516880093,ATM,17.2,0.0556,0.0304772991850989,139.53878535237072,0.03248865782360203,8.638785352370718,8.638785352370718,6.599530444897416,6.599530444897416
2023-08-25,2023-09-06,CALL,4413.905,4515.0,5.1,5.3,5.199999999999999,466,90,12,0.0328767123287671,0.9776090808416388,ATM,17.2,0.0556,0.0011517165005537,20.98933252532038,0.004648800116350028,15.78933252532038,15.78933252532038,303.641010102315,303.641010102315
2023-08-25,2023-09-06,CALL,4413.905,4510.0,5.8,6.0,5.9,216,89,12,0.0328767123287671,0.9786929046563192,ATM,17.2,0.0556,0.0013082039911308,22.251664491827114,0.0049338502199173205,16.351664491827115,16.351664491827115,277.14685579367995,277.14685579367995
2023-08-25,2023-09-06,CALL,4413.905,4505.0,6.6,6.8,6.699999999999999,221,85,12,0.0328767123287671,0.9797791342952274,ATM,17.2,0.0556,0.0014872364039955,23.57138473410714,0.005232271861067068,16.871384734107142,16.871384734107142,251.81171244936036,251.81171244936036
2023-08-25,2023-09-06,CALL,4413.905,4500.0,7.4,7.7,7.550000000000001,104,2106,12,0.0328767123287671,0.9808677777777776,ATM,17.2,0.0556,0.0016777777777777,24.949858107498585,0.005544412912777463,17.399858107498584,17.399858107498584,230.46169678806072,230.46169678806072
2023-08-25,2023-09-06,CALL,4413.905,4495.0,8.4,8.7,8.55,14,72,12,0.0328767123287671,0.9819588431590656,ATM,17.2,0.0556,0.0019021134593993,26.38840733563984,0.0058706134228342245,17.83840733563984,17.83840733563984,208.6363431068987,208.6363431068987
2023-08-25,2023-09-06,CALL,4413.905,4490.0,9.5,9.7,9.6,50,182,12,0.0328767123287671,0.9830523385300668,ATM,17.2,0.0556,0.0021380846325167,27.888308488805478,0.006211204563208347,18.288308488805477,18.288308488805477,190.50321342505706,190.50321342505706
2023-08-25,2023-09-06,CALL,4413.905,4485.0,10.6,10.9,10.75,51,52,12,0.0328767123287671,0.9841482720178372,ATM,17.2,0.0556,0.002396878483835,29.450786521924783,0.006566507585713441,18.700786521924783,18.700786521924783,173.96080485511428,173.96080485511428
2023-08-25,2023-09-06,CALL,4413.905,4480.0,11.9,12.2,12.05,34,100,12,0.0328767123287671,0.9852466517857142,ATM,17.2,0.0556,0.0026897321428571,31.077010897155333,0.006936832789543601,19.027010897155332,19.027010897155332,157.90050537058366,157.90050537058366
2023-08-25,2023-09-06,CALL,4413.905,4475.0,13.3,13.6,13.45,39,52,12,0.0328767123287671,0.9863474860335196,ATM,17.2,0.0556,0.0030055865921787,32.768091316091386,0.007322478506389137,19.318091316091387,19.318091316091387,143.62893171815156,143.62893171815156
2023-08-25,2023-09-06,CALL,4413.905,4415.0,39.0,39.4,39.2,77,47,12,0.0328767123287671,0.9997519818799546,ATM,17.2,0.0556,0.0088788221970554,58.42567877682859,0.013233449326574992,19.225678776828588,19.225678776828588,49.04509892048109,49.04509892048109
2023-08-25,2023-09-06,CALL,4413.905,4410.0,41.9,42.3,42.1,79,65,12,0.0328767123287671,1.0008854875283446,ATM,17.2,0.0556,0.0095464852607709,61.02703983587162,0.013838331028542317,18.927039835871618,18.927039835871618,44.95733927760479,44.95733927760479
2023-08-25,2023-09-06,CALL,4413.905,4335.0,95.2,97.1,96.15,1,2,12,0.0328767123287671,1.01820184544406,ATM,17.2,0.0556,0.0221799307958477,108.45757084016168,0.025019047483312958,12.307570840161674,12.307570840161674,12.800385689195709,12.800385689195709
2023-08-25,2023-09-06,CALL,4413.905,4330.0,99.2,101.2,100.2,1,5,12,0.0328767123287671,1.019377598152425,ATM,17.2,0.0556,0.0231408775981524,112.14518169406301,0.025899580067912938,11.94518169406301,11.94518169406301,11.921339016030949,11.921339016030949
2023-08-25,2023-09-06,CALL,4413.905,4325.0,103.8,105.7,104.75,1,18,12,0.0328767123287671,1.0205560693641618,ATM,17.2,0.0556,0.0242196531791907,115.89214376855216,0.026795871391572752,11.14214376855216,11.14214376855216,10.63689142582545,10.63689142582545
2023-08-25,2023-09-06,CALL,4413.905,4320.0,108.1,109.9,109.0,5,16,12,0.0328767123287671,1.0217372685185184,ATM,17.2,0.0556,0.0252314814814814,119.69705432507726,0.027707651464138255,10.69705432507726,10.69705432507726,9.813811307410331,9.813811307410331
2023-08-25,2023-09-06,CALL,4413.905,4310.0,116.7,118.6,117.65,3,25,12,0.0328767123287671,1.0241078886310904,ATM,17.2,0.0556,0.0272969837587006,127.47488418544663,0.02957653925416395,9.82488418544662,9.82488418544662,8.350942784060026,8.350942784060026
2023-08-25,2023-09-06,CALL,4413.905,4300.0,125.6,127.3,126.45,1,4,12,0.0328767123287671,1.0264895348837209,ATM,17.2,0.0556,0.029406976744186,135.46661537740647,0.031503864041257316,9.016615377406467,9.016615377406467,7.130577601744933,7.130577601744933
2023-08-25,2023-09-06,CALL,4413.905,4340.0,90.8,92.9,91.85,2,13,12,0.0328767123287671,1.017028801843318,ATM,17.2,0.0556,0.021163594470046,104.83066301419285,0.02415453064843153,12.980663014192857,12.980663014192857,14.132458371467454,14.132458371467454
2023-08-25,2023-09-07,CALL,4413.905,4400.0,51.4,52.0,51.7,31,79,13,0.0356164383561643,1.0031602272727271,ATM,17.2,0.0556,0.01175,69.02710895280325,0.015687979307455285,17.327108952803243,17.327108952803243,33.514717510257725,33.514717510257725
2023-08-25,2023-09-07,CALL,4413.905,4390.0,58.0,58.4,58.2,31,53,13,0.0356164383561643,1.0054453302961277,ATM,17.2,0.0556,0.013257403189066,74.71819407078738,0.01702008976555521,16.518194070787374,16.518194070787374,28.381776753930193,28.381776753930193
2023-08-25,2023-09-07,CALL,4413.905,4385.0,61.4,61.8,61.6,63,41,13,0.0356164383561643,1.0065917901938426,ATM,17.2,0.0556,0.0140478905359179,77.66636743074378,0.0177118283764524,16.066367430743774,16.066367430743774,26.081765309648983,26.081765309648983
2023-08-25,2023-09-07,CALL,4413.905,4100.0,319.8,321.9,320.85,1,2,13,0.0356164383561643,1.076562195121951,ITM,17.2,0.0556,0.0782560975609756,322.4734569007319,0.07865206265871509,1.6234569007318669,1.6234569007318669,0.5059862554875695,0.5059862554875695
2023-08-25,2023-09-18,CALL,4413.905,4475.0,30.4,30.8,30.6,499,116,24,0.0657534246575342,0.9863474860335196,ATM,17.2,0.0556,0.0068379888268156,57.702830795740056,0.012894487328656995,27.102830795740054,27.102830795740054,88.57134246973874,88.57134246973874
2023-08-25,2023-09-18,CALL,4413.905,4480.0,28.4,28.8,28.6,1,44,24,0.0657534246575342,0.9852466517857142,ATM,17.2,0.0556,0.0063839285714285,55.72963508397493,0.01243965068838726,27.129635083974925,27.129635083974925,94.85886392998226,94.85886392998226
2023-08-25,2023-10-20,CALL,4413.905,4630.0,18.8,19.2,19.0,2,547,56,0.1534246575342465,0.953327213822894,OTM,17.2,0.05534,0.0041036717062634,52.530113547257315,0.011345596878457303,33.530113547257315,33.530113547257315,176.47428182767007,176.47428182767007
2023-08-25,2023-10-20,CALL,4413.905,4625.0,19.8,20.2,20.0,13,327,56,0.1534246575342465,0.9543578378378378,OTM,17.2,0.05534,0.0043243243243243,53.87480632640791,0.011648606773277385,33.87480632640791,33.87480632640791,169.37403163203953,169.37403163203953
2023-08-25,2023-10-20,CALL,4413.905,4620.0,20.9,21.3,21.1,6,546,56,0.1534246575342465,0.9553906926406924,OTM,17.2,0.05534,0.0045670995670995,55.24599118038486,0.011958006749001052,34.14599118038486,34.14599118038486,161.82934208713203,161.82934208713203
2023-08-25,2023-10-20,CALL,4413.905,4615.0,22.1,22.4,22.25,30,396,56,0.1534246575342465,0.9564257854821234,OTM,17.2,0.05534,0.0048212351029252,56.64395049211157,0.012273878763187774,34.39395049211157,34.39395049211157,154.57955277353514,154.57955277353514
2023-08-25,2023-10-20,CALL,4413.905,4610.0,23.2,23.6,23.4,19,398,56,0.1534246575342465,0.9574631236442516,OTM,17.2,0.05534,0.0050759219088937,58.068962979634534,0.012596304333977123,34.668962979634536,34.668962979634536,148.15796145142966,148.15796145142966
2023-08-25,2023-10-20,CALL,4413.905,4605.0,24.5,24.8,24.65,5,262,56,0.1534246575342465,0.9585027144408252,OTM,17.2,0.05534,0.0053528773072747,59.52130349748472,0.012925364494567802,34.871303497484725,34.871303497484725,141.46573426971491,141.46573426971491
2023-08-25,2023-10-20,CALL,4413.905,4600.0,25.7,26.1,25.9,158,749,56,0.1534246575342465,0.9595445652173912,OTM,17.2,0.05534,0.0056304347826086,61.00124283811465,0.013261139747416228,35.10124283811465,35.10124283811465,135.5260341239948,135.5260341239948
2023-08-25,2023-10-20,CALL,4413.905,4635.0,17.8,18.2,18.0,4,252,56,0.1534246575342465,0.9522988133764833,OTM,17.2,0.05534,0.003883495145631,51.21162699363026,0.011048894712757338,33.21162699363026,33.21162699363026,184.50903885350147,184.50903885350147
2023-08-25,2023-10-20,CALL,4413.905,4595.0,27.1,27.4,27.25,21,212,56,0.1534246575342465,0.960588683351469,OTM,17.2,0.05534,0.005930359085963,62.50904753361897,0.013603710018197816,35.25904753361897,35.25904753361897,129.39100012337235,129.39100012337235
2023-08-25,2023-10-20,CALL,4413.905,4585.0,29.9,30.2,30.05,4,215,56,0.1534246575342465,0.9626837513631408,OTM,17.2,0.05534,0.0065539803707742,65.60929662986905,0.01430955215482422,35.55929662986905,35.55929662986905,118.33376582319153,118.33376582319153
2023-08-25,2023-10-20,CALL,4413.905,4580.0,31.3,31.8,31.55,25,513,56,0.1534246575342465,0.9637347161572052,OTM,17.2,0.05534,0.0068886462882096,67.20225101683263,0.014672980571360838,35.652251016832636,35.652251016832636,113.00238040200519,113.00238040200519
2023-08-25,2023-10-20,CALL,4413.905,4575.0,32.9,33.3,33.099999999999994,34,315,56,0.1534246575342465,0.9647879781420764,OTM,17.2,0.05534,0.0072349726775956,68.82409034006128,0.015043517014221044,35.72409034006128,35.72409034006128,107.92776537782866,107.92776537782866
2023-08-25,2023-10-20,CALL,4413.905,4570.0,34.5,34.9,34.7,57,393,56,0.1534246575342465,0.965843544857768,OTM,17.2,0.05534,0.0075929978118161,70.47505688100455,0.015421237829541476,35.775056881004545,35.775056881004545,103.098146631137,103.098146631137
2023-08-25,2023-10-20,CALL,4413.905,4565.0,36.1,36.5,36.3,6,213,56,0.1534246575342465,0.9669014238773276,OTM,17.2,0.05534,0.0079518072289156,72.15538748944095,0.015806218508092214,35.85538748944096,35.85538748944096,98.77517214722027,98.77517214722027
2023-08-25,2023-09-07,CALL,4413.905,4150.0,270.7,272.6,271.65,2,1,13,0.0356164383561643,1.06359156626506,ITM,17.2,0.0556,0.0654578313253012,273.42475395335396,0.06588548288032625,1.7747539533539793,1.7747539533539793,0.6533237450226319,0.6533237450226319
2023-08-25,2023-09-06,CALL,4413.905,4700.0,0.1,0.15,0.125,1,389,12,0.0328767123287671,0.9391287234042552,OTM,17.2,0.0556,2.6595744680851064e-05,1.3576363732597372,0.00028885880282122065,1.2326363732597372,1.2326363732597372,986.1090986077897,986.1090986077897
2023-08-25,2023-09-06,CALL,4413.905,4550.0,1.95,2.1,2.025,15,1192,12,0.0328767123287671,0.9700890109890108,ATM,17.2,0.0556,0.0004450549450549,13.638487837283037,0.00299746985434792,11.613487837283037,11.613487837283037,573.505572211508,573.505572211508
2023-08-25,2023-09-06,CALL,4413.905,4555.0,1.7,1.8,1.75,3,37,12,0.0328767123287671,0.9690241492864984,OTM,17.2,0.0556,0.0003841931942919,12.782569921185882,0.002806272211017757,11.032569921185882,11.032569921185882,630.4325669249075,630.4325669249075
2023-08-25,2023-09-07,CALL,4413.905,4380.0,64.8,65.4,65.1,15,105,13,0.0356164383561643,1.0077408675799089,ATM,17.2,0.0556,0.0148630136986301,80.68236058751108,0.01842063027112125,15.58236058751109,15.58236058751109,23.93603776883424,23.93603776883424
2023-08-25,2023-09-07,CALL,4413.905,4375.0,68.4,69.0,68.7,14,74,13,0.0356164383561643,1.0088925714285717,ATM,17.2,0.0556,0.0157028571428571,83.76562216598404,0.019146427923653495,15.065622165984038,15.065622165984038,21.929581027633244,21.929581027633244
2023-08-25,2023-09-07,CALL,4413.905,4370.0,72.0,72.6,72.3,6,11,13,0.0356164383561643,1.0100469107551486,ATM,17.2,0.0556,0.0165446224256292,86.91552215544198,0.0198891355046778,14.61552215544198,14.61552215544198,20.215106715687387,20.215106715687387
2023-08-25,2023-09-07,CALL,4413.905,4365.0,75.8,76.2,76.0,2,14,13,0.0356164383561643,1.0112038946162656,ATM,17.2,0.0556,0.0174112256586483,90.13135392716458,0.02064864923875477,14.131353927164582,14.131353927164582,18.593886746269188,18.593886746269188
2023-08-25,2023-09-18,CALL,4413.905,4470.0,32.5,32.9,32.7,14,44,24,0.0657534246575342,0.9874507829977628,ATM,17.2,0.0556,0.0073154362416107,59.72481278560667,0.013361255656735273,27.02481278560667,27.02481278560667,82.64468741775738,82.64468741775738
2023-08-25,2023-09-06,CALL,4413.905,4675.0,0.1,0.2,0.15,10,42,12,0.0328767123287671,0.9441508021390372,OTM,17.2,0.0556,3.20855614973262e-05,2.1025125000479647,0.0004497352941279069,1.9525125000479648,1.9525125000479648,1301.6750000319767,1301.6750000319767
2023-08-25,2023-09-06,CALL,4413.905,4650.0,0.15,0.25,0.2,20,154,12,0.0328767123287671,0.94922688172043,OTM,17.2,0.0556,4.301075268817205e-05,3.1873690947205375,0.0006854557192947393,2.9873690947205374,2.9873690947205374,1493.6845473602687,1493.6845473602687
2023-08-25,2023-09-06,CALL,4413.905,4630.0,0.25,0.35,0.3,1,339,12,0.0328767123287671,0.953327213822894,OTM,17.2,0.0556,6.479481641468682e-05,4.378716733237695,0.0009457271562068457,4.0787167332376955,4.0787167332376955,1359.5722444125652,1359.5722444125652
2023-08-25,2023-09-06,CALL,4413.905,4520.0,4.4,4.7,4.550000000000001,93,137,12,0.0328767123287671,0.9765276548672566,ATM,17.2,0.0556,0.0010066371681415,19.78298640436583,0.004376766903620759,15.232986404365828,15.232986404365828,334.7909099860621,334.7909099860621
2023-08-25,2023-09-06,CALL,4413.905,4625.0,0.3,0.35,0.3249999999999999,15,967,12,0.0328767123287671,0.9543578378378378,OTM,17.2,0.0556,7.027027027027025e-05,4.730498894183086,0.0010228105717152618,4.4054988941830855,4.4054988941830855,1355.5381212871036,1355.5381212871036
2023-08-25,2023-09-06,CALL,4413.905,4610.0,0.4,0.5,0.45,14,50,12,0.0328767123287671,0.9574631236442516,OTM,17.2,0.0556,9.761388286334056e-05,5.9346051329504235,0.001287333000640005,5.484605132950423,5.484605132950423,1218.8011406556495,1218.8011406556495
2023-08-25,2023-09-06,CALL,4413.905,4600.0,0.5,0.6,0.55,34,283,12,0.0328767123287671,0.9595445652173912,OTM,17.2,0.0556,0.0001195652173913,6.874253175326885,0.0014944028642014967,6.324253175326885,6.324253175326885,1149.8642136957972,1149.8642136957972
2023-08-25,2023-09-06,CALL,4413.905,4590.0,0.65,0.75,0.7,4,286,12,0.0328767123287671,0.9616350762527232,OTM,17.2,0.0556,0.000152505446623,7.936112315133187,0.0017290005043863151,7.2361123151331865,7.2361123151331865,1033.7303307333125,1033.7303307333125
2023-08-25,2023-09-06,CALL,4413.905,4585.0,0.75,0.85,0.8,3,406,12,0.0328767123287671,0.9626837513631408,OTM,17.2,0.0556,0.000174482006543,8.516413106788718,0.0018574510592778012,7.7164131067887185,7.7164131067887185,964.5516383485898,964.5516383485898
2023-08-25,2023-09-06,CALL,4413.905,4580.0,0.85,0.95,0.8999999999999999,5,244,12,0.0328767123287671,0.9637347161572052,OTM,17.2,0.0556,0.0001965065502183,9.131567379342187,0.001993792004223185,8.231567379342186,8.231567379342186,914.6185977046874,914.6185977046874
2023-08-25,2023-09-06,CALL,4413.905,4570.0,1.1,1.2,1.15,2,154,12,0.0328767123287671,0.965843544857768,OTM,17.2,0.0556,0.0002516411378555,10.47238075827056,0.0022915494000592036,9.32238075827056,9.32238075827056,810.6418050670053,810.6418050670053
2023-08-25,2023-09-06,CALL,4413.905,4565.0,1.25,1.4,1.325,1,71,12,0.0328767123287671,0.9669014238773276,OTM,17.2,0.0556,0.0002902519167579,11.201054776861156,0.0024536812216563323,9.876054776861157,9.876054776861157,745.3626246687666,745.3626246687666
2023-08-25,2023-09-06,CALL,4413.905,4560.0,1.45,1.6,1.525,2,245,12,0.0328767123287671,0.9679616228070176,OTM,17.2,0.0556,0.0003344298245614,11.970605882677887,0.0026251328690083085,10.445605882677887,10.445605882677887,684.95776279855,684.95776279855
2023-08-25,2023-09-06,CALL,4413.905,4620.0,0.3,0.4,0.35,9,114,12,0.0328767123287671,0.9553906926406924,OTM,17.2,0.0556,7.575757575757576e-05,5.10623413800306,0.0011052454844162468,4.756234138003061,4.756234138003061,1358.924039429446,1358.924039429446
2023-08-25,2023-09-15,CALL,4413.905,4240.0,195.0,196.4,195.7,40,352,21,0.0575342465753424,1.041015330188679,ITM,17.2,0.0556,0.0461556603773584,200.8822888689433,0.047377898318147,5.182288868943317,5.182288868943317,2.6480781139209593,2.6480781139209593
2023-08-25,2023-09-06,CALL,4413.905,4525.0,3.9,4.1,4.0,7,141,12,0.0328767123287671,0.9754486187845304,ATM,17.2,0.0556,0.0008839779005524,18.631190691827328,0.004117390208138636,14.631190691827328,14.631190691827328,365.7797672956832,365.7797672956832
2023-08-25,2023-09-06,CALL,4413.905,4470.0,14.8,15.1,14.95,14,86,12,0.0328767123287671,0.9874507829977628,ATM,17.2,0.0556,0.0033445190156599,34.52507358662774,0.0077237301088652665,19.57507358662774,19.57507358662774,130.9369470677441,130.9369470677441
2023-08-25,2023-09-07,CALL,4413.905,4545.0,3.0,3.2,3.1,7,45,13,0.0356164383561643,0.971156215621562,ATM,17.2,0.0556,0.0006820682068206,16.24193783363785,0.0035735836817685036,13.141937833637849,13.141937833637849,423.9334785044467,423.9334785044467
2023-08-25,2023-09-07,CALL,4413.905,4540.0,3.4,3.6,3.5,33,150,13,0.0356164383561643,0.97222577092511,ATM,17.2,0.0556,0.0007709251101321,17.242388954513558,0.003797883029628537,13.742388954513558,13.742388954513558,392.63968441467307,392.63968441467307
2023-08-25,2023-09-07,CALL,4413.905,4535.0,3.9,4.1,4.0,7,62,13,0.0356164383561643,0.973297684674752,ATM,17.2,0.0556,0.0008820286659316,18.290979683959335,0.004033292102306359,14.290979683959335,14.290979683959335,357.2744920989834,357.2744920989834
2023-08-25,2023-09-07,CALL,4413.905,4525.0,5.0,5.3,5.15,8,83,13,0.0356164383561643,0.9754486187845304,ATM,17.2,0.0556,0.0011381215469613,20.538121291607695,0.004538811335161922,15.388121291607694,15.388121291607694,298.7984716817028,298.7984716817028
2023-08-25,2023-09-08,CALL,4413.905,4460.0,22.7,23.0,22.85,216,358,14,0.0383561643835616,0.989664798206278,ATM,17.2,0.0556,0.0051233183856502,43.04311673456482,0.00965092303465579,20.193116734564818,20.193116734564818,88.37250212063377,88.37250212063377
2023-08-25,2023-09-08,CALL,4413.905,4455.0,24.7,25.1,24.9,330,401,14,0.0383561643835616,0.9907755331088663,ATM,17.2,0.0556,0.0055892255892255,45.05441184901588,0.010113223759599523,20.15441184901588,20.15441184901588,80.94141304825655,80.94141304825655
2023-08-25,2023-09-08,CALL,4413.905,4450.0,26.9,27.2,27.05,617,2821,14,0.0383561643835616,0.9918887640449436,ATM,17.2,0.0556,0.0060786516853932,47.130308236111205,0.0105910805024969,20.080308236111204,20.080308236111204,74.2340415383039,74.2340415383039
2023-08-25,2023-09-08,CALL,4413.905,4445.0,29.1,29.4,29.25,69,325,14,0.0383561643835616,0.9930044994375704,ATM,17.2,0.0556,0.0065804274465691,49.271337001534675,0.011084665242190029,20.021337001534675,20.021337001534675,68.44901538986214,68.44901538986214
2023-08-25,2023-09-08,CALL,4413.905,4440.0,31.4,31.8,31.6,343,758,14,0.0383561643835616,0.9941227477477476,ATM,17.2,0.0556,0.0071171171171171,51.477961173584845,0.011594135399456047,19.877961173584843,19.877961173584843,62.90494042273684,62.90494042273684
2023-08-25,2023-09-08,CALL,4413.905,4435.0,33.9,34.2,34.05,60,267,14,0.0383561643835616,0.9952435174746336,ATM,17.2,0.0556,0.0076775648252536,53.75057394739133,0.012119633359051033,19.700573947391334,19.700573947391334,57.85777958117866,57.85777958117866
2023-08-25,2023-09-08,CALL,4413.905,4430.0,36.4,36.8,36.6,280,207,14,0.0383561643835616,0.996366817155756,ATM,17.2,0.0556,0.0082618510158013,56.08949714443679,0.012661286037118915,19.48949714443679,19.48949714443679,53.24999219791472,53.24999219791472
2023-08-25,2023-09-08,CALL,4413.905,4425.0,39.1,39.4,39.25,696,589,14,0.0383561643835616,0.9974926553672316,ATM,17.2,0.0556,0.0088700564971751,58.494979897092435,0.013219204496518065,19.244979897092435,19.244979897092435,49.03179591615907,49.03179591615907
2023-08-25,2023-09-08,CALL,4413.905,4420.0,41.9,42.2,42.05,103,134,14,0.0383561643835616,0.9986210407239818,ATM,17.2,0.0556,0.0095135746606334,60.96719756671928,0.013793483612379927,18.91719756671928,18.91719756671928,44.98739017055715,44.98739017055715
2023-08-25,2023-09-08,CALL,4413.905,4465.0,20.8,21.1,20.950000000000003,204,254,14,0.0383561643835616,0.9885565509518476,ATM,17.2,0.0556,0.0046920492721164,41.09582567001917,0.009203992311314482,20.145825670019164,20.145825670019164,96.16145904543752,96.16145904543752
2023-08-25,2023-09-08,CALL,4413.905,4470.0,19.0,19.4,19.2,492,574,14,0.0383561643835616,0.9874507829977628,ATM,17.2,0.0556,0.0042953020134228,39.21187746875353,0.008772232095918014,20.01187746875353,20.01187746875353,104.2285284830913,104.2285284830913
2023-08-25,2023-09-08,CALL,4413.905,4520.0,6.8,7.1,6.949999999999999,136,369,14,0.0383561643835616,0.9765276548672566,ATM,17.2,0.0556,0.001537610619469,23.670180820671703,0.0052367656682902,16.720180820671704,16.720180820671704,240.57814130462884,240.57814130462884
2023-08-25,2023-09-08,CALL,4413.905,4515.0,7.6,7.9,7.75,74,870,14,0.0383561643835616,0.9776090808416388,ATM,17.2,0.0556,0.0017165005537098,24.969279391645614,0.005530294438902683,17.219279391645614,17.219279391645614,222.1842502147821,222.1842502147821
2023-08-25,2023-09-07,CALL,4413.905,4550.0,2.6,2.8,2.7,24,169,13,0.0356164383561643,0.9700890109890108,ATM,17.2,0.0556,0.0005934065934065,15.288223384211165,0.003360049095431025,12.588223384211165,12.588223384211165,466.23049571152455,466.23049571152455
2023-08-25,2023-09-08,CALL,4413.905,4510.0,8.5,8.8,8.65,258,1641,14,0.0383561643835616,0.9786929046563192,ATM,17.2,0.0556,0.0019179600886917,26.32217538059149,0.005836402523412747,17.67217538059149,17.67217538059149,204.30260555597098,204.30260555597098
2023-08-25,2023-09-07,CALL,4413.905,4555.0,2.3,2.45,2.375,15,30,13,0.0356164383561643,0.9690241492864984,OTM,17.2,0.0556,0.0005214050493962,14.379832979399566,0.003156933694709016,12.004832979399566,12.004832979399566,505.46665176419225,505.46665176419225
2023-08-25,2023-09-07,CALL,4413.905,4570.0,1.5,1.65,1.575,1,103,13,0.0356164383561643,0.965843544857768,OTM,17.2,0.0556,0.0003446389496717,11.9124083700151,0.0026066539102877683,10.337408370015101,10.337408370015101,656.3433885723873,656.3433885723873
2023-08-25,2023-09-07,CALL,4413.905,4465.0,18.8,19.2,19.0,31,208,13,0.0356164383561643,0.9885565509518476,ATM,17.2,0.0556,0.0042553191489361,38.75627395429683,0.008680016563112392,19.75627395429683,19.75627395429683,103.98038923314121,103.98038923314121
2023-08-25,2023-09-07,CALL,4413.905,4460.0,20.6,21.0,20.8,20,61,13,0.0356164383561643,0.989664798206278,ATM,17.2,0.0556,0.0046636771300448,40.67718361954644,0.009120444757745838,19.87718361954644,19.87718361954644,95.56338278628095,95.56338278628095
2023-08-25,2023-09-07,CALL,4413.905,4455.0,22.6,23.0,22.8,113,61,13,0.0356164383561643,0.9907755331088663,ATM,17.2,0.0556,0.0051178451178451,42.66428569436425,0.009576719572247868,19.864285694364252,19.864285694364252,87.12406006300111,87.12406006300111
2023-08-25,2023-09-07,CALL,4413.905,4450.0,24.7,25.0,24.85,923,117,13,0.0356164383561643,0.9918887640449436,ATM,17.2,0.0556,0.0055842696629213,44.718247748937074,0.010049044437963388,19.868247748937073,19.868247748937073,79.95270723918338,79.95270723918338
2023-08-25,2023-09-07,CALL,4413.905,4445.0,26.8,27.2,27.0,31,41,13,0.0356164383561643,0.9930044994375704,ATM,17.2,0.0556,0.00607424071991,46.83966412964128,0.010537607228265754,19.839664129641278,19.839664129641278,73.48023751718992,73.48023751718992
2023-08-25,2023-09-07,CALL,4413.905,4440.0,29.2,29.5,29.35,41,183,13,0.0356164383561643,0.9941227477477476,ATM,17.2,0.0556,0.0066103603603603,49.02905362213778,0.011042579644625626,19.67905362213778,19.67905362213778,67.04958644680674,67.04958644680674
2023-08-25,2023-09-07,CALL,4413.905,4435.0,31.6,32.0,31.8,49,26,13,0.0356164383561643,0.9952435174746336,ATM,17.2,0.0556,0.0071702367531003,51.286857357645204,0.011564116653358558,19.486857357645203,19.486857357645203,61.279425652972336,61.279425652972336
2023-08-25,2023-09-07,CALL,4413.905,4430.0,34.1,34.5,34.3,37,42,13,0.0356164383561643,0.996366817155756,ATM,17.2,0.0556,0.0077426636568848,53.61343697605889,0.012102355976536996,19.313436976058895,19.313436976058895,56.30739643165859,56.30739643165859
2023-08-25,2023-09-07,CALL,4413.905,4515.0,6.4,6.7,6.550000000000001,39,54,13,0.0356164383561643,0.9776090808416388,ATM,17.2,0.0556,0.0014507198228128,22.994251825828314,0.005092857547248796,16.444251825828314,16.444251825828314,251.05727978363836,251.05727978363836
2023-08-25,2023-09-07,CALL,4413.905,4520.0,5.7,5.9,5.800000000000001,91,35,13,0.0356164383561643,0.9765276548672566,ATM,17.2,0.0556,0.0012831858407079,21.73939637005151,0.004809600966825555,15.939396370051508,15.939396370051508,274.8171787939915,274.8171787939915
2023-08-25,2023-09-07,CALL,4413.905,4530.0,4.4,4.7,4.550000000000001,11,214,13,0.0356164383561643,0.9743719646799116,ATM,17.2,0.0556,0.0010044150110375,19.38909961966931,0.004280154441428104,14.839099619669309,14.839099619669309,326.1340575751496,326.1340575751496
2023-08-25,2023-09-07,CALL,4413.905,4650.0,0.25,0.3,0.275,52,87,13,0.0356164383561643,0.94922688172043,OTM,17.2,0.0556,5.913978494623657e-05,3.889043814519539,0.0008363535084988256,3.614043814519539,3.614043814519539,1314.1977507343777,1314.1977507343777
2023-08-25,2023-09-07,CALL,4413.905,4625.0,0.4,0.5,0.45,12,270,13,0.0356164383561643,0.9543578378378378,OTM,17.2,0.0556,9.72972972972973e-05,5.635456363859248,0.001218477051645243,5.185456363859248,5.185456363859248,1152.3236364131662,1152.3236364131662
2023-08-25,2023-09-07,CALL,4413.905,4600.0,0.7,0.8,0.75,2,345,13,0.0356164383561643,0.9595445652173912,OTM,17.2,0.0556,0.0001630434782608,8.010400004690212,0.0017413913053674372,7.2604000046902115,7.2604000046902115,968.0533339586949,968.0533339586949
2023-08-25,2023-09-07,CALL,4413.905,4590.0,0.9,1.0,0.95,3,86,13,0.0356164383561643,0.9616350762527232,OTM,17.2,0.0556,0.0002069716775599,9.171068928673776,0.0019980542328265306,8.221068928673777,8.221068928673777,865.3756767025029,865.3756767025029
2023-08-25,2023-09-07,CALL,4413.905,4580.0,1.15,1.3,1.225,6,240,13,0.0356164383561643,0.9637347161572052,OTM,17.2,0.0556,0.0002674672489082,10.468060343845877,0.0022856026951628555,9.243060343845878,9.243060343845878,754.5355382731328,754.5355382731328
2023-08-25,2023-09-07,CALL,4413.905,4575.0,1.3,1.45,1.375,7,573,13,0.0356164383561643,0.9647879781420764,OTM,17.2,0.0556,0.0003005464480874,11.17111628795874,0.002441774052012839,9.79611628795874,9.79611628795874,712.4448209424537,712.4448209424537
2023-08-25,2023-09-07,CALL,4413.905,4560.0,2.0,2.15,2.075,2,15,13,0.0356164383561643,0.9679616228070176,OTM,17.2,0.0556,0.0004550438596491,13.515347859844724,0.002963892074527352,11.440347859844724,11.440347859844724,551.3420655346854,551.3420655346854
2023-08-25,2023-09-08,CALL,4413.905,4505.0,9.5,9.8,9.65,29,587,14,0.0383561643835616,0.9797791342952274,ATM,17.2,0.0556,0.0021420643729189,27.730018569989625,0.006155387029964401,18.080018569989626,18.080018569989626,187.35770538849354,187.35770538849354
2023-08-25,2023-09-08,CALL,4413.905,4500.0,10.5,10.8,10.65,630,2718,14,0.0383561643835616,0.9808677777777776,ATM,17.2,0.0556,0.0023666666666666,29.193923851332784,0.0064875386336295075,18.543923851332785,18.543923851332785,174.12135071673976,174.12135071673976
2023-08-25,2023-09-08,CALL,4413.905,4495.0,11.7,12.0,11.85,53,287,14,0.0383561643835616,0.9819588431590656,ATM,17.2,0.0556,0.0026362625139043,30.71496792733774,0.006833140806971688,18.864967927337737,18.864967927337737,159.19804158090918,159.19804158090918
2023-08-25,2023-09-08,CALL,4413.905,4375.0,70.9,71.2,71.05000000000001,117,238,14,0.0383561643835616,1.0088925714285717,ATM,17.2,0.0556,0.01624,86.21199373097397,0.019705598567079766,15.161993730973961,15.161993730973961,21.33989265443203,21.33989265443203
2023-08-25,2023-09-08,CALL,4413.905,4370.0,74.5,74.9,74.7,52,117,14,0.0383561643835616,1.0100469107551486,ATM,17.2,0.0556,0.0170938215102974,89.34469817189256,0.020445011023316376,14.644698171892557,14.644698171892557,19.604682961034214,19.604682961034214
2023-08-25,2023-09-08,CALL,4413.905,4365.0,77.7,79.0,78.35,23,113,14,0.0383561643835616,1.0112038946162656,ATM,17.2,0.0556,0.0179495990836197,92.54113740150751,0.02120071876323196,14.191137401507518,14.191137401507518,18.1124918972655,18.1124918972655
2023-08-25,2023-09-08,CALL,4413.905,4360.0,81.6,82.7,82.15,48,300,14,0.0383561643835616,1.0123635321100917,ATM,17.2,0.0556,0.018841743119266,95.80060814733179,0.021972616547553163,13.65060814733178,13.65060814733178,16.61668672834057,16.61668672834057
2023-08-25,2023-09-08,CALL,4413.905,4355.0,85.4,86.5,85.95,12,72,14,0.0383561643835616,1.0135258323765786,ATM,17.2,0.0556,0.0197359357060849,99.12234203944536,0.022760583705957602,13.172342039445354,13.172342039445354,15.325587015061494,15.325587015061494
2023-08-25,2023-09-07,CALL,4413.905,4425.0,36.7,37.1,36.900000000000006,16,68,13,0.0356164383561643,0.9974926553672316,ATM,17.2,0.0556,0.0083389830508474,56.009073058256035,0.01265741764028385,19.10907305825603,19.10907305825603,51.78610584893232,51.78610584893232
2023-08-25,2023-09-07,CALL,4413.905,4420.0,39.3,39.9,39.6,38,163,13,0.0356164383561643,0.9986210407239818,ATM,17.2,0.0556,0.0089592760180995,58.473963838470354,0.013229403583364333,18.873963838470353,18.873963838470353,47.6615248446221,47.6615248446221
2023-08-25,2023-09-06,CALL,4413.905,4460.0,18.1,18.4,18.25,9,1242,12,0.0328767123287671,0.989664798206278,ATM,17.2,0.0556,0.004091928251121,38.24058378769155,0.008574121925491378,19.99058378769155,19.99058378769155,109.53744541200848,109.53744541200848
2023-08-25,2023-09-06,CALL,4413.905,4455.0,19.9,20.2,20.05,15,19,12,0.0328767123287671,0.9907755331088663,ATM,17.2,0.0556,0.0045005611672278,40.20084904615396,0.009023759606319633,20.15084904615396,20.15084904615396,100.5029877613664,100.5029877613664
2023-08-25,2023-09-06,CALL,4413.905,4450.0,21.9,22.2,22.05,23,238,12,0.0328767123287671,0.9918887640449436,ATM,17.2,0.0556,0.0049550561797752,42.230483878753375,0.009489996377247949,20.180483878753375,20.180483878753375,91.52146883788379,91.52146883788379
2023-08-25,2023-09-06,CALL,4413.905,4445.0,24.0,24.3,24.15,5,142,12,0.0328767123287671,0.9930044994375704,ATM,17.2,0.0556,0.0054330708661417,44.33015905046682,0.009973039156460476,20.18015905046682,20.18015905046682,83.56173519862038,83.56173519862038
2023-08-25,2023-09-06,CALL,4413.905,4440.0,26.2,26.5,26.35,16,264,12,0.0328767123287671,0.9941227477477476,ATM,17.2,0.0556,0.0059346846846846,46.500460811938865,0.01047307675944569,20.150460811938864,20.150460811938864,76.47233704720631,76.47233704720631
2023-08-25,2023-09-06,CALL,4413.905,4435.0,28.5,28.9,28.7,49,46,12,0.0328767123287671,0.9952435174746336,ATM,17.2,0.0556,0.0064712514092446,48.74188836695248,0.010990279225919386,20.04188836695248,20.04188836695248,69.83236364791806,69.83236364791806
2023-08-25,2023-09-06,CALL,4413.905,4430.0,31.0,31.3,31.15,94,76,12,0.0328767123287671,0.996366817155756,ATM,17.2,0.0556,0.0070316027088036,51.05485165039863,0.011524797212279602,19.904851650398633,19.904851650398633,63.90000529822997,63.90000529822997
2023-08-25,2023-09-06,CALL,4413.905,4425.0,33.5,33.9,33.7,133,130,12,0.0328767123287671,0.9974926553672316,ATM,17.2,0.0556,0.0076158192090395,53.43966943274336,0.012076761453727313,19.739669432743355,19.739669432743355,58.57468674404556,58.57468674404556
2023-08-25,2023-09-06,CALL,4413.905,4420.0,36.2,36.6,36.400000000000006,96,52,12,0.0328767123287671,0.9986210407239818,ATM,17.2,0.0556,0.008235294117647,55.89656776508218,0.012646282299792349,19.496567765082176,19.496567765082176,53.561999354621356,53.561999354621356
2023-08-25,2023-09-06,CALL,4413.905,4465.0,16.4,16.7,16.549999999999997,534,15,12,0.0328767123287671,0.9885565509518476,ATM,17.2,0.0556,0.0037066069428891,36.34893564932668,0.008140859048001495,19.79893564932668,19.79893564932668,119.63103111375639,119.63103111375639
2023-08-25,2023-09-08,CALL,4413.905,4380.0,67.3,67.7,67.5,229,243,14,0.0383561643835616,1.0077408675799089,ATM,17.2,0.0556,0.0154109589041095,83.14366013142944,0.01898257080626243,15.643660131429442,15.643660131429442,23.17579278730288,23.17579278730288
2023-08-25,2023-09-08,CALL,4413.905,4385.0,63.8,64.2,64.0,55,134,14,0.0383561643835616,1.0065917901938426,ATM,17.2,0.0556,0.0145952109464082,80.14026430440072,0.01827600098161932,16.140264304400716,16.140264304400716,25.21916297562612,25.21916297562612
2023-08-25,2023-09-08,CALL,4413.905,4390.0,60.4,60.8,60.6,168,166,14,0.0383561643835616,1.0054453302961277,ATM,17.2,0.0556,0.0138041002277904,77.20230238783824,0.017585945874222835,16.602302387838243,16.602302387838243,27.396538593792478,27.396538593792478
2023-08-25,2023-09-08,CALL,4413.905,4395.0,57.1,57.5,57.3,59,68,14,0.0383561643835616,1.004301478953356,ATM,17.2,0.0556,0.013037542662116,74.33019829303976,0.016912445572932824,17.03019829303976,17.03019829303976,29.72111394945857,29.72111394945857
2023-08-25,2023-09-08,CALL,4413.905,4490.0,13.0,13.3,13.15,207,1015,14,0.0383561643835616,0.9830523385300668,ATM,17.2,0.0556,0.0029287305122494,32.29418605940782,0.007192469055547399,19.144186059407822,19.144186059407822,145.58316394986937,145.58316394986937
2023-08-25,2023-09-08,CALL,4413.905,4485.0,14.4,14.6,14.5,2736,266,14,0.0383561643835616,0.9841482720178372,ATM,17.2,0.0556,0.0032329988851727,33.93256887598159,0.007565790161868804,19.432568875981588,19.432568875981588,134.0177163860799,134.0177163860799
2023-08-25,2023-09-08,CALL,4413.905,4480.0,15.7,16.1,15.9,212,382,14,0.0383561643835616,0.9852466517857142,ATM,17.2,0.0556,0.0035491071428571,35.63105925749096,0.007953361441404232,19.731059257490962,19.731059257490962,124.09471231126392,124.09471231126392
2023-08-25,2023-09-08,CALL,4413.905,4475.0,17.4,17.7,17.549999999999997,3020,432,14,0.0383561643835616,0.9863474860335196,ATM,17.2,0.0556,0.0039217877094972,37.3905493136665,0.00835543001422715,19.8405493136665,19.8405493136665,113.05156304083478,113.05156304083478
2023-08-25,2023-09-08,CALL,4413.905,4415.0,44.7,45.1,44.900000000000006,29,128,14,0.0383561643835616,0.9997519818799546,ATM,17.2,0.0556,0.0101698754246885,63.506250902711145,0.01438420178996855,18.60625090271114,18.60625090271114,41.439311587329925,41.439311587329925
2023-08-25,2023-09-08,CALL,4413.905,4410.0,47.7,48.0,47.85,193,484,14,0.0383561643835616,1.0008854875283446,ATM,17.2,0.0556,0.0108503401360544,66.11216544855006,0.014991420736632666,18.262165448550057,18.262165448550057,38.16544503354243,38.16544503354243
2023-08-25,2023-09-08,CALL,4413.905,4345.0,92.6,94.4,93.5,14,52,14,0.0383561643835616,1.0158584579976984,ATM,17.2,0.0556,0.0215189873417721,105.94921448806372,0.02438416904213204,12.449214488063717,12.449214488063717,13.314667901672424,13.314667901672424
2023-08-25,2023-09-08,CALL,4413.905,4340.0,97.2,98.4,97.8,149,72,14,0.0383561643835616,1.017028801843318,ATM,17.2,0.0556,0.0225345622119815,109.45251278669139,0.025219472992325204,11.65251278669139,11.65251278669139,11.91463475121819,11.91463475121819
2023-08-25,2023-09-06,CALL,4413.905,4530.0,3.4,3.6,3.5,74,83,12,0.0328767123287671,0.9743719646799116,ATM,17.2,0.0556,0.0007726269315673,17.532481499487062,0.003870304966774186,14.032481499487062,14.032481499487062,400.9280428424875,400.9280428424875
2023-08-25,2023-09-08,CALL,4413.905,4335.0,101.0,102.4,101.7,15,14,14,0.0383561643835616,1.01820184544406,ATM,17.2,0.0556,0.0234602076124567,113.0143993186125,0.02607021898929931,11.314399318612502,11.314399318612502,11.125269733148968,11.125269733148968
2023-08-25,2023-09-08,CALL,4413.905,4325.0,108.9,110.9,109.9,31,91,14,0.0383561643835616,1.0205560693641618,ATM,17.2,0.0556,0.0254104046242774,120.30966824471534,0.02781726433403823,10.409668244715334,10.409668244715334,9.471945627584471,9.471945627584471
2023-08-25,2023-09-08,CALL,4413.905,4320.0,113.7,114.9,114.3,145,380,14,0.0383561643835616,1.0217372685185184,ATM,17.2,0.0556,0.0264583333333333,124.04079851921642,0.02871314780537417,9.740798519216426,9.740798519216426,8.522133437634668,8.522133437634668
2023-08-25,2023-09-08,CALL,4413.905,4310.0,122.1,123.4,122.75,95,49,14,0.0383561643835616,1.0241078886310904,ATM,17.2,0.0556,0.0284802784222737,131.66410277014938,0.030548515723932572,8.914102770149384,8.914102770149384,7.2619981834210865,7.2619981834210865
2023-08-25,2023-09-08,CALL,4413.905,4305.0,126.5,127.8,127.15,76,52,14,0.0383561643835616,1.0252973286875726,ATM,17.2,0.0556,0.0295354239256678,135.5537852419584,0.03148752270428767,8.403785241958388,8.403785241958388,6.609347417977498,6.609347417977498
2023-08-25,2023-09-08,CALL,4413.905,4300.0,130.7,132.1,131.39999999999998,70,695,14,0.0383561643835616,1.0264895348837209,ATM,17.2,0.0556,0.0305581395348837,139.49377292490726,0.03244041230811797,8.093772924907285,8.093772924907285,6.159644539503262,6.159644539503262
2023-08-25,2023-09-08,CALL,4413.905,4350.0,89.3,90.4,89.85,77,223,14,0.0383561643835616,1.014690804597701,ATM,17.2,0.0556,0.0206551724137931,102.50550794286619,0.02356448458456694,12.655507942866194,12.655507942866194,14.085150743312402,14.085150743312402
2023-08-25,2023-09-08,CALL,4413.905,4405.0,50.7,51.1,50.900000000000006,56,294,14,0.0383561643835616,1.0020215664018162,ATM,17.2,0.0556,0.01155505107832,68.78489119960932,0.015615185289355123,17.884891199609314,17.884891199609314,35.137310804733424,35.137310804733424
2023-08-25,2023-09-08,CALL,4413.905,4400.0,53.9,54.2,54.05,766,2616,14,0.0383561643835616,1.0031602272727271,ATM,17.2,0.0556,0.0122840909090909,71.52430251609667,0.016255523299112878,17.47430251609667,17.47430251609667,32.32988439610855,32.32988439610855
2023-08-25,2023-09-08,CALL,4413.905,4330.0,105.0,106.8,105.9,4,115,14,0.0383561643835616,1.019377598152425,ATM,17.2,0.0556,0.0244572748267898,116.63381897540421,0.02693621685344208,10.733818975404205,10.733818975404205,10.13580639792654,10.13580639792654
2023-08-25,2023-10-20,CALL,4413.905,4560.0,37.8,38.2,38.0,21,330,56,0.1534246575342465,0.9679616228070176,OTM,17.2,0.05534,0.0083333333333333,73.86531339344515,0.01619853363891341,35.86531339344515,35.86531339344515,94.38240366696091,94.38240366696091
2023-08-25,2023-09-15,CALL,4413.905,4250.0,185.4,187.4,186.4,2,584,21,0.0575342465753424,1.0385658823529411,ITM,17.2,0.0556,0.0438588235294117,192.4896394898915,0.04529167987997447,6.089639489891482,6.089639489891482,3.2669739752636704,3.2669739752636704
2023-08-25,2023-09-15,CALL,4413.905,4195.0,235.5,237.8,236.65,4,37,21,0.0575342465753424,1.052182359952324,ITM,17.2,0.0556,0.0564123957091775,240.19341678891715,0.05725707194014711,3.543416788917142,3.543416788917142,1.497323806852796,1.497323806852796
2023-08-25,2023-09-08,CALL,4413.905,4725.0,0.1,0.15,0.125,10,840,14,0.0383561643835616,0.9341597883597884,OTM,17.2,0.0556,2.6455026455026456e-05,1.456865549931976,0.0003083313333189367,1.331865549931976,1.331865549931976,1065.4924399455808,1065.4924399455808
2023-08-25,2023-09-08,CALL,4413.905,4720.0,0.1,0.15,0.125,26,326,14,0.0383561643835616,0.9351493644067796,OTM,17.2,0.0556,2.6483050847457623e-05,1.5817057290791467,0.0003351071459913446,1.4567057290791467,1.4567057290791467,1165.3645832633174,1165.3645832633174
2023-08-25,2023-09-08,CALL,4413.905,4710.0,0.1,0.2,0.15,2,161,14,0.0383561643835616,0.9371348195329088,OTM,17.2,0.0556,3.184713375796178e-05,1.860378678894591,0.0003949848575147752,1.7103786788945912,1.7103786788945912,1140.252452596394,1140.252452596394
2023-08-25,2023-09-08,CALL,4413.905,4700.0,0.15,0.2,0.175,5,938,14,0.0383561643835616,0.9391287234042552,OTM,17.2,0.0556,3.723404255319149e-05,2.18186771283348,0.0004642271729432936,2.00686771283348,2.00686771283348,1146.7815501905602,1146.7815501905602
2023-08-25,2023-09-08,CALL,4413.905,4690.0,0.15,0.25,0.2,3,449,14,0.0383561643835616,0.941131130063966,OTM,17.2,0.0556,4.2643923240938166e-05,2.551570992780455,0.0005440449877996705,2.351570992780455,2.351570992780455,1175.7854963902273,1175.7854963902273
2023-08-25,2023-09-08,CALL,4413.905,4680.0,0.2,0.25,0.225,2,297,14,0.0383561643835616,0.943142094017094,OTM,17.2,0.0556,4.807692307692308e-05,2.9753646584227624,0.000635761679150163,2.7503646584227623,2.7503646584227623,1222.3842926323389,1222.3842926323389
2023-08-25,2023-09-08,CALL,4413.905,4675.0,0.2,0.3,0.25,20,184,14,0.0383561643835616,0.9441508021390372,OTM,17.2,0.0556,5.3475935828877e-05,3.2095149987684977,0.0006865272724638498,2.9595149987684977,2.9595149987684977,1183.805999507399,1183.805999507399
2023-08-25,2023-09-08,CALL,4413.905,4670.0,0.2,0.3,0.25,35,1389,14,0.0383561643835616,0.945161670235546,OTM,17.2,0.0556,5.3533190578158456e-05,3.4596130725125533,0.0007408165037500115,3.2096130725125533,3.2096130725125533,1283.8452290050213,1283.8452290050213
2023-08-25,2023-09-08,CALL,4413.905,4660.0,0.25,0.35,0.3,6,481,14,0.0383561643835616,0.94718991416309,OTM,17.2,0.0556,6.437768240343347e-05,4.011173982380797,0.0008607669490087546,3.7111739823807968,3.7111739823807968,1237.0579941269323,1237.0579941269323
2023-08-25,2023-09-08,CALL,4413.905,4650.0,0.3,0.4,0.35,67,4497,14,0.0383561643835616,0.94922688172043,OTM,17.2,0.0556,7.526881720430107e-05,4.637397836512264,0.0009972898573144655,4.287397836512264,4.287397836512264,1224.9708104320757,1224.9708104320757
2023-08-25,2023-09-08,CALL,4413.905,4640.0,0.35,0.5,0.425,1,946,14,0.0383561643835616,0.9512726293103448,OTM,17.2,0.0556,9.15948275862069e-05,5.346120522121794,0.0011521811470090073,4.921120522121794,4.921120522121794,1157.9107110874809,1157.9107110874809
2023-08-25,2023-09-08,CALL,4413.905,4630.0,0.45,0.55,0.5,7,788,14,0.0383561643835616,0.953327213822894,OTM,17.2,0.0556,0.0001079913606911,6.145648839881403,0.0013273539610974953,5.645648839881403,5.645648839881403,1129.1297679762806,1129.1297679762806
2023-08-25,2023-09-08,CALL,4413.905,4625.0,0.5,0.6,0.55,68,1115,14,0.0383561643835616,0.9543578378378378,OTM,17.2,0.0556,0.0001189189189189,6.58218440963509,0.0014231750074886682,6.03218440963509,6.03218440963509,1096.7608017518344,1096.7608017518344
2023-08-25,2023-09-08,CALL,4413.905,4615.0,0.65,0.75,0.7,53,507,14,0.0383561643835616,0.9564257854821234,OTM,17.2,0.0556,0.0001516793066088,7.534469378426877,0.001632604415693798,6.834469378426877,6.834469378426877,976.3527683466967,976.3527683466967
2023-08-25,2023-09-11,CALL,4413.905,4550.0,4.2,4.4,4.300000000000001,45,2199,17,0.0465753424657534,0.9700890109890108,ATM,17.2,0.0556,0.0009450549450549,21.852256017021773,0.004802693630114675,17.552256017021772,17.552256017021772,408.19200039585513,408.19200039585513
2023-08-25,2023-09-11,CALL,4413.905,4545.0,4.7,4.9,4.800000000000001,2,34,17,0.0465753424657534,0.971156215621562,ATM,17.2,0.0556,0.001056105610561,22.97938071034423,0.005055969353211052,18.17938071034423,18.17938071034423,378.7370981321714,378.7370981321714
2023-08-25,2023-09-11,CALL,4413.905,4540.0,5.3,5.5,5.4,25,77,17,0.0465753424657534,0.97222577092511,ATM,17.2,0.0556,0.0011894273127753,24.15143575290608,0.0053196995050453924,18.751435752906083,18.751435752906083,347.24881023900156,347.24881023900156
2023-08-25,2023-09-08,CALL,4413.905,4750.0,0.1,0.15,0.125,18,1911,14,0.0383561643835616,0.9292431578947368,OTM,17.2,0.0556,2.631578947368421e-05,0.9554414350573097,0.0002011455652752231,0.8304414350573097,0.8304414350573097,664.3531480458478,664.3531480458478
2023-08-25,2023-09-11,CALL,4413.905,4535.0,5.9,6.2,6.050000000000001,97,28,17,0.0465753424657534,0.973297684674752,ATM,17.2,0.0556,0.0013340683572216,25.369444447590695,0.0055941443103838355,19.319444447590694,19.319444447590694,319.32966029075527,319.32966029075527
2023-08-25,2023-09-08,CALL,4413.905,4620.0,0.55,0.7,0.625,57,540,14,0.0383561643835616,0.9553906926406924,OTM,17.2,0.0556,0.0001352813852813,7.044738106854766,0.0015248350880638021,6.419738106854766,6.419738106854766,1027.1580970967625,1027.1580970967625
2023-08-25,2023-09-11,CALL,4413.905,4365.0,81.2,81.6,81.4,15,27,17,0.0465753424657534,1.0112038946162656,ATM,17.2,0.0556,0.0186483390607101,99.40249038317143,0.022772620935434463,18.00249038317142,18.00249038317142,22.116081551807643,22.116081551807643
2023-08-25,2023-09-11,CALL,4413.905,4305.0,128.6,130.5,129.55,1,1,17,0.0465753424657534,1.0252973286875726,ATM,17.2,0.0556,0.0300929152148664,141.4985987999512,0.03286843177699215,11.948598799951185,11.948598799951185,9.223156155886672,9.223156155886672
2023-08-25,2023-09-11,CALL,4413.905,4300.0,132.8,134.8,133.8,10,37,17,0.0465753424657534,1.0264895348837209,ATM,17.2,0.0556,0.0311162790697674,145.34015947514808,0.03380003708724374,11.540159475148073,11.540159475148073,8.624932343159994,8.624932343159994
2023-08-25,2023-09-08,CALL,4413.905,4600.0,0.9,1.05,0.975,244,2925,14,0.0383561643835616,0.9595445652173912,OTM,17.2,0.0556,0.0002119565217391,9.178669912236273,0.0019953630243991897,8.203669912236274,8.203669912236274,841.4020422806434,841.4020422806434
2023-08-25,2023-09-08,CALL,4413.905,4595.0,1.05,1.15,1.1,2,2411,14,0.0383561643835616,0.960588683351469,OTM,17.2,0.0556,0.0002393906420021,9.78915757495679,0.002130393378663066,8.68915757495679,8.68915757495679,789.9234159051626,789.9234159051626
2023-08-25,2023-09-08,CALL,4413.905,4590.0,1.2,1.3,1.25,53,500,14,0.0383561643835616,0.9616350762527232,OTM,17.2,0.0556,0.000272331154684,10.432944627641064,0.00227297268576058,9.182944627641064,9.182944627641064,734.6355702112851,734.6355702112851
2023-08-25,2023-09-08,CALL,4413.905,4585.0,1.35,1.5,1.425,28,320,14,0.0383561643835616,0.9626837513631408,OTM,17.2,0.0556,0.0003107960741548,11.111308248015348,0.002423404198040425,9.686308248015347,9.686308248015347,679.7409296852875,679.7409296852875
2023-08-25,2023-09-08,CALL,4413.905,4580.0,1.55,1.65,1.6,129,655,14,0.0383561643835616,0.9637347161572052,OTM,17.2,0.0556,0.0003493449781659,11.825538530310041,0.0025819953122947687,10.225538530310041,10.225538530310041,639.0961581443776,639.0961581443776
2023-08-25,2023-09-08,CALL,4413.905,4575.0,1.75,1.9,1.825,119,1202,14,0.0383561643835616,0.9647879781420764,OTM,17.2,0.0556,0.0003989071038251,12.57693620277189,0.0027490570935020525,10.75193620277189,10.75193620277189,589.1471891929802,589.1471891929802
2023-08-25,2023-09-08,CALL,4413.905,4570.0,2.0,2.15,2.075,92,444,14,0.0383561643835616,0.965843544857768,OTM,17.2,0.0556,0.0004540481400437,13.366810214795237,0.0029249037669136185,11.291810214795237,11.291810214795237,544.1836248094089,544.1836248094089
2023-08-25,2023-09-08,CALL,4413.905,4565.0,2.3,2.4,2.35,26,335,14,0.0383561643835616,0.9669014238773276,OTM,17.2,0.0556,0.0005147864184008,14.196475198595863,0.003109852179320014,11.846475198595863,11.846475198595863,504.1053275998239,504.1053275998239
2023-08-25,2023-09-08,CALL,4413.905,4560.0,2.6,2.75,2.675,108,361,14,0.0383561643835616,0.9679616228070176,OTM,17.2,0.0556,0.0005866228070175,15.067248811250693,0.0033042212305374324,12.392248811250692,12.392248811250692,463.26163780376424,463.26163780376424
2023-08-25,2023-09-08,CALL,4413.905,4555.0,2.95,3.1,3.0250000000000004,111,343,14,0.0383561643835616,0.9690241492864984,OTM,17.2,0.0556,0.0006641053787047,15.9804489638542,0.0035083312763675525,12.9554489638542,12.9554489638542,428.27930459022144,428.27930459022144
2023-08-25,2023-09-08,CALL,4413.905,4550.0,3.3,3.5,3.4,176,1853,14,0.0383561643835616,0.9700890109890108,ATM,17.2,0.0556,0.0007472527472527,16.937390945409675,0.0037225035044856428,13.537390945409674,13.537390945409674,398.1585572179316,398.1585572179316
2023-08-25,2023-09-08,CALL,4413.905,4545.0,3.7,3.9,3.8,14,156,14,0.0383561643835616,0.971156215621562,ATM,17.2,0.0556,0.0008360836083608,17.939384450008788,0.003947059284930427,14.139384450008787,14.139384450008787,372.08906447391547,372.08906447391547
2023-08-25,2023-09-08,CALL,4413.905,4540.0,4.2,4.4,4.300000000000001,162,1901,14,0.0383561643835616,0.97222577092511,ATM,17.2,0.0556,0.0009471365638766,18.987730516679903,0.004182319497066058,14.687730516679903,14.687730516679903,341.57512829488144,341.57512829488144
2023-08-25,2023-09-08,CALL,4413.905,4535.0,4.8,5.0,4.9,133,167,14,0.0383561643835616,0.973297684674752,ATM,17.2,0.0556,0.0010804851157662,20.083718392175456,0.004428603835099329,15.183718392175455,15.183718392175455,309.87180392194807,309.87180392194807
2023-08-25,2023-09-08,CALL,4413.905,4605.0,0.8,0.95,0.875,1,276,14,0.0383561643835616,0.9585027144408252,OTM,17.2,0.0556,0.0001900108577633,8.60021952632826,0.001867582959028938,7.72521952632826,7.72521952632826,882.8822315803726,882.8822315803726
2023-08-25,2023-09-08,CALL,4413.905,4610.0,0.7,0.85,0.7749999999999999,117,435,14,0.0383561643835616,0.9574631236442516,OTM,17.2,0.0556,0.0001681127982646,8.05256137916723,0.0017467595182575335,7.27756137916723,7.27756137916723,939.040177957062,939.040177957062
2023-08-25,2023-09-11,CALL,4413.905,4345.0,95.7,97.5,96.6,4,1,17,0.0465753424657534,1.0158584579976984,ATM,17.2,0.0556,0.0222324510932105,112.57157035897126,0.025908301578589473,15.971570358971263,15.971570358971263,16.53371672771352,16.53371672771352
2023-08-25,2023-09-11,CALL,4413.905,4530.0,6.6,6.9,6.75,10,19,17,0.0465753424657534,0.9743719646799116,ATM,17.2,0.0556,0.0014900662251655,26.634413196554533,0.005879561412042943,19.884413196554533,19.884413196554533,294.5838992082153,294.5838992082153
2023-08-25,2023-09-11,CALL,4413.905,4555.0,3.7,3.9,3.8,8,136,17,0.0465753424657534,0.9690241492864984,OTM,17.2,0.0556,0.000834248079034,20.769023701964556,0.004559610033362142,16.969023701964556,16.969023701964556,446.55325531485676,446.55325531485676
2023-08-25,2023-09-11,CALL,4413.905,4420.0,44.8,45.2,45.0,17,83,17,0.0465753424657534,0.9986210407239818,ATM,17.2,0.0556,0.0101809954751131,68.02364116639183,0.015389964064794532,23.023641166391826,23.023641166391826,51.16364703642628,51.16364703642628
2023-08-25,2023-09-11,CALL,4413.905,4415.0,47.7,48.1,47.900000000000006,8,61,17,0.0465753424657534,0.9997519818799546,ATM,17.2,0.0556,0.0108493771234428,70.57540248587702,0.01598536862647271,22.675402485877015,22.675402485877015,47.33904485569314,47.33904485569314
2023-08-25,2023-09-11,CALL,4413.905,4410.0,50.7,51.1,50.900000000000006,3,25,17,0.0465753424657534,1.0008854875283446,ATM,17.2,0.0556,0.0115419501133786,73.18779891267695,0.016595872769314502,22.287798912676948,22.287798912676948,43.78742418993506,43.78742418993506
2023-08-25,2023-09-11,CALL,4413.905,4405.0,53.8,54.1,53.95,4,26,17,0.0465753424657534,1.0020215664018162,ATM,17.2,0.0556,0.0122474460839954,75.86078850106924,0.017221518388437964,21.910788501069234,21.910788501069234,40.61313901959079,40.61313901959079
2023-08-25,2023-09-11,CALL,4413.905,4400.0,56.9,57.3,57.1,14,46,17,0.0465753424657534,1.0031602272727271,ATM,17.2,0.0556,0.0129772727272727,78.59427279975807,0.017862334727217745,21.494272799758072,21.494272799758072,37.64320980693183,37.64320980693183
2023-08-25,2023-09-11,CALL,4413.905,4395.0,60.1,60.5,60.3,5,9,17,0.0465753424657534,1.004301478953356,ATM,17.2,0.0556,0.0137201365187713,81.38809693541634,0.018518338324326814,21.088096935416345,21.088096935416345,34.971968383775035,34.971968383775035
2023-08-25,2023-09-11,CALL,4413.905,4390.0,63.5,63.9,63.7,9,65,17,0.0465753424657534,1.0054453302961277,ATM,17.2,0.0556,0.014510250569476,84.24204985485039,0.019189532996549064,20.54204985485039,20.54204985485039,32.248115941680354,32.248115941680354
2023-08-25,2023-09-11,CALL,4413.905,4385.0,66.9,67.3,67.1,15,39,17,0.0465753424657534,1.0065917901938426,ATM,17.2,0.0556,0.0153021664766248,87.15586472558152,0.019875909857601258,20.05586472558153,20.05586472558153,29.889515239316736,29.889515239316736
2023-08-25,2023-09-11,CALL,4413.905,4380.0,70.3,70.7,70.5,10,24,17,0.0465753424657534,1.0077408675799089,ATM,17.2,0.0556,0.0160958904109589,90.12921949382644,0.020577447373019735,19.62921949382644,19.62921949382644,27.84286453025027,27.84286453025027
2023-08-25,2023-09-11,CALL,4413.905,4375.0,73.9,74.3,74.1,30,625,17,0.0465753424657534,1.0088925714285717,ATM,17.2,0.0556,0.0169371428571428,93.16173759818548,0.021294111451013824,19.061737598185488,19.061737598185488,25.72434223776719,25.72434223776719
2023-08-25,2023-09-11,CALL,4413.905,4370.0,77.5,77.9,77.7,46,20,17,0.0465753424657534,1.0100469107551486,ATM,17.2,0.0556,0.0177803203661327,96.25298883657297,0.022025855569009833,18.552988836572965,18.552988836572965,23.877720510389917,23.877720510389917
2023-08-25,2023-09-11,CALL,4413.905,4425.0,42.0,42.4,42.2,5,376,17,0.0465753424657534,0.9974926553672316,ATM,17.2,0.0556,0.0095367231638418,65.53250046895528,0.014809604625752605,23.332500468955274,23.332500468955274,55.290285471457985,55.290285471457985
2023-08-25,2023-09-11,CALL,4413.905,4430.0,39.3,39.7,39.5,138,78,17,0.0465753424657534,0.996366817155756,ATM,17.2,0.0556,0.0089164785553047,63.10190970878875,0.014244223410561795,23.601909708788753,23.601909708788753,59.75167014883229,59.75167014883229
2023-08-25,2023-09-11,CALL,4413.905,4480.0,18.0,18.3,18.15,35,45,17,0.0465753424657534,0.9852466517857142,ATM,17.2,0.0556,0.0040513392857142,42.07173287601745,0.009391011802682467,23.92173287601745,23.92173287601745,131.80018113508237,131.80018113508237
2023-08-25,2023-09-11,CALL,4413.905,4475.0,19.7,20.0,19.85,52,86,17,0.0465753424657534,0.9863474860335196,ATM,17.2,0.0556,0.0044357541899441,43.91261036101855,0.009812873823691295,24.06261036101855,24.06261036101855,121.22221844341838,121.22221844341838
2023-08-25,2023-09-11,CALL,4413.905,4470.0,21.4,21.8,21.6,125,105,17,0.0465753424657534,0.9874507829977628,ATM,17.2,0.0556,0.0048322147651006,45.81039713086193,0.010248410991244279,24.210397130861928,24.210397130861928,112.08517190213855,112.08517190213855
2023-08-25,2023-09-11,CALL,4413.905,4465.0,23.3,23.6,23.450000000000003,12,126,17,0.0465753424657534,0.9885565509518476,ATM,17.2,0.0556,0.0052519596864501,47.76568087344981,0.010697800867513955,24.315680873449807,24.315680873449807,103.69160287185417,103.69160287185417
2023-08-25,2023-09-11,CALL,4413.905,4485.0,16.5,16.8,16.65,52,77,17,0.0465753424657534,0.9841482720178372,ATM,17.2,0.0556,0.0037123745819397,40.287132664969704,0.008982638275355564,23.637132664969705,23.637132664969705,141.96476075056881,141.96476075056881
2023-08-25,2023-09-11,CALL,4413.905,4525.0,7.4,7.6,7.5,58,686,17,0.0465753424657534,0.9754486187845304,ATM,17.2,0.0556,0.0016574585635359,27.947329253264115,0.006176205359837373,20.447329253264115,20.447329253264115,272.6310567101882,272.6310567101882
2023-08-25,2023-09-11,CALL,4413.905,4490.0,15.0,15.3,15.15,42,360,17,0.0465753424657534,0.9830523385300668,ATM,17.2,0.0556,0.0033741648106904,38.558135176349424,0.008587557945734839,23.408135176349425,23.408135176349425,154.509143078214,154.509143078214
2023-08-25,2023-09-11,CALL,4413.905,4575.0,2.3,2.5,2.4,5,228,17,0.0465753424657534,0.9647879781420764,OTM,17.2,0.0556,0.0005245901639344,16.85386828775779,0.00368390563666837,14.45386828775779,14.45386828775779,602.244511989908,602.244511989908
2023-08-25,2023-09-11,CALL,4413.905,4520.0,8.2,8.5,8.35,19,694,17,0.0465753424657534,0.9765276548672566,ATM,17.2,0.0556,0.0018473451327433,29.309158466936424,0.006484327094454961,20.959158466936422,20.959158466936422,251.00788583157396,251.00788583157396
2023-08-25,2023-09-11,CALL,4413.905,4515.0,9.1,9.4,9.25,2,32,17,0.0465753424657534,0.9776090808416388,ATM,17.2,0.0556,0.0020487264673311,30.7208430273497,0.00680417342798443,21.4708430273497,21.4708430273497,232.11722191729407,232.11722191729407
2023-08-25,2023-09-11,CALL,4413.905,4510.0,10.1,10.4,10.25,6,35,17,0.0465753424657534,0.9786929046563192,ATM,17.2,0.0556,0.0022727272727272,32.18329921824534,0.007135986522892536,21.933299218245338,21.933299218245338,213.98340700727158,213.98340700727158
2023-08-25,2023-09-11,CALL,4413.905,4505.0,11.2,11.5,11.35,3,12,17,0.0465753424657534,0.9797791342952274,ATM,17.2,0.0556,0.002519422863485,33.69741518771116,0.007480003371301034,22.347415187711157,22.347415187711157,196.8935258829177,196.8935258829177
2023-08-25,2023-09-11,CALL,4413.905,4500.0,12.4,12.7,12.55,137,542,17,0.0465753424657534,0.9808677777777776,ATM,17.2,0.0556,0.0027888888888888,35.264048744114234,0.00783645527646983,22.714048744114233,22.714048744114233,180.98843620808154,180.98843620808154
2023-08-25,2023-09-11,CALL,4413.905,4560.0,3.3,3.5,3.4,21,72,17,0.0465753424657534,0.9679616228070176,OTM,17.2,0.0556,0.0007456140350877,19.728633336010603,0.004326454678949694,16.328633336010604,16.328633336010604,480.25392164737076,480.25392164737076
2023-08-25,2023-09-11,CALL,4413.905,4565.0,2.95,3.1,3.0250000000000004,1,28,17,0.0465753424657534,0.9669014238773276,OTM,17.2,0.0556,0.0006626506024096,18.730024211891646,0.004102962587489955,15.705024211891645,15.705024211891645,519.1743541121205,519.1743541121205
2023-08-25,2023-09-11,CALL,4413.905,4570.0,2.6,2.8,2.7,2,55,17,0.0465753424657534,0.965843544857768,OTM,17.2,0.0556,0.0005908096280087,17.772127487754233,0.003888868159246003,15.072127487754233,15.072127487754233,558.2269439908974,558.2269439908974
2023-08-25,2023-09-11,CALL,4413.905,4800.0,0.1,0.15,0.125,5,52,17,0.0465753424657534,0.9195635416666668,OTM,17.2,0.0556,2.604166666666667e-05,0.8595251922860854,0.00017906774839293444,0.7345251922860854,0.7345251922860854,587.6201538288683,587.6201538288683
2023-08-25,2023-09-11,CALL,4413.905,4650.0,0.4,0.55,0.475,2,280,17,0.0465753424657534,0.94922688172043,OTM,17.2,0.0556,0.0001021505376344,7.109260667719639,0.001528873261875191,6.634260667719639,6.634260667719639,1396.6864563620293,1396.6864563620293
2023-08-25,2023-09-11,CALL,4413.905,4625.0,0.7,0.8,0.75,162,107,17,0.0465753424657534,0.9543578378378378,OTM,17.2,0.0556,0.0001621621621621,9.61448105903753,0.002078806715467574,8.86448105903753,8.86448105903753,1181.9308078716706,1181.9308078716706
2023-08-25,2023-09-11,CALL,4413.905,4610.0,1.0,1.1,1.05,2,41,17,0.0465753424657534,0.9574631236442516,OTM,17.2,0.0556,0.0002277657266811,11.445268999925474,0.0024827047722181072,10.395268999925474,10.395268999925474,990.0256190405213,990.0256190405213
2023-08-25,2023-09-11,CALL,4413.905,4600.0,1.25,1.4,1.325,6,399,17,0.0465753424657534,0.9595445652173912,OTM,17.2,0.0556,0.0002880434782608,12.8193458833955,0.0027868143224772826,11.4943458833955,11.4943458833955,867.497802520415,867.497802520415
2023-08-25,2023-09-11,CALL,4413.905,4595.0,1.45,1.55,1.5,1,43,17,0.0465753424657534,0.960588683351469,OTM,17.2,0.0556,0.0003264417845484,13.555611355697124,0.0029500786410657505,12.055611355697124,12.055611355697124,803.7074237131416,803.7074237131416
2023-08-25,2023-09-11,CALL,4413.905,4590.0,1.6,1.75,1.675,2,44,17,0.0465753424657534,0.9616350762527232,OTM,17.2,0.0556,0.0003649237472766,14.326119264777958,0.0031211588812152416,12.651119264777957,12.651119264777957,755.2907023748035,755.2907023748035
2023-08-25,2023-09-11,CALL,4413.905,4585.0,1.8,1.95,1.875,3,23,17,0.0465753424657534,0.9626837513631408,OTM,17.2,0.0556,0.0004089422028353,15.131945042886287,0.003300315167477925,13.256945042886287,13.256945042886287,707.0370689539353,707.0370689539353
2023-08-25,2023-09-11,CALL,4413.905,4580.0,2.05,2.2,2.125,57,56,17,0.0465753424657534,0.9637347161572052,OTM,17.2,0.0556,0.0004639737991266,15.974167753813617,0.003487809553234414,13.849167753813617,13.849167753813617,651.725541355935,651.725541355935
2023-08-25,2023-09-11,CALL,4413.905,4495.0,13.6,13.9,13.75,13,114,17,0.0465753424657534,0.9819588431590656,ATM,17.2,0.0556,0.0030589543937708,36.88402518623661,0.008205567338428612,23.134025186236613,23.134025186236613,168.24745589990263,168.24745589990263
2023-08-25,2023-09-11,CALL,4413.905,4350.0,92.3,93.5,92.9,4,19,17,0.0465753424657534,1.014690804597701,ATM,17.2,0.0556,0.0213563218390804,109.19490466882871,0.025102276935362922,16.294904668828707,16.294904668828707,17.540263367953397,17.540263367953397
2023-08-25,2023-09-11,CALL,4413.905,4355.0,88.5,89.6,89.05,11,66,17,0.0465753424657534,1.0135258323765786,ATM,17.2,0.0556,0.0204477611940298,105.87405709925815,0.024310920114640217,16.824057099258155,16.824057099258155,18.89282099860545,18.89282099860545
2023-08-25,2023-09-11,CALL,4413.905,4360.0,84.3,85.7,85.0,10,14,17,0.0465753424657534,1.0123635321100917,ATM,17.2,0.0556,0.0194954128440367,102.60970795154162,0.0235343366861334,17.609707951541623,17.609707951541623,20.71730347240191,20.71730347240191
2023-08-25,2023-09-12,CALL,4413.905,4350.0,94.9,96.8,95.85,6,24,18,0.0493150684931506,1.014690804597701,ATM,17.2,0.0556,0.0220344827586206,111.32882487494953,0.025592833304586098,15.478824874949538,15.478824874949538,16.149008737558205,16.149008737558205
2023-08-25,2023-09-12,CALL,4413.905,4345.0,98.0,100.7,99.35,2,1,18,0.0493150684931506,1.0158584579976984,ATM,17.2,0.0556,0.0228653624856156,114.68700035664642,0.02639516694054003,15.337000356646428,15.337000356646428,15.437343086710042,15.437343086710042
2023-08-25,2023-09-12,CALL,4413.905,4325.0,113.8,116.8,115.3,2,11,18,0.0493150684931506,1.0205560693641618,ATM,17.2,0.0556,0.0266589595375722,128.65035608495646,0.02974574707166623,13.35035608495646,13.35035608495646,11.57879972676189,11.57879972676189
2023-08-25,2023-09-12,CALL,4413.905,4315.0,122.1,125.1,123.6,2,2,18,0.0493150684931506,1.0229212050984935,ATM,17.2,0.0556,0.0286442641946697,135.93954770850723,0.03150395080150805,12.33954770850724,12.33954770850724,9.98345283859809,9.98345283859809
2023-08-25,2023-09-12,CALL,4413.905,4300.0,134.8,138.0,136.4,22,35,18,0.0493150684931506,1.0264895348837209,ATM,17.2,0.0556,0.0317209302325581,147.23831893920305,0.034241469520744895,10.838318939203049,10.838318939203049,7.945981626981708,7.945981626981708
2023-08-25,2023-09-12,CALL,4413.905,4355.0,90.9,93.4,92.15,5,8,18,0.0493150684931506,1.0135258323765786,ATM,17.2,0.0556,0.0211595866819747,108.02511562083055,0.024804848592613213,15.875115620830542,15.875115620830542,17.22747218755349,17.22747218755349
2023-08-25,2023-09-12,CALL,4413.905,4425.0,44.3,44.8,44.55,6,87,18,0.0493150684931506,0.9974926553672316,ATM,17.2,0.0556,0.0100677966101694,67.7591890029712,0.015312811074117784,23.2091890029712,23.2091890029712,52.09694501228104,52.09694501228104
2023-08-25,2023-09-12,CALL,4413.905,4420.0,47.2,47.7,47.45,1,73,18,0.0493150684931506,0.9986210407239818,ATM,17.2,0.0556,0.010735294117647,70.25584015568347,0.015894986460561873,22.80584015568347,22.80584015568347,48.0628875778366,48.0628875778366
2023-08-25,2023-09-12,CALL,4413.905,4415.0,50.2,50.6,50.400000000000006,1,8,18,0.0493150684931506,0.9997519818799546,ATM,17.2,0.0556,0.0114156285390713,72.8113929617457,0.01649182173538974,22.41139296174569,22.41139296174569,44.46704952727319,44.46704952727319
2023-08-25,2023-09-12,CALL,4413.905,4410.0,52.9,53.6,53.25,16,41,18,0.0493150684931506,1.0008854875283446,ATM,17.2,0.0556,0.0120748299319727,75.42585930848463,0.017103369457706265,22.175859308484632,22.175859308484632,41.64480621311668,41.64480621311668
2023-08-25,2023-09-12,CALL,4413.905,4405.0,56.2,56.6,56.400000000000006,3,2,18,0.0493150684931506,1.0020215664018162,ATM,17.2,0.0556,0.0128036322360953,78.09919929825719,0.017729670669297887,21.699199298257184,21.699199298257184,38.473757621023374,38.473757621023374
2023-08-25,2023-09-12,CALL,4413.905,4400.0,59.3,60.2,59.75,12,16,18,0.0493150684931506,1.0031602272727271,ATM,17.2,0.0556,0.0135795454545454,80.83132117773084,0.018370754813120647,21.081321177730842,21.081321177730842,35.28254590415204,35.28254590415204
2023-08-25,2023-09-12,CALL,4413.905,4395.0,62.1,63.5,62.8,6,24,18,0.0493150684931506,1.004301478953356,ATM,17.2,0.0556,0.0142889647326507,83.62208140420535,0.019026639682413048,20.82208140420535,20.82208140420535,33.15618057994483,33.15618057994483
2023-08-25,2023-09-12,CALL,4413.905,4380.0,72.3,74.5,73.4,2,19,18,0.0493150684931506,1.0077408675799089,ATM,17.2,0.0556,0.0167579908675799,92.3439851400176,0.021083101630141002,18.94398514001759,18.94398514001759,25.809244059969465,25.809244059969465
2023-08-25,2023-09-12,CALL,4413.905,4360.0,86.8,89.1,87.94999999999999,1,58,18,0.0493150684931506,1.0123635321100917,ATM,17.2,0.0556,0.0201720183486238,104.77650066789784,0.024031307492637117,16.826500667897847,16.826500667897847,19.131893880497838,19.131893880497838
2023-08-25,2023-09-13,CALL,4413.905,4510.0,13.7,14.0,13.85,4,6,19,0.0520547945205479,0.9786929046563192,ATM,17.2,0.0556,0.003070953436807,35.942301557766996,0.007969468194626829,22.092301557766994,22.092301557766994,159.5112025831552,159.5112025831552
2023-08-25,2023-09-13,CALL,4413.905,4505.0,14.9,15.3,15.1,19,639,19,0.0520547945205479,0.9797791342952274,ATM,17.2,0.0556,0.0033518312985571,37.51483984182482,0.008327378433257452,22.414839841824822,22.414839841824822,148.4426479591048,148.4426479591048
2023-08-25,2023-09-12,CALL,4413.905,4435.0,39.0,39.4,39.2,4,15,18,0.0493150684931506,0.9952435174746336,ATM,17.2,0.0556,0.0088387824126268,62.94228655774623,0.014192172842783818,23.742286557746226,23.742286557746226,60.56705754527098,60.56705754527098
2023-08-25,2023-09-13,CALL,4413.905,4500.0,16.3,16.6,16.450000000000003,21,186,19,0.0520547945205479,0.9808677777777776,ATM,17.2,0.0556,0.0036555555555555,39.13782999322643,0.008697295554050318,22.68782999322643,22.68782999322643,137.9199391685497,137.9199391685497
2023-08-25,2023-09-12,CALL,4413.905,4440.0,36.4,36.9,36.65,4,12,18,0.0493150684931506,0.9941227477477476,ATM,17.2,0.0556,0.0082545045045045,60.62175509495728,0.013653548444810199,23.97175509495728,23.97175509495728,65.40724446100214,65.40724446100214
2023-08-25,2023-09-12,CALL,4413.905,4625.0,0.95,1.05,1.0,11,68,18,0.0493150684931506,0.9543578378378378,OTM,17.2,0.0556,0.0002162162162162,10.673980463179191,0.0023078876677144196,9.673980463179191,9.673980463179191,967.3980463179191,967.3980463179191
2023-08-25,2023-09-12,CALL,4413.905,4530.0,7.7,8.0,7.85,21,27,18,0.0493150684931506,0.9743719646799116,ATM,17.2,0.0556,0.0017328918322295,28.39761417201339,0.006268789000444457,20.54761417201339,20.54761417201339,261.7530467772407,261.7530467772407
2023-08-25,2023-09-12,CALL,4413.905,4525.0,8.6,8.9,8.75,16,745,18,0.0493150684931506,0.9754486187845304,ATM,17.2,0.0556,0.0019337016574585,29.744358615987267,0.006573338920660169,20.994358615987267,20.994358615987267,239.93552703985446,239.93552703985446
2023-08-25,2023-09-12,CALL,4413.905,4510.0,11.5,11.9,11.7,8,36,18,0.0493150684931506,0.9786929046563192,ATM,17.2,0.0556,0.0025942350332594,34.07678143918724,0.0075558273701080364,22.376781439187244,22.376781439187244,191.2545422152756,191.2545422152756
2023-08-25,2023-09-12,CALL,4413.905,4500.0,14.0,14.3,14.15,13,646,18,0.0493150684931506,0.9808677777777776,ATM,17.2,0.0556,0.0031444444444444,37.21696865273202,0.008270437478384893,23.066968652732022,23.066968652732022,163.0174463090602,163.0174463090602
2023-08-25,2023-09-12,CALL,4413.905,4490.0,16.8,17.1,16.950000000000003,5,52,18,0.0493150684931506,0.9830523385300668,ATM,17.2,0.0556,0.0037750556792873,40.566001372372284,0.00903474418092924,23.61600137237228,23.61600137237228,139.3274417249102,139.3274417249102
2023-08-25,2023-09-12,CALL,4413.905,4485.0,18.3,18.6,18.450000000000003,5,10,18,0.0493150684931506,0.9841482720178372,ATM,17.2,0.0556,0.0041137123745819,42.320636233885125,0.009436039294065803,23.870636233885122,23.870636233885122,129.38014218907924,129.38014218907924
2023-08-25,2023-09-12,CALL,4413.905,4480.0,19.9,20.2,20.05,5,6,18,0.0493150684931506,0.9852466517857142,ATM,17.2,0.0556,0.0044754464285714,44.12957376218378,0.009850351286201736,24.07957376218378,24.07957376218378,120.09762474904629,120.09762474904629
2023-08-25,2023-09-12,CALL,4413.905,4540.0,6.3,6.5,6.4,33,55,18,0.0493150684931506,0.97222577092511,ATM,17.2,0.0556,0.0014096916299559,25.844876707056073,0.0056927041204969326,19.444876707056075,19.444876707056075,303.8261985477512,303.8261985477512
2023-08-25,2023-09-12,CALL,4413.905,4475.0,21.6,21.9,21.75,5,57,18,0.0493150684931506,0.9863474860335196,ATM,17.2,0.0556,0.0048603351955307,45.993434643371074,0.010277862490138788,24.243434643371074,24.243434643371074,111.46406732584401,111.46406732584401
2023-08-25,2023-09-12,CALL,4413.905,4465.0,25.4,25.7,25.55,4,17,18,0.0493150684931506,0.9885565509518476,ATM,17.2,0.0556,0.0057222844344904,49.88820950011814,0.011173171220631162,24.338209500118136,24.338209500118136,95.25718003960132,95.25718003960132
2023-08-25,2023-09-12,CALL,4413.905,4460.0,27.4,27.7,27.55,1330,1461,18,0.0493150684931506,0.989664798206278,ATM,17.2,0.0556,0.006177130044843,51.92016054022565,0.011641291600947455,24.37016054022565,24.37016054022565,88.45793299537442,88.45793299537442
2023-08-25,2023-09-12,CALL,4413.905,4455.0,29.4,29.9,29.65,1,54,18,0.0493150684931506,0.9907755331088663,ATM,17.2,0.0556,0.0066554433221099,54.009106197741175,0.01212325616110913,24.359106197741177,24.359106197741177,82.15550151008829,82.15550151008829
2023-08-25,2023-09-12,CALL,4413.905,4470.0,23.4,23.8,23.6,5,26,18,0.0493150684931506,0.9874507829977628,ATM,17.2,0.0556,0.0052796420581655,47.912799933973474,0.010718747188808383,24.312799933973473,24.312799933973473,103.02033870327743,103.02033870327743
2023-08-25,2023-09-12,CALL,4413.905,4550.0,5.0,5.3,5.15,36,202,18,0.0493150684931506,0.9700890109890108,ATM,17.2,0.0556,0.0011318681318681,23.47359640596187,0.005159032177134477,18.323596405961872,18.323596405961872,355.79798846527905,355.79798846527905
2023-08-25,2023-09-12,CALL,4413.905,4560.0,4.1,4.3,4.199999999999999,7,9,18,0.0493150684931506,0.9679616228070176,OTM,17.2,0.0556,0.0009210526315789,21.276087631694736,0.004665808691161126,17.076087631694737,17.076087631694737,406.5735150403509,406.5735150403509
2023-08-25,2023-09-12,CALL,4413.905,4575.0,2.9,3.1,3.0,35,152,18,0.0493150684931506,0.9647879781420764,OTM,17.2,0.0556,0.000655737704918,18.28833748185059,0.003997450815705047,15.28833748185059,15.28833748185059,509.6112493950197,509.6112493950197
2023-08-25,2023-09-13,CALL,4413.905,4260.0,172.3,175.7,174.0,5,6,19,0.0520547945205479,1.0361279342723004,ITM,17.2,0.0556,0.0408450704225352,180.9711089724874,0.042481480979457135,6.9711089724874,6.9711089724874,4.006384466946781,4.006384466946781
2023-08-25,2023-09-12,CALL,4413.905,4600.0,1.65,1.8,1.725,16,249,18,0.0493150684931506,0.9595445652173912,OTM,17.2,0.0556,0.000375,14.064070714915033,0.003057406677155442,12.339070714915033,12.339070714915033,715.3084472414512,715.3084472414512
2023-08-25,2023-09-13,CALL,4413.905,4495.0,17.8,18.1,17.950000000000003,4,37,19,0.0520547945205479,0.9819588431590656,ATM,17.2,0.0556,0.0039933259176863,40.81197855113578,0.009079416807816636,22.861978551135778,22.861978551135778,127.36478301468397,127.36478301468397
2023-08-25,2023-09-13,CALL,4413.905,4490.0,19.3,19.6,19.450000000000003,10,54,19,0.0520547945205479,0.9830523385300668,ATM,17.2,0.0556,0.0043318485523385,42.53796116263061,0.009473933443793008,23.087961162630606,23.087961162630606,118.70417050195681,118.70417050195681
2023-08-25,2023-09-13,CALL,4413.905,4485.0,20.9,21.2,21.05,15,20,19,0.0520547945205479,0.9841482720178372,ATM,17.2,0.0556,0.0046934225195094,44.316420966525584,0.00988103031583625,23.266420966525583,23.266420966525583,110.52931575546596,110.52931575546596
2023-08-25,2023-09-13,CALL,4413.905,4350.0,97.7,100.0,98.85,1,35,19,0.0520547945205479,1.014690804597701,ATM,17.2,0.0556,0.0227241379310344,113.42042750123755,0.026073661494537367,14.57042750123756,14.57042750123756,14.739936774140173,14.739936774140173
2023-08-25,2023-09-13,CALL,4413.905,4340.0,104.8,107.9,106.35,1,30,19,0.0520547945205479,1.017028801843318,ATM,17.2,0.0556,0.0245046082949308,120.15540752359038,0.027685577770412532,13.80540752359039,13.80540752359039,12.981107215411743,12.981107215411743
2023-08-25,2023-09-13,CALL,4413.905,4320.0,120.8,123.9,122.35,2,6,19,0.0520547945205479,1.0217372685185184,ATM,17.2,0.0556,0.0283217592592592,134.24262980405365,0.03107468282501242,11.892629804053655,11.892629804053655,9.72017147858901,9.72017147858901
2023-08-25,2023-09-13,CALL,4413.905,4310.0,129.0,132.2,130.6,2,3,19,0.0520547945205479,1.0241078886310904,ATM,17.2,0.0556,0.0303016241299303,141.58291724600167,0.03284986479025561,10.982917246001676,10.982917246001676,8.40958441500894,8.40958441500894
2023-08-25,2023-09-13,CALL,4413.905,4300.0,137.4,140.7,139.05,3,36,19,0.0520547945205479,1.0264895348837209,ATM,17.2,0.0556,0.0323372093023255,149.1121826112244,0.03467725177005219,10.062182611224387,10.062182611224387,7.236377282433934,7.236377282433934
2023-08-25,2023-09-13,CALL,4413.905,4280.0,154.8,158.0,156.4,1,13,19,0.0520547945205479,1.0312862149532709,ITM,17.2,0.0556,0.0365420560747663,164.70870610796055,0.038483342548588914,8.308706107960546,8.308706107960546,5.312471936036155,5.312471936036155
2023-08-25,2023-09-13,CALL,4413.905,4355.0,94.0,96.1,95.05,5,27,19,0.0520547945205479,1.0135258323765786,ATM,17.2,0.0556,0.0218254879448909,110.13243446149136,0.025288733515841873,15.08243446149136,15.08243446149136,15.867895277739462,15.867895277739462
2023-08-25,2023-09-13,CALL,4413.905,4425.0,47.8,48.2,48.0,6,35,19,0.0520547945205479,0.9974926553672316,ATM,17.2,0.0556,0.0108474576271186,69.93457425344832,0.015804423560101314,21.934574253448318,21.934574253448318,45.697029694684,45.697029694684
2023-08-25,2023-09-13,CALL,4413.905,4420.0,50.6,51.0,50.8,3,36,19,0.0520547945205479,0.9986210407239818,ATM,17.2,0.0556,0.0114932126696832,72.43641818425522,0.016388329905940094,21.63641818425522,21.63641818425522,42.591374378455164,42.591374378455164
2023-08-25,2023-09-13,CALL,4413.905,4410.0,56.4,57.1,56.75,39,41,19,0.0520547945205479,1.0008854875283446,ATM,17.2,0.0556,0.0128684807256235,77.61207479652512,0.017599109931184836,20.86207479652512,20.86207479652512,36.76136528022048,36.76136528022048
2023-08-25,2023-09-13,CALL,4413.905,4400.0,62.5,63.6,63.05,22,69,19,0.0520547945205479,1.0031602272727271,ATM,17.2,0.0556,0.0143295454545454,83.01684872303213,0.018867465618870937,19.96684872303213,19.96684872303213,31.668277118211147,31.668277118211147
2023-08-25,2023-09-13,CALL,4413.905,4395.0,66.0,66.6,66.3,8,11,19,0.0520547945205479,1.004301478953356,ATM,17.2,0.0556,0.0150853242320819,85.80491013164101,0.019523301508905803,19.50491013164101,19.50491013164101,29.419170635959293,29.419170635959293
2023-08-25,2023-09-13,CALL,4413.905,4390.0,69.4,69.8,69.6,14,21,19,0.0520547945205479,1.0054453302961277,ATM,17.2,0.0556,0.0158542141230068,88.64986206079539,0.02019359044665043,19.04986206079539,19.04986206079539,27.370491466660045,27.370491466660045
2023-08-25,2023-09-13,CALL,4413.905,4385.0,72.6,73.2,72.9,7,40,19,0.0520547945205479,1.0065917901938426,ATM,17.2,0.0556,0.0166248574686431,91.55147599124848,0.020878329758551535,18.651475991248475,18.651475991248475,25.585015077158403,25.585015077158403
2023-08-25,2023-09-13,CALL,4413.905,4380.0,76.2,76.6,76.4,7,30,19,0.0520547945205479,1.0077408675799089,ATM,17.2,0.0556,0.0174429223744292,94.50947652515424,0.021577506055971286,18.109476525154236,18.109476525154236,23.7035033051757,23.7035033051757
2023-08-25,2023-09-11,CALL,4413.905,4255.0,172.9,175.0,173.95,4,1,17,0.0465753424657534,1.0373454759106933,ITM,17.2,0.0556,0.0408813160987074,181.89067812062967,0.042747515422004626,7.940678120629684,7.940678120629684,4.564919873888868,4.564919873888868
2023-08-25,2023-09-11,CALL,4413.905,4285.0,146.1,148.2,147.14999999999998,1,1,17,0.0465753424657534,1.0300828471411902,ITM,17.2,0.0556,0.0343407234539089,157.14163784691345,0.036672494246654246,9.991637846913477,9.991637846913477,6.790103871500835,6.790103871500835
2023-08-25,2023-09-13,CALL,4413.905,4430.0,45.0,45.4,45.2,30,22,19,0.0520547945205479,0.996366817155756,ATM,17.2,0.0556,0.0102031602708803,67.48999279821919,0.015234761353999817,22.28999279821919,22.28999279821919,49.314143358892004,49.314143358892004
2023-08-25,2023-09-13,CALL,4413.905,4540.0,7.8,8.1,7.949999999999999,3,68,19,0.0520547945205479,0.97222577092511,ATM,17.2,0.0556,0.0017511013215859,27.523528345388513,0.006062451177398351,19.573528345388514,19.573528345388514,246.2079037155788,246.2079037155788
2023-08-25,2023-09-13,CALL,4413.905,4550.0,6.4,6.6,6.5,9,327,19,0.0520547945205479,0.9700890109890108,ATM,17.2,0.0556,0.0014285714285714,25.084629459265443,0.005513105375662734,18.584629459265443,18.584629459265443,285.9173762963914,285.9173762963914
2023-08-25,2023-09-13,CALL,4413.905,4560.0,5.2,5.4,5.300000000000001,7,76,19,0.0520547945205479,0.9679616228070176,OTM,17.2,0.0556,0.0011622807017543,22.817664259841763,0.005003873741193369,17.517664259841762,17.517664259841762,330.5219671668257,330.5219671668257
2023-08-25,2023-09-13,CALL,4413.905,4480.0,22.6,23.0,22.8,8,66,19,0.0520547945205479,0.9852466517857142,ATM,17.2,0.0556,0.0050892857142857,46.14796702810099,0.010300885497343973,23.347967028100992,23.347967028100992,102.40336415833768,102.40336415833768
2023-08-25,2023-09-13,CALL,4413.905,4475.0,24.4,24.8,24.6,28,25,19,0.0520547945205479,0.9863474860335196,ATM,17.2,0.0556,0.0054972067039106,48.0331728308322,0.010733669906331218,23.4331728308322,23.4331728308322,95.25680012533414,95.25680012533414
2023-08-25,2023-09-13,CALL,4413.905,4515.0,12.5,12.8,12.65,32,46,19,0.0520547945205479,0.9776090808416388,ATM,17.2,0.0556,0.0028017718715393,34.41947937068289,0.007623361986862213,21.769479370682895,21.769479370682895,172.0907460133035,172.0907460133035
2023-08-25,2023-09-13,CALL,4413.905,4470.0,26.4,26.7,26.55,3,12,19,0.0520547945205479,0.9874507829977628,ATM,17.2,0.0556,0.0059395973154362,49.97257483113572,0.011179546942088527,23.422574831135716,23.422574831135716,88.22062083290288,88.22062083290288
2023-08-25,2023-09-13,CALL,4413.905,4460.0,30.5,30.8,30.65,6,7,19,0.0520547945205479,0.989664798206278,ATM,17.2,0.0556,0.006872197309417,54.01591993104921,0.01211119280965229,23.365919931049213,23.365919931049213,76.2346490409436,76.2346490409436
2023-08-25,2023-09-13,CALL,4413.905,4455.0,32.6,33.0,32.8,12,24,19,0.0520547945205479,0.9907755331088663,ATM,17.2,0.0556,0.0073625140291806,56.120738798975935,0.012597247766324565,23.32073879897594,23.32073879897594,71.09981341151202,71.09981341151202
2023-08-25,2023-09-13,CALL,4413.905,4450.0,34.8,35.3,35.05,28,42,19,0.0520547945205479,0.9918887640449436,ATM,17.2,0.0556,0.007876404494382,58.28150304282008,0.013096966975914623,23.23150304282008,23.23150304282008,66.28103578550666,66.28103578550666
2023-08-25,2023-09-13,CALL,4413.905,4445.0,37.2,37.8,37.5,10,28,19,0.0520547945205479,0.9930044994375704,ATM,17.2,0.0556,0.0084364454443194,60.49854490984717,0.013610471295803638,22.99854490984717,22.99854490984717,61.32945309292578,61.32945309292578
2023-08-25,2023-09-11,CALL,4413.905,4460.0,25.3,25.6,25.450000000000003,84,350,17,0.0465753424657534,0.989664798206278,ATM,17.2,0.0556,0.0057062780269058,49.779003265352,0.011161211494473543,24.329003265352,24.329003265352,95.59529770275833,95.59529770275833
2023-08-25,2023-09-13,CALL,4413.905,4440.0,39.8,40.2,40.0,28,62,19,0.0520547945205479,0.9941227477477476,ATM,17.2,0.0556,0.009009009009009,62.772152586255515,0.014137872204111602,22.772152586255515,22.772152586255515,56.93038146563879,56.93038146563879
2023-08-25,2023-09-13,CALL,4413.905,4520.0,11.4,11.7,11.55,23,227,19,0.0520547945205479,0.9765276548672566,ATM,17.2,0.0556,0.0025553097345132,32.945609978360835,0.0072888517651240785,21.395609978360834,21.395609978360834,185.24337643602453,185.24337643602453
2023-08-25,2023-09-13,CALL,4413.905,4525.0,10.4,10.7,10.55,14,598,19,0.0520547945205479,0.9754486187845304,ATM,17.2,0.0556,0.0023314917127071,31.51990427833198,0.006965724702393808,20.969904278331978,20.969904278331978,198.7668651974595,198.7668651974595
2023-08-25,2023-09-13,CALL,4413.905,4800.0,0.1,0.15,0.125,2,28,19,0.0520547945205479,0.9195635416666668,OTM,17.2,0.0556,2.604166666666667e-05,1.290903536945038,0.0002689382368635496,1.165903536945038,1.165903536945038,932.7228295560303,932.7228295560303
2023-08-25,2023-09-13,CALL,4413.905,4700.0,0.3,0.4,0.35,2,63,19,0.0520547945205479,0.9391287234042552,OTM,17.2,0.0556,7.446808510638298e-05,4.920732259500994,0.0010469643105321263,4.5707322595009945,4.5707322595009945,1305.92350271457,1305.92350271457
2023-08-25,2023-09-13,CALL,4413.905,4650.0,0.75,0.85,0.8,15,79,19,0.0520547945205479,0.94922688172043,OTM,17.2,0.0556,0.0001720430107526,8.90332721769289,0.001914694025310299,8.10332721769289,8.10332721769289,1012.9159022116111,1012.9159022116111
2023-08-25,2023-09-13,CALL,4413.905,4625.0,1.3,1.4,1.35,46,142,19,0.0520547945205479,0.9543578378378378,OTM,17.2,0.0556,0.0002918918918918,11.751846511225153,0.002540939786210844,10.401846511225154,10.401846511225154,770.507148979641,770.507148979641
2023-08-25,2023-09-13,CALL,4413.905,4600.0,2.2,2.35,2.2750000000000004,7,356,19,0.0520547945205479,0.9595445652173912,OTM,17.2,0.0556,0.0004945652173913,15.319099947515951,0.003330239119025207,13.044099947515951,13.044099947515951,573.3670306600417,573.3670306600417
2023-08-25,2023-09-13,CALL,4413.905,4580.0,3.4,3.6,3.5,2,156,19,0.0520547945205479,0.9637347161572052,OTM,17.2,0.0556,0.0007641921397379,18.769774528996777,0.004098204045632484,15.269774528996777,15.269774528996777,436.27927225705076,436.27927225705076
2023-08-25,2023-09-13,CALL,4413.905,4465.0,28.4,28.7,28.55,4,58,19,0.0520547945205479,0.9885565509518476,ATM,17.2,0.0556,0.0063941769316909,51.96667108197721,0.011638672134821323,23.41667108197721,23.41667108197721,82.01986368468374,82.01986368468374
2023-08-25,2023-09-11,CALL,4413.905,4455.0,27.4,27.7,27.55,52,63,17,0.0465753424657534,0.9907755331088663,ATM,17.2,0.0556,0.0061840628507295,51.85085838529176,0.011638800984352807,24.300858385291757,24.300858385291757,88.20638252374503,88.20638252374503
2023-08-25,2023-09-11,CALL,4413.905,4450.0,29.5,29.9,29.7,22,919,17,0.0465753424657534,0.9918887640449436,ATM,17.2,0.0556,0.0066741573033707,53.9816912369713,0.012130717131903663,24.2816912369713,24.2816912369713,81.75653615141853,81.75653615141853
2023-08-25,2023-09-11,CALL,4413.905,4445.0,31.8,32.2,32.0,5,114,17,0.0465753424657534,0.9930044994375704,ATM,17.2,0.0556,0.0071991001124859,56.17189638837522,0.012637097050253142,24.171896388375217,24.171896388375217,75.53717621367255,75.53717621367255
2023-08-25,2023-09-14,CALL,4413.905,4465.0,30.6,31.0,30.8,6,19,20,0.0547945205479452,0.9885565509518476,ATM,17.2,0.0556,0.0068980963045912,54.00418374030073,0.012095001957514161,23.20418374030073,23.20418374030073,75.3382588970803,75.3382588970803
2023-08-25,2023-09-14,CALL,4413.905,4510.0,15.4,15.7,15.55,1,23,20,0.0547945205479452,0.9786929046563192,ATM,17.2,0.0556,0.0034478935698447,37.78109959668336,0.008377183946049525,22.23109959668336,22.23109959668336,142.96527071822098,142.96527071822098
2023-08-25,2023-09-14,CALL,4413.905,4460.0,32.8,33.2,33.0,7,50,20,0.0547945205479452,0.989664798206278,ATM,17.2,0.0556,0.0073991031390134,56.069559956693865,0.012571650214505351,23.069559956693865,23.069559956693865,69.90775744452687,69.90775744452687
2023-08-25,2023-09-14,CALL,4413.905,4450.0,37.4,37.8,37.6,3,125,20,0.0547945205479452,0.9918887640449436,ATM,17.2,0.0556,0.0084494382022471,60.36339621259958,0.013564808137662827,22.76339621259958,22.76339621259958,60.540947373935055,60.540947373935055
2023-08-25,2023-09-14,CALL,4413.905,4445.0,39.8,40.3,40.05,2,15,20,0.0547945205479452,0.9930044994375704,ATM,17.2,0.0556,0.0090101237345331,62.59250991456952,0.014081554536461083,22.54250991456952,22.54250991456952,56.2859173896867,56.2859173896867
2023-08-25,2023-09-14,CALL,4413.905,4440.0,42.3,42.8,42.55,1,36,20,0.0547945205479452,0.9941227477477476,ATM,17.2,0.0556,0.0095833333333333,64.87678879212945,0.014611889367596722,22.32678879212945,22.32678879212945,52.4718890531832,52.4718890531832
2023-08-25,2023-09-14,CALL,4413.905,4430.0,47.6,48.1,47.85,6,39,20,0.0547945205479452,0.996366817155756,ATM,17.2,0.0556,0.0108013544018058,69.61169645666587,0.015713701231753016,21.761696456665867,21.761696456665867,45.47898946011676,45.47898946011676
2023-08-25,2023-09-14,CALL,4413.905,4420.0,53.3,53.7,53.5,1,15,20,0.0547945205479452,0.9986210407239818,ATM,17.2,0.0556,0.01210407239819,74.56940120411855,0.016870905249800578,21.06940120411855,21.06940120411855,39.38205832545523,39.38205832545523
2023-08-25,2023-09-14,CALL,4413.905,4520.0,12.9,13.3,13.1,2,113,20,0.0547945205479452,0.9765276548672566,ATM,17.2,0.0556,0.0028982300884955,34.72908515485301,0.007683425919215268,21.62908515485301,21.62908515485301,165.1075202660535,165.1075202660535
2023-08-25,2023-09-14,CALL,4413.905,4525.0,11.8,12.2,12.0,3,29,20,0.0547945205479452,0.9754486187845304,ATM,17.2,0.0556,0.0026519337016574,33.274493773116546,0.0073534792868765846,21.274493773116546,21.274493773116546,177.28744810930456,177.28744810930456
2023-08-25,2023-09-14,CALL,4413.905,4530.0,10.8,11.1,10.95,1,131,20,0.0547945205479452,0.9743719646799116,ATM,17.2,0.0556,0.0024172185430463,31.866508613924452,0.00703454936289723,20.916508613924453,20.916508613924453,191.0183435061594,191.0183435061594
2023-08-25,2023-09-14,CALL,4413.905,4800.0,0.1,0.2,0.15,1,8,20,0.0547945205479452,0.9195635416666668,OTM,17.2,0.0556,3.125e-05,1.5413056037101995,0.0003211053341062916,1.3913056037101996,1.3913056037101996,927.5370691401331,927.5370691401331
2023-08-25,2023-09-14,CALL,4413.905,4650.0,1.0,1.1,1.05,48,6,20,0.0547945205479452,0.94922688172043,OTM,17.2,0.0556,0.0002258064516129,9.833980418031956,0.002114834498501496,8.783980418031955,8.783980418031955,836.5695636220909,836.5695636220909
2023-08-25,2023-09-14,CALL,4413.905,4575.0,4.6,4.8,4.699999999999999,50,111,20,0.0547945205479452,0.9647879781420764,OTM,17.2,0.0556,0.0010273224043715,21.157305968882724,0.0046245477527612515,16.457305968882725,16.457305968882725,350.155446146441,350.155446146441
2023-08-25,2023-09-14,CALL,4413.905,4550.0,7.5,7.7,7.6,1,741,20,0.0547945205479452,0.9700890109890108,ATM,17.2,0.0556,0.0016703296703296,26.68473004954535,0.005864775835064912,19.08473004954535,19.08473004954535,251.11486907296512,251.11486907296512
2023-08-25,2023-09-14,CALL,4413.905,4410.0,59.2,59.7,59.45,2,12,20,0.0547945205479452,1.0008854875283446,ATM,17.2,0.0556,0.0134807256235827,79.75049164571101,0.01808401171104558,20.300491645711006,20.300491645711006,34.14716845367705,34.14716845367705
2023-08-25,2023-09-14,CALL,4413.905,4405.0,62.3,62.8,62.55,3,36,20,0.0547945205479452,1.0020215664018162,ATM,17.2,0.0556,0.014199772985244,82.42479818226775,0.01871164544432866,19.874798182267753,19.874798182267753,31.77425768548002,31.77425768548002
2023-08-25,2023-09-14,CALL,4413.905,4470.0,28.6,29.0,28.8,6,24,20,0.0547945205479452,0.9874507829977628,ATM,17.2,0.0556,0.0064429530201342,51.992667144216284,0.011631469159779929,23.192667144216284,23.192667144216284,80.53009425075099,80.53009425075099
2023-08-25,2023-09-14,CALL,4413.905,4325.0,119.3,122.4,120.85,4,13,20,0.0547945205479452,1.0205560693641618,ATM,17.2,0.0556,0.0279421965317919,132.60842564012773,0.03066090766245728,11.75842564012774,11.75842564012774,9.72976883750744,9.72976883750744
2023-08-25,2023-09-14,CALL,4413.905,4475.0,26.6,27.0,26.8,42,65,20,0.0547945205479452,0.9863474860335196,ATM,17.2,0.0556,0.0059888268156424,50.034585989087645,0.011180913070187183,23.234585989087645,23.234585989087645,86.6962163771927,86.6962163771927
2023-08-25,2023-09-14,CALL,4413.905,4485.0,22.9,23.3,23.1,5,1,20,0.0547945205479452,0.9841482720178372,ATM,17.2,0.0556,0.0051505016722408,46.2768491058348,0.010318138039205083,23.176849105834798,23.176849105834798,100.33268011183895,100.33268011183895
2023-08-25,2023-09-15,CALL,4413.905,4700.0,0.5,0.6,0.55,40,2657,21,0.0575342465753424,0.9391287234042552,OTM,17.2,0.0556,0.0001170212765957,6.228407447642098,0.0013251930739664039,5.6784074476420985,5.6784074476420985,1032.4377177531087,1032.4377177531087
2023-08-25,2023-09-15,CALL,4413.905,4695.0,0.5,0.6,0.55,6,678,21,0.0575342465753424,0.9401288604898828,OTM,17.2,0.0556,0.0001171458998935,6.593210284922122,0.0014043046400260112,6.0432102849221225,6.0432102849221225,1098.7655063494767,1098.7655063494767
2023-08-25,2023-09-15,CALL,4413.905,4690.0,0.55,0.65,0.6000000000000001,17,717,21,0.0575342465753424,0.941131130063966,OTM,17.2,0.0556,0.0001279317697228,6.976225727267035,0.0014874681721251675,6.376225727267036,6.376225727267036,1062.704287877839,1062.704287877839
2023-08-25,2023-09-15,CALL,4413.905,4685.0,0.6,0.7,0.6499999999999999,1,402,21,0.0575342465753424,0.9421355389541088,OTM,17.2,0.0556,0.0001387406616862,7.378157412254268,0.0015748468329251373,6.7281574122542676,6.7281574122542676,1035.1011403468106,1035.1011403468106
2023-08-25,2023-09-15,CALL,4413.905,4680.0,0.7,0.75,0.725,7,345,21,0.0575342465753424,0.943142094017094,OTM,17.2,0.0556,0.0001549145299145,7.7997238353983676,0.0016666076571364033,7.074723835398368,7.074723835398368,975.8239772963266,975.8239772963266
2023-08-25,2023-09-15,CALL,4413.905,4675.0,0.75,0.85,0.8,68,1007,21,0.0575342465753424,0.9441508021390372,OTM,17.2,0.0556,0.0001711229946524,8.241657953961578,0.0017629214874784124,7.441657953961578,7.441657953961578,930.2072442451972,930.2072442451972
2023-08-25,2023-09-15,CALL,4413.905,4670.0,0.8,0.9,0.8500000000000001,9,602,21,0.0575342465753424,0.945161670235546,OTM,17.2,0.0556,0.0001820128479657,8.704706743307213,0.0018639629000657843,7.854706743307213,7.854706743307213,924.0831462714367,924.0831462714367
2023-08-25,2023-09-15,CALL,4413.905,4770.0,0.2,0.3,0.25,3,262,21,0.0575342465753424,0.9253469601677148,OTM,17.2,0.0556,5.241090146750524e-05,2.677010136580776,0.0005612180579833912,2.427010136580776,2.427010136580776,970.8040546323105,970.8040546323105
2023-08-25,2023-09-15,CALL,4413.905,4780.0,0.15,0.25,0.2,2,450,21,0.0575342465753424,0.9234110878661088,OTM,17.2,0.0556,4.184100418410042e-05,2.355659981202024,0.0004928158956489589,2.1556599812020236,2.1556599812020236,1077.8299906010118,1077.8299906010118
2023-08-25,2023-09-15,CALL,4413.905,4850.0,0.1,0.15,0.125,18,774,21,0.0575342465753424,0.9100835051546392,OTM,17.2,0.0556,2.577319587628866e-05,0.9149095930850564,0.0001886411532134137,0.7899095930850564,0.7899095930850564,631.9276744680451,631.9276744680451
2023-08-25,2023-09-18,CALL,4413.905,4250.0,187.4,189.5,188.45,1,6,24,0.0657534246575342,1.0385658823529411,ITM,17.2,0.0556,0.0443411764705882,197.16919532715065,0.046392751841682504,8.719195327150658,8.719195327150658,4.626795079411334,4.626795079411334
2023-08-25,2023-09-18,CALL,4413.905,4180.0,251.4,253.6,252.5,1,30,24,0.0657534246575342,1.0559581339712918,ITM,17.2,0.0556,0.0604066985645933,257.452844915842,0.061591589692785165,4.952844915841979,4.952844915841979,1.9615227389473184,1.9615227389473184
2023-08-25,2023-09-15,CALL,4413.905,4800.0,0.15,0.2,0.175,34,1084,21,0.0575342465753424,0.9195635416666668,OTM,17.2,0.0556,3.645833333333333e-05,1.8141769902745182,0.00037795353964052464,1.6391769902745181,1.6391769902745181,936.6725658711533,936.6725658711533
2023-08-25,2023-09-15,CALL,4413.905,4390.0,74.4,74.7,74.55000000000001,160,361,21,0.0575342465753424,1.0054453302961277,ATM,17.2,0.0556,0.0169817767653758,92.87009433575349,0.021154918983087356,18.32009433575348,18.32009433575348,24.57423787492083,24.57423787492083
2023-08-25,2023-09-15,CALL,4413.905,4385.0,77.7,78.1,77.9,102,145,21,0.0575342465753424,1.0065917901938426,ATM,17.2,0.0556,0.0177651083238312,95.76170298862053,0.02183847274540947,17.86170298862052,17.86170298862052,22.929015389756767,22.929015389756767
2023-08-25,2023-09-14,CALL,4413.905,4500.0,18.2,18.5,18.35,35,54,20,0.0547945205479452,0.9808677777777776,ATM,17.2,0.0556,0.0040777777777777,41.0283373759778,0.009117408305772845,22.678337375977797,22.678337375977797,123.58766962385721,123.58766962385721
2023-08-25,2023-09-14,CALL,4413.905,4490.0,21.3,21.6,21.450000000000003,41,33,20,0.0547945205479452,0.9830523385300668,ATM,17.2,0.0556,0.0047772828507795,44.47616437102738,0.009905604536977145,23.026164371027377,23.026164371027377,107.34808564581526,107.34808564581526
2023-08-25,2023-09-14,CALL,4413.905,4480.0,24.8,25.1,24.950000000000003,1,48,20,0.0547945205479452,0.9852466517857142,ATM,17.2,0.0556,0.0055691964285714,48.129479028963715,0.010743187283250829,23.179479028963712,23.179479028963712,92.90372356298079,92.90372356298079
2023-08-25,2023-09-14,CALL,4413.905,4310.0,130.6,134.8,132.7,2,2,20,0.0547945205479452,1.0241078886310904,ATM,17.2,0.0556,0.0307888631090487,143.4806725908993,0.03329017925542907,10.780672590899314,10.780672590899314,8.12409388914794,8.12409388914794
2023-08-25,2023-09-14,CALL,4413.905,4300.0,139.8,143.2,141.5,1,8,20,0.0547945205479452,1.0264895348837209,ATM,17.2,0.0556,0.032906976744186,150.96247797211663,0.035107553016771306,9.46247797211663,9.46247797211663,6.687263584534721,6.687263584534721
2023-08-25,2023-09-14,CALL,4413.905,4260.0,173.5,178.0,175.75,6,1,20,0.0547945205479452,1.0361279342723004,ITM,17.2,0.0556,0.0412558685446009,182.60954781123974,0.042866091035502284,6.859547811239736,6.859547811239736,3.9030144018433774,3.9030144018433774
2023-08-25,2023-09-15,CALL,4413.905,4335.0,114.2,115.5,114.85,26,100,21,0.0575342465753424,1.01820184544406,ATM,17.2,0.0556,0.0264936562860438,127.57144328528375,0.02942824527918887,12.721443285283755,12.721443285283755,11.076572298897478,11.076572298897478
2023-08-25,2023-09-15,CALL,4413.905,4380.0,81.1,81.7,81.4,110,324,21,0.0575342465753424,1.0077408675799089,ATM,17.2,0.0556,0.0185844748858447,98.70699334060009,0.02253584322844751,17.306993340600087,17.306993340600087,21.26166258058979,21.26166258058979
2023-08-25,2023-09-15,CALL,4413.905,4375.0,84.8,85.1,84.94999999999999,84,720,21,0.0575342465753424,1.0088925714285717,ATM,17.2,0.0556,0.0194171428571428,101.70568597260899,0.02324701393659634,16.755685972609,16.755685972609,19.72417418788582,19.72417418788582
2023-08-25,2023-09-15,CALL,4413.905,4370.0,88.3,88.6,88.44999999999999,167,545,21,0.0575342465753424,1.0100469107551486,ATM,17.2,0.0556,0.0202402745995423,104.75746192861925,0.023971959251400287,16.30746192861926,16.30746192861926,18.43692699674309,18.43692699674309
2023-08-25,2023-09-15,CALL,4413.905,4365.0,91.9,92.3,92.1,60,95,21,0.0575342465753424,1.0112038946162656,ATM,17.2,0.0556,0.0210996563573883,107.86196330330358,0.024710644513929802,15.761963303303588,15.761963303303588,17.113966670253625,17.113966670253625
2023-08-25,2023-09-15,CALL,4413.905,4360.0,95.6,95.9,95.75,64,442,21,0.0575342465753424,1.0123635321100917,ATM,17.2,0.0556,0.0219610091743119,111.01879391820648,0.02546302612802901,15.268793918206484,15.268793918206484,15.946521063401027,15.946521063401027
2023-08-25,2023-09-15,CALL,4413.905,4355.0,99.3,99.7,99.5,87,281,21,0.0575342465753424,1.0135258323765786,ATM,17.2,0.0556,0.0228473019517795,114.22752008438738,0.026229051684130283,14.727520084387379,14.727520084387379,14.80152772300239,14.80152772300239
2023-08-25,2023-09-15,CALL,4413.905,4350.0,102.9,103.9,103.4,157,1518,21,0.0575342465753424,1.014690804597701,ATM,17.2,0.0556,0.0237701149425287,117.48767144913245,0.02700866010324884,14.087671449132444,14.087671449132444,13.624440473048786,13.624440473048786
2023-08-25,2023-09-15,CALL,4413.905,4345.0,106.6,107.7,107.15,51,207,21,0.0575342465753424,1.0158584579976984,ATM,17.2,0.0556,0.0246605293440736,120.79874192402349,0.027801781800695854,13.648741924023483,13.648741924023483,12.73797659731543,12.73797659731543
2023-08-25,2023-09-15,CALL,4413.905,4340.0,109.9,112.1,111.0,44,380,21,0.0575342465753424,1.017028801843318,ATM,17.2,0.0556,0.0255760368663594,124.16019069131153,0.02860833886896579,13.160190691311527,13.160190691311527,11.856027649830205,11.856027649830205
2023-08-25,2023-09-15,CALL,4413.905,4275.0,163.4,165.4,164.4,25,845,21,0.0575342465753424,1.032492397660819,ITM,17.2,0.0556,0.0384561403508771,172.14166346323782,0.04026705578087434,7.741663463237813,7.741663463237813,4.709041036032733,4.709041036032733
2023-08-25,2023-09-15,CALL,4413.905,4270.0,167.8,169.8,168.8,3,189,21,0.0575342465753424,1.0337014051522249,ITM,17.2,0.0556,0.0395316159250585,176.13513690997388,0.04124944658313206,7.335136909973869,7.335136909973869,4.345460254723855,4.345460254723855
2023-08-25,2023-09-15,CALL,4413.905,4160.0,269.0,270.9,269.95,4,136,21,0.0575342465753424,1.0610348557692306,ITM,17.2,0.0556,0.0648918269230769,272.20550140573823,0.06543401476099477,2.2555014057382436,2.2555014057382436,0.835525617980457,0.835525617980457
2023-08-25,2023-09-15,CALL,4413.905,4150.0,278.2,280.3,279.25,4,179,21,0.0575342465753424,1.06359156626506,ITM,17.2,0.0556,0.067289156626506,281.5353886107114,0.06783985267727985,2.2853886107113794,2.2853886107113794,0.818402367309357,0.818402367309357
2023-08-25,2023-09-15,CALL,4413.905,4135.0,292.7,294.6,293.65,10,52,21,0.0575342465753424,1.0674498186215235,ITM,17.2,0.0556,0.0710157194679564,295.65912700856006,0.0715016026622878,2.0091270085600854,2.0091270085600854,0.6841910466746418,0.6841910466746418
2023-08-25,2023-09-15,CALL,4413.905,4125.0,302.4,304.2,303.29999999999995,192,266,21,0.0575342465753424,1.0700375757575755,ITM,17.2,0.0556,0.0735272727272727,305.1522494546248,0.07397630289809086,1.8522494546248254,1.8522494546248254,0.6106987980958871,0.6106987980958871
2023-08-25,2023-09-15,CALL,4413.905,4185.0,244.8,247.1,245.95,10,81,21,0.0575342465753424,1.0546965352449222,ITM,17.2,0.0556,0.0587694145758661,249.22790825755374,0.059552666250311526,3.2779082575537473,3.2779082575537473,1.3327539164682851,1.3327539164682851
2023-08-25,2023-09-15,CALL,4413.905,4330.0,118.2,119.5,118.85,44,256,21,0.0575342465753424,1.019377598152425,ATM,17.2,0.0556,0.0274480369515011,131.03189274499164,0.030261407100459964,12.181892744991643,12.181892744991643,10.2498045813981,10.2498045813981
2023-08-25,2023-09-15,CALL,4413.905,4285.0,155.1,156.8,155.95,2,69,21,0.0575342465753424,1.0300828471411902,ITM,17.2,0.0556,0.036394399066511,164.27523453144886,0.038337277603605335,8.32523453144887,8.32523453144887,5.338399827796647,5.338399827796647
2023-08-25,2023-09-15,CALL,4413.905,4295.0,146.7,148.2,147.45,2,104,21,0.0575342465753424,1.027684516880093,ATM,17.2,0.0556,0.0343306169965075,156.57533401836554,0.03645525821149372,9.12533401836555,9.12533401836555,6.188765017541913,6.188765017541913
2023-08-25,2023-09-15,CALL,4413.905,4300.0,141.9,144.0,142.95,71,2953,21,0.0575342465753424,1.0264895348837209,ATM,17.2,0.0556,0.0332441860465116,152.78995973554538,0.03553254877570823,9.839959735545392,9.839959735545392,6.883497541479813,6.883497541479813
2023-08-25,2023-09-14,CALL,4413.905,4340.0,106.5,110.9,108.7,2,6,20,0.0547945205479452,1.017028801843318,ATM,17.2,0.0556,0.0250460829493087,122.1750777300008,0.02815093956912461,13.475077730000791,13.475077730000791,12.396575648574785,12.396575648574785
2023-08-25,2023-09-14,CALL,4413.905,4400.0,65.5,66.0,65.75,77,47,20,0.0547945205479452,1.0031602272727271,ATM,17.2,0.0556,0.0149431818181818,85.15485273205559,0.019353375620921723,19.404852732055588,19.404852732055588,29.51308400312637,29.51308400312637
2023-08-25,2023-09-14,CALL,4413.905,4395.0,68.8,69.2,69.0,8,3,20,0.0547945205479452,1.004301478953356,ATM,17.2,0.0556,0.0156996587030716,87.94053036114656,0.020009221925175555,18.940530361146557,18.940530361146557,27.450044001661677,27.450044001661677
2023-08-25,2023-09-14,CALL,4413.905,4385.0,75.5,75.9,75.7,2,7,20,0.0547945205479452,1.0065917901938426,ATM,17.2,0.0556,0.0172633979475484,93.67803500864102,0.021363291906189515,17.978035008641015,17.978035008641015,23.749055493581263,23.749055493581263
2023-08-25,2023-09-14,CALL,4413.905,4380.0,78.9,79.4,79.15,3,9,20,0.0547945205479452,1.0077408675799089,ATM,17.2,0.0556,0.0180707762557077,96.62939291056819,0.02206150523072333,17.47939291056818,17.47939291056818,22.083882388588982,22.083882388588982
2023-08-25,2023-09-14,CALL,4413.905,4375.0,82.4,82.9,82.65,48,22,20,0.0547945205479452,1.0088925714285717,ATM,17.2,0.0556,0.0188914285714285,99.63543647986808,0.022773814052541273,16.98543647986807,16.98543647986807,20.551042322889376,20.551042322889376
2023-08-25,2023-09-14,CALL,4413.905,4370.0,86.0,86.5,86.25,3,4,20,0.0547945205479452,1.0100469107551486,ATM,17.2,0.0556,0.0197368421052631,102.69582399497767,0.02350018855720313,16.445823994977673,16.445823994977673,19.067622023162517,19.067622023162517
2023-08-25,2023-09-14,CALL,4413.905,4365.0,89.6,90.1,89.85,5,13,20,0.0547945205479452,1.0112038946162656,ATM,17.2,0.0556,0.0205841924398625,105.81017196860284,0.024240589225338567,15.96017196860285,15.96017196860285,17.76312962560139,17.76312962560139
2023-08-25,2023-09-15,CALL,4413.905,4705.0,0.45,0.55,0.5,19,1110,21,0.0575342465753424,0.9381307120085016,OTM,17.2,0.0556,0.000106269925611,5.881128785480655,0.0012499742370840924,5.381128785480655,5.381128785480655,1076.225757096131,1076.225757096131
2023-08-25,2023-09-14,CALL,4413.905,4360.0,93.3,93.8,93.55,23,50,20,0.0547945205479452,1.0123635321100917,ATM,17.2,0.0556,0.0214564220183486,108.9780559146584,0.024994966952903302,15.428055914658401,15.428055914658401,16.49177542988605,16.49177542988605
2023-08-25,2023-09-14,CALL,4413.905,4350.0,100.5,102.7,101.6,21,29,20,0.0547945205479452,1.014690804597701,ATM,17.2,0.0556,0.0233563218390804,115.4725340632408,0.026545410129480643,13.872534063240806,13.872534063240806,13.654068959882682,13.654068959882682
2023-08-25,2023-09-14,CALL,4413.905,4345.0,102.8,106.6,104.7,2,3,20,0.0547945205479452,1.0158584579976984,ATM,17.2,0.0556,0.02409666283084,118.79808254188538,0.027341330849685933,14.098082541885375,14.098082541885375,13.465217327493196,13.465217327493196
2023-08-25,2023-09-15,CALL,4413.905,4100.0,326.5,328.3,327.4,192,336,21,0.0575342465753424,1.076562195121951,ITM,17.2,0.0556,0.0798536585365853,329.11578299536086,0.08027214219399045,1.7157829953608825,1.7157829953608825,0.5240632239953826,0.5240632239953826
2023-08-25,2023-09-15,CALL,4413.905,4325.0,121.6,123.5,122.55,24,650,21,0.0575342465753424,1.0205560693641618,ATM,17.2,0.0556,0.0283352601156069,134.54090083446226,0.03110772273629185,11.990900834462266,11.990900834462266,9.78449680494677,9.78449680494677
2023-08-25,2023-09-15,CALL,4413.905,4320.0,125.5,127.4,126.45,7,330,21,0.0575342465753424,1.0217372685185184,ATM,17.2,0.0556,0.0292708333333333,138.09779932626043,0.0319670831773751,11.647799326260426,11.647799326260426,9.211387367544821,9.211387367544821
2023-08-25,2023-09-15,CALL,4413.905,4315.0,129.6,131.6,130.6,5,83,21,0.0575342465753424,1.0229212050984935,ATM,17.2,0.0556,0.0302665121668597,141.70189134404427,0.03283937226976692,11.101891344044276,11.101891344044276,8.500682499268205,8.500682499268205
2023-08-25,2023-09-15,CALL,4413.905,4310.0,133.6,136.1,134.85,3,727,21,0.0575342465753424,1.0241078886310904,ATM,17.2,0.0556,0.0312877030162413,145.35245275953957,0.033724466997572984,10.50245275953958,10.50245275953958,7.788248245858049,7.788248245858049
2023-08-25,2023-09-15,CALL,4413.905,4305.0,138.0,139.9,138.95,6,260,21,0.0575342465753424,1.0252973286875726,ATM,17.2,0.0556,0.0322764227642276,149.0487336391907,0.03462223777913837,10.098733639190698,10.098733639190698,7.267890348463979,7.267890348463979
2023-08-25,2023-09-14,CALL,4413.905,4355.0,97.1,97.5,97.3,25,50,20,0.0547945205479452,1.0135258323765786,ATM,17.2,0.0556,0.0223421354764638,112.19901121216753,0.025763263194527562,14.899011212167537,14.899011212167537,15.312447288969718,15.312447288969718
2023-08-25,2023-09-15,CALL,4413.905,4260.0,176.3,178.9,177.60000000000002,2,319,21,0.0575342465753424,1.0361279342723004,ITM,17.2,0.0556,0.0416901408450704,184.23810336809174,0.043248381072322005,6.63810336809172,6.63810336809172,3.737670815366959,3.737670815366959
2023-08-25,2023-09-15,CALL,4413.905,4710.0,0.4,0.5,0.45,14,789,21,0.0575342465753424,0.9371348195329088,OTM,17.2,0.0556,9.554140127388536e-05,5.550701380386329,0.0011784928620777767,5.100701380386329,5.100701380386329,1133.4891956414065,1133.4891956414065
2023-08-25,2023-09-15,CALL,4413.905,4720.0,0.35,0.45,0.4,28,905,21,0.0575342465753424,0.9351493644067796,OTM,17.2,0.0556,8.474576271186441e-05,4.937787745793742,0.0010461414715664708,4.537787745793741,4.537787745793741,1134.4469364484353,1134.4469364484353
2023-08-25,2023-09-15,CALL,4413.905,4620.0,2.2,2.3,2.25,137,397,21,0.0575342465753424,0.9553906926406924,OTM,17.2,0.0556,0.0004870129870129,14.669725583452077,0.00317526527780348,12.419725583452077,12.419725583452077,551.9878037089812,551.9878037089812
2023-08-25,2023-09-15,CALL,4413.905,4615.0,2.45,2.55,2.5,77,572,21,0.0575342465753424,0.9564257854821234,OTM,17.2,0.0556,0.0005417118093174,15.417753630731113,0.0033407916859655717,12.917753630731113,12.917753630731113,516.7101452292445,516.7101452292445
2023-08-25,2023-09-15,CALL,4413.905,4610.0,2.7,2.8,2.75,126,683,21,0.0575342465753424,0.9574631236442516,OTM,17.2,0.0556,0.0005965292841648,16.19672470890214,0.0035133893077878824,13.446724708902138,13.446724708902138,488.9718075964414,488.9718075964414
2023-08-25,2023-09-15,CALL,4413.905,4605.0,2.95,3.1,3.0250000000000004,46,1415,21,0.0575342465753424,0.9585027144408252,OTM,17.2,0.0556,0.0006568946796959,17.007505191438554,0.003693269314101749,13.982505191438554,13.982505191438554,462.2315765764811,462.2315765764811
2023-08-25,2023-09-15,CALL,4413.905,4600.0,3.3,3.4,3.35,494,5921,21,0.0575342465753424,0.9595445652173912,OTM,17.2,0.0556,0.0007282608695652,17.85096408660843,0.003880644366654006,14.500964086608429,14.500964086608429,432.86459960025155,432.86459960025155
2023-08-25,2023-09-15,CALL,4413.905,4595.0,3.6,3.7,3.65,202,695,21,0.0575342465753424,0.960588683351469,OTM,17.2,0.0556,0.0007943416757344,18.727971871087448,0.004075728372380293,15.077971871087447,15.077971871087447,413.0951197558205,413.0951197558205
2023-08-25,2023-09-15,CALL,4413.905,4590.0,4.0,4.1,4.05,36,1048,21,0.0575342465753424,0.9616350762527232,OTM,17.2,0.0556,0.0008823529411764,19.639399283058765,0.004278736227245918,15.589399283058764,15.589399283058764,384.92343908787075,384.92343908787075
2023-08-25,2023-09-15,CALL,4413.905,4585.0,4.4,4.5,4.45,178,417,21,0.0575342465753424,0.9626837513631408,OTM,17.2,0.0556,0.0009705561613958,20.586116076940243,0.0044898835500414925,16.136116076940244,16.136116076940244,362.60935004360095,362.60935004360095
2023-08-25,2023-09-15,CALL,4413.905,4580.0,4.8,5.0,4.9,494,1692,21,0.0575342465753424,0.9637347161572052,OTM,17.2,0.0556,0.0010698689956331,21.568989742068993,0.004709386406565283,16.668989742068995,16.668989742068995,340.18346412385705,340.18346412385705
2023-08-25,2023-09-15,CALL,4413.905,4575.0,5.3,5.5,5.4,156,2371,21,0.0575342465753424,0.9647879781420764,OTM,17.2,0.0556,0.0011803278688524,22.588884187892745,0.00493746102467601,17.188884187892747,17.188884187892747,318.31267014616196,318.31267014616196
2023-08-25,2023-09-15,CALL,4413.905,4505.0,18.3,18.5,18.4,108,722,21,0.0575342465753424,0.9797791342952274,ATM,17.2,0.0556,0.0040843507214206,41.21792142420213,0.009149372125239096,22.817921424202133,22.817921424202133,124.01044252283768,124.01044252283768
2023-08-25,2023-09-15,CALL,4413.905,4500.0,19.8,20.0,19.9,342,2968,21,0.0575342465753424,0.9808677777777776,ATM,17.2,0.0556,0.0044222222222222,42.890071130607566,0.009531126917912792,22.990071130607568,22.990071130607568,115.5279956311938,115.5279956311938
2023-08-25,2023-09-15,CALL,4413.905,4440.0,44.5,44.8,44.65,319,1537,21,0.0575342465753424,0.9941227477477476,ATM,17.2,0.0556,0.0100563063063063,66.93898632743822,0.015076348271945544,22.288986327438217,22.288986327438217,49.91934227869701,49.91934227869701
2023-08-25,2023-09-15,CALL,4413.905,4435.0,47.1,47.5,47.3,49,509,21,0.0575342465753424,0.9952435174746336,ATM,17.2,0.0556,0.0106651634723788,69.28734465014304,0.015622851104880054,21.987344650143044,21.987344650143044,46.484872410450414,46.484872410450414
2023-08-25,2023-09-15,CALL,4413.905,4430.0,49.9,50.2,50.05,133,716,21,0.0575342465753424,0.996366817155756,ATM,17.2,0.0556,0.0112979683972911,71.68994073419663,0.01618283086550714,21.639940734196628,21.639940734196628,43.23664482356969,43.23664482356969
2023-08-25,2023-09-15,CALL,4413.905,4425.0,52.7,53.0,52.85,117,1019,21,0.0575342465753424,0.9974926553672316,ATM,17.2,0.0556,0.0119435028248587,74.1469025976512,0.016756362168960724,21.296902597651204,21.296902597651204,40.29688287162006,40.29688287162006
2023-08-25,2023-09-15,CALL,4413.905,4420.0,55.5,55.9,55.7,51,1366,21,0.0575342465753424,0.9986210407239818,ATM,17.2,0.0556,0.0126018099547511,76.65831791807523,0.01734351084119349,20.958317918075224,20.958317918075224,37.62714168415659,37.62714168415659
2023-08-25,2023-09-15,CALL,4413.905,4625.0,2.0,2.1,2.05,70,1282,21,0.0575342465753424,0.9543578378378378,OTM,17.2,0.0556,0.0004432432432432,13.951777952354746,0.003016600638346972,11.901777952354745,11.901777952354745,580.5745342612072,580.5745342612072
2023-08-25,2023-09-15,CALL,4413.905,4415.0,58.5,58.9,58.7,163,451,21,0.0575342465753424,0.9997519818799546,ATM,17.2,0.0556,0.013295583238958,79.2242336985355,0.017944333793552775,20.524233698535497,20.524233698535497,34.96462299580152,34.96462299580152
2023-08-25,2023-09-15,CALL,4413.905,4630.0,1.8,1.9,1.85,24,594,21,0.0575342465753424,0.953327213822894,OTM,17.2,0.0556,0.0003995680345572,13.263052961341486,0.0028645902724279667,11.413052961341487,11.413052961341487,616.9217816941343,616.9217816941343
2023-08-25,2023-09-15,CALL,4413.905,4640.0,1.45,1.55,1.5,17,1053,21,0.0575342465753424,0.9512726293103448,OTM,17.2,0.0556,0.0003232758620689,11.969870146801554,0.0025797133937072317,10.469870146801554,10.469870146801554,697.9913431201036,697.9913431201036
2023-08-25,2023-09-11,CALL,4413.905,4440.0,34.2,34.6,34.400000000000006,7,134,17,0.0465753424657534,0.9941227477477476,ATM,17.2,0.0556,0.0077477477477477,58.42181673424511,0.013158066832037187,24.021816734245107,24.021816734245107,69.83086259954972,69.83086259954972
2023-08-25,2023-09-11,CALL,4413.905,4435.0,36.7,37.1,36.900000000000006,6,44,17,0.0465753424657534,0.9952435174746336,ATM,17.2,0.0556,0.0083201803833145,60.73174238799629,0.013693741237428702,23.831742387996286,23.831742387996286,64.58466771814712,64.58466771814712
2023-08-25,2023-09-08,CALL,4413.905,4530.0,5.4,5.6,5.5,173,1951,14,0.0383561643835616,0.9743719646799116,ATM,17.2,0.0556,0.00121412803532,21.228622327749463,0.00468623009442593,15.728622327749463,15.728622327749463,285.97495141362657,285.97495141362657
2023-08-25,2023-09-15,CALL,4413.905,4555.0,7.7,7.9,7.800000000000001,106,956,21,0.0575342465753424,0.9690241492864984,OTM,17.2,0.0556,0.0017124039517014,27.055746568498762,0.005939790684632001,19.25574656849876,19.25574656849876,246.8685457499841,246.8685457499841
2023-08-25,2023-09-15,CALL,4413.905,4550.0,8.5,8.7,8.6,308,6080,21,0.0575342465753424,0.9700890109890108,ATM,17.2,0.0556,0.0018901098901098,28.273482609960183,0.006213952221969271,19.673482609960182,19.673482609960182,228.76142569721142,228.76142569721142
2023-08-25,2023-09-15,CALL,4413.905,4545.0,9.3,9.5,9.4,61,564,21,0.0575342465753424,0.971156215621562,ATM,17.2,0.0556,0.002068206820682,29.53327059831372,0.006497969328561875,20.13327059831372,20.13327059831372,214.1837297692949,214.1837297692949
2023-08-25,2023-09-15,CALL,4413.905,4540.0,10.1,10.3,10.2,114,669,21,0.0575342465753424,0.97222577092511,ATM,17.2,0.0556,0.0022466960352422,30.83591038415034,0.006792050745407564,20.63591038415034,20.63591038415034,202.31284690343472,202.31284690343472
2023-08-25,2023-09-15,CALL,4413.905,4560.0,7.0,7.2,7.1,1934,2279,21,0.0575342465753424,0.9679616228070176,OTM,17.2,0.0556,0.0015570175438596,25.879249158099128,0.005675273938179634,18.779249158099127,18.779249158099127,264.4964670154807,264.4964670154807
2023-08-25,2023-09-15,CALL,4413.905,4535.0,11.1,11.3,11.2,77,495,21,0.0575342465753424,0.973297684674752,ATM,17.2,0.0556,0.0024696802646085,32.1821868853101,0.00709640284130322,20.982186885310103,20.982186885310103,187.34095433312592,187.34095433312592
2023-08-25,2023-09-15,CALL,4413.905,4530.0,12.1,12.3,12.2,106,488,21,0.0575342465753424,0.9743719646799116,ATM,17.2,0.0556,0.0026931567328918,33.5728686172763,0.007411229275336931,21.3728686172763,21.3728686172763,175.18744768259262,175.18744768259262
2023-08-25,2023-09-15,CALL,4413.905,4525.0,13.1,13.4,13.25,266,1780,21,0.0575342465753424,0.9754486187845304,ATM,17.2,0.0556,0.0029281767955801,35.00870622571938,0.007736730657617543,21.75870622571938,21.75870622571938,164.21665076014625,164.21665076014625
2023-08-25,2023-09-15,CALL,4413.905,4520.0,14.3,14.6,14.45,87,511,21,0.0575342465753424,0.9765276548672566,ATM,17.2,0.0556,0.0031969026548672,36.49043102555743,0.008073104209194121,22.040431025557428,22.040431025557428,152.5289344329234,152.5289344329234
2023-08-25,2023-09-15,CALL,4413.905,4515.0,15.6,15.8,15.7,24,1061,21,0.0575342465753424,0.9776090808416388,ATM,17.2,0.0556,0.0034772978959025,38.01875355095672,0.008420543422138807,22.318753550956718,22.318753550956718,142.15766592966062,142.15766592966062
2023-08-25,2023-09-15,CALL,4413.905,4510.0,16.8,17.2,17.0,140,447,21,0.0575342465753424,0.9786929046563192,ATM,17.2,0.0556,0.0037694013303769,39.594362120803,0.008779237720798892,22.594362120802998,22.594362120802998,132.90801247531175,132.90801247531175
2023-08-25,2023-09-15,CALL,4413.905,4565.0,6.4,6.6,6.5,60,526,21,0.0575342465753424,0.9669014238773276,OTM,17.2,0.0556,0.0014238773274917,24.74316505897275,0.005420189498132037,18.24316505897275,18.24316505897275,280.66407783035,280.66407783035
2023-08-25,2023-09-15,CALL,4413.905,4570.0,5.8,6.0,5.9,135,1633,21,0.0575342465753424,0.965843544857768,OTM,17.2,0.0556,0.0012910284463894,23.64665839843451,0.005174323500751534,17.746658398434512,17.746658398434512,300.79082031244934,300.79082031244934
2023-08-25,2023-09-15,CALL,4413.905,4650.0,1.2,1.3,1.25,250,1592,21,0.0575342465753424,0.94922688172043,OTM,17.2,0.0556,0.000268817204301,10.78344982410215,0.002319021467548849,9.53344982410215,9.53344982410215,762.6759859281719,762.6759859281719
2023-08-25,2023-09-15,CALL,4413.905,4635.0,1.6,1.75,1.675,8,275,21,0.0575342465753424,0.9522988133764833,OTM,17.2,0.0556,0.000361380798274,12.602698707167406,0.002719028847285309,10.927698707167405,10.927698707167405,652.3999228159645,652.3999228159645
2023-08-25,2023-09-15,CALL,4413.905,4410.0,61.6,61.9,61.75,304,340,21,0.0575342465753424,1.0008854875283446,ATM,17.2,0.0556,0.0140022675736961,81.8446560234438,0.01855887891688068,20.094656023443804,20.094656023443804,32.54195307440292,32.54195307440292
2023-08-25,2023-09-15,CALL,4413.905,4405.0,64.7,65.1,64.9,145,484,21,0.0575342465753424,1.0020215664018162,ATM,17.2,0.0556,0.014733257661748,84.51954990570857,0.01918718499562056,19.619549905708567,19.619549905708567,30.230431287686542,30.230431287686542
2023-08-25,2023-09-15,CALL,4413.905,4400.0,67.8,68.2,68.0,389,2099,21,0.0575342465753424,1.0031602272727271,ATM,17.2,0.0556,0.0154545454545454,87.24883922626259,0.019829281642332407,19.24883922626259,19.24883922626259,28.307116509209692,28.307116509209692
2023-08-25,2023-09-18,CALL,4413.905,4465.0,34.6,35.1,34.85,6,32,24,0.0657534246575342,0.9885565509518476,ATM,17.2,0.0556,0.0078051511758118,61.79593131669208,0.013840074203066535,26.945931316692075,26.945931316692075,77.31974552852819,77.31974552852819
2023-08-25,2023-09-18,CALL,4413.905,4460.0,36.9,37.3,37.1,14,31,24,0.0657534246575342,0.989664798206278,ATM,17.2,0.0556,0.0083183856502242,63.91650772667185,0.014331055544096827,26.81650772667185,26.81650772667185,72.28169198563842,72.28169198563842
2023-08-25,2023-09-18,CALL,4413.905,4450.0,41.6,42.1,41.85,52,711,24,0.0657534246575342,0.9918887640449436,ATM,17.2,0.0556,0.0094044943820224,68.3071707238505,0.015349926005359664,26.457170723850503,26.457170723850503,63.21904593512665,63.21904593512665
2023-08-25,2023-09-18,CALL,4413.905,4445.0,44.1,44.6,44.35,2,39,24,0.0657534246575342,0.9930044994375704,ATM,17.2,0.0556,0.0099775028121484,70.57774926220713,0.015878008832892494,26.227749262207134,26.227749262207134,59.13810431162826,59.13810431162826
2023-08-25,2023-09-18,CALL,4413.905,4440.0,46.6,47.2,46.900000000000006,37,64,24,0.0657534246575342,0.9941227477477476,ATM,17.2,0.0556,0.010563063063063,72.89876843018874,0.016418641538330798,25.998768430188733,25.998768430188733,55.43447426479474,55.43447426479474
2023-08-25,2023-09-18,CALL,4413.905,4425.0,54.9,55.4,55.15,304,17,24,0.0657534246575342,0.9974926553672316,ATM,17.2,0.0556,0.0124632768361581,80.16597915319608,0.018116605458349394,25.015979153196078,25.015979153196078,45.35988967034647,45.35988967034647
2023-08-25,2023-09-18,CALL,4413.905,4420.0,57.7,58.5,58.1,6,28,24,0.0657534246575342,0.9986210407239818,ATM,17.2,0.0556,0.0131447963800904,82.69010703514186,0.018708169012475535,24.590107035141862,24.590107035141862,42.3237642601409,42.3237642601409
2023-08-25,2023-09-18,CALL,4413.905,4415.0,60.9,61.3,61.1,2,26,24,0.0657534246575342,0.9997519818799546,ATM,17.2,0.0556,0.0138391845979614,85.26518431086924,0.019312612527943203,24.165184310869243,24.165184310869243,39.55021982138992,39.55021982138992
2023-08-25,2023-09-18,CALL,4413.905,4410.0,63.8,64.5,64.15,5,45,24,0.0657534246575342,1.0008854875283446,ATM,17.2,0.0556,0.0145464852607709,87.8912132226551,0.01992998032259753,23.74121322265509,23.74121322265509,37.008906036874656,37.008906036874656
2023-08-25,2023-09-18,CALL,4413.905,4400.0,70.0,71.2,70.6,10,824,24,0.0657534246575342,1.0031602272727271,ATM,17.2,0.0556,0.0160454545454545,93.29596688577976,0.021203628837677218,22.695966885779768,22.695966885779768,32.147261877875025,32.147261877875025
2023-08-25,2023-09-15,CALL,4413.905,4755.0,0.2,0.3,0.25,50,528,21,0.0575342465753424,0.92826603575184,OTM,17.2,0.0556,5.257623554153522e-05,3.2320715278593184,0.0006797206157432847,2.9820715278593184,2.9820715278593184,1192.8286111437274,1192.8286111437274
2023-08-25,2023-09-15,CALL,4413.905,4750.0,0.25,0.35,0.3,92,1513,21,0.0575342465753424,0.9292431578947368,OTM,17.2,0.0556,6.31578947368421e-05,3.4384634877619646,0.0007238870500551504,3.138463487761965,3.138463487761965,1046.1544959206549,1046.1544959206549
2023-08-25,2023-09-15,CALL,4413.905,4745.0,0.25,0.35,0.3,4,386,21,0.0575342465753424,0.930222339304531,OTM,17.2,0.0556,6.322444678609062e-05,3.6563778573375316,0.0007705748909035894,3.356377857337532,3.356377857337532,1118.7926191125107,1118.7926191125107
2023-08-25,2023-09-15,CALL,4413.905,4740.0,0.25,0.35,0.3,2,596,21,0.0575342465753424,0.9312035864978904,OTM,17.2,0.0556,6.329113924050633e-05,3.8863411017679823,0.0008199031860270005,3.5863411017679825,3.5863411017679825,1195.447033922661,1195.447033922661
2023-08-25,2023-09-15,CALL,4413.905,4735.0,0.3,0.4,0.35,7,3057,21,0.0575342465753424,0.9321869060190072,OTM,17.2,0.0556,7.391763463569166e-05,4.1288961135207956,0.0008719949553370213,3.7788961135207955,3.7788961135207955,1079.6846038630845,1079.6846038630845
2023-08-25,2023-09-15,CALL,4413.905,4730.0,0.3,0.4,0.35,30,704,21,0.0575342465753424,0.9331723044397462,OTM,17.2,0.0556,7.399577167019027e-05,4.3846022545533,0.0009269772208357928,4.034602254553301,4.034602254553301,1152.743501300943,1152.743501300943
2023-08-25,2023-09-15,CALL,4413.905,4725.0,0.35,0.4,0.375,34,962,21,0.0575342465753424,0.9341597883597884,OTM,17.2,0.0556,7.936507936507937e-05,4.65403536630248,0.0009849810299052868,4.27903536630248,4.27903536630248,1141.0760976806614,1141.0760976806614
2023-08-25,2023-09-18,CALL,4413.905,4395.0,73.0,74.3,73.65,81,16,24,0.0657534246575342,1.004301478953356,ATM,17.2,0.0556,0.0167576791808873,96.07452799415432,0.02185996086328881,22.424527994154317,22.424527994154317,30.447424296204098,30.447424296204098
2023-08-25,2023-09-18,CALL,4413.905,4350.0,105.5,106.0,105.75,1,38,24,0.0657534246575342,1.014690804597701,ATM,17.2,0.0556,0.0243103448275862,123.33292159905659,0.028352395769898068,17.58292159905659,17.58292159905659,16.626876216601975,16.626876216601975
2023-08-25,2023-09-18,CALL,4413.905,4310.0,136.1,138.6,137.35,16,5,24,0.0657534246575342,1.0241078886310904,ATM,17.2,0.0556,0.0318677494199535,150.82253156477282,0.03499362681317235,13.472531564772822,13.472531564772822,9.808905398451271,9.808905398451271
2023-08-25,2023-09-18,CALL,4413.905,4385.0,79.8,81.1,80.44999999999999,1,64,24,0.0657534246575342,1.0065917901938426,ATM,17.2,0.0556,0.0183466362599771,101.78335795245766,0.023211712189842113,21.333357952457675,21.333357952457675,26.517536298890832,26.517536298890832
2023-08-25,2023-09-15,CALL,4413.905,4395.0,71.1,71.5,71.3,174,308,21,0.0575342465753424,1.004301478953356,ATM,17.2,0.0556,0.0162229806598407,90.03240676675114,0.020485189252958166,18.73240676675114,18.73240676675114,26.272660261923058,26.272660261923058
2023-08-25,2023-09-15,CALL,4413.905,4655.0,1.1,1.2,1.15,24,889,21,0.0575342465753424,0.9482073039742211,OTM,17.2,0.0556,0.0002470461868958,10.228210486781222,0.0021972525213278674,9.078210486781222,9.078210486781222,789.4096075461933,789.4096075461933
2023-08-25,2023-09-15,CALL,4413.905,4445.0,41.9,42.3,42.1,109,872,21,0.0575342465753424,0.9930044994375704,ATM,17.2,0.0556,0.0094713160854893,64.64469782969059,0.014543239106792033,22.544697829690584,22.544697829690584,53.55035113940757,53.55035113940757
2023-08-25,2023-09-15,CALL,4413.905,4450.0,39.5,39.8,39.65,173,3491,21,0.0575342465753424,0.9918887640449436,ATM,17.2,0.0556,0.0089101123595505,62.404271810360115,0.014023431867496656,22.754271810360116,22.754271810360116,57.38782297694859,57.38782297694859
2023-08-25,2023-09-15,CALL,4413.905,4495.0,21.3,21.6,21.450000000000003,178,738,21,0.0575342465753424,0.9819588431590656,ATM,17.2,0.0556,0.0047719688542825,44.61142452919262,0.009924677314614598,23.161424529192615,23.161424529192615,107.97866913376508,107.97866913376508
2023-08-25,2023-09-15,CALL,4413.905,4490.0,22.9,23.3,23.1,182,1261,21,0.0575342465753424,0.9830523385300668,ATM,17.2,0.0556,0.0051447661469933,46.38256720207869,0.010330193140774763,23.28256720207869,23.28256720207869,100.79033420813285,100.79033420813285
2023-08-25,2023-09-15,CALL,4413.905,4485.0,24.7,25.1,24.9,60,289,21,0.0575342465753424,0.9841482720178372,ATM,17.2,0.0556,0.0055518394648829,48.20405573598873,0.010747838514155793,23.304055735988733,23.304055735988733,93.59058528509532,93.59058528509532
2023-08-25,2023-09-15,CALL,4413.905,4480.0,26.5,26.9,26.7,226,1291,21,0.0575342465753424,0.9852466517857142,ATM,17.2,0.0556,0.0059598214285714,50.07641647687933,0.011177771535017708,23.37641647687933,23.37641647687933,87.55212163625218,87.55212163625218
2023-08-25,2023-09-15,CALL,4413.905,4715.0,0.4,0.45,0.425,40,352,21,0.0575342465753424,0.9361410392364792,OTM,17.2,0.0556,9.013785790031814e-05,5.2364680862191335,0.0011105976853062849,4.811468086219134,4.811468086219134,1132.1101379339138,1132.1101379339138
2023-08-25,2023-09-15,CALL,4413.905,4475.0,28.5,28.8,28.65,296,1897,21,0.0575342465753424,0.9863474860335196,ATM,17.2,0.0556,0.0064022346368715,52.00014433199817,0.01162014398480406,23.350144331998173,23.350144331998173,81.50137637695697,81.50137637695697
2023-08-25,2023-09-15,CALL,4413.905,4465.0,32.5,32.9,32.7,218,519,21,0.0575342465753424,0.9885565509518476,ATM,17.2,0.0556,0.0073236282194848,56.00351699967359,0.012542780962972809,23.30351699967359,23.30351699967359,71.26457798065317,71.26457798065317
2023-08-25,2023-09-15,CALL,4413.905,4460.0,34.8,35.1,34.95,228,864,21,0.0575342465753424,0.989664798206278,ATM,17.2,0.0556,0.0078363228699551,58.08398440252199,0.013023314888457845,23.13398440252199,23.13398440252199,66.19165780406863,66.19165780406863
2023-08-25,2023-09-15,CALL,4413.905,4455.0,37.1,37.4,37.25,148,785,21,0.0575342465753424,0.9907755331088663,ATM,17.2,0.0556,0.008361391694725,60.2174621046629,0.01351682651058651,22.9674621046629,22.9674621046629,61.65761638835678,61.65761638835678
2023-08-25,2023-09-15,CALL,4413.905,4660.0,1.0,1.1,1.05,66,674,21,0.0575342465753424,0.94718991416309,OTM,17.2,0.0556,0.000225321888412,9.69720332562764,0.002080944919662584,8.64720332562764,8.64720332562764,823.5431738692989,823.5431738692989
2023-08-25,2023-09-15,CALL,4413.905,4665.0,0.9,1.0,0.95,56,641,21,0.0575342465753424,0.9461747052518756,OTM,17.2,0.0556,0.000203644158628,9.189630704952322,0.001969910118960841,8.239630704952322,8.239630704952322,867.3295478897182,867.3295478897182
2023-08-25,2023-09-18,CALL,4413.905,4380.0,83.3,84.5,83.9,2,13,24,0.0657534246575342,1.0077408675799089,ATM,17.2,0.0556,0.0191552511415525,104.71326241962652,0.023907137538727516,20.81326241962651,20.81326241962651,24.80722576832719,24.80722576832719
2023-08-25,2023-09-18,CALL,4413.905,4365.0,94.4,94.9,94.65,2,23,24,0.0657534246575342,1.0112038946162656,ATM,17.2,0.0556,0.0216838487972508,113.80205689304557,0.026071490697146753,19.152056893045568,19.152056893045568,20.234608444844763,20.234608444844763
2023-08-25,2023-09-18,CALL,4413.905,4360.0,97.6,98.9,98.25,1,24,24,0.0657534246575342,1.0123635321100917,ATM,17.2,0.0556,0.0225344036697247,116.93036123084903,0.026818890190561703,18.68036123084903,18.68036123084903,19.013090311296722,19.013090311296722
2023-08-25,2023-09-15,CALL,4413.905,4470.0,30.5,30.9,30.7,436,769,21,0.0575342465753424,0.9874507829977628,ATM,17.2,0.0556,0.0068680089485458,53.97570162375723,0.01207510103439759,23.275701623757232,23.275701623757232,75.81661766696166,75.81661766696166
2023-08-25,2023-10-20,CALL,4413.905,4590.0,28.4,28.8,28.6,18,522,56,0.1534246575342465,0.9616350762527232,OTM,17.2,0.05534,0.0062309368191721,64.04497965795008,0.01395315460957518,35.44497965795008,35.44497965795008,123.93349530751776,123.93349530751776
2023-08-25,2023-10-20,CALL,4413.905,4640.0,16.9,17.2,17.049999999999997,7,604,56,0.1534246575342465,0.9512726293103448,OTM,17.2,0.05534,0.0036745689655172,49.91905754799063,0.01075841757499798,32.869057547990636,32.869057547990636,192.7803961758982,192.7803961758982
2023-08-25,2023-10-20,CALL,4413.905,4645.0,16.0,16.3,16.15,2,107,56,0.1534246575342465,0.950248654467169,OTM,17.2,0.05534,0.0034768568353067,48.65211302217631,0.010474082459026117,32.50211302217631,32.50211302217631,201.25147382152514,201.25147382152514
2023-08-25,2023-09-19,CALL,4413.905,4375.0,89.4,89.9,89.65,48,23,25,0.0684931506849315,1.0088925714285717,ATM,17.2,0.0556,0.0204914285714285,109.6221528872752,0.02505649208852005,19.9721528872752,19.9721528872752,22.277917331037592,22.277917331037592
2023-08-25,2023-09-18,CALL,4413.905,4555.0,8.6,8.9,8.75,3,12,24,0.0657534246575342,0.9690241492864984,OTM,17.2,0.0556,0.0019209659714599,31.669196861137607,0.006952622801566983,22.919196861137607,22.919196861137607,261.93367841300125,261.93367841300125
2023-08-25,2023-09-18,CALL,4413.905,4550.0,9.4,9.7,9.55,30,205,24,0.0657534246575342,0.9700890109890108,ATM,17.2,0.0556,0.002098901098901,32.969662098153094,0.007246079582011669,23.419662098153093,23.419662098153093,245.2320638550062,245.2320638550062
2023-08-25,2023-09-18,CALL,4413.905,4540.0,11.2,11.6,11.4,5,48,24,0.0657534246575342,0.97222577092511,ATM,17.2,0.0556,0.002511013215859,35.6932547634126,0.007861950388416871,24.293254763412598,24.293254763412598,213.09872599484734,213.09872599484734
2023-08-25,2023-09-18,CALL,4413.905,4530.0,13.3,13.6,13.45,41,19,24,0.0657534246575342,0.9743719646799116,ATM,17.2,0.0556,0.0029690949227373,38.58481682295087,0.008517619607715424,25.13481682295087,25.13481682295087,186.8759615089284,186.8759615089284
2023-08-25,2023-09-18,CALL,4413.905,4525.0,14.4,14.8,14.6,107,163,24,0.0657534246575342,0.9754486187845304,ATM,17.2,0.0556,0.0032265193370165,40.09518628785986,0.008860814649250797,25.49518628785986,25.49518628785986,174.6245636154785,174.6245636154785
2023-08-25,2023-09-18,CALL,4413.905,4520.0,15.7,16.1,15.9,106,13,24,0.0657534246575342,0.9765276548672566,ATM,17.2,0.0556,0.0035176991150442,41.64943421932344,0.00921447659719545,25.74943421932344,25.74943421932344,161.94612716555622,161.94612716555622
2023-08-25,2023-09-18,CALL,4413.905,4515.0,17.0,17.4,17.2,11,45,24,0.0657534246575342,0.9776090808416388,ATM,17.2,0.0556,0.0038095238095238,43.24815222412485,0.009578771256727542,26.048152224124852,26.048152224124852,151.44274548909797,151.44274548909797
2023-08-25,2023-09-18,CALL,4413.905,4510.0,18.3,18.7,18.5,7,35,24,0.0657534246575342,0.9786929046563192,ATM,17.2,0.0556,0.0041019955654101,44.891912197910415,0.009953860797762842,26.391912197910415,26.391912197910415,142.65898485356982,142.65898485356982
2023-08-25,2023-09-18,CALL,4413.905,4500.0,21.3,21.7,21.5,104,122,24,0.0657534246575342,0.9808677777777776,ATM,17.2,0.0556,0.0047777777777777,48.31674077352886,0.010737053505228637,26.816740773528863,26.816740773528863,124.72902685362261,124.72902685362261
2023-08-25,2023-09-18,CALL,4413.905,4495.0,23.0,23.4,23.2,3,87,24,0.0657534246575342,0.9819588431590656,ATM,17.2,0.0556,0.0051612903225806,50.09884523070173,0.011145460563003721,26.898845230701728,26.898845230701728,115.94329840819711,115.94329840819711
2023-08-25,2023-09-18,CALL,4413.905,4490.0,24.7,25.1,24.9,4,187,24,0.0657534246575342,0.9830523385300668,ATM,17.2,0.0556,0.0055456570155902,51.92806137836965,0.011565269794737116,27.02806137836965,27.02806137836965,108.54643123843233,108.54643123843233
2023-08-25,2023-09-18,CALL,4413.905,4485.0,26.5,26.9,26.7,15,43,24,0.0657534246575342,0.9841482720178372,ATM,17.2,0.0556,0.005953177257525,53.80484721480889,0.011996621452577232,27.10484721480889,27.10484721480889,101.51628170340408,101.51628170340408
2023-08-25,2023-09-18,CALL,4413.905,4560.0,7.8,8.2,8.0,30,5,24,0.0657534246575342,0.9679616228070176,OTM,17.2,0.0556,0.0017543859649122,30.408707511108332,0.006668576208576389,22.408707511108332,22.408707511108332,280.10884388885415,280.10884388885415
2023-08-25,2023-09-20,CALL,4413.905,4375.0,93.2,93.7,93.45,4,28,26,0.0712328767123287,1.0088925714285717,ATM,17.2,0.0556,0.02136,111.5208935105934,0.02549048994527849,18.070893510593393,18.070893510593393,19.337499743813154,19.337499743813154
2023-08-25,2023-09-18,CALL,4413.905,4575.0,5.9,6.3,6.1,25,48,24,0.0657534246575342,0.9647879781420764,OTM,17.2,0.0556,0.0013333333333333,26.86005266149141,0.0058710497620746245,20.760052661491407,20.760052661491407,340.32873215559687,340.32873215559687
2023-08-25,2023-09-18,CALL,4413.905,4590.0,4.5,4.7,4.6,1,10,24,0.0657534246575342,0.9616350762527232,OTM,17.2,0.0556,0.0010021786492374,23.64542869148704,0.005151509518842493,19.04542869148704,19.04542869148704,414.03105851058785,414.03105851058785
2023-08-25,2023-09-19,CALL,4413.905,4380.0,85.9,86.4,86.15,2,52,25,0.0684931506849315,1.0077408675799089,ATM,17.2,0.0556,0.0196689497716895,106.6475673916816,0.02434875967846612,20.4975673916816,20.4975673916816,23.792881476124897,23.792881476124897
2023-08-25,2023-09-19,CALL,4413.905,4365.0,96.6,97.1,96.85,2,1,25,0.0684931506849315,1.0112038946162656,ATM,17.2,0.0556,0.0221878579610538,115.71740473178943,0.026510287452872722,18.867404731789435,18.867404731789435,19.481058060701532,19.481058060701532
2023-08-25,2023-09-20,CALL,4413.905,4350.0,111.4,111.8,111.6,4,20,26,0.0712328767123287,1.014690804597701,ATM,17.2,0.0556,0.0256551724137931,127.08121435497333,0.02921407226551111,15.481214354973332,15.481214354973332,13.872055873632018,13.872055873632018
2023-08-25,2023-09-19,CALL,4413.905,4475.0,32.2,32.6,32.400000000000006,7,14,25,0.0684931506849315,0.9863474860335196,ATM,17.2,0.0556,0.0072402234636871,59.54513357405585,0.013306175100347676,27.145133574055848,27.145133574055848,83.78127646313533,83.78127646313533
2023-08-25,2023-09-22,CALL,4413.905,4775.0,0.4,0.5,0.45,8,117,28,0.0767123287671232,0.9243780104712042,OTM,17.2,0.0556,9.424083769633507e-05,5.555071873027316,0.0011633658372832076,5.105071873027316,5.105071873027316,1134.4604162282924,1134.4604162282924
2023-08-25,2023-09-22,CALL,4413.905,4750.0,0.55,0.65,0.6000000000000001,38,433,28,0.0767123287671232,0.9292431578947368,OTM,17.2,0.0556,0.0001263157894736,7.126354142981825,0.0015002850827330158,6.526354142981825,6.526354142981825,1087.7256904969706,1087.7256904969706
2023-08-25,2023-09-22,CALL,4413.905,4740.0,0.65,0.75,0.7,7,39,28,0.0767123287671232,0.9312035864978904,OTM,17.2,0.0556,0.0001476793248945,7.855054020656837,0.0016571843925436366,7.155054020656837,7.155054020656837,1022.1505743795482,1022.1505743795482
2023-08-25,2023-09-22,CALL,4413.905,4725.0,0.8,0.9,0.8500000000000001,8,99,28,0.0767123287671232,0.9341597883597884,OTM,17.2,0.0556,0.0001798941798941,9.068008543787982,0.001919155247362536,8.218008543787983,8.218008543787983,966.824534563292,966.824534563292
2023-08-25,2023-09-19,CALL,4413.905,4700.0,0.65,0.8,0.7250000000000001,1,18,25,0.0684931506849315,0.9391287234042552,OTM,17.2,0.0556,0.0001542553191489,9.1077439518603,0.001937817862097936,8.3827439518603,8.3827439518603,1156.240545084179,1156.240545084179
2023-08-25,2023-09-19,CALL,4413.905,4600.0,4.2,4.5,4.35,1,227,25,0.0684931506849315,0.9595445652173912,OTM,17.2,0.0556,0.000945652173913,22.956595986223647,0.004990564344831227,18.606595986223645,18.606595986223645,427.737838763762,427.737838763762
2023-08-25,2023-09-19,CALL,4413.905,4550.0,10.4,10.7,10.55,17,11,25,0.0684931506849315,0.9700890109890108,ATM,17.2,0.0556,0.0023186813186813,34.51152883661439,0.007584951392662503,23.961528836614388,23.961528836614388,227.12349608165295,227.12349608165295
2023-08-25,2023-09-19,CALL,4413.905,4540.0,12.3,12.7,12.5,5,6,25,0.0684931506849315,0.97222577092511,ATM,17.2,0.0556,0.0027533039647577,37.283499357888104,0.008212224528169186,24.783499357888104,24.783499357888104,198.26799486310483,198.26799486310483
2023-08-25,2023-09-19,CALL,4413.905,4530.0,14.5,14.9,14.7,2,15,25,0.0684931506849315,0.9743719646799116,ATM,17.2,0.0556,0.0032450331125827,40.22135577802078,0.0088788864852143,25.52135577802078,25.52135577802078,173.61466515660396,173.61466515660396
2023-08-25,2023-09-19,CALL,4413.905,4520.0,17.0,17.4,17.2,9,1,25,0.0684931506849315,0.9765276548672566,ATM,17.2,0.0556,0.0038053097345132,43.329911518437484,0.009586263610273779,26.129911518437485,26.129911518437485,151.91809022347374,151.91809022347374
2023-08-25,2023-09-19,CALL,4413.905,4500.0,22.9,23.3,23.1,44,67,25,0.0684931506849315,0.9808677777777776,ATM,17.2,0.0556,0.0051333333333333,50.07698559942742,0.011128219022094982,26.976985599427415,26.976985599427415,116.78348744340872,116.78348744340872
2023-08-25,2023-09-19,CALL,4413.905,4800.0,0.15,0.25,0.2,15,5,25,0.0684931506849315,0.9195635416666668,OTM,17.2,0.0556,4.166666666666667e-05,3.116996027863763,0.0006493741724716174,2.916996027863763,2.916996027863763,1458.4980139318816,1458.4980139318816
2023-08-25,2023-09-19,CALL,4413.905,4490.0,26.4,26.8,26.6,22,1,25,0.0684931506849315,0.9830523385300668,ATM,17.2,0.0556,0.005924276169265,53.72364810587919,0.01196517775186619,27.12364810587919,27.12364810587919,101.96860190180146,101.96860190180146
2023-08-25,2023-09-19,CALL,4413.905,4460.0,38.8,39.3,39.05,1,1,25,0.0684931506849315,0.989664798206278,ATM,17.2,0.0556,0.0087556053811659,65.79740298123261,0.0147527809374961,26.74740298123261,26.74740298123261,68.49527011839338,68.49527011839338
2023-08-25,2023-09-19,CALL,4413.905,4450.0,43.6,44.1,43.85,2,430,25,0.0684931506849315,0.9918887640449436,ATM,17.2,0.0556,0.0098539325842696,70.20901625991519,0.01577730702470004,26.359016259915187,26.359016259915187,60.11178166457283,60.11178166457283
2023-08-25,2023-09-19,CALL,4413.905,4430.0,54.3,54.7,54.5,4,23,25,0.0684931506849315,0.996366817155756,ATM,17.2,0.0556,0.0123024830699774,79.62451074922228,0.01797393019169803,25.12451074922228,25.12451074922228,46.100019723343635,46.100019723343635
2023-08-25,2023-09-19,CALL,4413.905,4385.0,82.4,82.9,82.65,2,20,25,0.0684931506849315,1.0065917901938426,ATM,17.2,0.0556,0.0188483466362599,103.72201831483972,0.02365382401706721,21.07201831483971,21.07201831483971,25.49548495443401,25.49548495443401
2023-08-25,2023-09-20,CALL,4413.905,4370.0,96.7,97.2,96.95,2,10,26,0.0712328767123287,1.0100469107551486,ATM,17.2,0.0556,0.0221853546910755,114.53837270044278,0.026210153936028095,17.588372700442775,17.588372700442775,18.14169437900235,18.14169437900235
2023-08-25,2023-09-22,CALL,4413.905,4800.0,0.3,0.4,0.35,135,221,28,0.0767123287671232,0.9195635416666668,OTM,17.2,0.0556,7.291666666666666e-05,4.295173432122226,0.0008948277983587971,3.945173432122226,3.945173432122226,1127.192409177779,1127.192409177779
2023-08-25,2023-09-19,CALL,4413.905,4305.0,141.3,145.4,143.35000000000002,6,9,25,0.0684931506849315,1.0252973286875726,ATM,17.2,0.0556,0.0332984901277584,156.22260303046187,0.03628864181892262,12.872603030461846,12.872603030461846,8.979841667570174,8.979841667570174
2023-08-25,2023-09-18,CALL,4413.905,4800.0,0.15,0.25,0.2,4,108,24,0.0657534246575342,0.9195635416666668,OTM,17.2,0.0556,4.166666666666667e-05,2.761044569413855,0.0005752176186278864,2.5610445694138546,2.5610445694138546,1280.5222847069274,1280.5222847069274
2023-08-25,2023-09-20,CALL,4413.905,4500.0,25.8,26.2,26.0,460,4806,26,0.0712328767123287,0.9808677777777776,ATM,17.2,0.0556,0.0057777777777777,51.81478377545773,0.011514396394546161,25.814783775457727,25.814783775457727,99.28762990560664,99.28762990560664
2023-08-25,2023-09-20,CALL,4413.905,4380.0,89.7,90.2,89.95,25,46,26,0.0712328767123287,1.0077408675799089,ATM,17.2,0.0556,0.0205365296803652,108.55127851470934,0.024783396921166517,18.601278514709335,18.601278514709335,20.67957589183917,20.67957589183917
2023-08-25,2023-09-20,CALL,4413.905,4525.0,18.0,18.6,18.3,5,147,26,0.0712328767123287,0.9754486187845304,ATM,17.2,0.0556,0.0040441988950276,43.395487028023354,0.009590162879121183,25.095487028023353,25.095487028023353,137.13380889630247,137.13380889630247
2023-08-25,2023-09-20,CALL,4413.905,4600.0,5.3,5.5,5.4,1007,328,26,0.0712328767123287,0.9595445652173912,OTM,17.2,0.0556,0.0011739130434782,24.235033345578927,0.0052684855099084625,18.83503334557893,18.83503334557893,348.7969138070172,348.7969138070172
2023-08-25,2023-09-21,CALL,4413.905,4700.0,1.05,1.2,1.125,17,9,27,0.073972602739726,0.9391287234042552,OTM,17.2,0.0556,0.0002393617021276,10.651931507521226,0.00226636840585558,9.526931507521226,9.526931507521226,846.838356224109,846.838356224109
2023-08-25,2023-09-21,CALL,4413.905,4600.0,6.0,6.3,6.15,3,261,27,0.073972602739726,0.9595445652173912,OTM,17.2,0.0556,0.0013369565217391,25.512659472436667,0.005546230320094927,19.36265947243667,19.36265947243667,314.83999142173445,314.83999142173445
2023-08-25,2023-09-21,CALL,4413.905,4475.0,37.9,38.5,38.2,4,126,27,0.073972602739726,0.9863474860335196,ATM,17.2,0.0556,0.008536312849162,63.151117237289554,0.014111981505539566,24.95111723728955,24.95111723728955,65.31706083060091,65.31706083060091
2023-08-25,2023-09-21,CALL,4413.905,4450.0,49.9,50.4,50.15,2,678,27,0.073972602739726,0.9918887640449436,ATM,17.2,0.0556,0.0112696629213483,73.92522903013332,0.01661241101800749,23.775229030133325,23.775229030133325,47.40823336018609,47.40823336018609
2023-08-25,2023-09-21,CALL,4413.905,4360.0,107.1,107.7,107.4,2,10,27,0.073972602739726,1.0123635321100917,ATM,17.2,0.0556,0.0246330275229357,122.56695253439966,0.02811168636110084,15.166952534399655,15.166952534399655,14.121929734077892,14.121929734077892
2023-08-25,2023-09-21,CALL,4413.905,4325.0,131.8,135.9,133.85000000000002,2,3,27,0.073972602739726,1.0205560693641618,ATM,17.2,0.0556,0.0309479768786127,145.57538173991634,0.033659047801136724,11.725381739916315,11.725381739916315,8.760090952496311,8.760090952496311
2023-08-25,2023-09-21,CALL,4413.905,4300.0,151.8,156.1,153.95,2,6,27,0.073972602739726,1.0264895348837209,ATM,17.2,0.0556,0.0358023255813953,163.3175605539077,0.03798082803579249,9.367560553907708,9.367560553907708,6.084807115237226,6.084807115237226
2023-08-25,2023-09-21,CALL,4413.905,4275.0,172.6,176.9,174.75,32,14,27,0.073972602739726,1.032492397660819,ITM,17.2,0.0556,0.0408771929824561,182.07526542195592,0.042590705361861034,7.325265421955919,7.325265421955919,4.1918543187158335,4.1918543187158335
2023-08-25,2023-09-21,CALL,4413.905,4250.0,194.0,198.4,196.2,3,26,27,0.073972602739726,1.0385658823529411,ITM,17.2,0.0556,0.0461647058823529,201.77093189117977,0.04747551338615995,5.570931891179782,5.570931891179782,2.8394148273087576,2.8394148273087576
2023-08-25,2023-09-21,CALL,4413.905,4150.0,284.6,288.9,286.75,2,13,27,0.073972602739726,1.06359156626506,ITM,17.2,0.0556,0.0690963855421686,288.1702251989632,0.06943860848167788,1.4202251989631804,1.4202251989631804,0.4952834172495834,0.4952834172495834
2023-08-25,2023-09-20,CALL,4413.905,4550.0,12.3,12.7,12.5,2,3,26,0.0712328767123287,0.9700890109890108,ATM,17.2,0.0556,0.0027472527472527,36.04171832275142,0.007921256774231082,23.54171832275142,23.54171832275142,188.33374658201137,188.33374658201137
2023-08-25,2023-09-25,CALL,4413.905,4390.0,87.3,92.8,90.05,29,31,31,0.084931506849315,1.0054453302961277,ATM,17.2,0.0555899999999999,0.0205125284738041,111.89733668216468,0.025489142752201523,21.84733668216468,21.84733668216468,24.26134001350881,24.26134001350881
2023-08-25,2023-09-29,CALL,4413.905,4775.0,0.75,0.9,0.825,22,1258,35,0.0958904109589041,0.9243780104712042,OTM,17.2,0.0555499999999999,0.0001727748691099,9.415763592308906,0.0019718876633107655,8.590763592308907,8.590763592308907,1041.3046778556252,1041.3046778556252
2023-08-25,2023-09-20,CALL,4413.905,4385.0,86.3,86.7,86.5,3,39,26,0.0712328767123287,1.0065917901938426,ATM,17.2,0.0556,0.0197263397947548,105.62976388196921,0.02408888571994737,19.12976388196921,19.12976388196921,22.115333967594463,22.115333967594463
2023-08-25,2023-09-19,CALL,4413.905,4300.0,145.4,149.6,147.5,2,11,25,0.0684931506849315,1.0264895348837209,ATM,17.2,0.0556,0.0343023255813953,159.8868408761914,0.03718298625027707,12.3868408761914,12.3868408761914,8.397858221146711,8.397858221146711
2023-08-25,2023-09-20,CALL,4413.905,4395.0,79.5,80.0,79.75,18,2,26,0.0712328767123287,1.004301478953356,ATM,17.2,0.0556,0.0181456200227531,99.93183526420762,0.0227376189452122,20.18183526420762,20.18183526420762,25.30637650684341,25.30637650684341
2023-08-25,2023-09-20,CALL,4413.905,4405.0,73.1,73.6,73.35,2,2,26,0.0712328767123287,1.0020215664018162,ATM,17.2,0.0556,0.0166515323496027,94.42841298829762,0.02143664313014702,21.07841298829763,21.07841298829763,28.73675935691565,28.73675935691565
2023-08-25,2023-09-18,CALL,4413.905,4700.0,0.55,0.7,0.625,5,86,24,0.0657534246575342,0.9391287234042552,OTM,17.2,0.0556,0.0001329787234042,8.359483895050289,0.0017786135946915508,7.734483895050289,7.734483895050289,1237.5174232080462,1237.5174232080462
2023-08-25,2023-09-18,CALL,4413.905,4650.0,1.45,1.55,1.5,309,106,24,0.0657534246575342,0.94922688172043,OTM,17.2,0.0556,0.0003225806451612,13.723173684348922,0.0029512201471718113,12.223173684348922,12.223173684348922,814.8782456232615,814.8782456232615
2023-08-25,2023-09-18,CALL,4413.905,4600.0,3.7,3.9,3.8,9,135,24,0.0657534246575342,0.9595445652173912,OTM,17.2,0.0556,0.0008260869565217,21.678054651806633,0.004712620576479703,17.878054651806632,17.878054651806632,470.47512241596405,470.47512241596405
2023-08-25,2023-09-18,CALL,4413.905,4580.0,5.4,5.7,5.550000000000001,1,69,24,0.0657534246575342,0.9637347161572052,OTM,17.2,0.0556,0.0012117903930131,25.752374857912514,0.005622789270286575,20.202374857912513,20.202374857912513,364.00675419662184,364.00675419662184
2023-08-25,2023-09-22,CALL,4413.905,4280.0,171.7,173.6,172.64999999999998,2,36,28,0.0767123287671232,1.0312862149532709,ITM,17.2,0.0556,0.0403387850467289,179.8699883092363,0.04202569820309259,7.219988309236328,7.219988309236328,4.181864065587217,4.181864065587217
2023-08-25,2023-09-22,CALL,4413.905,4150.0,287.0,289.2,288.1,1,3,28,0.0767123287671232,1.06359156626506,ITM,17.2,0.0556,0.0694216867469879,289.29902754664954,0.06971060904738544,1.1990275466495177,1.1990275466495177,0.41618450074610125,0.41618450074610125
2023-08-25,2023-09-22,CALL,4413.905,4275.0,175.6,177.7,176.64999999999998,2,52,28,0.0767123287671232,1.032492397660819,ITM,17.2,0.0556,0.0413216374269005,183.68200354092824,0.042966550535889644,7.032003540928258,7.032003540928258,3.980754905705213,3.980754905705213
2023-08-25,2023-09-22,CALL,4413.905,4250.0,197.5,199.1,198.3,10,392,28,0.0767123287671232,1.0385658823529411,ITM,17.2,0.0556,0.0466588235294117,203.28672636416377,0.047832170909215,4.986726364163758,4.986726364163758,2.5147384589832362,2.5147384589832362
2023-08-25,2023-09-22,CALL,4413.905,4240.0,205.8,207.9,206.85,2,1,28,0.0767123287671232,1.041015330188679,ITM,17.2,0.0556,0.0487853773584905,211.37048597788043,0.04985152971176425,4.5204859778804405,4.5204859778804405,2.185393269461175,2.185393269461175
2023-08-25,2023-09-22,CALL,4413.905,4220.0,224.0,225.4,224.7,50,13,28,0.0767123287671232,1.0459490521327013,ITM,17.2,0.0556,0.0532464454976303,227.92254474469473,0.05401008169305562,3.222544744694744,3.222544744694744,1.4341543145058941,1.4341543145058941
2023-08-25,2023-09-22,CALL,4413.905,4200.0,241.0,243.4,242.2,7,213,28,0.0767123287671232,1.050929761904762,ITM,17.2,0.0556,0.0576666666666666,244.9497650597932,0.058321372633284095,2.7497650597932193,2.7497650597932193,1.1353282658105779,1.1353282658105779
2023-08-25,2023-09-20,CALL,4413.905,4495.0,27.6,28.0,27.8,2,16,26,0.0712328767123287,0.9819588431590656,ATM,17.2,0.0556,0.0061846496106785,53.632109839371196,0.011931503857479688,25.832109839371196,25.832109839371196,92.9212584150043,92.9212584150043
2023-08-25,2023-09-20,CALL,4413.905,4475.0,35.5,36.0,35.75,57,30,26,0.0712328767123287,0.9863474860335196,ATM,17.2,0.0556,0.0079888268156424,61.360770471354954,0.01371190401594524,25.610770471354954,25.610770471354954,71.63851880099288,71.63851880099288
2023-08-25,2023-09-20,CALL,4413.905,4455.0,44.8,45.2,45.0,1,16,26,0.0712328767123287,0.9907755331088663,ATM,17.2,0.0556,0.0101010101010101,69.84134776154497,0.015677070204611666,24.841347761544966,24.841347761544966,55.20299502565548,55.20299502565548
2023-08-25,2023-09-20,CALL,4413.905,4450.0,47.3,47.7,47.5,6,682,26,0.0712328767123287,0.9918887640449436,ATM,17.2,0.0556,0.0106741573033707,72.08115385292876,0.016198012101781744,24.581153852928765,24.581153852928765,51.749797585113186,51.749797585113186
2023-08-25,2023-09-20,CALL,4413.905,4435.0,55.2,55.7,55.45,17,15,26,0.0712328767123287,0.9952435174746336,ATM,17.2,0.0556,0.0125028184892897,79.09111535466991,0.017833396923262662,23.641115354669907,23.641115354669907,42.63501416531994,42.63501416531994
2023-08-25,2023-09-20,CALL,4413.905,4410.0,69.9,70.4,70.15,10,8,26,0.0712328767123287,1.0008854875283446,ATM,17.2,0.0556,0.015907029478458,91.7499201643218,0.020804970558803128,21.599920164321787,21.599920164321787,30.79104798905458,30.79104798905458
2023-08-25,2023-09-20,CALL,4413.905,4400.0,76.3,76.8,76.55,2,304,26,0.0712328767123287,1.0031602272727271,ATM,17.2,0.0556,0.0173977272727272,97.15574771144475,0.022080851752601077,20.60574771144475,20.60574771144475,26.918024443428806,26.918024443428806
2023-08-25,2023-09-22,CALL,4413.905,4850.0,0.15,0.25,0.2,14,217,28,0.0767123287671232,0.9100835051546392,OTM,17.2,0.0556,4.1237113402061855e-05,2.506074598123604,0.0005167164119842482,2.3060745981236037,2.3060745981236037,1153.0372990618018,1153.0372990618018
2023-08-25,2023-09-22,CALL,4413.905,4730.0,0.75,0.85,0.8,21,7,28,0.0767123287671232,0.9331723044397462,OTM,17.2,0.0556,0.000169133192389,8.647003599688219,0.0018281191542681224,7.847003599688219,7.847003599688219,980.8754499610274,980.8754499610274
2023-08-25,2023-09-22,CALL,4413.905,4720.0,0.85,0.95,0.8999999999999999,1,43,28,0.0767123287671232,0.9351493644067796,OTM,17.2,0.0556,0.0001906779661016,9.506418639080664,0.0020140717455679373,8.606418639080664,8.606418639080664,956.2687376756294,956.2687376756294
2023-08-25,2023-09-22,CALL,4413.905,4500.0,29.4,29.8,29.6,1079,2014,28,0.0767123287671232,0.9808677777777776,ATM,17.2,0.0556,0.0065777777777777,55.22699989994703,0.012272666644432674,25.62699989994703,25.62699989994703,86.57770236468592,86.57770236468592
2023-08-25,2023-09-22,CALL,4413.905,4495.0,31.3,31.8,31.55,12,183,28,0.0767123287671232,0.9819588431590656,ATM,17.2,0.0556,0.0070189098998887,57.07615755931488,0.012697699123318104,25.52615755931488,25.52615755931488,80.90699701843067,80.90699701843067
2023-08-25,2023-09-22,CALL,4413.905,4490.0,33.2,33.8,33.5,27,826,28,0.0767123287671232,0.9830523385300668,ATM,17.2,0.0556,0.0074610244988864,58.96942599233125,0.01313350244818068,25.469425992331253,25.469425992331253,76.02813729054105,76.02813729054105
2023-08-25,2023-09-22,CALL,4413.905,4425.0,65.8,66.2,66.0,5,281,28,0.0767123287671232,0.9974926553672316,ATM,17.2,0.0556,0.0149152542372881,87.73143182376361,0.01982631227655675,21.731431823763614,21.731431823763614,32.92641185418729,32.92641185418729
2023-08-25,2023-09-22,CALL,4413.905,4420.0,68.8,69.2,69.0,34,144,28,0.0767123287671232,0.9986210407239818,ATM,17.2,0.0556,0.0156108597285067,90.27019887769893,0.02042312191803143,21.27019887769893,21.27019887769893,30.826375185070916,30.826375185070916
2023-08-25,2023-09-22,CALL,4413.905,4350.0,116.6,117.2,116.9,207,586,28,0.0767123287671232,1.014690804597701,ATM,17.2,0.0556,0.0268735632183908,130.724852369151,0.030051690199804828,13.824852369150989,13.824852369150989,11.8262210172378,11.8262210172378
2023-08-25,2023-09-22,CALL,4413.905,4340.0,124.2,124.8,124.5,7,31,28,0.0767123287671232,1.017028801843318,ATM,17.2,0.0556,0.0286866359447004,137.23633368747232,0.03162127504319639,12.736333687472325,12.736333687472325,10.229986897568132,10.229986897568132
2023-08-25,2023-09-22,CALL,4413.905,4330.0,131.7,133.0,132.35,4,21,28,0.0767123287671232,1.019377598152425,ATM,17.2,0.0556,0.0305658198614318,143.92368778824948,0.0332387269718821,11.573687788249487,11.573687788249487,8.744758434642604,8.744758434642604
2023-08-25,2023-09-22,CALL,4413.905,4325.0,135.1,137.1,136.1,1,45,28,0.0767123287671232,1.0205560693641618,ATM,17.2,0.0556,0.0314682080924855,147.33228529814915,0.0340652682770287,11.23228529814915,11.23228529814915,8.252964950881081,8.252964950881081
2023-08-25,2023-09-22,CALL,4413.905,4300.0,154.9,156.9,155.9,1,65,28,0.0767123287671232,1.0264895348837209,ATM,17.2,0.0556,0.0362558139534883,165.00584813470823,0.03837345305458331,9.105848134708225,9.105848134708225,5.840826257029009,5.840826257029009
2023-08-25,2023-09-22,CALL,4413.905,4360.0,109.0,110.2,109.6,99,91,28,0.0767123287671232,1.0123635321100917,ATM,17.2,0.0556,0.025137614678899,124.39222787307654,0.028530327493824892,14.792227873076541,14.792227873076541,13.496558278354508,13.496558278354508
2023-08-25,2023-09-22,CALL,4413.905,4415.0,71.7,72.4,72.05000000000001,80,187,28,0.0767123287671232,0.9997519818799546,ATM,17.2,0.0556,0.0163193657984145,92.85609629731289,0.021031958391237348,20.806096297312877,20.806096297312877,28.877302286346808,28.877302286346808
2023-08-25,2023-09-22,CALL,4413.905,4410.0,75.0,75.4,75.2,62,181,28,0.0767123287671232,1.0008854875283446,ATM,17.2,0.0556,0.0170521541950113,95.48912296950448,0.02165286235136156,20.289122969504476,20.289122969504476,26.98021671476659,26.98021671476659
2023-08-25,2023-09-22,CALL,4413.905,4405.0,78.2,78.6,78.4,109,142,28,0.0767123287671232,1.0020215664018162,ATM,17.2,0.0556,0.0177979568671963,98.16925114083597,0.022285868590428144,19.769251140835962,19.769251140835962,25.215881557188727,25.215881557188727
2023-08-25,2023-09-22,CALL,4413.905,4400.0,81.4,82.0,81.7,211,838,28,0.0767123287671232,1.0031602272727271,ATM,17.2,0.0556,0.0185681818181818,100.89642637405177,0.022931005994102676,19.196426374051768,19.196426374051768,23.496237911936067,23.496237911936067
2023-08-25,2023-09-22,CALL,4413.905,4395.0,84.6,85.6,85.1,125,53,28,0.0767123287671232,1.004301478953356,ATM,17.2,0.0556,0.019362912400455,103.6705675498788,0.023588297508504847,18.570567549878803,18.570567549878803,21.822053525121976,21.822053525121976
2023-08-25,2023-09-22,CALL,4413.905,4390.0,87.4,89.0,88.2,16,262,28,0.0767123287671232,1.0054453302961277,ATM,17.2,0.0556,0.0200911161731207,106.49156691437338,0.024257760117169333,18.291566914373377,18.291566914373377,20.738737998155756,20.738737998155756
2023-08-25,2023-09-22,CALL,4413.905,4505.0,27.6,28.0,27.8,22,263,28,0.0767123287671232,0.9797791342952274,ATM,17.2,0.0556,0.0061709211986681,53.421567940839395,0.011858283671662462,25.621567940839395,25.621567940839395,92.16391345625682,92.16391345625682
2023-08-25,2023-09-22,CALL,4413.905,4385.0,91.4,92.0,91.7,2,74,28,0.0767123287671232,1.0065917901938426,ATM,17.2,0.0556,0.0209122006841505,109.35929017190892,0.02493940482825745,17.65929017190892,17.65929017190892,19.25767739575673,19.25767739575673
2023-08-25,2023-09-22,CALL,4413.905,4510.0,25.8,26.4,26.1,72,393,28,0.0767123287671232,0.9786929046563192,ATM,17.2,0.0556,0.0057871396895787,51.65945683462155,0.011454425018763092,25.55945683462155,25.55945683462155,97.92895338935459,97.92895338935459
2023-08-25,2023-09-22,CALL,4413.905,4520.0,22.7,23.1,22.9,187,595,28,0.0767123287671232,0.9765276548672566,ATM,17.2,0.0556,0.0050663716814159,48.2634830822135,0.010677761743852543,25.3634830822135,25.3634830822135,110.75756804460043,110.75756804460043
2023-08-25,2023-09-22,CALL,4413.905,4470.0,42.0,42.4,42.2,822,335,28,0.0767123287671232,0.9874507829977628,ATM,17.2,0.0556,0.0094407158836689,66.99058020947541,0.01498670698198555,24.790580209475408,24.790580209475408,58.74545073335404,58.74545073335404
2023-08-25,2023-09-22,CALL,4413.905,4465.0,44.2,44.8,44.5,38,151,28,0.0767123287671232,0.9885565509518476,ATM,17.2,0.0556,0.0099664053751399,69.1094412906998,0.01547803836297868,24.609441290699806,24.609441290699806,55.30211525999957,55.30211525999957
2023-08-25,2023-09-22,CALL,4413.905,4460.0,46.6,47.2,46.900000000000006,646,431,28,0.0767123287671232,0.989664798206278,ATM,17.2,0.0556,0.0105156950672645,71.27427283497809,0.01598077866255114,24.374272834978086,24.374272834978086,51.97073099142449,51.97073099142449
2023-08-25,2023-09-22,CALL,4413.905,4455.0,49.3,49.7,49.5,15,200,28,0.0767123287671232,0.9907755331088663,ATM,17.2,0.0556,0.0111111111111111,73.48530434643703,0.016495017810648042,23.985304346437033,23.985304346437033,48.45516029583239,48.45516029583239
2023-08-25,2023-09-22,CALL,4413.905,4450.0,51.8,52.4,52.1,933,970,28,0.0767123287671232,0.9918887640449436,ATM,17.2,0.0556,0.0117078651685393,75.74274101616652,0.01702084067779023,23.642741016166518,23.642741016166518,45.37954129782441,45.37954129782441
2023-08-25,2023-09-22,CALL,4413.905,4445.0,54.4,55.0,54.7,8,136,28,0.0767123287671232,0.9930044994375704,ATM,17.2,0.0556,0.0123059617547806,78.04676330234633,0.017558326952158906,23.346763302346332,23.346763302346332,42.68146856004813,42.68146856004813
2023-08-25,2023-09-22,CALL,4413.905,4440.0,57.2,57.6,57.400000000000006,315,718,28,0.0767123287671232,0.9941227477477476,ATM,17.2,0.0556,0.0129279279279279,80.39752654809354,0.01810755102434539,22.997526548093532,22.997526548093532,40.06537726148699,40.06537726148699
2023-08-25,2023-09-22,CALL,4413.905,4435.0,59.9,60.6,60.25,4,143,28,0.0767123287671232,0.9952435174746336,ATM,17.2,0.0556,0.0135851183765501,82.79516063830397,0.018668581880113635,22.54516063830397,22.54516063830397,37.41935375652111,37.41935375652111
2023-08-25,2023-09-22,CALL,4413.905,4430.0,62.8,63.4,63.1,783,176,28,0.0767123287671232,0.996366817155756,ATM,17.2,0.0556,0.0142437923250564,85.23976969664363,0.019241483001499693,22.139769696643633,22.139769696643633,35.08679825141622,35.08679825141622
2023-08-25,2023-09-22,CALL,4413.905,4480.0,37.4,38.0,37.7,226,319,28,0.0767123287671232,0.9852466517857142,ATM,17.2,0.0556,0.0084151785714285,62.88973262692002,0.014037886747080362,25.18973262692002,25.18973262692002,66.8162669149072,66.8162669149072
2023-08-25,2023-09-22,CALL,4413.905,4485.0,35.2,35.8,35.5,4,243,28,0.0767123287671232,0.9841482720178372,ATM,17.2,0.0556,0.0079152731326644,60.90716983157404,0.013580193942379942,25.407169831574038,25.407169831574038,71.56949248330714,71.56949248330714
2023-08-25,2023-09-22,CALL,4413.905,4550.0,14.8,15.1,14.95,185,1640,28,0.0767123287671232,0.9700890109890108,ATM,17.2,0.0556,0.0032857142857142,39.06757611023136,0.008586280463787111,24.117576110231358,24.117576110231358,161.32157933265123,161.32157933265123
2023-08-25,2023-09-22,CALL,4413.905,4545.0,15.9,16.2,16.05,45,204,28,0.0767123287671232,0.971156215621562,ATM,17.2,0.0556,0.0035313531353135,40.499831177643046,0.008910853944475917,24.449831177643045,24.449831177643045,152.33539674543954,152.33539674543954
2023-08-25,2023-09-22,CALL,4413.905,4540.0,17.1,17.5,17.3,53,216,28,0.0767123287671232,0.97222577092511,ATM,17.2,0.0556,0.0038105726872246,41.97154322251663,0.009244833308924368,24.67154322251663,24.67154322251663,142.61007643073197,142.61007643073197
2023-08-25,2023-09-22,CALL,4413.905,4535.0,18.4,18.8,18.6,120,1620,28,0.0767123287671232,0.973297684674752,ATM,17.2,0.0556,0.0041014332965821,43.48324890467529,0.009588368005441078,24.88324890467529,24.88324890467529,133.7809080896521,133.7809080896521
2023-08-25,2023-09-22,CALL,4413.905,4530.0,19.8,20.2,20.0,49,292,28,0.0767123287671232,0.9743719646799116,ATM,17.2,0.0556,0.0044150110375275,45.03547111654825,0.009941605102990783,25.03547111654825,25.03547111654825,125.17735558274126,125.17735558274126
2023-08-25,2023-09-22,CALL,4413.905,4525.0,21.2,21.5,21.35,155,662,28,0.0767123287671232,0.9754486187845304,ATM,17.2,0.0556,0.0047182320441988,46.62871818488907,0.010304689101632942,25.278718184889065,25.278718184889065,118.40149032734925,118.40149032734925
2023-08-25,2023-09-22,CALL,4413.905,4515.0,24.3,24.6,24.450000000000003,108,350,28,0.0767123287671232,0.9776090808416388,ATM,17.2,0.0556,0.0054152823920265,49.94024264986206,0.011060961827211974,25.490242649862054,25.490242649862054,104.25457116507995,104.25457116507995
2023-08-25,2023-09-22,CALL,4413.905,4380.0,94.3,95.9,95.1,8,182,28,0.0767123287671232,1.0077408675799089,ATM,17.2,0.0556,0.0217123287671232,112.27357662382792,0.025633236672106832,17.173576623827927,17.173576623827927,18.058440193299607,18.058440193299607
2023-08-25,2023-09-22,CALL,4413.905,4375.0,98.4,99.0,98.7,81,175,28,0.0767123287671232,1.0088925714285717,ATM,17.2,0.0556,0.02256,115.23423935261008,0.026339254709168015,16.534239352610072,16.534239352610072,16.75201555482277,16.75201555482277
2023-08-25,2023-09-22,CALL,4413.905,4370.0,101.8,102.9,102.35,40,42,28,0.0767123287671232,1.0100469107551486,ATM,17.2,0.0556,0.0234210526315789,118.2410654512828,0.027057452048348467,15.891065451282799,15.891065451282799,15.526199756993453,15.526199756993453
2023-08-25,2023-09-22,CALL,4413.905,4675.0,1.8,1.95,1.875,102,219,28,0.0767123287671232,0.9441508021390372,OTM,17.2,0.0556,0.0004010695187165,14.32890621105571,0.003065006676161649,12.45390621105571,12.45390621105571,664.2083312563045,664.2083312563045
2023-08-25,2023-09-22,CALL,4413.905,4670.0,2.0,2.1,2.05,163,231,28,0.0767123287671232,0.945161670235546,OTM,17.2,0.0556,0.0004389721627408,14.97298639768394,0.0032062069374055547,12.922986397683939,12.922986397683939,630.3895803748264,630.3895803748264
2023-08-25,2023-09-22,CALL,4413.905,4660.0,2.35,2.5,2.425,9,185,28,0.0767123287671232,0.94718991416309,OTM,17.2,0.0556,0.0005203862660944,16.33344607976028,0.0035050313475880426,13.908446079760278,13.908446079760278,573.5441682375373,573.5441682375373
2023-08-25,2023-09-22,CALL,4413.905,4650.0,2.8,2.95,2.875,1921,2160,28,0.0767123287671232,0.94922688172043,OTM,17.2,0.0556,0.0006182795698924,17.79451553773822,0.003826777534997467,14.91951553773822,14.91951553773822,518.9396708778512,518.9396708778512
2023-08-25,2023-09-22,CALL,4413.905,4640.0,3.3,3.5,3.4,11,372,28,0.0767123287671232,0.9512726293103448,OTM,17.2,0.0556,0.0007327586206896,19.361301197804096,0.0041726942236646756,15.961301197804096,15.961301197804096,469.45003522953226,469.45003522953226
2023-08-25,2023-09-22,CALL,4413.905,4630.0,4.0,4.2,4.1,18,344,28,0.0767123287671232,0.953327213822894,OTM,17.2,0.0556,0.0008855291576673,21.038954157509465,0.004544050573976126,16.938954157509464,16.938954157509464,413.1452233538894,413.1452233538894
2023-08-25,2023-09-22,CALL,4413.905,4625.0,4.3,4.5,4.4,60,201,28,0.0767123287671232,0.9543578378378378,OTM,17.2,0.0556,0.0009513513513513,21.92097299149225,0.0047396698359983246,17.52097299149225,17.52097299149225,398.20393162482384,398.20393162482384
2023-08-25,2023-09-22,CALL,4413.905,4620.0,4.7,4.9,4.800000000000001,19,338,28,0.0767123287671232,0.9553906926406924,OTM,17.2,0.0556,0.001038961038961,22.832650505626475,0.004942132144074994,18.032650505626474,18.032650505626474,375.6802188672182,375.6802188672182
