date,expiration,option_type,S,strike,bid,ask,market_price,volume,open_interest,days_to_expiration,T,moneyness,moneyness_category,sigma,r,market_price_over_K,BS_price,BS_price_over_K,error,abs_error,pct_error,abs_pct_error
2023-08-25,2023-09-12,PUT,4413.905,4500.0,91.6,93.2,92.4,2,4,18,0.0493150684931506,0.9808677777777776,ATM,17.2,0.0556,0.0205333333333333,110.99023882065285,0.024664497515700632,18.590238820652843,18.590238820652843,20.11930608295762,20.11930608295762
2023-08-25,2023-08-31,PUT,440.79,429.0,0.26,0.27,0.265,1722,1666,6,0.0164383561643835,1.0274825174825173,ATM,17.2,0.0556,0.0006177156177156,0.46412189866680365,0.001081869227661547,0.19912189866680363,0.19912189866680363,75.14033911954854,75.14033911954854
2023-08-25,2023-08-30,PUT,440.79,446.0,5.58,5.73,5.655,189,746,5,0.0136986301369863,0.988318385650224,ATM,17.2,0.0556,0.0126793721973094,6.512256410937823,0.014601471773403192,0.8572564109378229,0.8572564109378229,15.159264561234709,15.159264561234709
2023-08-25,2023-08-30,PUT,440.79,445.0,4.85,4.93,4.89,144,1619,5,0.0136986301369863,0.9905393258426964,ATM,17.2,0.0556,0.0109887640449438,5.821343126838258,0.013081669947951142,0.9313431268382582,0.9313431268382582,19.04587171448381,19.04587171448381
2023-08-25,2023-08-30,PUT,440.79,444.0,4.16,4.21,4.1850000000000005,102,1051,5,0.0136986301369863,0.9927702702702702,ATM,17.2,0.0556,0.0094256756756756,5.170712119278676,0.011645748016393414,0.9857121192786753,0.9857121192786753,23.553455657793908,23.553455657793908
2023-08-25,2023-08-30,PUT,440.79,443.0,3.53,3.56,3.545,615,1561,5,0.0136986301369863,0.9950112866817156,ATM,17.2,0.0556,0.0080022573363431,4.562241518091753,0.010298513584857229,1.017241518091753,1.017241518091753,28.695106293138302,28.695106293138302
2023-08-25,2023-08-30,PUT,440.79,442.0,2.97,2.98,2.975,2237,1052,5,0.0136986301369863,0.997262443438914,ATM,17.2,0.0556,0.0067307692307692,3.9973531009738394,0.009043785296320904,1.0223531009738394,1.0223531009738394,34.36481011676771,34.36481011676771
2023-08-25,2023-08-30,PUT,440.79,441.0,2.47,2.48,2.475,5847,1379,5,0.0136986301369863,0.9995238095238096,ATM,17.2,0.0556,0.0056122448979591,3.47695752430522,0.00788425742472839,1.0019575243052201,1.0019575243052201,40.4831322951604,40.4831322951604
2023-08-25,2023-08-30,PUT,440.79,440.0,2.03,2.04,2.035,8570,3298,5,0.0136986301369863,1.0017954545454544,ATM,17.2,0.0556,0.004625,3.0014170064565633,0.006821402287401281,0.9664170064565631,0.9664170064565631,47.489779187054694,47.489779187054694
2023-08-25,2023-08-30,PUT,440.79,439.0,1.65,1.67,1.66,11694,2626,5,0.0136986301369863,1.0040774487471524,ATM,17.2,0.0556,0.0037813211845102,2.570527962422659,0.00585541677089444,0.9105279624226592,0.9105279624226592,54.851082073654176,54.851082073654176
2023-08-25,2023-08-28,PUT,440.79,437.0,0.39,0.4,0.395,110778,5117,3,0.0082191780821917,1.0086727688787185,ATM,17.2,0.0556,0.000903890160183,1.1861472829788937,0.002714295842056965,0.7911472829788937,0.7911472829788937,200.2904513870617,200.2904513870617
2023-08-25,2023-08-30,PUT,440.79,438.0,1.34,1.35,1.3450000000000002,16983,2778,5,0.0136986301369863,1.0063698630136986,ATM,17.2,0.0556,0.0030707762557077,2.183524902419407,0.004985216672190427,0.8385249024194068,0.8385249024194068,62.34385891594102,62.34385891594102
2023-08-25,2023-08-30,PUT,440.79,448.0,7.27,7.45,7.359999999999999,556,692,5,0.0136986301369863,0.98390625,ATM,17.2,0.0556,0.0164285714285714,8.00555801320263,0.017869549136613015,0.6455580132026313,0.6455580132026313,8.771168657644447,8.771168657644447
2023-08-25,2023-08-31,PUT,440.79,428.0,0.22,0.23,0.225,2980,1271,6,0.0164383561643835,1.0298831775700934,ATM,17.2,0.0556,0.0005257009345794,0.369467575869848,0.0008632419996959066,0.14446757586984801,0.14446757586984801,64.20781149771022,64.20781149771022
2023-08-25,2023-08-31,PUT,440.79,427.0,0.18,0.19,0.185,1602,2755,6,0.0164383561643835,1.032295081967213,ITM,17.2,0.0556,0.0004332552693208,0.29144511427338315,0.0006825412512257217,0.10644511427338316,0.10644511427338316,57.53789960723414,57.53789960723414
2023-08-25,2023-08-31,PUT,440.79,426.0,0.16,0.17,0.165,4531,5576,6,0.0164383561643835,1.0347183098591548,ITM,17.2,0.0556,0.0003873239436619,0.22776838729443938,0.0005346675758085432,0.06276838729443937,0.06276838729443937,38.04144684511477,38.04144684511477
2023-08-25,2023-08-31,PUT,440.79,425.0,0.14,0.15,0.145,4460,17392,6,0.0164383561643835,1.0371529411764706,ITM,17.2,0.0556,0.0003411764705882,0.17632262860833592,0.0004148767731960845,0.03132262860833593,0.03132262860833593,21.601812833335124,21.601812833335124
2023-08-25,2023-08-31,PUT,440.79,424.0,0.12,0.13,0.125,641,1636,6,0.0164383561643835,1.0395990566037736,ITM,17.2,0.0556,0.0002948113207547,0.13518357645162205,0.0003188291897443916,0.010183576451622045,0.010183576451622045,8.146861161297636,8.146861161297636
2023-08-25,2023-08-30,PUT,440.79,480.0,39.07,39.31,39.19,24,7,5,0.0136986301369863,0.9183125,OTM,17.2,0.0556,0.0816458333333333,38.84457749269262,0.0809262031097763,-0.3454225073073758,0.3454225073073758,-0.8814047137212957,0.8814047137212957
2023-08-25,2023-08-30,PUT,440.79,465.0,24.08,24.32,24.2,3,1,5,0.0136986301369863,0.9479354838709676,OTM,17.2,0.0556,0.0520430107526881,23.86855394401067,0.05133022353550682,-0.3314460559893284,0.3314460559893284,-1.369611801608795,1.369611801608795
2023-08-25,2023-08-30,PUT,440.79,452.0,11.09,11.32,11.205,1,6,5,0.0136986301369863,0.9751991150442476,ATM,17.2,0.0556,0.0247898230088495,11.359865442604132,0.025132445669478167,0.15486544260413204,0.15486544260413204,1.3821101526473185,1.3821101526473185
2023-08-25,2023-08-30,PUT,440.79,447.0,6.4,6.58,6.49,147,671,5,0.0136986301369863,0.9861073825503356,ATM,17.2,0.0556,0.0145190156599552,7.241186256108051,0.01619952182574508,0.7511862561080509,0.7511862561080509,11.574518584099396,11.574518584099396
2023-08-25,2023-08-30,PUT,440.79,451.0,10.1,10.32,10.21,12,13,5,0.0136986301369863,0.977361419068736,ATM,17.2,0.0556,0.0226385809312638,10.482713672838656,0.023243267567269747,0.27271367283865544,0.27271367283865544,2.6710447878418746,2.6710447878418746
2023-08-25,2023-08-28,PUT,440.79,438.0,0.56,0.57,0.565,120179,4835,3,0.0082191780821917,1.0063698630136986,ATM,17.2,0.0556,0.0012899543378995,1.4940079224886347,0.003410976991983184,0.9290079224886347,0.9290079224886347,164.42618097143978,164.42618097143978
2023-08-25,2023-08-28,PUT,440.79,440.0,1.15,1.16,1.1549999999999998,88030,5102,3,0.0082191780821917,1.0017954545454544,ATM,17.2,0.0556,0.0026249999999999,2.2719668954411247,0.005163561126002556,1.116966895441125,1.116966895441125,96.70709051438313,96.70709051438313
2023-08-25,2023-08-29,PUT,440.79,438.0,0.99,1.0,0.995,19749,2552,4,0.010958904109589,1.0063698630136986,ATM,17.2,0.0556,0.0022716894977168,1.8596490288076097,0.004245774038373539,0.8646490288076097,0.8646490288076097,86.89939988016178,86.89939988016178
2023-08-25,2023-08-29,PUT,440.79,437.0,0.76,0.77,0.765,22075,4195,4,0.010958904109589,1.0086727688787185,ATM,17.2,0.0556,0.0017505720823798,1.530111025595943,0.003501398227908336,0.7651110255959429,0.7651110255959429,100.01451314979646,100.01451314979646
2023-08-25,2023-08-29,PUT,440.79,436.0,0.57,0.58,0.575,18309,9264,4,0.010958904109589,1.01098623853211,ATM,17.2,0.0556,0.0013188073394495,1.2451436529492241,0.0028558340663973033,0.6701436529492242,0.6701436529492242,116.54672225203899,116.54672225203899
2023-08-25,2023-08-29,PUT,440.79,435.0,0.43,0.44,0.435,16164,2023,4,0.010958904109589,1.0133103448275862,ATM,17.2,0.0556,0.001,1.0017418671972251,0.0023028548671200576,0.5667418671972251,0.5667418671972251,130.28548671200576,130.28548671200576
2023-08-25,2023-08-29,PUT,440.79,434.0,0.32,0.33,0.325,6652,2019,4,0.010958904109589,1.0156451612903226,ATM,17.2,0.0556,0.0007488479262672,0.7964742666092377,0.001835194162694096,0.4714742666092377,0.4714742666092377,145.06900511053468,145.06900511053468
2023-08-25,2023-08-29,PUT,440.79,433.0,0.24,0.25,0.245,9511,2722,4,0.010958904109589,1.0179907621247113,ATM,17.2,0.0556,0.0005658198614318,0.6256211922438126,0.0014448526379764726,0.38062119224381263,0.38062119224381263,155.35558867094394,155.35558867094394
2023-08-25,2023-08-29,PUT,440.79,432.0,0.18,0.19,0.185,6753,1958,4,0.010958904109589,1.020347222222222,ATM,17.2,0.0556,0.0004282407407407,0.48531499629043395,0.0011234143432648934,0.30031499629043396,0.30031499629043396,162.33243042726158,162.33243042726158
2023-08-25,2023-08-28,PUT,440.79,449.0,8.1,8.31,8.205,75,19,3,0.0082191780821917,0.9817149220489976,ATM,17.2,0.0556,0.0182739420935412,8.431980243414046,0.018779466020966695,0.22698024341404555,0.22698024341404555,2.766364941060884,2.766364941060884
2023-08-25,2023-08-28,PUT,440.79,448.0,7.1,7.32,7.21,81,101,3,0.0082191780821917,0.98390625,ATM,17.2,0.0556,0.01609375,7.570327509568415,0.016898052476715213,0.36032750956841486,0.36032750956841486,4.997607622308111,4.997607622308111
2023-08-25,2023-08-28,PUT,440.79,439.0,0.81,0.82,0.815,94229,3329,3,0.0082191780821917,1.0040774487471524,ATM,17.2,0.0556,0.0018564920273348,1.855047197093029,0.004225620038936284,1.040047197093029,1.040047197093029,127.61315301754956,127.61315301754956
2023-08-25,2023-08-28,PUT,440.79,447.0,6.14,6.33,6.234999999999999,649,842,3,0.0082191780821917,0.9861073825503356,ATM,17.2,0.0556,0.0139485458612975,6.742644376806993,0.015084215608069336,0.5076443768069936,0.5076443768069936,8.141850470039994,8.141850470039994
2023-08-25,2023-08-28,PUT,440.79,434.0,0.12,0.13,0.125,39571,5389,3,0.0082191780821917,1.0156451612903226,ATM,17.2,0.0556,0.0002880184331797,0.5417137211910301,0.0012481882976751845,0.4167137211910301,0.4167137211910301,333.3709769528241,333.3709769528241
2023-08-25,2023-08-29,PUT,440.79,441.0,2.08,2.1,2.09,9689,3058,4,0.010958904109589,0.9995238095238096,ATM,17.2,0.0556,0.0047392290249433,3.1368327492373567,0.007112999431377226,1.0468327492373568,1.0468327492373568,50.08769135106971,50.08769135106971
2023-08-25,2023-08-28,PUT,440.79,435.0,0.18,0.19,0.185,100456,5526,3,0.0082191780821917,1.0133103448275862,ATM,17.2,0.0556,0.0004252873563218,0.7146345837591923,0.0016428381235843502,0.5296345837591923,0.5296345837591923,286.288964194158,286.288964194158
2023-08-25,2023-08-28,PUT,440.79,436.0,0.26,0.27,0.265,94890,3603,3,0.0082191780821917,1.01098623853211,ATM,17.2,0.0556,0.0006077981651376,0.9278178422174221,0.00212802257389317,0.6628178422174221,0.6628178422174221,250.11994045940457,250.11994045940457
2023-08-25,2023-08-28,PUT,440.79,445.0,4.32,4.46,4.390000000000001,3001,3263,3,0.0082191780821917,0.9905393258426964,ATM,17.2,0.0556,0.0098651685393258,5.209060556961845,0.011705754060588415,0.8190605569618441,0.8190605569618441,18.65741587612401,18.65741587612401
2023-08-25,2023-08-28,PUT,440.79,444.0,3.51,3.59,3.55,1928,1961,3,0.0082191780821917,0.9927702702702702,ATM,17.2,0.0556,0.0079954954954954,4.512470476655665,0.010163221794269515,0.9624704766556649,0.9624704766556649,27.11184441283563,27.11184441283563
2023-08-25,2023-08-28,PUT,440.79,443.0,2.78,2.83,2.805,2554,1453,3,0.0082191780821917,0.9950112866817156,ATM,17.2,0.0556,0.0063318284424379,3.8680028337142858,0.008731383371815544,1.0630028337142856,1.0630028337142856,37.89671421441303,37.89671421441303
2023-08-25,2023-08-28,PUT,440.79,442.0,2.14,2.16,2.1500000000000004,8850,2069,3,0.0082191780821917,0.997262443438914,ATM,17.2,0.0556,0.0048642533936651,3.278647087512354,0.00741775359165691,1.1286470875123538,1.1286470875123538,52.495213372667614,52.495213372667614
2023-08-25,2023-08-28,PUT,440.79,441.0,1.59,1.6,1.5950000000000002,32870,3931,3,0.0082191780821917,0.9995238095238096,ATM,17.2,0.0556,0.0036167800453514,2.746365625601811,0.006227586452611817,1.151365625601811,1.151365625601811,72.18593263961196,72.18593263961196
2023-08-25,2023-08-28,PUT,440.79,446.0,5.2,5.37,5.285,1343,1432,3,0.0082191780821917,0.988318385650224,ATM,17.2,0.0556,0.0118497757847533,5.953938623580996,0.013349638169464115,0.6689386235809955,0.6689386235809955,12.65730602802262,12.65730602802262
2023-08-25,2023-08-30,PUT,440.79,450.0,9.12,9.33,9.225,50,515,5,0.0136986301369863,0.9795333333333331,ATM,17.2,0.0556,0.0205,9.629289671473373,0.02139842149216305,0.40428967147337325,0.40428967147337325,4.3825438642100085,4.3825438642100085
2023-08-25,2023-08-30,PUT,440.79,449.0,8.18,8.38,8.280000000000001,24,43,5,0.0136986301369863,0.9817149220489976,ATM,17.2,0.0556,0.0184409799554565,8.802572204863623,0.01960483787274749,0.5225722048636214,0.5225722048636214,6.311258512845669,6.311258512845669
2023-08-25,2023-08-30,PUT,440.79,437.0,1.07,1.08,1.0750000000000002,11665,3605,5,0.0136986301369863,1.0086727688787185,ATM,17.2,0.0556,0.0024599542334096,1.839105587414565,0.004208479605067654,0.7641055874145648,0.7641055874145648,71.07958952693625,71.07958952693625
2023-08-25,2023-09-05,PUT,440.79,439.0,2.55,2.57,2.56,1963,308,11,0.0301369863013698,1.0040774487471524,ATM,17.2,0.0556,0.0058314350797266,4.069605772068115,0.009270172601521904,1.5096057720681153,1.5096057720681153,58.96897547141076,58.96897547141076
2023-08-25,2023-09-08,PUT,440.79,460.0,19.07,19.32,19.195,5,5,14,0.0383561643835616,0.9582391304347824,OTM,17.2,0.0556,0.0417282608695652,19.074758459449015,0.04146686621619351,-0.12024154055098535,0.12024154055098535,-0.6264211542119581,0.6264211542119581
2023-08-25,2023-09-08,PUT,440.79,457.5,16.59,16.82,16.705,1,1,14,0.0383561643835616,0.9634754098360656,OTM,17.2,0.0556,0.0365136612021857,16.89839529293306,0.03693638315395204,0.19339529293306157,0.19339529293306157,1.1577090268366452,1.1577090268366452
2023-08-25,2023-09-08,PUT,440.79,457.0,16.07,16.32,16.195,16,10,14,0.0383561643835616,0.9645295404814004,OTM,17.2,0.0556,0.0354376367614879,16.473674381176636,0.03604742752992699,0.2786743811766357,0.2786743811766357,1.7207433231036473,1.7207433231036473
2023-08-25,2023-09-08,PUT,440.79,456.0,15.09,15.32,15.205,8,26,14,0.0383561643835616,0.9666447368421052,OTM,17.2,0.0556,0.033344298245614,15.635826299346263,0.03428909276172426,0.43082629934626304,0.43082629934626304,2.8334514919188627,2.8334514919188627
2023-08-25,2023-09-08,PUT,440.79,464.0,23.07,23.32,23.195,2,2,14,0.0383561643835616,0.949978448275862,OTM,17.2,0.0556,0.049989224137931,22.709671731098638,0.048943258041160856,-0.4853282689013625,0.4853282689013625,-2.092383138182205,2.092383138182205
2023-08-25,2023-09-08,PUT,440.79,454.0,13.09,13.34,13.215,4,343,14,0.0383561643835616,0.9709030837004404,ATM,17.2,0.0556,0.0291079295154185,14.010199958454791,0.030859471274129496,0.7951999584547913,0.7951999584547913,6.017404150244354,6.017404150244354
2023-08-25,2023-09-08,PUT,440.79,453.0,12.15,12.39,12.27,45,27,14,0.0383561643835616,0.973046357615894,ATM,17.2,0.0556,0.0270860927152317,13.224525812005197,0.029193213713035755,0.9545258120051976,0.9545258120051976,7.7793464711100055,7.7793464711100055
2023-08-25,2023-09-08,PUT,440.79,452.5,11.68,11.92,11.8,6,1455,14,0.0383561643835616,0.974121546961326,ATM,17.2,0.0556,0.0260773480662983,12.838927454986049,0.028373320342510604,1.038927454986048,1.038927454986048,8.804469957508882,8.804469957508882
2023-08-25,2023-09-05,PUT,440.79,438.0,2.23,2.24,2.2350000000000003,1732,331,11,0.0301369863013698,1.0063698630136986,ATM,17.2,0.0556,0.0051027397260273,3.6556449363610852,0.008346221315892889,1.420644936361085,1.420644936361085,63.56353182823646,63.56353182823646
2023-08-25,2023-09-08,PUT,440.79,452.0,11.23,11.46,11.345,9,2439,14,0.0383561643835616,0.9751991150442476,ATM,17.2,0.0556,0.0250995575221238,12.458324026245236,0.027562663774878843,1.1133240262452357,1.1133240262452357,9.813345317278412,9.813345317278412
2023-08-25,2023-09-15,PUT,440.79,401.0,0.34,0.35,0.345,401,12396,21,0.0575342465753424,1.099226932668329,ITM,17.2,0.0556,0.000860349127182,0.05143430513459979,0.00012826510008628376,-0.2935656948654002,0.2935656948654002,-85.09150575808701,85.09150575808701
2023-08-25,2023-09-15,PUT,440.79,402.0,0.36,0.37,0.365,8558,16937,21,0.0575342465753424,1.0964925373134329,ITM,17.2,0.0556,0.0009079601990049,0.061585533371095735,0.0001531978442067058,-0.30341446662890426,0.30341446662890426,-83.12725113120665,83.12725113120665
2023-08-25,2023-09-15,PUT,440.79,412.0,0.62,0.63,0.625,922,21636,21,0.0575342465753424,1.069878640776699,ITM,17.2,0.0556,0.0015169902912621,0.30960926569874303,0.0007514788002396676,-0.31539073430125697,0.31539073430125697,-50.462517488201115,50.462517488201115
2023-08-25,2023-09-15,PUT,440.79,411.0,0.58,0.59,0.585,453,6262,21,0.0575342465753424,1.0724817518248175,ITM,17.2,0.0556,0.0014233576642335,0.26732796227549827,0.0006504329982372221,-0.3176720377245017,0.3176720377245017,-54.30291243153876,54.30291243153876
2023-08-25,2023-09-15,PUT,440.79,410.0,0.55,0.56,0.555,11464,78490,21,0.0575342465753424,1.0750975609756095,ITM,17.2,0.0556,0.0013536585365853,0.23009458591617182,0.0005612063071126142,-0.3249054140838282,0.3249054140838282,-58.54151605114022,58.54151605114022
2023-08-25,2023-09-15,PUT,440.79,409.0,0.51,0.52,0.515,583,20279,21,0.0575342465753424,1.077726161369193,ITM,17.2,0.0556,0.0012591687041564,0.19741619555048295,0.00048268018472000723,-0.31758380444951706,0.31758380444951706,-61.66675814553729,61.66675814553729
2023-08-25,2023-09-15,PUT,440.79,408.0,0.49,0.5,0.495,191,15755,21,0.0575342465753424,1.0803676470588237,ITM,17.2,0.0556,0.0012132352941176,0.1688326124662325,0.00041380542271135415,-0.3261673875337675,0.3261673875337675,-65.89240152197324,65.89240152197324
2023-08-25,2023-09-15,PUT,440.79,407.0,0.46,0.47,0.4649999999999999,988,12799,21,0.0575342465753424,1.083022113022113,ITM,17.2,0.0556,0.0011425061425061,0.14391628057717654,0.00035360265498077774,-0.3210837194228234,0.3210837194228234,-69.05026224146741,69.05026224146741
2023-08-25,2023-09-15,PUT,440.79,406.0,0.44,0.45,0.445,392,12879,21,0.0575342465753424,1.0856896551724138,ITM,17.2,0.0556,0.0010960591133004,0.12227182473335318,0.00030116212988510636,-0.3227281752666468,0.3227281752666468,-72.52318545317905,72.52318545317905
2023-08-25,2023-09-08,PUT,440.79,455.0,14.09,14.32,14.205,18,177,14,0.0383561643835616,0.9687692307692308,OTM,17.2,0.0556,0.0312197802197802,14.814316155932488,0.03255893660644503,0.609316155932488,0.609316155932488,4.2894484754135025,4.2894484754135025
2023-08-25,2023-08-30,PUT,440.79,427.0,0.12,0.13,0.125,3440,4989,5,0.0136986301369863,1.032295081967213,ITM,17.2,0.0556,0.0002927400468384,0.19504072970010355,0.0004567698587824439,0.07004072970010355,0.07004072970010355,56.032583760082844,56.032583760082844
2023-08-25,2023-08-30,PUT,440.79,428.0,0.14,0.15,0.145,3681,996,5,0.0136986301369863,1.0298831775700934,ATM,17.2,0.0556,0.0003387850467289,0.2558468594047021,0.0005977730359922946,0.1108468594047021,0.1108468594047021,76.44610993427732,76.44610993427732
2023-08-25,2023-08-30,PUT,440.79,429.0,0.17,0.18,0.175,3547,1054,5,0.0136986301369863,1.0274825174825173,ATM,17.2,0.0556,0.0004079254079254,0.3319089075362598,0.0007736804371474588,0.1569089075362598,0.1569089075362598,89.66223287786275,89.66223287786275
2023-08-25,2023-08-30,PUT,440.79,436.0,0.85,0.86,0.855,10152,10747,5,0.0136986301369863,1.01098623853211,ATM,17.2,0.0556,0.0019610091743119,1.535476094788109,0.0035217341623580483,0.680476094788109,0.680476094788109,79.58784734363847,79.58784734363847
2023-08-25,2023-08-29,PUT,440.79,484.0,43.08,43.31,43.195,1,1,4,0.010958904109589,0.9107231404958676,OTM,17.2,0.0556,0.089245867768595,42.91518152108341,0.0886677304154616,-0.27981847891658873,0.27981847891658873,-0.6478029376469238,0.6478029376469238
2023-08-25,2023-08-29,PUT,440.79,454.0,13.09,13.32,13.205,42,17,4,0.010958904109589,0.9709030837004404,ATM,17.2,0.0556,0.0290859030837004,13.117921970861687,0.028894101257404596,-0.08707802913831308,0.08707802913831308,-0.6594322539819242,0.6594322539819242
2023-08-25,2023-08-29,PUT,440.79,453.0,12.09,12.32,12.205,12,11,4,0.010958904109589,0.973046357615894,ATM,17.2,0.0556,0.0269426048565121,12.178713720414748,0.02688457774925993,-0.02628627958525165,0.02628627958525165,-0.21537304043631011,0.21537304043631011
2023-08-25,2023-08-29,PUT,440.79,452.0,11.1,11.32,11.21,1,10,4,0.010958904109589,0.9751991150442476,ATM,17.2,0.0556,0.0248008849557522,11.255576363542843,0.02490171761845762,0.04557636354284256,0.04557636354284256,0.4065688094812003,0.4065688094812003
2023-08-25,2023-08-29,PUT,440.79,451.0,10.1,10.32,10.21,11,4,4,0.010958904109589,0.977361419068736,ATM,17.2,0.0556,0.0226385809312638,10.351630105750075,0.022952616642461364,0.14163010575007462,0.14163010575007462,1.3871704774737963,1.3871704774737963
2023-08-25,2023-08-29,PUT,440.79,450.0,9.1,9.32,9.21,20,24,4,0.010958904109589,0.9795333333333331,ATM,17.2,0.0556,0.0204666666666666,9.470266826460545,0.021045037392134543,0.2602668264605441,0.2602668264605441,2.8259155967485787,2.8259155967485787
2023-08-25,2023-08-29,PUT,440.79,449.0,8.11,8.32,8.215,6,7,4,0.010958904109589,0.9817149220489976,ATM,17.2,0.0556,0.0182962138084632,8.61508787850488,0.019187278125846058,0.4000878785048805,0.4000878785048805,4.8702115460119355,4.8702115460119355
2023-08-25,2023-08-29,PUT,440.79,448.0,7.16,7.36,7.26,14,56,4,0.010958904109589,0.98390625,ATM,17.2,0.0556,0.0162053571428571,7.789820392735635,0.017387991948070614,0.5298203927356351,0.5298203927356351,7.297801552832439,7.297801552832439
2023-08-25,2023-08-29,PUT,440.79,447.0,6.25,6.43,6.34,31,380,4,0.010958904109589,0.9861073825503356,ATM,17.2,0.0556,0.0141834451901566,6.998213854265998,0.015655959405516773,0.6582138542659983,0.6582138542659983,10.381921991577261,10.381921991577261
2023-08-25,2023-08-29,PUT,440.79,446.0,5.38,5.54,5.46,78,951,4,0.010958904109589,0.988318385650224,ATM,17.2,0.0556,0.0122421524663677,6.243920632241554,0.013999822045384651,0.7839206322415544,0.7839206322415544,14.357520737024805,14.357520737024805
2023-08-25,2023-08-29,PUT,440.79,445.0,4.57,4.71,4.640000000000001,320,1399,4,0.010958904109589,0.9905393258426964,ATM,17.2,0.0556,0.0104269662921348,5.530366013097648,0.012427788793477862,0.8903660130976476,0.8903660130976476,19.18892269606999,19.18892269606999
2023-08-25,2023-08-29,PUT,440.79,444.0,3.86,3.93,3.895,763,1667,4,0.010958904109589,0.9927702702702702,ATM,17.2,0.0556,0.0087725225225225,4.860614887327472,0.010947330827314127,0.9656148873274719,0.9656148873274719,24.79113959762444,24.79113959762444
2023-08-25,2023-08-29,PUT,440.79,443.0,3.2,3.23,3.215,859,1526,4,0.010958904109589,0.9950112866817156,ATM,17.2,0.0556,0.0072573363431151,4.237243352156099,0.009564883413444919,1.0222433521560994,1.0222433521560994,31.796060720251926,31.796060720251926
2023-08-25,2023-08-29,PUT,440.79,442.0,2.6,2.62,2.6100000000000003,3292,1867,4,0.010958904109589,0.997262443438914,ATM,17.2,0.0556,0.0059049773755656,3.662223930612754,0.008285574503648765,1.0522239306127537,1.0522239306127537,40.315093126925426,40.315093126925426
2023-08-25,2023-08-30,PUT,440.79,435.0,0.67,0.68,0.675,19891,7153,5,0.0136986301369863,1.0133103448275862,ATM,17.2,0.0556,0.001551724137931,1.270413205320125,0.002920490127172701,0.5954132053201249,0.5954132053201249,88.2093637511296,88.2093637511296
2023-08-25,2023-08-30,PUT,440.79,434.0,0.53,0.54,0.535,3884,4372,5,0.0136986301369863,1.0156451612903226,ATM,17.2,0.0556,0.0012327188940092,1.0413404876848062,0.0023994020453566964,0.5063404876848062,0.5063404876848062,94.64308181024415,94.64308181024415
2023-08-25,2023-08-30,PUT,440.79,433.0,0.42,0.43,0.425,5156,1985,5,0.0136986301369863,1.0179907621247113,ATM,17.2,0.0556,0.0009815242494226,0.845413716664936,0.0019524566204732934,0.42041371666493604,0.42041371666493604,98.92087450939671,98.92087450939671
2023-08-25,2023-08-30,PUT,440.79,432.0,0.33,0.34,0.335,5670,1476,5,0.0136986301369863,1.020347222222222,ATM,17.2,0.0556,0.0007754629629629,0.6796108735920541,0.0015731733185001251,0.34461087359205406,0.34461087359205406,102.86891749016539,102.86891749016539
2023-08-25,2023-08-30,PUT,440.79,431.0,0.26,0.27,0.265,3410,2630,5,0.0136986301369863,1.0227146171693735,ATM,17.2,0.0556,0.000614849187935,0.5408219625183435,0.0012548073376295672,0.27582196251834346,0.27582196251834346,104.08375944088432,104.08375944088432
2023-08-25,2023-08-30,PUT,440.79,430.0,0.21,0.22,0.215,12903,12367,5,0.0136986301369863,1.025093023255814,ATM,17.2,0.0556,0.0005,0.4259342159101962,0.000990544688163247,0.2109342159101962,0.2109342159101962,98.1089376326494,98.1089376326494
2023-08-25,2023-08-29,PUT,440.79,439.0,1.28,1.3,1.29,17323,2568,4,0.010958904109589,1.0040774487471524,ATM,17.2,0.0556,0.0029384965831435,2.2362097032495853,0.005093871761388577,0.9462097032495853,0.9462097032495853,73.34958939919267,73.34958939919267
2023-08-25,2023-09-15,PUT,440.79,405.0,0.41,0.42,0.415,9865,45695,21,0.0575342465753424,1.0883703703703702,ITM,17.2,0.0556,0.0010246913580246,0.10353534029797462,0.0002556428155505546,-0.31146465970202536,0.31146465970202536,-75.0517252294037,75.0517252294037
2023-08-25,2023-08-29,PUT,440.79,440.0,1.65,1.66,1.6549999999999998,21336,4302,4,0.010958904109589,1.0017954545454544,ATM,17.2,0.0556,0.0037613636363636,2.6615858295716066,0.006049058703571833,1.0065858295716068,1.0065858295716068,60.82089604662277,60.82089604662277
2023-08-25,2023-08-28,PUT,440.79,470.0,29.08,29.31,29.195,1,2,3,0.0082191780821917,0.9378510638297872,OTM,17.2,0.0556,0.0621170212765957,28.995300098618543,0.061692127869401155,-0.19969990138145732,0.19969990138145732,-0.6840208987205252,0.6840208987205252
2023-08-25,2023-08-31,PUT,440.79,430.0,0.32,0.33,0.325,8235,6898,6,0.0164383561643835,1.025093023255814,ATM,17.2,0.0556,0.0007558139534883,0.5778374025235848,0.0013438079128455461,0.25283740252358483,0.25283740252358483,77.79612385341072,77.79612385341072
2023-08-25,2023-09-05,PUT,440.79,424.0,0.32,0.33,0.325,848,97,11,0.0301369863013698,1.0395990566037736,ITM,17.2,0.0556,0.0007665094339622,0.5198148332749568,0.0012259783803654641,0.1948148332749568,0.1948148332749568,59.94302562306363,59.94302562306363
2023-08-25,2023-09-05,PUT,440.79,423.0,0.28,0.29,0.285,191,39,11,0.0301369863013698,1.0420567375886525,ITM,17.2,0.0556,0.0006737588652482,0.43630923089973805,0.0010314639028362602,0.15130923089973808,0.15130923089973808,53.090958210434415,53.090958210434415
2023-08-25,2023-09-05,PUT,440.79,422.0,0.25,0.26,0.255,226,36,11,0.0301369863013698,1.0445260663507108,ITM,17.2,0.0556,0.0006042654028436,0.3643002516422946,0.0008632707384888498,0.10930025164229462,0.10930025164229462,42.86284378129201,42.86284378129201
2023-08-25,2023-09-05,PUT,440.79,421.0,0.23,0.24,0.235,63,277,11,0.0301369863013698,1.0470071258907363,ITM,17.2,0.0556,0.0005581947743467,0.30255657164358496,0.0007186616903648099,0.06755657164358497,0.06755657164358497,28.747477295142545,28.747477295142545
2023-08-25,2023-09-05,PUT,440.79,420.0,0.21,0.22,0.215,322,376,11,0.0301369863013698,1.0495,ITM,17.2,0.0556,0.0005119047619047,0.24991875334068325,0.0005950446508111506,0.034918753340683256,0.034918753340683256,16.24128062357361,16.24128062357361
2023-08-25,2023-09-05,PUT,440.79,419.0,0.19,0.2,0.195,93,145,11,0.0301369863013698,1.0520047732696896,ITM,17.2,0.0556,0.0004653937947494,0.20530507634014228,0.0004899882490218192,0.010305076340142272,0.010305076340142272,5.284654533406293,5.284654533406293
2023-08-25,2023-09-05,PUT,440.79,418.0,0.18,0.19,0.185,348,30,11,0.0301369863013698,1.0545215311004783,ITM,17.2,0.0556,0.0004425837320574,0.1677153906126918,0.00040123299189639186,-0.017284609387308192,0.017284609387308192,-9.34303210124767,9.34303210124767
2023-08-25,2023-09-05,PUT,440.79,425.0,0.36,0.37,0.365,1235,467,11,0.0301369863013698,1.0371529411764706,ITM,17.2,0.0556,0.0008588235294117,0.6161123914381577,0.0014496762151486062,0.25111239143815767,0.25111239143815767,68.79791546250895,68.79791546250895
2023-08-25,2023-08-31,PUT,440.79,441.0,2.72,2.74,2.7300000000000004,6404,1388,6,0.0164383561643835,0.9995238095238096,ATM,17.2,0.0556,0.0061904761904761,3.7813229127798422,0.008574428373650436,1.0513229127798418,1.0513229127798418,38.509996805122405,38.509996805122405
2023-08-25,2023-09-05,PUT,440.79,417.0,0.16,0.17,0.165,71,27,11,0.0301369863013698,1.05705035971223,ITM,17.2,0.0556,0.0003956834532374,0.1362331117793083,0.0003266981097825139,-0.028766888220691705,0.028766888220691705,-17.434477709510123,17.434477709510123
2023-08-25,2023-09-05,PUT,440.79,414.0,0.13,0.14,0.135,43,149,11,0.0301369863013698,1.0647101449275362,ITM,17.2,0.0556,0.0003260869565217,0.07051431902226657,0.0001703244420827695,-0.06448568097773344,0.06448568097773344,-47.76717109461736,47.76717109461736
2023-08-25,2023-09-05,PUT,440.79,413.0,0.13,0.14,0.135,11,10,11,0.0301369863013698,1.0672881355932202,ITM,17.2,0.0556,0.0003268765133171,0.05594752476963283,0.00013546616166981314,-0.07905247523036718,0.07905247523036718,-58.55738905953124,58.55738905953124
2023-08-25,2023-09-05,PUT,440.79,412.0,0.12,0.13,0.125,89,1,11,0.0301369863013698,1.069878640776699,ITM,17.2,0.0556,0.0003033980582524,0.04412109222647054,0.00010709002967589936,-0.08087890777352946,0.08087890777352946,-64.70312621882357,64.70312621882357
2023-08-25,2023-09-01,PUT,440.79,476.0,35.07,35.32,35.195,26,10,7,0.0191780821917808,0.9260294117647058,OTM,17.2,0.0556,0.0739390756302521,34.70487365784538,0.07290939844085165,-0.4901263421546176,0.4901263421546176,-1.392602193932711,1.392602193932711
2023-08-25,2023-09-01,PUT,440.79,466.0,25.07,25.32,25.195,1,1,7,0.0191780821917808,0.945901287553648,OTM,17.2,0.0556,0.0540665236051502,24.754024358995537,0.05312022394634235,-0.4409756410044636,0.4409756410044636,-1.750250609265583,1.750250609265583
2023-08-25,2023-09-01,PUT,440.79,465.0,24.07,24.32,24.195,1,4,7,0.0191780821917808,0.9479354838709676,OTM,17.2,0.0556,0.0520322580645161,23.767104819775227,0.0511120533758607,-0.42789518022477324,0.42789518022477324,-1.768527299957732,1.768527299957732
2023-08-25,2023-09-01,PUT,440.79,464.0,23.07,23.32,23.195,1,1,7,0.0191780821917808,0.949978448275862,OTM,17.2,0.0556,0.049989224137931,22.78331035939027,0.04910196198144455,-0.4116896406097297,0.4116896406097297,-1.7749068359979723,1.7749068359979723
2023-08-25,2023-09-05,PUT,440.79,416.0,0.15,0.16,0.155,53,10,11,0.0301369863013698,1.059591346153846,ITM,17.2,0.0556,0.0003725961538461,0.11002551983205677,0.0002644844226732134,-0.044974480167943226,0.044974480167943226,-29.015793656737568,29.015793656737568
2023-08-25,2023-09-05,PUT,440.79,426.0,0.41,0.42,0.415,143,220,11,0.0301369863013698,1.0347183098591548,ITM,17.2,0.0556,0.0009741784037558,0.7265513125997671,0.0017055195131449933,0.31155131259976715,0.31155131259976715,75.07260544572704,75.07260544572704
2023-08-25,2023-09-05,PUT,440.79,415.0,0.14,0.15,0.145,73,4,11,0.0301369863013698,1.0621445783132528,ITM,17.2,0.0556,0.0003493975903614,0.08834255416296344,0.00021287362448906854,-0.05665744583703655,0.05665744583703655,-39.07410057726659,39.07410057726659
2023-08-25,2023-09-05,PUT,440.79,427.0,0.47,0.48,0.475,425,143,11,0.0301369863013698,1.032295081967213,ITM,17.2,0.0556,0.0011124121779859,0.8525231420779278,0.001996541316341751,0.3775231420779278,0.3775231420779278,79.47855622693217,79.47855622693217
2023-08-25,2023-08-31,PUT,440.79,442.0,3.21,3.23,3.22,4677,4011,6,0.0164383561643835,0.997262443438914,ATM,17.2,0.0556,0.0072850678733031,4.297814593080318,0.009723562427783525,1.0778145930803178,1.0778145930803178,33.4725028906931,33.4725028906931
2023-08-25,2023-08-31,PUT,440.79,444.0,4.37,4.41,4.390000000000001,304,3424,6,0.0164383561643835,0.9927702702702702,ATM,17.2,0.0556,0.0098873873873873,5.45213816999518,0.012279590472962117,1.0621381699951797,1.0621381699951797,24.19449134385375,24.19449134385375
2023-08-25,2023-08-31,PUT,440.79,455.0,14.09,14.32,14.205,15,14,6,0.0164383561643835,0.9687692307692308,OTM,17.2,0.0556,0.0312197802197802,14.158408358745248,0.031117381008231314,-0.04659164125475179,0.04659164125475179,-0.32799465860437726,0.32799465860437726
2023-08-25,2023-08-31,PUT,440.79,454.0,13.09,13.32,13.205,130,34,6,0.0164383561643835,0.9709030837004404,ATM,17.2,0.0556,0.0290859030837004,13.246483964463664,0.02917727745476578,0.04148396446366398,0.04148396446366398,0.3141534605351305,0.3141534605351305
2023-08-25,2023-08-31,PUT,440.79,439.0,1.92,1.93,1.925,9304,3915,6,0.0164383561643835,1.0040774487471524,ATM,17.2,0.0556,0.004384965831435,2.8710184996568273,0.006539905466188673,0.9460184996568273,0.9460184996568273,49.14381816399103,49.14381816399103
2023-08-25,2023-08-31,PUT,440.79,438.0,1.59,1.6,1.5950000000000002,10411,1525,6,0.0164383561643835,1.0063698630136986,ATM,17.2,0.0556,0.0036415525114155,2.4764554387113833,0.005654007850939231,0.8814554387113831,0.8814554387113831,55.26366386905223,55.26366386905223
2023-08-25,2023-08-31,PUT,440.79,437.0,1.31,1.32,1.315,11905,5670,6,0.0164383561643835,1.0086727688787185,ATM,17.2,0.0556,0.0030091533180778,2.12108619977343,0.004853744164241258,0.8060861997734299,0.8060861997734299,61.29933078124942,61.29933078124942
2023-08-25,2023-08-31,PUT,440.79,436.0,1.08,1.09,1.085,6658,935,6,0.0164383561643835,1.01098623853211,ATM,17.2,0.0556,0.0024885321100917,1.8035239979881226,0.004136522931165418,0.7185239979881226,0.7185239979881226,66.22340995282237,66.22340995282237
2023-08-25,2023-08-31,PUT,440.79,435.0,0.88,0.89,0.885,7852,5032,6,0.0164383561643835,1.0133103448275862,ATM,17.2,0.0556,0.0020344827586206,1.522037830711568,0.0034989375418656736,0.637037830711568,0.637037830711568,71.98167578661786,71.98167578661786
2023-08-25,2023-08-31,PUT,440.79,434.0,0.71,0.72,0.715,5553,3434,6,0.0164383561643835,1.0156451612903226,ATM,17.2,0.0556,0.001647465437788,1.2746021886188856,0.0029368714023476628,0.5596021886188857,0.5596021886188857,78.26604036627772,78.26604036627772
2023-08-25,2023-08-31,PUT,440.79,433.0,0.58,0.59,0.585,14319,1940,6,0.0164383561643835,1.0179907621247113,ATM,17.2,0.0556,0.0013510392609699,1.0589539596801956,0.002445621153995833,0.4739539596801956,0.4739539596801956,81.01777088550352,81.01777088550352
2023-08-25,2023-08-31,PUT,440.79,443.0,3.76,3.78,3.77,1600,2140,6,0.0164383561643835,0.9950112866817156,ATM,17.2,0.0556,0.008510158013544,4.854982851616626,0.010959329236154912,1.0849828516166258,1.0849828516166258,28.779385984525884,28.779385984525884
2023-08-25,2023-08-31,PUT,440.79,432.0,0.47,0.48,0.475,25535,7083,6,0.0164383561643835,1.020347222222222,ATM,17.2,0.0556,0.001099537037037,0.8726538392274392,0.0020200320352487017,0.39765383922743924,0.39765383922743924,83.71659773209247,83.71659773209247
2023-08-25,2023-08-31,PUT,440.79,440.0,2.29,2.31,2.3,14487,3504,6,0.0164383561643835,1.0017954545454544,ATM,17.2,0.0556,0.0052272727272727,3.305777824795058,0.007513131419988768,1.0057778247950582,1.0057778247950582,43.7294706432634,43.7294706432634
2023-08-25,2023-09-01,PUT,440.79,437.0,1.61,1.62,1.6150000000000002,15449,11116,7,0.0191780821917808,1.0086727688787185,ATM,17.2,0.0556,0.003695652173913,2.3814858477628036,0.0054496243655899395,0.7664858477628034,0.7664858477628034,47.46042401008069,47.46042401008069
2023-08-25,2023-08-31,PUT,440.79,451.0,10.1,10.33,10.215,3,3,6,0.0164383561643835,0.977361419068736,ATM,17.2,0.0556,0.0226496674057649,10.621573601862735,0.02355116097973999,0.4065736018627355,0.4065736018627355,3.9801625243537493,3.9801625243537493
2023-08-25,2023-08-31,PUT,440.79,450.0,9.15,9.36,9.255,16,13,6,0.0164383561643835,0.9795333333333331,ATM,17.2,0.0556,0.0205666666666666,9.791555096871832,0.02175901132638185,0.5365550968718313,0.5365550968718313,5.797461878679971,5.797461878679971
2023-08-25,2023-08-31,PUT,440.79,449.0,8.22,8.42,8.32,20,128,6,0.0164383561643835,0.9817149220489976,ATM,17.2,0.0556,0.0185300668151447,8.988146696564513,0.020018144090344126,0.6681466965645129,0.6681466965645129,8.030609333708087,8.030609333708087
2023-08-25,2023-08-31,PUT,440.79,448.0,7.34,7.52,7.43,87,423,6,0.0164383561643835,0.98390625,ATM,17.2,0.0556,0.0165848214285714,8.213811130647969,0.01833439984519636,0.7838111306479689,0.7838111306479689,10.549274975073606,10.549274975073606
2023-08-25,2023-08-31,PUT,440.79,447.0,6.5,6.66,6.58,502,112,6,0.0164383561643835,0.9861073825503356,ATM,17.2,0.0556,0.0147203579418344,7.470923068372315,0.016713474425888847,0.8909230683723148,0.8909230683723148,13.53986426097743,13.53986426097743
2023-08-25,2023-08-31,PUT,440.79,446.0,5.74,5.85,5.795,36,932,6,0.0164383561643835,0.988318385650224,ATM,17.2,0.0556,0.0129932735426008,6.7617104845988365,0.015160785839907705,0.9667104845988366,0.9667104845988366,16.681803012922114,16.681803012922114
2023-08-25,2023-08-31,PUT,440.79,445.0,5.04,5.1,5.07,135,2926,6,0.0164383561643835,0.9905393258426964,ATM,17.2,0.0556,0.0113932584269662,6.088195640699496,0.013681338518425833,1.0181956406994956,1.0181956406994956,20.082754254427922,20.082754254427922
2023-08-25,2023-08-31,PUT,440.79,431.0,0.38,0.4,0.39,35901,6162,6,0.0164383561643835,1.0227146171693735,ATM,17.2,0.0556,0.0009048723897911,0.7131494450248894,0.0016546390835844302,0.3231494450248894,0.3231494450248894,82.85883205766395,82.85883205766395
2023-08-25,2023-09-05,PUT,440.79,437.0,1.94,1.95,1.945,1321,436,11,0.0301369863013698,1.0086727688787185,ATM,17.2,0.0556,0.0044508009153318,3.2711578666525725,0.007485487109044788,1.3261578666525724,1.3261578666525724,68.18292373535077,68.18292373535077
2023-08-25,2023-09-05,PUT,440.79,436.0,1.68,1.69,1.685,939,209,11,0.0301369863013698,1.01098623853211,ATM,17.2,0.0556,0.0038646788990825,2.9155592304279594,0.006687062455109999,1.2305592304279593,1.2305592304279593,73.03022139038335,73.03022139038335
2023-08-25,2023-09-05,PUT,440.79,435.0,1.46,1.47,1.465,2712,356,11,0.0301369863013698,1.0133103448275862,ATM,17.2,0.0556,0.003367816091954,2.588108190633676,0.0059496740014567265,1.123108190633676,1.123108190633676,76.66267512857856,76.66267512857856
2023-08-25,2023-09-01,PUT,440.79,457.0,16.09,16.32,16.205,34,12,7,0.0191780821917808,0.9645295404814004,OTM,17.2,0.0556,0.0354595185995623,16.05705491151008,0.03513578755253847,-0.14794508848991939,0.14794508848991939,-0.912959509348469,0.912959509348469
2023-08-25,2023-09-01,PUT,440.79,456.0,15.09,15.32,15.205,68,18,7,0.0191780821917808,0.9666447368421052,OTM,17.2,0.0556,0.033344298245614,15.133418668081049,0.033187321640528615,-0.07158133191895111,0.07158133191895111,-0.4707749550736673,0.4707749550736673
2023-08-25,2023-09-01,PUT,440.79,455.0,14.09,14.32,14.205,437,138,7,0.0191780821917808,0.9687692307692308,OTM,17.2,0.0556,0.0312197802197802,14.223729745095,0.03126094449471428,0.018729745094999473,0.018729745094999473,0.13185318616683894,0.13185318616683894
2023-08-25,2023-09-01,PUT,440.79,454.0,13.09,13.32,13.205,1310,986,7,0.0191780821917808,0.9709030837004404,ATM,17.2,0.0556,0.0290859030837004,13.32986118843985,0.029360927727841078,0.12486118843984961,0.12486118843984961,0.9455599276020418,0.9455599276020418
2023-08-25,2023-09-01,PUT,440.79,453.0,12.09,12.32,12.205,1352,801,7,0.0191780821917808,0.973046357615894,ATM,17.2,0.0556,0.0269426048565121,12.453790409662247,0.027491811058857056,0.24879040966224686,0.24879040966224686,2.038430230743522,2.038430230743522
2023-08-25,2023-09-01,PUT,440.79,452.5,11.59,11.82,11.705,2,273,7,0.0191780821917808,0.974121546961326,ATM,17.2,0.0556,0.0258674033149171,12.023070234241516,0.026570320959649757,0.3180702342415156,0.3180702342415156,2.717387733801927,2.717387733801927
2023-08-25,2023-09-01,PUT,440.79,452.0,11.11,11.33,11.22,34,1343,7,0.0191780821917808,0.9751991150442476,ATM,17.2,0.0556,0.0248230088495575,11.597576677299969,0.025658355480752144,0.37757667729996847,0.37757667729996847,3.3652110276289524,3.3652110276289524
2023-08-25,2023-09-01,PUT,440.79,451.0,10.13,10.35,10.24,97,378,7,0.0191780821917808,0.977361419068736,ATM,17.2,0.0556,0.0227050997782705,10.76333340140684,0.023865484260325587,0.5233334014068394,0.5233334014068394,5.110677748113666,5.110677748113666
2023-08-25,2023-09-01,PUT,440.79,450.0,9.2,9.41,9.305,421,8936,7,0.0191780821917808,0.9795333333333331,ATM,17.2,0.0556,0.0206777777777777,9.953195551637066,0.022118212336971258,0.6481955516370661,0.6481955516370661,6.966099426513338,6.966099426513338
2023-08-25,2023-09-01,PUT,440.79,457.5,16.57,16.82,16.695,1,5,7,0.0191780821917808,0.9634754098360656,OTM,17.2,0.0556,0.0364918032786885,16.523550832080048,0.03611705099908207,-0.17144916791995257,0.17144916791995257,-1.0269491938901023,1.0269491938901023
2023-08-25,2023-09-01,PUT,440.79,449.0,8.31,8.5,8.405000000000001,124,4607,7,0.0191780821917808,0.9817149220489976,ATM,17.2,0.0556,0.0187193763919821,9.169282816545376,0.020421565292974113,0.764282816545375,0.764282816545375,9.093192344382807,9.093192344382807
2023-08-25,2023-08-28,PUT,440.79,480.0,39.08,39.31,39.195,4,4,3,0.0082191780821917,0.9183125,OTM,17.2,0.0556,0.08165625,38.99069672237289,0.08123061817161019,-0.20430327762711187,0.20430327762711187,-0.5212483164360553,0.5212483164360553
2023-08-25,2023-08-28,PUT,440.79,464.0,23.08,23.31,23.195,2,1,3,0.0082191780821917,0.949978448275862,OTM,17.2,0.0556,0.049989224137931,22.99904446801719,0.04956690618107153,-0.19595553198281124,0.19595553198281124,-0.8448179865609452,0.8448179865609452
2023-08-25,2023-08-28,PUT,440.79,457.0,16.08,16.31,16.195,5,5,3,0.0082191780821917,0.9645295404814004,OTM,17.2,0.0556,0.0354376367614879,16.027839181347588,0.03507185816487437,-0.1671608186524125,0.1671608186524125,-1.0321754779401822,1.0321754779401822
2023-08-25,2023-08-28,PUT,440.79,455.0,14.1,14.31,14.205,20,29,3,0.0082191780821917,0.9687692307692308,OTM,17.2,0.0556,0.0312197802197802,14.060537861066734,0.030902281013333484,-0.14446213893326565,0.14446213893326565,-1.0169809147009197,1.0169809147009197
2023-08-25,2023-08-28,PUT,440.79,454.0,13.1,13.31,13.205,40,12,3,0.0082191780821917,0.9709030837004404,ATM,17.2,0.0556,0.0290859030837004,13.087105257959593,0.028826223035153288,-0.11789474204040751,0.11789474204040751,-0.8928038018963083,0.8928038018963083
2023-08-25,2023-08-28,PUT,440.79,453.0,12.1,12.31,12.205,86,10,3,0.0082191780821917,0.973046357615894,ATM,17.2,0.0556,0.0269426048565121,12.123478706313279,0.026762646150801938,-0.08152129368672156,0.08152129368672156,-0.6679335820296728,0.6679335820296728
2023-08-25,2023-08-28,PUT,440.79,452.0,11.15,11.31,11.23,40,11,3,0.0082191780821917,0.9751991150442476,ATM,17.2,0.0556,0.0248451327433628,11.172520498355823,0.024717965704327043,-0.05747950164417759,0.05747950164417759,-0.511838839217966,0.511838839217966
2023-08-25,2023-08-28,PUT,440.79,451.0,10.1,10.31,10.205,35,22,3,0.0082191780821917,0.977361419068736,ATM,17.2,0.0556,0.0226274944567627,10.237613354138546,0.022699807880573273,0.0326133541385456,0.0326133541385456,0.3195821081680118,0.3195821081680118
2023-08-25,2023-08-28,PUT,440.79,450.0,9.1,9.31,9.205,1809,30,3,0.0082191780821917,0.9795333333333331,ATM,17.2,0.0556,0.0204555555555555,9.322649179919438,0.020716998177598752,0.11764917991943769,0.11764917991943769,1.2781008138993772,1.2781008138993772
2023-08-25,2023-09-01,PUT,440.79,448.0,7.46,7.63,7.545,156,3750,7,0.0191780821917808,0.98390625,ATM,17.2,0.0556,0.0168415178571428,8.41365937977423,0.01878048968699605,0.8686593797742308,0.8686593797742308,11.513046782958657,11.513046782958657
2023-08-25,2023-09-01,PUT,440.79,447.5,7.06,7.21,7.135,101,2359,7,0.0191780821917808,0.9850055865921789,ATM,17.2,0.0556,0.0159441340782122,8.047075599698303,0.017982291842901236,0.9120755996983032,0.9120755996983032,12.783119827586592,12.783119827586592
2023-08-25,2023-09-01,PUT,440.79,447.0,6.66,6.81,6.734999999999999,408,4303,7,0.0191780821917808,0.9861073825503356,ATM,17.2,0.0556,0.0150671140939597,7.688291440409444,0.017199757137381304,0.9532914404094441,0.9532914404094441,14.154290132285734,14.154290132285734
2023-08-25,2023-09-01,PUT,440.79,437.5,1.75,1.76,1.755,7918,3538,7,0.0191780821917808,1.00752,ATM,17.2,0.0556,0.0040114285714285,2.5588912379161,0.005848894258093943,0.8038912379161003,0.8038912379161003,45.805768542227945,45.805768542227945
2023-08-25,2023-09-05,PUT,440.79,434.0,1.26,1.28,1.27,876,106,11,0.0301369863013698,1.0156451612903226,ATM,17.2,0.0556,0.0029262672811059,2.2879199198965807,0.005271704884554334,1.0179199198965807,1.0179199198965807,80.15117479500636,80.15117479500636
2023-08-25,2023-09-05,PUT,440.79,433.0,1.09,1.1,1.0950000000000002,1295,326,11,0.0301369863013698,1.0179907621247113,ATM,17.2,0.0556,0.0025288683602771,2.0139794036000325,0.00465122264110862,0.9189794036000323,0.9189794036000323,83.92505968950066,83.92505968950066
2023-08-25,2023-09-05,PUT,440.79,432.0,0.94,0.95,0.945,384,288,11,0.0301369863013698,1.020347222222222,ATM,17.2,0.0556,0.0021874999999999,1.7651571703512303,0.004086011968405626,0.8201571703512304,0.8201571703512304,86.78911855568575,86.78911855568575
2023-08-25,2023-09-05,PUT,440.79,431.0,0.82,0.83,0.825,745,284,11,0.0301369863013698,1.0227146171693735,ATM,17.2,0.0556,0.0019141531322505,1.5402265387769631,0.003573611458879265,0.7152265387769632,0.7152265387769632,86.69412591235917,86.69412591235917
2023-08-25,2023-09-05,PUT,440.79,430.0,0.71,0.72,0.715,1141,403,11,0.0301369863013698,1.025093023255814,ATM,17.2,0.0556,0.0016627906976744,1.337881935180036,0.0031113533376279905,0.622881935180036,0.622881935180036,87.1163545706344,87.1163545706344
2023-08-25,2023-09-05,PUT,440.79,429.0,0.61,0.62,0.615,344,198,11,0.0301369863013698,1.0274825174825173,ATM,17.2,0.0556,0.0014335664335664,1.1567578185207594,0.0026964051713770617,0.5417578185207594,0.5417578185207594,88.09070219849747,88.09070219849747
2023-08-25,2023-09-05,PUT,440.79,428.0,0.53,0.54,0.535,245,308,11,0.0301369863013698,1.0298831775700934,ATM,17.2,0.0556,0.00125,0.9954477478287771,0.0023258124949270494,0.46044774782877707,0.46044774782877707,86.06499959416394,86.06499959416394
2023-08-25,2023-09-01,PUT,440.79,461.0,20.07,20.32,20.195,2,3,7,0.0191780821917808,0.9561605206073752,OTM,17.2,0.0556,0.0438069414316702,19.8580871133031,0.04307611087484403,-0.33691288669690067,0.33691288669690067,-1.6682985228863614,1.6682985228863614
2023-08-25,2023-09-01,PUT,440.79,460.0,19.07,19.32,19.195,78,21,7,0.0191780821917808,0.9582391304347824,OTM,17.2,0.0556,0.0417282608695652,18.894808259328954,0.041075670128975984,-0.30019174067104615,0.30019174067104615,-1.563905916494119,1.563905916494119
2023-08-25,2023-09-01,PUT,440.79,459.0,18.07,18.32,18.195,1,1,7,0.0191780821917808,0.9603267973856208,OTM,17.2,0.0556,0.0396405228758169,17.939297121635832,0.03908343599484931,-0.2557028783641684,0.2557028783641684,-1.4053469544609418,1.4053469544609418
2023-08-25,2023-09-01,PUT,440.79,458.0,17.07,17.32,17.195,1,1,7,0.0191780821917808,0.962423580786026,OTM,17.2,0.0556,0.0375436681222707,16.992887008165553,0.03710237338027413,-0.2021129918344471,0.2021129918344471,-1.1754172249749757,1.1754172249749757
2023-08-25,2023-09-01,PUT,440.79,446.0,5.92,6.04,5.98,252,2759,7,0.0191780821917808,0.988318385650224,ATM,17.2,0.0556,0.0134080717488789,6.9950038219134285,0.01568386507155477,1.015003821913428,1.015003821913428,16.973308058752977,16.973308058752977
2023-08-25,2023-09-01,PUT,440.79,445.0,5.26,5.31,5.285,1111,8316,7,0.0191780821917808,0.9905393258426964,ATM,17.2,0.0556,0.011876404494382,6.33543717903558,0.014236937480978831,1.0504371790355798,1.0504371790355798,19.875821741449002,19.875821741449002
2023-08-25,2023-09-01,PUT,440.79,444.0,4.62,4.66,4.640000000000001,683,4352,7,0.0191780821917808,0.9927702702702702,ATM,17.2,0.0556,0.0104504504504504,5.711007409236629,0.012862629300082497,1.0710074092366284,1.0710074092366284,23.082056233548023,23.082056233548023
2023-08-25,2023-09-01,PUT,440.79,443.0,4.05,4.06,4.055,3421,3879,7,0.0191780821917808,0.9950112866817156,ATM,17.2,0.0556,0.0091534988713318,5.122868892151644,0.011564038131267818,1.067868892151644,1.067868892151644,26.334621261446216,26.334621261446216
2023-08-25,2023-09-01,PUT,440.79,442.5,3.77,3.79,3.78,3082,4702,7,0.0191780821917808,0.996135593220339,ATM,17.2,0.0556,0.0085423728813559,4.84269023243391,0.010943932728664202,1.0626902324339098,1.0626902324339098,28.113498212537298,28.113498212537298
2023-08-25,2023-09-01,PUT,440.79,442.0,3.51,3.53,3.52,4358,4957,7,0.0191780821917808,0.997262443438914,ATM,17.2,0.0556,0.0079638009049773,4.571883109957213,0.010343626945604555,1.0518831099572128,1.0518831099572128,29.88304289651173,29.88304289651173
2023-08-25,2023-09-01,PUT,440.79,441.0,3.04,3.05,3.045,11071,5596,7,0.0191780821917808,0.9995238095238096,ATM,17.2,0.0556,0.0069047619047619,4.058594041481655,0.009203161091795135,1.0135940414816549,1.0135940414816549,33.28716063979162,33.28716063979162
2023-08-25,2023-09-01,PUT,440.79,440.0,2.61,2.62,2.615,24915,23791,7,0.0191780821917808,1.0017954545454544,ATM,17.2,0.0556,0.0059431818181818,3.583211478220278,0.008143662450500631,0.9682114782202778,0.9682114782202778,37.025295534236236,37.025295534236236
2023-08-25,2023-09-01,PUT,440.79,439.0,2.23,2.25,2.24,19480,5663,7,0.0191780821917808,1.0040774487471524,ATM,17.2,0.0556,0.0051025056947608,3.145603092238133,0.00716538289803675,0.9056030922381328,0.9056030922381328,40.42870947491664,40.42870947491664
2023-08-25,2023-09-01,PUT,440.79,438.0,1.9,1.91,1.905,28420,9053,7,0.0191780821917808,1.0063698630136986,ATM,17.2,0.0556,0.0043493150684931,2.7452957113396224,0.0062677984277160325,0.8402957113396223,0.8402957113396223,44.11001109394343,44.11001109394343
2023-08-25,2023-08-29,PUT,440.79,431.0,0.14,0.15,0.145,3832,3059,4,0.010958904109589,1.0227146171693735,ATM,17.2,0.0556,0.0003364269141531,0.3716737107788788,0.0008623519971667721,0.2266737107788788,0.2266737107788788,156.32669708888193,156.32669708888193
2023-08-25,2023-09-15,PUT,440.79,404.0,0.39,0.4,0.395,418,7244,21,0.0575342465753424,1.0910643564356437,ITM,17.2,0.0556,0.0009777227722772,0.08737344858928786,0.00021627091234972242,-0.30762655141071216,0.30762655141071216,-77.88013959764864,77.88013959764864
2023-08-25,2023-09-15,PUT,440.79,403.0,0.37,0.38,0.375,393,10019,21,0.0575342465753424,1.0937717121588089,ITM,17.2,0.0556,0.0009305210918114,0.07348215336547703,0.00018233784954212664,-0.30151784663452297,0.30151784663452297,-80.40475910253946,80.40475910253946
2023-08-25,2023-09-08,PUT,440.79,451.0,10.34,10.56,10.45,138,822,14,0.0383561643835616,0.977361419068736,ATM,17.2,0.0556,0.023170731707317,11.712596783506342,0.025970281116422043,1.2625967835063427,1.2625967835063427,12.082265870874094,12.082265870874094
2023-08-25,2023-09-08,PUT,440.79,412.0,0.25,0.26,0.255,538,1027,14,0.0383561643835616,1.069878640776699,ITM,17.2,0.0556,0.0006189320388349,0.10114245252557197,0.0002454913896251747,-0.15385754747442804,0.15385754747442804,-60.336293127226675,60.336293127226675
2023-08-25,2023-09-08,PUT,440.79,411.0,0.23,0.24,0.235,173,265,14,0.0383561643835616,1.0724817518248175,ITM,17.2,0.0556,0.0005717761557177,0.08274793350958731,0.0002013331715561735,-0.15225206649041267,0.15225206649041267,-64.7881134001756,64.7881134001756
2023-08-25,2023-09-08,PUT,440.79,410.0,0.22,0.23,0.225,521,13066,14,0.0383561643835616,1.0750975609756095,ITM,17.2,0.0556,0.0005487804878048,0.06737268333394297,0.00016432361788766577,-0.15762731666605703,0.15762731666605703,-70.05658518491423,70.05658518491423
2023-08-25,2023-09-08,PUT,440.79,409.0,0.21,0.22,0.215,245,1345,14,0.0383561643835616,1.077726161369193,ITM,17.2,0.0556,0.0005256723716381,0.05458674321210033,0.00013346391983398614,-0.16041325678789967,0.16041325678789967,-74.61081711065101,74.61081711065101
2023-08-25,2023-09-08,PUT,440.79,408.0,0.2,0.21,0.205,245,438,14,0.0383561643835616,1.0803676470588237,ITM,17.2,0.0556,0.0005024509803921,0.044008942049041266,0.0001078650540417678,-0.16099105795095872,0.16099105795095872,-78.53222339071158,78.53222339071158
2023-08-25,2023-09-08,PUT,440.79,407.0,0.19,0.2,0.195,392,276,14,0.0383561643835616,1.083022113022113,ITM,17.2,0.0556,0.0004791154791154,0.03530359558507756,8.674102109355667e-05,-0.15969640441492244,0.15969640441492244,-81.89559200765252,81.89559200765252
2023-08-25,2023-09-08,PUT,440.79,406.0,0.18,0.19,0.185,43,134,14,0.0383561643835616,1.0856896551724138,ITM,17.2,0.0556,0.0004556650246305,0.0281770274869948,6.940154553446994e-05,-0.1568229725130052,0.1568229725130052,-84.76917433135417,84.76917433135417
2023-08-25,2023-09-08,PUT,440.79,405.0,0.17,0.18,0.175,360,54955,14,0.0383561643835616,1.0883703703703702,ITM,17.2,0.0556,0.000432098765432,0.02237400263215994,5.5244450943604786e-05,-0.15262599736784005,0.15262599736784005,-87.21485563876574,87.21485563876574
2023-08-25,2023-09-08,PUT,440.79,404.0,0.16,0.17,0.165,101,180,14,0.0383561643835616,1.0910643564356437,ITM,17.2,0.0556,0.0004084158415841,0.017674152393235554,4.3747901963454344e-05,-0.14732584760676445,0.14732584760676445,-89.28839248894815,89.28839248894815
2023-08-25,2023-09-08,PUT,440.79,413.0,0.26,0.27,0.265,202,3164,14,0.0383561643835616,1.0672881355932202,ITM,17.2,0.0556,0.0006416464891041,0.12303801032342498,0.0002979128579259685,-0.14196198967657503,0.14196198967657503,-53.57056214210378,53.57056214210378
2023-08-25,2023-09-08,PUT,440.79,403.0,0.16,0.17,0.165,19,71,14,0.0383561643835616,1.0937717121588089,ITM,17.2,0.0556,0.000409429280397,0.01388846047144332,3.446268107057896e-05,-0.1511115395285567,0.1511115395285567,-91.58275122942828,91.58275122942828
2023-08-25,2023-09-08,PUT,440.79,401.0,0.14,0.15,0.145,92,61,14,0.0383561643835616,1.099226932668329,ITM,17.2,0.0556,0.000361596009975,0.008440030987458047,2.104745882159114e-05,-0.13655996901254194,0.13655996901254194,-94.17928897416687,94.17928897416687
2023-08-25,2023-09-08,PUT,440.79,415.0,0.3,0.31,0.305,1997,9750,14,0.0383561643835616,1.0621445783132528,ITM,17.2,0.0556,0.0007349397590361,0.1795337196525395,0.0004326113726567217,-0.1254662803474605,0.1254662803474605,-41.13648535982311,41.13648535982311
2023-08-25,2023-09-08,PUT,440.79,416.0,0.32,0.33,0.325,114,1268,14,0.0383561643835616,1.059591346153846,ITM,17.2,0.0556,0.00078125,0.21537763291325973,0.0005177346945030282,-0.10962236708674028,0.10962236708674028,-33.729959103612394,33.729959103612394
2023-08-25,2023-09-08,PUT,440.79,428.0,0.97,0.98,0.975,2029,3259,14,0.0383561643835616,1.0298831775700934,ATM,17.2,0.0556,0.0022780373831775,1.369757713005157,0.003200368488329806,0.39475771300515705,0.39475771300515705,40.48797056463149,40.48797056463149
2023-08-25,2023-09-08,PUT,440.79,427.0,0.87,0.89,0.88,875,3787,14,0.0383561643835616,1.032295081967213,ITM,17.2,0.0556,0.0020608899297423,1.2003560968421851,0.0028111384000987943,0.32035609684218513,0.32035609684218513,36.40410191388467,36.40410191388467
2023-08-25,2023-09-08,PUT,440.79,426.0,0.79,0.8,0.795,866,2613,14,0.0383561643835616,1.0347183098591548,ITM,17.2,0.0556,0.0018661971830985,1.0479076786120345,0.0024598771798404564,0.25290767861203445,0.25290767861203445,31.81228661786597,31.81228661786597
2023-08-25,2023-09-08,PUT,440.79,425.0,0.71,0.72,0.715,9124,19286,14,0.0383561643835616,1.0371529411764706,ITM,17.2,0.0556,0.0016823529411764,0.9112831912248325,0.0021441957440584292,0.1962831912248325,0.1962831912248325,27.452194576899654,27.452194576899654
2023-08-25,2023-09-08,PUT,440.79,424.0,0.65,0.66,0.655,10581,1560,14,0.0383561643835616,1.0395990566037736,ITM,17.2,0.0556,0.0015448113207547,0.7893546392842197,0.001861685470009952,0.13435463928421965,0.13435463928421965,20.51215866934651,20.51215866934651
2023-08-25,2023-09-08,PUT,440.79,423.0,0.59,0.6,0.595,1544,4849,14,0.0383561643835616,1.0420567375886525,ITM,17.2,0.0556,0.0014066193853427,0.6810056252260068,0.00160994237642082,0.08600562522600685,0.08600562522600685,14.45472692874065,14.45472692874065
2023-08-25,2023-09-08,PUT,440.79,402.0,0.15,0.16,0.155,93,46,14,0.0383561643835616,1.0964925373134329,ITM,17.2,0.0556,0.0003855721393034,0.010855866230994549,2.7004642365658083e-05,-0.14414413376900545,0.14414413376900545,-92.99621533484222,92.99621533484222
2023-08-25,2023-09-08,PUT,440.79,422.0,0.53,0.54,0.535,500,23398,14,0.0383561643835616,1.0445260663507108,ITM,17.2,0.0556,0.0012677725118483,0.5851408564126146,0.001386589707138897,0.050140856412614565,0.050140856412614565,9.372122693946647,9.372122693946647
2023-08-25,2023-09-08,PUT,440.79,414.0,0.28,0.29,0.285,142,5737,14,0.0383561643835616,1.0647101449275362,ITM,17.2,0.0556,0.0006884057971014,0.1489708275211541,0.00035983291671776353,-0.13602917247884588,0.13602917247884588,-47.729534203103825,47.729534203103825
2023-08-25,2023-09-06,PUT,440.79,408.0,0.13,0.14,0.135,1,6,12,0.0328767123287671,1.0803676470588237,ITM,17.2,0.0556,0.0003308823529411,0.023578144013652214,5.778956866091229e-05,-0.1114218559863478,0.1114218559863478,-82.5347081380354,82.5347081380354
2023-08-25,2023-09-05,PUT,440.79,444.0,4.88,4.91,4.895,213,391,11,0.0301369863013698,0.9927702702702702,ATM,17.2,0.0556,0.0110247747747747,6.590233594652318,0.01484286845642414,1.6952335946523185,1.6952335946523185,34.63194268952643,34.63194268952643
2023-08-25,2023-09-05,PUT,440.79,443.0,4.32,4.34,4.33,191,744,11,0.0301369863013698,0.9950112866817156,ATM,17.2,0.0556,0.0097742663656884,6.026030667919343,0.01360277803142064,1.6960306679193433,1.6960306679193433,39.16929949005412,39.16929949005412
2023-08-25,2023-09-05,PUT,440.79,442.0,3.8,3.82,3.81,233,509,11,0.0301369863013698,0.997262443438914,ATM,17.2,0.0556,0.0086199095022624,5.491683998148176,0.012424624430199493,1.6816839981481757,1.6816839981481757,44.13868761543768,44.13868761543768
2023-08-25,2023-09-05,PUT,440.79,441.0,3.34,3.36,3.35,545,691,11,0.0301369863013698,0.9995238095238096,ATM,17.2,0.0556,0.0075963718820861,4.987461800204898,0.011309437188673237,1.6374618002048975,1.6374618002048975,48.87945672253426,48.87945672253426
2023-08-25,2023-09-05,PUT,440.79,440.0,2.93,2.94,2.935,7130,718,11,0.0301369863013698,1.0017954545454544,ATM,17.2,0.0556,0.0066704545454545,4.5134612749371,0.010257866533947954,1.5784612749371,1.5784612749371,53.780622655437824,53.780622655437824
2023-08-25,2023-09-05,PUT,440.79,450.0,9.29,9.48,9.385,47,131,11,0.0301369863013698,0.9795333333333331,ATM,17.2,0.0556,0.0208555555555555,10.567830887143145,0.02348406863809588,1.1828308871431457,1.1828308871431457,12.60341914910118,12.60341914910118
2023-08-25,2023-09-06,PUT,440.79,424.0,0.43,0.44,0.435,155,228,12,0.0328767123287671,1.0395990566037736,ITM,17.2,0.0556,0.0010259433962264,0.6082179602204576,0.001434476321274664,0.1732179602204576,0.1732179602204576,39.82022074033508,39.82022074033508
2023-08-25,2023-09-06,PUT,440.79,423.0,0.38,0.39,0.385,367,247,12,0.0328767123287671,1.0420567375886525,ITM,17.2,0.0556,0.0009101654846335,0.5159307229040664,0.001219694380387864,0.13093072290406638,0.13093072290406638,34.00797997508218,34.00797997508218
2023-08-25,2023-09-06,PUT,440.79,422.0,0.34,0.35,0.345,83,236,12,0.0328767123287671,1.0445260663507108,ITM,17.2,0.0556,0.0008175355450236,0.43555514416149776,0.0010321211946954924,0.09055514416149779,0.09055514416149779,26.247867872897917,26.247867872897917
2023-08-25,2023-09-06,PUT,440.79,450.0,9.37,9.56,9.465,7,147,12,0.0328767123287671,0.9795333333333331,ATM,17.2,0.0556,0.0210333333333333,10.711801655070019,0.023804003677933377,1.2468016550700192,1.2468016550700192,13.17275916608578,13.17275916608578
2023-08-25,2023-09-06,PUT,440.79,421.0,0.31,0.32,0.315,76,432,12,0.0328767123287671,1.0470071258907363,ITM,17.2,0.0556,0.0007482185273159,0.365915426469396,0.000869157782587639,0.05091542646939601,0.05091542646939601,16.163627450601908,16.163627450601908
2023-08-25,2023-09-06,PUT,440.79,419.0,0.26,0.27,0.265,198,83,12,0.0328767123287671,1.0520047732696896,ITM,17.2,0.0556,0.0006324582338902,0.25443662862643635,0.0006072473236907788,-0.010563371373563668,0.010563371373563668,-3.986177876816478,3.986177876816478
2023-08-25,2023-09-06,PUT,440.79,418.0,0.24,0.25,0.245,13,281,12,0.0328767123287671,1.0545215311004783,ITM,17.2,0.0556,0.0005861244019138,0.21055950966749748,0.0005037308843720036,-0.034440490332502516,0.034440490332502516,-14.05734299285817,14.05734299285817
2023-08-25,2023-09-06,PUT,440.79,417.0,0.22,0.23,0.225,4,49,12,0.0328767123287671,1.05705035971223,ITM,17.2,0.0556,0.0005395683453237,0.17334992500241064,0.0004157072542024236,-0.05165007499758936,0.05165007499758936,-22.955588887817495,22.955588887817495
2023-08-25,2023-09-06,PUT,440.79,416.0,0.2,0.21,0.205,203,43,12,0.0328767123287671,1.059591346153846,ITM,17.2,0.0556,0.0004927884615384,0.14196904106529296,0.0003412717333300311,-0.06303095893470703,0.06303095893470703,-30.74680923644246,30.74680923644246
2023-08-25,2023-09-06,PUT,440.79,415.0,0.19,0.2,0.195,41,17,12,0.0328767123287671,1.0621445783132528,ITM,17.2,0.0556,0.0004698795180722,0.11565188353412381,0.0002786792374316236,-0.0793481164658762,0.0793481164658762,-40.69134177737241,40.69134177737241
2023-08-25,2023-09-06,PUT,440.79,413.0,0.17,0.18,0.175,15,21,12,0.0328767123287671,1.0672881355932202,ITM,17.2,0.0556,0.0004237288135593,0.075511092099533,0.00018283557409087893,-0.099488907900467,0.099488907900467,-56.85080451455257,56.85080451455257
2023-08-25,2023-09-06,PUT,440.79,412.0,0.16,0.17,0.165,10,25,12,0.0328767123287671,1.069878640776699,ITM,17.2,0.0556,0.0004004854368932,0.06051271638072375,0.00014687552519593143,-0.10448728361927626,0.10448728361927626,-63.325626435924995,63.325626435924995
2023-08-25,2023-09-06,PUT,440.79,411.0,0.15,0.16,0.155,11,24,12,0.0328767123287671,1.0724817518248175,ITM,17.2,0.0556,0.0003771289537712,0.048222023086248456,0.00011732852332420549,-0.10677797691375154,0.10677797691375154,-68.88901736371068,68.88901736371068
2023-08-25,2023-09-06,PUT,440.79,410.0,0.14,0.15,0.145,24,152,12,0.0328767123287671,1.0750975609756095,ITM,17.2,0.0556,0.0003536585365853,0.038209913377332594,9.319491067642097e-05,-0.1067900866226674,0.1067900866226674,-73.64833560183958,73.64833560183958
2023-08-25,2023-09-06,PUT,440.79,420.0,0.28,0.29,0.285,182,311,12,0.0328767123287671,1.0495,ITM,17.2,0.0556,0.0006785714285714,0.3058937571038989,0.0007283184692949973,0.020893757103898902,0.020893757103898902,7.331142843473301,7.331142843473301
2023-08-25,2023-09-08,PUT,440.79,421.0,0.49,0.5,0.495,287,2467,14,0.0383561643835616,1.0470071258907363,ITM,17.2,0.0556,0.0011757719714964,0.500694708490002,0.0011892985949881283,0.005694708490001976,0.005694708490001976,1.1504461595963589,1.1504461595963589
2023-08-25,2023-09-08,PUT,440.79,420.0,0.45,0.46,0.455,5272,38155,14,0.0383561643835616,1.0495,ITM,17.2,0.0556,0.0010833333333333,0.42663874991874806,0.0010158065474255907,-0.028361250081251954,0.028361250081251954,-6.233241776099331,6.233241776099331
2023-08-25,2023-09-08,PUT,440.79,419.0,0.41,0.42,0.415,1061,4403,14,0.0383561643835616,1.0520047732696896,ITM,17.2,0.0556,0.0009904534606205,0.3619881630501567,0.0008639335633655291,-0.053011836949843294,0.053011836949843294,-12.773936614420071,12.773936614420071
2023-08-25,2023-08-28,PUT,4413.905,4535.0,118.7,122.4,120.55,7,24,3,0.0082191780821917,0.973297684674752,ATM,17.2,0.0556,0.0265821389195148,120.2788974137602,0.02652235885639696,-0.2711025862397918,0.2711025862397918,-0.2248880848111089,0.2248880848111089
2023-08-25,2023-08-28,PUT,4413.905,4530.0,113.6,117.4,115.5,7,257,3,0.0082191780821917,0.9743719646799116,ATM,17.2,0.0556,0.0254966887417218,115.51422006768917,0.02549982782951196,0.014220067689166171,0.014220067689166171,0.012311746917026987,0.012311746917026987
2023-08-25,2023-08-28,PUT,4413.905,4525.0,108.7,112.4,110.55,9,23,3,0.0082191780821917,0.9754486187845304,ATM,17.2,0.0556,0.0244309392265193,110.78614003283019,0.024483124869133743,0.23614003283019258,0.23614003283019258,0.2136047334511014,0.2136047334511014
2023-08-25,2023-08-28,PUT,4413.905,4520.0,103.7,107.4,105.55,41,76,3,0.0082191780821917,0.9765276548672566,ATM,17.2,0.0556,0.0233517699115044,106.09911313984048,0.023473255119433736,0.549113139840486,0.549113139840486,0.5202398293135823,0.5202398293135823
2023-08-25,2023-08-28,PUT,4413.905,4515.0,98.7,102.4,100.55,55,35,3,0.0082191780821917,0.9776090808416388,ATM,17.2,0.0556,0.0222702104097452,101.45791293726234,0.02247129854645899,0.9079129372623385,0.9079129372623385,0.9029467302459856,0.9029467302459856
2023-08-25,2023-08-28,PUT,4413.905,4510.0,93.8,96.1,94.95,26,57,3,0.0082191780821917,0.9786929046563192,ATM,17.2,0.0556,0.0210532150776053,96.86761748988692,0.02147840742569555,1.917617489886922,1.917617489886922,2.019607677606026,2.019607677606026
2023-08-25,2023-08-28,PUT,4413.905,4505.0,88.8,92.5,90.65,26,45,3,0.0082191780821917,0.9797791342952274,ATM,17.2,0.0556,0.0201220865704772,92.33358970096924,0.020495802375353884,1.683589700969236,1.683589700969236,1.8572418102253017,1.8572418102253017
2023-08-25,2023-08-28,PUT,4413.905,4540.0,123.5,127.5,125.5,5,42,3,0.0082191780821917,0.97222577092511,ATM,17.2,0.0556,0.0276431718061674,125.07604114296919,0.027549788798010833,-0.4239588570308115,0.4239588570308115,-0.33781582233530794,0.33781582233530794
2023-08-25,2023-08-28,PUT,4413.905,4495.0,78.9,82.6,80.75,27,110,3,0.0082191780821917,0.9819588431590656,ATM,17.2,0.0556,0.017964404894327,83.45704691485571,0.018566640025551882,2.7070469148557095,2.7070469148557095,3.352380080316668,3.352380080316668
2023-08-25,2023-09-08,PUT,238.33,250.0,14.8,14.9,14.85,791,1305,14,0.0383561643835616,0.95332,OTM,17.2,0.0556,0.0594,11.469093037650111,0.04587637215060045,-3.380906962349888,3.380906962349888,-22.767050251514398,22.767050251514398
2023-08-25,2023-08-28,PUT,4413.905,4490.0,74.7,76.4,75.55000000000001,117,154,3,0.0082191780821917,0.9830523385300668,ATM,17.2,0.0556,0.016826280623608,79.12640834360127,0.017622808094343266,3.5764083436012584,3.5764083436012584,4.733829706950705,4.733829706950705
2023-08-25,2023-08-28,PUT,4413.905,4480.0,65.2,66.5,65.85,341,177,3,0.0082191780821917,0.9852466517857142,ATM,17.2,0.0556,0.0146986607142857,70.71117865760652,0.015783745236072885,4.86117865760653,4.86117865760653,7.382199935621155,7.382199935621155
2023-08-25,2023-08-28,PUT,4413.905,4500.0,85.0,86.2,85.6,58,746,3,0.0082191780821917,0.9808677777777776,ATM,17.2,0.0556,0.0190222222222222,87.86145081676659,0.019524766848170352,2.2614508167665974,2.2614508167665974,2.6418817952880813,2.6418817952880813
2023-08-25,2023-08-28,PUT,4413.905,4545.0,128.5,132.5,130.5,15,34,3,0.0082191780821917,0.971156215621562,ATM,17.2,0.0556,0.0287128712871287,129.90184694800973,0.02858126445500764,-0.5981530519902662,0.5981530519902662,-0.45835482911131514,0.45835482911131514
2023-08-25,2023-08-28,PUT,4413.905,4550.0,133.5,137.5,135.5,143,1042,3,0.0082191780821917,0.9700890109890108,ATM,17.2,0.0556,0.0297802197802197,134.75283400939406,0.0296160074745921,-0.7471659906059358,0.7471659906059358,-0.5514140152073327,0.5514140152073327
2023-08-25,2023-08-28,PUT,4413.905,4555.0,138.5,142.5,140.5,33,17,3,0.0082191780821917,0.9690241492864984,OTM,17.2,0.0556,0.0308452250274423,139.62583766623902,0.03065331233067816,-0.8741623337609781,0.8741623337609781,-0.6221795969829026,0.6221795969829026
2023-08-25,2023-08-29,PUT,4413.905,4145.0,0.2,0.3,0.25,39,62,4,0.010958904109589,1.0648745476477683,ITM,17.2,0.0556,6.031363088057901e-05,0.004078810678363909,9.840315267464194e-07,-0.2459211893216361,0.2459211893216361,-98.36847572865443,98.36847572865443
2023-08-25,2023-08-29,PUT,4413.905,4135.0,0.2,0.25,0.225,1,21,4,0.010958904109589,1.0674498186215235,ITM,17.2,0.0556,5.441354292623942e-05,0.0023627991043884133,5.714145355231955e-07,-0.2226372008956116,0.2226372008956116,-98.94986706471626,98.94986706471626
2023-08-25,2023-08-29,PUT,4413.905,4130.0,0.2,0.25,0.225,532,3987,4,0.010958904109589,1.068742130750605,ITM,17.2,0.0556,5.447941888619855e-05,0.001786477669096398,4.325611789579656e-07,-0.2232135223309036,0.2232135223309036,-99.20600992484606,99.20600992484606
2023-08-25,2023-08-29,PUT,4413.905,4125.0,0.2,0.25,0.225,24,427,4,0.010958904109589,1.0700375757575755,ITM,17.2,0.0556,5.454545454545455e-05,0.0013447335888355783,3.2599602153589773e-07,-0.22365526641116443,0.22365526641116443,-99.40234062718419,99.40234062718419
2023-08-25,2023-08-28,PUT,4413.905,4485.0,69.9,71.6,70.75,58,91,3,0.0082191780821917,0.9841482720178372,ATM,17.2,0.0556,0.0157748049052396,74.87570226557864,0.016694693927665247,4.125702265578639,4.125702265578639,5.831381294104083,5.831381294104083
2023-08-25,2023-09-08,PUT,238.33,247.5,13.0,13.1,13.05,214,12,14,0.0383561643835616,0.9629494949494948,OTM,17.2,0.0556,0.0527272727272727,9.252274936791963,0.03738292903754328,-3.7977250632080377,3.7977250632080377,-29.10134148052136,29.10134148052136
2023-08-25,2023-09-07,PUT,440.79,438.0,2.67,2.69,2.68,1206,55,13,0.0356164383561643,1.0063698630136986,ATM,17.2,0.0556,0.0061187214611872,4.042099270983073,0.00922853714836318,1.3620992709830726,1.3620992709830726,50.824599663547474,50.824599663547474
2023-08-25,2023-09-07,PUT,440.79,439.0,3.0,3.02,3.01,1377,35,13,0.0356164383561643,1.0040774487471524,ATM,17.2,0.0556,0.0068564920273348,4.45997681915415,0.010159400499212186,1.4499768191541502,1.4499768191541502,48.171987347313966,48.171987347313966
2023-08-25,2023-09-08,PUT,440.79,418.0,0.38,0.39,0.385,1593,1839,14,0.0383561643835616,1.0545215311004783,ITM,17.2,0.0556,0.0009210526315789,0.3058070273783251,0.0007315957592782897,-0.0791929726216749,0.0791929726216749,-20.569603278357118,20.569603278357118
2023-08-25,2023-09-08,PUT,440.79,417.0,0.35,0.36,0.355,371,1670,14,0.0383561643835616,1.05705035971223,ITM,17.2,0.0556,0.0008513189448441,0.2572124596934131,0.0006168164501041081,-0.09778754030658687,0.09778754030658687,-27.545786001855458,27.545786001855458
2023-08-25,2023-09-07,PUT,440.79,448.0,7.83,7.98,7.905,1,276,13,0.0356164383561643,0.98390625,ATM,17.2,0.0556,0.0176450892857142,9.455445239328355,0.021105904552072223,1.5504452393283552,1.5504452393283552,19.613475513325177,19.613475513325177
2023-08-25,2023-09-07,PUT,440.79,447.0,7.1,7.24,7.17,2,146,13,0.0356164383561643,0.9861073825503356,ATM,17.2,0.0556,0.0160402684563758,8.793794019615916,0.019672917269834264,1.6237940196159162,1.6237940196159162,22.647057456288927,22.647057456288927
2023-08-25,2023-09-07,PUT,440.79,435.0,1.88,1.89,1.885,1310,63,13,0.0356164383561643,1.0133103448275862,ATM,17.2,0.0556,0.0043333333333333,2.9496724633477527,0.006780856237581041,1.0646724633477527,1.0646724633477527,56.48129779033171,56.48129779033171
2023-08-25,2023-09-07,PUT,440.79,434.0,1.67,1.69,1.68,1225,10,13,0.0356164383561643,1.0156451612903226,ATM,17.2,0.0556,0.0038709677419354,2.637323551372887,0.006076782376435224,0.9573235513728873,0.9573235513728873,56.983544724576625,56.983544724576625
2023-08-25,2023-09-07,PUT,440.79,433.0,1.48,1.5,1.49,862,25,13,0.0356164383561643,1.0179907621247113,ATM,17.2,0.0556,0.0034411085450346,2.349615982837662,0.005426364856438018,0.8596159828376619,0.8596159828376619,57.692347841453824,57.692347841453824
2023-08-25,2023-09-07,PUT,440.79,432.0,1.32,1.33,1.3250000000000002,309,42,13,0.0356164383561643,1.020347222222222,ATM,17.2,0.0556,0.0030671296296296,2.0856461909152273,0.004827884701192656,0.7606461909152271,0.7606461909152271,57.40725969171525,57.40725969171525
2023-08-25,2023-09-07,PUT,440.79,431.0,1.17,1.18,1.1749999999999998,275,50,13,0.0356164383561643,1.0227146171693735,ATM,17.2,0.0556,0.0027262180974477,1.8444262862312684,0.0042794113369635,0.6694262862312685,0.6694262862312685,56.97244989202286,56.97244989202286
2023-08-25,2023-09-07,PUT,440.79,430.0,1.04,1.05,1.045,1121,183,13,0.0356164383561643,1.025093023255814,ATM,17.2,0.0556,0.0024302325581395,1.624896732061842,0.003778829609446144,0.579896732061842,0.579896732061842,55.492510245152346,55.492510245152346
2023-08-25,2023-09-07,PUT,440.79,420.0,0.36,0.37,0.365,385,400,13,0.0356164383561643,1.0495,ITM,17.2,0.0556,0.0008690476190476,0.3649818512216001,0.0008690044076704764,-1.8148778399895704e-05,1.8148778399895704e-05,-0.004972268054765946,0.004972268054765946
2023-08-25,2023-09-07,PUT,440.79,410.0,0.18,0.19,0.185,568,29,13,0.0356164383561643,1.0750975609756095,ITM,17.2,0.0556,0.0004512195121951,0.05170255784643629,0.00012610379962545436,-0.1332974421535637,0.1332974421535637,-72.05267143435876,72.05267143435876
2023-08-25,2023-09-07,PUT,440.79,436.0,2.12,2.13,2.125,976,109,13,0.0356164383561643,1.01098623853211,ATM,17.2,0.0556,0.0048738532110091,3.2874701917822904,0.007540069247207088,1.1624701917822904,1.1624701917822904,54.704479613284256,54.704479613284256
2023-08-25,2023-09-07,PUT,440.79,437.0,2.38,2.39,2.385,962,2123,13,0.0356164383561643,1.0086727688787185,ATM,17.2,0.0556,0.0054576659038901,3.65141750788365,0.008355646471129635,1.2664175078836504,1.2664175078836504,53.09926657793084,53.09926657793084
2023-08-25,2023-09-07,PUT,440.79,446.0,6.45,6.51,6.48,1,5,13,0.0356164383561643,0.988318385650224,ATM,17.2,0.0556,0.0145291479820627,8.157602883178583,0.01829058942416723,1.677602883178583,1.677602883178583,25.888933382385535,25.888933382385535
2023-08-25,2023-09-07,PUT,440.79,445.0,5.82,5.87,5.845000000000001,159,23,13,0.0356164383561643,0.9905393258426964,ATM,17.2,0.0556,0.0131348314606741,7.547555101008527,0.016960797979794443,1.7025551010085263,1.7025551010085263,29.128402070291294,29.128402070291294
2023-08-25,2023-09-07,PUT,440.79,444.0,5.24,5.27,5.255,186,34,13,0.0356164383561643,0.9927702702702702,ATM,17.2,0.0556,0.0118355855855855,6.964226046141135,0.01568519379761517,1.7092260461411355,1.7092260461411355,32.525709726758045,32.525709726758045
2023-08-25,2023-09-07,PUT,440.79,443.0,4.71,4.73,4.720000000000001,761,28,13,0.0356164383561643,0.9950112866817156,ATM,17.2,0.0556,0.0106546275395033,6.4080744810422345,0.014465179415445225,1.688074481042234,1.688074481042234,35.7642898525897,35.7642898525897
2023-08-25,2023-09-07,PUT,440.79,442.0,4.21,4.24,4.225,605,12,13,0.0356164383561643,0.997262443438914,ATM,17.2,0.0556,0.0095588235294117,5.8794352893149835,0.013301889794830279,1.6544352893149838,1.6544352893149838,39.158231699762936,39.158231699762936
2023-08-25,2023-09-07,PUT,440.79,441.0,3.77,3.79,3.78,1045,42,13,0.0356164383561643,0.9995238095238096,ATM,17.2,0.0556,0.0085714285714285,5.37851383827865,0.01219617650403322,1.5985138382786501,1.5985138382786501,42.288725880387574,42.288725880387574
2023-08-25,2023-09-07,PUT,440.79,440.0,3.37,3.38,3.375,2643,305,13,0.0356164383561643,1.0017954545454544,ATM,17.2,0.0556,0.0076704545454545,4.905382125040688,0.011148595738728838,1.5303821250406884,1.5303821250406884,45.34465555676114,45.34465555676114
2023-08-25,2023-09-05,PUT,440.79,445.0,5.49,5.54,5.515000000000001,212,387,11,0.0301369863013698,0.9905393258426964,ATM,17.2,0.0556,0.0123932584269662,7.1838592558514165,0.01614350394573352,1.668859255851416,1.668859255851416,30.26036728651706,30.26036728651706
2023-08-25,2023-09-05,PUT,440.79,446.0,6.12,6.24,6.18,38,132,11,0.0301369863013698,0.988318385650224,ATM,17.2,0.0556,0.0138565022421524,7.8063172045165174,0.01750295337335542,1.6263172045165177,1.6263172045165177,26.31581237081744,26.31581237081744
2023-08-25,2023-09-05,PUT,440.79,447.0,6.84,6.99,6.915,18,7,11,0.0301369863013698,0.9861073825503356,ATM,17.2,0.0556,0.0154697986577181,8.456870866644294,0.018919174198309383,1.5418708666442944,1.5418708666442944,22.297481802520526,22.297481802520526
2023-08-25,2023-09-05,PUT,440.79,448.0,7.61,7.77,7.689999999999999,4,11,11,0.0301369863013698,0.98390625,ATM,17.2,0.0556,0.0171651785714285,9.134650432124147,0.020389844714562826,1.4446504321241482,1.4446504321241482,18.786091445047447,18.786091445047447
2023-08-25,2023-09-15,PUT,440.79,445.0,7.49,7.55,7.52,2053,47409,21,0.0575342465753424,0.9905393258426964,ATM,17.2,0.0556,0.0168988764044943,8.756602814817171,0.01967775913442061,1.2366028148171715,1.2366028148171715,16.44418636724962,16.44418636724962
2023-08-25,2023-09-15,PUT,440.79,444.0,6.94,7.0,6.970000000000001,412,18671,21,0.0575342465753424,0.9927702702702702,ATM,17.2,0.0556,0.0156981981981982,8.20025776224034,0.01846904901405482,1.2302577622403401,1.2302577622403401,17.650756990535726,17.650756990535726
2023-08-25,2023-09-15,PUT,440.79,443.0,6.42,6.47,6.445,4482,20513,21,0.0575342465753424,0.9950112866817156,ATM,17.2,0.0556,0.0145485327313769,7.665463763714939,0.017303529940665776,1.220463763714939,1.220463763714939,18.936598350891217,18.936598350891217
2023-08-25,2023-09-15,PUT,440.79,442.0,5.95,5.97,5.96,1782,15997,21,0.0575342465753424,0.997262443438914,ATM,17.2,0.0556,0.0134841628959276,7.152377804293906,0.016181850235959062,1.1923778042939057,1.1923778042939057,20.006338998219896,20.006338998219896
2023-08-25,2023-09-15,PUT,440.79,441.0,5.5,5.52,5.51,2925,12377,21,0.0575342465753424,0.9995238095238096,ATM,17.2,0.0556,0.0124943310657596,6.6610929650599076,0.015104519195147183,1.1510929650599078,1.1510929650599078,20.890979402176185,20.890979402176185
2023-08-25,2023-09-15,PUT,440.79,440.0,5.09,5.1,5.095,32289,95583,21,0.0575342465753424,1.0017954545454544,ATM,17.2,0.0556,0.0115795454545454,6.191637151683551,0.014071902617462616,1.0966371516835514,1.0966371516835514,21.523791004583934,21.523791004583934
2023-08-25,2023-09-15,PUT,440.79,439.0,4.7,4.71,4.705,9741,17509,21,0.0575342465753424,1.0040774487471524,ATM,17.2,0.0556,0.0107175398633257,5.743972398382539,0.013084219586292798,1.0389723983825387,1.0389723983825387,22.08230389760975,22.08230389760975
2023-08-25,2023-09-15,PUT,440.79,448.0,9.32,9.58,9.45,291,15039,21,0.0575342465753424,0.98390625,ATM,17.2,0.0556,0.0210937499999999,10.552457720500229,0.02355459312611658,1.1024577205002295,1.1024577205002295,11.666219264552694,11.666219264552694
2023-08-25,2023-09-15,PUT,440.79,449.0,9.95,10.27,10.11,42,18865,21,0.0575342465753424,0.9817149220489976,ATM,17.2,0.0556,0.0225167037861915,11.192233392268065,0.024927023145363172,1.0822333922680656,1.0822333922680656,10.70458350413517,10.70458350413517
2023-08-25,2023-09-15,PUT,440.79,446.0,8.06,8.17,8.115,168,18132,21,0.0575342465753424,0.988318385650224,ATM,17.2,0.0556,0.0181950672645739,9.33427985398103,0.020928878596370024,1.2192798539810301,1.2192798539810301,15.025013604202465,15.025013604202465
2023-08-25,2023-09-15,PUT,440.79,459.0,18.31,18.95,18.63,1,222,21,0.0575342465753424,0.9603267973856208,OTM,17.2,0.0556,0.0405882352941176,18.59202959738343,0.04050551110541052,-0.03797040261656903,0.03797040261656903,-0.20381321855377904,0.20381321855377904
2023-08-25,2023-09-15,PUT,440.79,456.0,15.59,16.19,15.89,65,11654,21,0.0575342465753424,0.9666447368421052,OTM,17.2,0.0556,0.0348464912280701,16.19767311021218,0.03552121296099162,0.30767311021217836,0.30767311021217836,1.9362687867349173,1.9362687867349173
2023-08-25,2023-09-15,PUT,440.79,455.0,14.66,15.3,14.98,168,18194,21,0.0575342465753424,0.9687692307692308,OTM,17.2,0.0556,0.0329230769230769,15.430181439918329,0.033912486681139185,0.45018143991832815,0.45018143991832815,3.005216554862004,3.005216554862004
2023-08-25,2023-09-15,PUT,440.79,454.0,13.84,14.43,14.135,44,14180,21,0.0575342465753424,0.9709030837004404,ATM,17.2,0.0556,0.0311343612334801,14.679127693899659,0.032332880383038894,0.5441276938996591,0.5441276938996591,3.8495061471500467,3.8495061471500467
2023-08-25,2023-09-15,PUT,440.79,453.0,12.95,13.58,13.265,11,1233,21,0.0575342465753424,0.973046357615894,ATM,17.2,0.0556,0.0292825607064017,13.945161144433541,0.03078402018638751,0.6801611444335407,0.6801611444335407,5.127486953890243,5.127486953890243
2023-08-25,2023-09-15,PUT,440.79,452.0,12.17,12.76,12.465,54,17482,21,0.0575342465753424,0.9751991150442476,ATM,17.2,0.0556,0.0275774336283185,13.22890763043489,0.029267494757599315,0.7639076304348897,0.7639076304348897,6.12842062121853,6.12842062121853
2023-08-25,2023-09-15,PUT,440.79,451.0,11.38,11.97,11.675,32,446,21,0.0575342465753424,0.977361419068736,ATM,17.2,0.0556,0.0258869179600886,12.530964838153409,0.027784844430495365,0.8559648381534082,0.8559648381534082,7.331604609451033,7.331604609451033
2023-08-25,2023-09-15,PUT,440.79,450.0,10.68,11.1,10.89,4276,44886,21,0.0575342465753424,0.9795333333333331,ATM,17.2,0.0556,0.0242,11.85189761762365,0.026337550261385886,0.9618976176236487,0.9618976176236487,8.832852319776388,8.832852319776388
2023-08-25,2023-09-15,PUT,440.79,438.0,4.34,4.35,4.345,24747,18779,21,0.0575342465753424,1.0063698630136986,ATM,17.2,0.0556,0.0099200913242009,5.317994764329029,0.012141540557828833,0.9729947643290293,0.9729947643290293,22.393435312520815,22.393435312520815
2023-08-25,2023-09-15,PUT,440.79,437.0,4.01,4.02,4.015,13093,15524,21,0.0575342465753424,1.0086727688787185,ATM,17.2,0.0556,0.0091876430205949,4.913534830817525,0.01124378679820944,0.8985348308175256,0.8985348308175256,22.379447841034263,22.379447841034263
2023-08-25,2023-09-15,PUT,440.79,458.0,17.39,18.0,17.695,5,9325,21,0.0575342465753424,0.962423580786026,OTM,17.2,0.0556,0.0386353711790393,17.779284096571757,0.03881939759076803,0.08428409657175706,0.08428409657175706,0.47631588907463723,0.47631588907463723
2023-08-25,2023-09-15,PUT,440.79,447.0,8.64,8.91,8.775,85,14877,21,0.0575342465753424,0.9861073825503356,ATM,17.2,0.0556,0.0196308724832214,9.933010068653687,0.022221499035019434,1.1580100686536863,1.1580100686536863,13.196695939073349,13.196695939073349
2023-08-25,2023-09-08,PUT,440.79,442.5,4.63,4.65,4.640000000000001,1227,1744,14,0.0383561643835616,0.996135593220339,ATM,17.2,0.0556,0.0104858757062146,6.3200688272401635,0.014282641417491896,1.680068827240163,1.680068827240163,36.2083798974173,36.2083798974173
2023-08-25,2023-09-08,PUT,440.79,443.0,4.88,4.9,4.890000000000001,985,4811,14,0.0383561643835616,0.9950112866817156,ATM,17.2,0.0556,0.0110383747178329,6.58648187178639,0.014867904902452347,1.6964818717863892,1.6964818717863892,34.69288081362759,34.69288081362759
2023-08-25,2023-09-08,PUT,440.79,450.0,9.48,9.7,9.59,219,6940,14,0.0383561643835616,0.9795333333333331,ATM,17.2,0.0556,0.0213111111111111,10.988307522677985,0.024418461161506633,1.3983075226779853,1.3983075226779853,14.580891790177114,14.580891790177114
2023-08-25,2023-09-08,PUT,440.79,440.0,3.56,3.57,3.565,12268,17600,14,0.0383561643835616,1.0017954545454544,ATM,17.2,0.0556,0.0081022727272727,5.088180616661049,0.011564046856047838,1.5231806166610489,1.5231806166610489,42.72596400171245,42.72596400171245
2023-08-25,2023-09-08,PUT,440.79,439.0,3.2,3.21,3.205,4394,5905,14,0.0383561643835616,1.0040774487471524,ATM,17.2,0.0556,0.0073006833712984,4.6422150321745335,0.010574521713381625,1.4372150321745334,1.4372150321745334,44.84290271995424,44.84290271995424
2023-08-25,2023-09-08,PUT,440.79,438.0,2.87,2.88,2.875,3994,3917,14,0.0383561643835616,1.0063698630136986,ATM,17.2,0.0556,0.0065639269406392,4.222785416146877,0.009641062593942642,1.347785416146877,1.347785416146877,46.87949273554354,46.87949273554354
2023-08-25,2023-09-08,PUT,440.79,437.0,2.57,2.59,2.58,3557,4378,14,0.0383561643835616,1.0086727688787185,ATM,17.2,0.0556,0.005903890160183,3.8295928482094723,0.008763370362035406,1.2495928482094723,1.2495928482094723,48.43383132594854,48.43383132594854
2023-08-25,2023-09-08,PUT,440.79,436.0,2.31,2.32,2.315,4975,5385,14,0.0383561643835616,1.01098623853211,ATM,17.2,0.0556,0.0053096330275229,3.462222170355602,0.00794087653751285,1.1472221703556023,1.1472221703556023,49.55603327669988,49.55603327669988
2023-08-25,2023-09-08,PUT,440.79,435.0,2.07,2.08,2.075,8935,6313,14,0.0383561643835616,1.0133103448275862,ATM,17.2,0.0556,0.0047701149425287,3.120146823167289,0.007172751317625952,1.045146823167289,1.045146823167289,50.36852159842356,50.36852159842356
2023-08-25,2023-09-08,PUT,440.79,434.0,1.85,1.87,1.86,11063,23570,14,0.0383561643835616,1.0156451612903226,ATM,17.2,0.0556,0.0042857142857142,2.802735168795323,0.006457915135473094,0.9427351687953227,0.9427351687953227,50.68468649437219,50.68468649437219
2023-08-25,2023-09-08,PUT,440.79,433.0,1.66,1.67,1.665,4196,2141,14,0.0383561643835616,1.0179907621247113,ATM,17.2,0.0556,0.0038452655889145,2.5092581747999105,0.005795053521477854,0.8442581747999105,0.8442581747999105,50.70619668467931,50.70619668467931
2023-08-25,2023-09-08,PUT,440.79,432.0,1.49,1.5,1.495,2687,4773,14,0.0383561643835616,1.020347222222222,ATM,17.2,0.0556,0.0034606481481481,2.238898302511771,0.005182634959517989,0.7438983025117709,0.7438983025117709,49.75908378005156,49.75908378005156
2023-08-25,2023-09-08,PUT,440.79,431.0,1.34,1.35,1.3450000000000002,1872,1552,14,0.0383561643835616,1.0227146171693735,ATM,17.2,0.0556,0.0031206496519721,1.9907594175753331,0.004618931363283836,0.645759417575333,0.645759417575333,48.01185260783144,48.01185260783144
2023-08-25,2023-09-15,PUT,440.79,413.0,0.66,0.67,0.665,281,27122,21,0.0575342465753424,1.0672881355932202,ITM,17.2,0.0556,0.0016101694915254,0.3574640063702823,0.0008655302817682381,-0.30753599362971773,0.30753599362971773,-46.246014079656796,46.246014079656796
2023-08-25,2023-09-08,PUT,440.79,441.0,3.96,3.97,3.965,3014,2982,14,0.0383561643835616,0.9995238095238096,ATM,17.2,0.0556,0.0089909297052154,5.560861594839764,0.012609663480362278,1.5958615948397643,1.5958615948397643,40.248716137194556,40.248716137194556
2023-08-25,2023-09-08,PUT,440.79,442.0,4.4,4.41,4.405,2222,3215,14,0.0383561643835616,0.997262443438914,ATM,17.2,0.0556,0.0099660633484162,6.0603162737411935,0.013711122791269669,1.6553162737411933,1.6553162737411933,37.57812199185455,37.57812199185455
2023-08-25,2023-09-08,PUT,440.79,449.0,8.68,8.87,8.774999999999999,15,2503,14,0.0383561643835616,0.9817149220489976,ATM,17.2,0.0556,0.0195434298440979,10.286370210949656,0.022909510492092774,1.5113702109496572,1.5113702109496572,17.223592147574443,17.223592147574443
2023-08-25,2023-09-08,PUT,440.79,448.0,7.92,8.08,8.0,46,2813,14,0.0383561643835616,0.98390625,ATM,17.2,0.0556,0.0178571428571428,9.607638689463329,0.021445622074694932,1.6076386894633288,1.6076386894633288,20.09548361829161,20.09548361829161
2023-08-25,2023-09-08,PUT,440.79,447.5,7.56,7.71,7.635,1,1595,14,0.0383561643835616,0.9850055865921789,ATM,17.2,0.0556,0.0170614525139664,9.27722292037646,0.020731224403075888,1.6422229203764598,1.6422229203764598,21.509141065834445,21.509141065834445
2023-08-25,2023-09-08,PUT,440.79,447.0,7.21,7.36,7.285,61,3903,14,0.0383561643835616,0.9861073825503356,ATM,17.2,0.0556,0.0162975391498881,8.95289628884268,0.020028850758037318,1.6678962888426803,1.6678962888426803,22.894938762425262,22.894938762425262
2023-08-25,2023-09-08,PUT,440.79,446.0,6.59,6.65,6.62,103,4012,14,0.0383561643835616,0.988318385650224,ATM,17.2,0.0556,0.0148430493273542,8.322845915799746,0.01866108949730885,1.7028459157997462,1.7028459157997462,25.722747972805834,25.722747972805834
2023-08-25,2023-09-08,PUT,440.79,445.0,5.98,6.01,5.995,868,14423,14,0.0383561643835616,0.9905393258426964,ATM,17.2,0.0556,0.0134719101123595,7.718100812102875,0.017344046768770507,1.7231008121028752,1.7231008121028752,28.742298784034617,28.742298784034617
2023-08-25,2023-09-08,PUT,440.79,444.0,5.41,5.43,5.42,731,10445,14,0.0383561643835616,0.9927702702702702,ATM,17.2,0.0556,0.0122072072072072,7.139176181820488,0.01607922563473083,1.7191761818204885,1.7191761818204885,31.71911774576547,31.71911774576547
2023-08-25,2023-09-15,PUT,440.79,424.0,1.44,1.45,1.4449999999999998,1856,16109,21,0.0575342465753424,1.0395990566037736,ITM,17.2,0.0556,0.0034080188679245,1.4309332995298973,0.0033748426875705125,-0.0140667004701025,0.0140667004701025,-0.9734740809759517,0.9734740809759517
2023-08-25,2023-08-31,PUT,440.79,457.0,16.07,16.32,16.195,1,1,6,0.0164383561643835,0.9645295404814004,OTM,17.2,0.0556,0.0354376367614879,16.02448211464855,0.03506451228588304,-0.17051788535145107,0.17051788535145107,-1.0529045097341838,1.0529045097341838
2023-08-25,2023-09-15,PUT,440.79,423.0,1.33,1.34,1.335,2282,10868,21,0.0575342465753424,1.0420567375886525,ITM,17.2,0.0556,0.0031560283687943,1.2791352944342549,0.003023960506936773,-0.055864705565745076,0.055864705565745076,-4.184622139756185,4.184622139756185
2023-08-25,2023-09-15,PUT,440.79,421.0,1.15,1.16,1.1549999999999998,1841,30071,21,0.0575342465753424,1.0470071258907363,ITM,17.2,0.0556,0.0027434679334916,1.0139475807633005,0.0024084265576325425,-0.1410524192366993,0.1410524192366993,-12.212330669844098,12.212330669844098
2023-08-25,2023-09-06,PUT,440.79,437.0,2.16,2.18,2.17,964,212,12,0.0328767123287671,1.0086727688787185,ATM,17.2,0.0556,0.0049656750572082,3.4655739050765533,0.007930375068825065,1.2955739050765533,1.2955739050765533,59.703866593389556,59.703866593389556
2023-08-25,2023-09-06,PUT,440.79,431.0,1.0,1.01,1.005,681,96,12,0.0328767123287671,1.0227146171693735,ATM,17.2,0.0556,0.0023317865429234,1.6942895986896644,0.003931066354268363,0.6892895986896646,0.6892895986896646,68.58602972036465,68.58602972036465
2023-08-25,2023-09-06,PUT,440.79,430.0,0.88,0.89,0.885,905,351,12,0.0328767123287671,1.025093023255814,ATM,17.2,0.0556,0.0020581395348837,1.4828933438667207,0.0034485891717830714,0.5978933438667207,0.5978933438667207,67.558569928443,67.558569928443
2023-08-25,2023-09-06,PUT,440.79,429.0,0.77,0.79,0.78,389,212,12,0.0328767123287671,1.0274825174825173,ATM,17.2,0.0556,0.0018181818181818,1.2924007310414964,0.003012589116646845,0.5124007310414964,0.5124007310414964,65.69240141557647,65.69240141557647
2023-08-25,2023-09-06,PUT,440.79,428.0,0.68,0.69,0.685,266,378,12,0.0328767123287671,1.0298831775700934,ATM,17.2,0.0556,0.0016004672897196,1.1215366278487409,0.0026204126818895816,0.4365366278487408,0.4365366278487408,63.72797486842931,63.72797486842931
2023-08-25,2023-09-06,PUT,440.79,432.0,1.14,1.15,1.145,493,117,12,0.0328767123287671,1.020347222222222,ATM,17.2,0.0556,0.0026504629629629,1.9278210525899908,0.004462548732847201,0.7828210525899908,0.7828210525899908,68.36865088122191,68.36865088122191
2023-08-25,2023-09-06,PUT,440.79,438.0,2.46,2.47,2.465,768,420,12,0.0328767123287671,1.0063698630136986,ATM,17.2,0.0556,0.0056278538812785,3.853381037140366,0.008797673600777092,1.3883810371403662,1.3883810371403662,56.32377432618118,56.32377432618118
2023-08-25,2023-09-06,PUT,440.79,448.0,7.73,7.88,7.805,25,247,12,0.0328767123287671,0.98390625,ATM,17.2,0.0556,0.017421875,9.297928806486539,0.020754305371621738,1.492928806486539,1.492928806486539,19.12785146042971,19.12785146042971
2023-08-25,2023-09-06,PUT,440.79,447.0,6.98,7.11,7.045,52,364,12,0.0328767123287671,0.9861073825503356,ATM,17.2,0.0556,0.0157606263982102,8.628646742535352,0.019303460274128305,1.5836467425353522,1.5836467425353522,22.479016927400313,22.479016927400313
2023-08-25,2023-09-06,PUT,440.79,433.0,1.29,1.31,1.3,313,266,12,0.0328767123287671,1.0179907621247113,ATM,17.2,0.0556,0.0030023094688221,2.1846596341107727,0.005045403312034117,0.8846596341107726,0.8846596341107726,68.05074108544405,68.05074108544405
2023-08-25,2023-09-06,PUT,440.79,446.0,6.31,6.37,6.34,1,118,12,0.0328767123287671,0.988318385650224,ATM,17.2,0.0556,0.0142152466367713,7.985665573305653,0.017905079760775006,1.6456655733056529,1.6456655733056529,25.95687024141408,25.95687024141408
2023-08-25,2023-09-06,PUT,440.79,444.0,5.07,5.09,5.08,67,250,12,0.0328767123287671,0.9927702702702702,ATM,17.2,0.0556,0.0114414414414414,6.781555905730528,0.015273774562456145,1.7015559057305278,1.7015559057305278,33.49519499469543,33.49519499469543
2023-08-25,2023-09-06,PUT,440.79,443.0,4.52,4.54,4.529999999999999,712,382,12,0.0328767123287671,0.9950112866817156,ATM,17.2,0.0556,0.0102257336343115,6.221593174858498,0.014044228385685097,1.6915931748584985,1.6915931748584985,37.34201269003308,37.34201269003308
2023-08-25,2023-09-06,PUT,440.79,442.0,4.02,4.03,4.025,1112,249,12,0.0328767123287671,0.997262443438914,ATM,17.2,0.0556,0.0091063348416289,5.69024357379638,0.012873854239358325,1.6652435737963796,1.6652435737963796,41.37251115022061,41.37251115022061
2023-08-25,2023-09-06,PUT,440.79,441.0,3.56,3.58,3.5700000000000003,1456,687,12,0.0328767123287671,0.9995238095238096,ATM,17.2,0.0556,0.008095238095238,5.187740600600222,0.011763584128345174,1.6177406006002215,1.6177406006002215,45.314862761910966,45.314862761910966
2023-08-25,2023-09-06,PUT,440.79,440.0,3.15,3.17,3.16,2092,516,12,0.0328767123287671,1.0017954545454544,ATM,17.2,0.0556,0.0071818181818181,4.7141675018941385,0.010714017049759406,1.5541675018941383,1.5541675018941383,49.1825158827259,49.1825158827259
2023-08-25,2023-09-06,PUT,440.79,439.0,2.78,2.8,2.79,1450,417,12,0.0328767123287671,1.0040774487471524,ATM,17.2,0.0556,0.0063553530751708,4.269454936056121,0.009725409877121005,1.479454936056121,1.479454936056121,53.02705864000434,53.02705864000434
2023-08-25,2023-09-06,PUT,440.79,427.0,0.6,0.61,0.605,332,39,12,0.0328767123287671,1.032295081967213,ITM,17.2,0.0556,0.0014168618266978,0.9689983008445893,0.002269316863804659,0.3639983008445893,0.3639983008445893,60.165008404064345,60.165008404064345
2023-08-25,2023-09-06,PUT,440.79,426.0,0.54,0.55,0.545,96,474,12,0.0328767123287671,1.0347183098591548,ITM,17.2,0.0556,0.0012793427230046,0.8334709727831466,0.0019565046309463537,0.2884709727831466,0.2884709727831466,52.93045372167827,52.93045372167827
2023-08-25,2023-09-06,PUT,440.79,425.0,0.48,0.49,0.485,775,767,12,0.0328767123287671,1.0371529411764706,ITM,17.2,0.0556,0.0011411764705882,0.7136426521798143,0.001679159181599563,0.22864265217981428,0.22864265217981428,47.14281488243593,47.14281488243593
2023-08-25,2023-09-06,PUT,440.79,445.0,5.66,5.71,5.6850000000000005,305,381,12,0.0328767123287671,0.9905393258426964,ATM,17.2,0.0556,0.0127752808988764,7.369752666702709,0.01656124194764654,1.6847526667027086,1.6847526667027086,29.635051305236736,29.635051305236736
2023-08-25,2023-09-06,PUT,440.79,434.0,1.47,1.48,1.475,423,326,12,0.0328767123287671,1.0156451612903226,ATM,17.2,0.0556,0.0033986175115207,2.465901865779756,0.005681801534054737,0.9909018657797559,0.9909018657797559,67.17978751049192,67.17978751049192
2023-08-25,2023-09-06,PUT,440.79,435.0,1.68,1.69,1.685,2549,1756,12,0.0328767123287671,1.0133103448275862,ATM,17.2,0.0556,0.0038735632183908,2.7725537229551094,0.006373686719437033,1.0875537229551093,1.0875537229551093,64.54324765312222,64.54324765312222
2023-08-25,2023-09-06,PUT,440.79,436.0,1.91,1.92,1.915,845,110,12,0.0328767123287671,1.01098623853211,ATM,17.2,0.0556,0.0043922018348623,3.105516483517448,0.007122744228251028,1.190516483517448,1.190516483517448,62.16796258576752,62.16796258576752
2023-08-25,2023-09-15,PUT,440.79,420.0,1.07,1.08,1.0750000000000002,20446,98403,21,0.0575342465753424,1.0495,ITM,17.2,0.0556,0.0025595238095238,0.8990464564040579,0.0021405868009620427,-0.17595354359594229,0.17595354359594229,-16.367771497296953,16.367771497296953
2023-08-25,2023-09-15,PUT,440.79,419.0,0.99,1.0,0.995,1649,8872,21,0.0575342465753424,1.0520047732696896,ITM,17.2,0.0556,0.0023747016706443,0.794944338707964,0.0018972418584915609,-0.200055661292036,0.200055661292036,-20.106096612264924,20.106096612264924
2023-08-25,2023-09-15,PUT,440.79,418.0,0.92,0.93,0.925,524,54288,21,0.0575342465753424,1.0545215311004783,ITM,17.2,0.0556,0.002212918660287,0.7009091493139437,0.0016768161466840757,-0.2240908506860564,0.2240908506860564,-24.226037912006095,24.226037912006095
2023-08-25,2023-09-15,PUT,440.79,417.0,0.86,0.87,0.865,1556,34329,21,0.0575342465753424,1.05705035971223,ITM,17.2,0.0556,0.0020743405275779,0.6162255006798532,0.0014777589944360986,-0.24877449932014684,0.24877449932014684,-28.760057724872468,28.760057724872468
2023-08-25,2023-09-15,PUT,440.79,416.0,0.8,0.81,0.805,4123,5860,21,0.0575342465753424,1.059591346153846,ITM,17.2,0.0556,0.0019350961538461,0.5401981382456675,0.0012985532169367008,-0.2648018617543325,0.2648018617543325,-32.89464121171832,32.89464121171832
2023-08-25,2023-09-15,PUT,440.79,415.0,0.75,0.76,0.755,13771,86104,21,0.0575342465753424,1.0621445783132528,ITM,17.2,0.0556,0.0018192771084337,0.4721549756708505,0.0011377228329418085,-0.2828450243291495,0.2828450243291495,-37.46291712968867,37.46291712968867
2023-08-25,2023-09-15,PUT,440.79,425.0,1.55,1.56,1.5550000000000002,9673,93561,21,0.0575342465753424,1.0371529411764706,ITM,17.2,0.0556,0.0036588235294117,1.596543858152998,0.003756573783889407,0.04154385815299788,0.04154385815299788,2.671630749388931,2.671630749388931
2023-08-25,2023-09-15,PUT,440.79,414.0,0.7,0.71,0.705,536,9850,21,0.0575342465753424,1.0647101449275362,ITM,17.2,0.0556,0.0017028985507246,0.41144970940619174,0.0009938398777927337,-0.2935502905938082,0.2935502905938082,-41.63833909132032,41.63833909132032
2023-08-25,2023-09-15,PUT,440.79,436.0,3.7,3.72,3.71,12782,27523,21,0.0575342465753424,1.01098623853211,ATM,17.2,0.0556,0.0085091743119266,4.530358798458678,0.010390731189125408,0.8203587984586784,0.8203587984586784,22.112096993495374,22.112096993495374
2023-08-25,2023-09-15,PUT,440.79,435.0,3.42,3.43,3.425,24363,50630,21,0.0575342465753424,1.0133103448275862,ATM,17.2,0.0556,0.0078735632183908,4.168170174486363,0.009582000401118076,0.7431701744863632,0.7431701744863632,21.6983992550763,21.6983992550763
2023-08-25,2023-09-15,PUT,440.79,434.0,3.16,3.17,3.165,8130,22617,21,0.0575342465753424,1.0156451612903226,ATM,17.2,0.0556,0.0072926267281105,3.8266120311548093,0.0088170784127991,0.6616120311548093,0.6616120311548093,20.904013622584813,20.904013622584813
2023-08-25,2023-09-15,PUT,440.79,433.0,2.92,2.93,2.925,8398,20639,21,0.0575342465753424,1.0179907621247113,ATM,17.2,0.0556,0.0067551963048498,3.5052698073531303,0.008095311333379054,0.5802698073531305,0.5802698073531305,19.838284012072837,19.838284012072837
2023-08-25,2023-09-15,PUT,440.79,432.0,2.7,2.71,2.705,5415,23606,21,0.0575342465753424,1.020347222222222,ATM,17.2,0.0556,0.006261574074074,3.2036746171739736,0.007415913465680495,0.49867461717397354,0.49867461717397354,18.435290838224528,18.435290838224528
2023-08-25,2023-09-15,PUT,440.79,431.0,2.49,2.5,2.495,8678,20491,21,0.0575342465753424,1.0227146171693735,ATM,17.2,0.0556,0.0057888631090487,2.9213070214231607,0.0067779745276639455,0.42630702142316057,0.42630702142316057,17.08645376445533,17.08645376445533
2023-08-25,2023-09-15,PUT,440.79,430.0,2.3,2.31,2.305,37886,147338,21,0.0575342465753424,1.025093023255814,ATM,17.2,0.0556,0.005360465116279,2.6576012111193563,0.006180467932835713,0.35260121111935616,0.35260121111935616,15.297232586523043,15.297232586523043
2023-08-25,2023-09-15,PUT,440.79,429.0,2.12,2.14,2.13,6047,16346,21,0.0575342465753424,1.0274825174825173,ATM,17.2,0.0556,0.0049650349650349,2.4119495460616918,0.0056222600141298176,0.28194954606169187,0.28194954606169187,13.237067890220276,13.237067890220276
2023-08-25,2023-09-15,PUT,440.79,428.0,1.96,1.97,1.965,4391,64587,21,0.0575342465753424,1.0298831775700934,ATM,17.2,0.0556,0.0045911214953271,2.183707386666214,0.005102120062304238,0.2187073866662137,0.2187073866662137,11.130146904133012,11.130146904133012
2023-08-25,2023-09-15,PUT,440.79,427.0,1.81,1.82,1.815,3377,54461,21,0.0575342465753424,1.032295081967213,ITM,17.2,0.0556,0.0042505854800936,1.9721981535879678,0.004618731038847699,0.15719815358796785,0.15719815358796785,8.661055294102912,8.661055294102912
2023-08-25,2023-09-15,PUT,440.79,426.0,1.68,1.69,1.685,3059,16832,21,0.0575342465753424,1.0347183098591548,ITM,17.2,0.0556,0.0039553990610328,1.7767185472327185,0.004170700815100278,0.09171854723271844,0.09171854723271844,5.443237224493676,5.443237224493676
2023-08-25,2023-09-08,PUT,440.79,430.0,1.2,1.21,1.205,8008,13422,14,0.0383561643835616,1.025093023255814,ATM,17.2,0.0556,0.0028023255813953,1.7638775196092098,0.004102040743277232,0.5588775196092097,0.5588775196092097,46.37987714599251,46.37987714599251
2023-08-25,2023-09-08,PUT,440.79,429.0,1.08,1.09,1.085,1275,1713,14,0.0383561643835616,1.0274825174825173,ATM,17.2,0.0556,0.0025291375291375,1.5572320730867375,0.0036299115922767775,0.47223207308673754,0.47223207308673754,43.52369337204954,43.52369337204954
2023-08-25,2023-09-15,PUT,440.79,422.0,1.23,1.24,1.235,5400,33005,21,0.0575342465753424,1.0445260663507108,ITM,17.2,0.0556,0.0029265402843601,1.1403926532822908,0.0027023522589627743,-0.09460734671770932,0.09460734671770932,-7.660513904267961,7.660513904267961
2023-08-25,2023-09-01,PUT,440.79,428.0,0.33,0.34,0.335,3859,4956,7,0.0191780821917808,1.0298831775700934,ATM,17.2,0.0556,0.0007827102803738,0.4901369492157528,0.0011451797878872729,0.15513694921575277,0.15513694921575277,46.30953707932918,46.30953707932918
2023-08-25,2023-09-01,PUT,440.79,429.0,0.4,0.41,0.405,14283,6190,7,0.0191780821917808,1.0274825174825173,ATM,17.2,0.0556,0.0009440559440559,0.6013352893398434,0.0014017139611651362,0.19633528933984334,0.19633528933984334,48.4778492197144,48.4778492197144
2023-08-25,2023-09-01,PUT,440.79,430.0,0.47,0.48,0.475,38381,38778,7,0.0191780821917808,1.025093023255814,ATM,17.2,0.0556,0.0011046511627906,0.7321835174248292,0.001702752366104254,0.25718351742482926,0.25718351742482926,54.14389840522722,54.14389840522722
2023-08-25,2023-09-22,PUT,440.79,402.0,0.62,0.63,0.625,13,198,28,0.0767123287671232,1.0964925373134329,ITM,17.2,0.0556,0.0015547263681592,0.1596049849017369,0.0003970273256262112,-0.4653950150982631,0.4653950150982631,-74.4632024157221,74.4632024157221
2023-08-25,2023-09-22,PUT,440.79,401.0,0.59,0.6,0.595,31,39,28,0.0767123287671232,1.099226932668329,ITM,17.2,0.0556,0.0014837905236907,0.13827558140715013,0.00034482688630212003,-0.45672441859284985,0.45672441859284985,-76.76040648619326,76.76040648619326
2023-08-25,2023-09-15,PUT,440.79,470.0,29.03,29.68,29.355,22,162,21,0.0575342465753424,0.9378510638297872,OTM,17.2,0.0556,0.0624574468085106,28.286804280906836,0.060184689959376245,-1.0681957190931648,1.0681957190931648,-3.6388884997212223,3.6388884997212223
2023-08-25,2023-09-15,PUT,440.79,466.0,25.08,25.73,25.405,4,13,21,0.0575342465753424,0.945901287553648,OTM,17.2,0.0556,0.0545171673819742,24.626125731756304,0.0528457633728676,-0.7788742682436975,0.7788742682436975,-3.0658306169797185,3.0658306169797185
2023-08-25,2023-09-15,PUT,440.79,465.0,24.14,24.73,24.435,14,45,21,0.0575342465753424,0.9479354838709676,OTM,17.2,0.0556,0.0525483870967741,23.731925595296673,0.051036399129670264,-0.7030744047033259,0.7030744047033259,-2.8773251676010885,2.8773251676010885
2023-08-25,2023-09-22,PUT,440.79,413.0,1.14,1.15,1.145,227,1353,28,0.0767123287671232,1.0672881355932202,ITM,17.2,0.0556,0.0027723970944309,0.6557640291633184,0.0015878063660128775,-0.4892359708366816,0.4892359708366816,-42.728032387483104,42.728032387483104
2023-08-25,2023-09-22,PUT,440.79,414.0,1.2,1.22,1.21,264,585,28,0.0767123287671232,1.0647101449275362,ITM,17.2,0.0556,0.0029227053140096,0.7351175219346757,0.001775646188248009,-0.47488247806532424,0.47488247806532424,-39.24648579052267,39.24648579052267
2023-08-25,2023-09-22,PUT,440.79,416.0,1.36,1.37,1.3650000000000002,234,963,28,0.0767123287671232,1.059591346153846,ITM,17.2,0.0556,0.00328125,0.9176149610451958,0.002205805194820182,-0.4473850389548044,0.4473850389548044,-32.7754607292897,32.7754607292897
2023-08-25,2023-09-22,PUT,440.79,428.0,2.84,2.86,2.85,354,531,28,0.0767123287671232,1.0298831775700934,ATM,17.2,0.0556,0.0066588785046728,2.911744392381152,0.006803141103694281,0.061744392381152036,0.061744392381152036,2.1664699081105976,2.1664699081105976
2023-08-25,2023-09-22,PUT,440.79,403.0,0.66,0.67,0.665,118,66,28,0.0767123287671232,1.0937717121588089,ITM,17.2,0.0556,0.0016501240694789,0.18374699507364056,0.0004559478785946416,-0.4812530049263595,0.4812530049263595,-72.36887292125705,72.36887292125705
2023-08-25,2023-09-22,PUT,440.79,427.0,2.67,2.69,2.68,505,2764,28,0.0767123287671232,1.032295081967213,ITM,17.2,0.0556,0.0062763466042154,2.6733773685647577,0.006260836928723086,-0.006622631435242443,0.006622631435242443,-0.24711311325531501,0.24711311325531501
2023-08-25,2023-09-22,PUT,440.79,425.0,2.35,2.37,2.3600000000000003,3206,9631,28,0.0767123287671232,1.0371529411764706,ITM,17.2,0.0556,0.0055529411764705,2.2409124375905236,0.00527273514727182,-0.11908756240947671,0.11908756240947671,-5.046083152943928,5.046083152943928
2023-08-25,2023-09-22,PUT,440.79,424.0,2.21,2.23,2.22,1086,896,28,0.0767123287671232,1.0395990566037736,ITM,17.2,0.0556,0.0052358490566037,2.0457725148928603,0.004824935176634105,-0.17422748510713992,0.17422748510713992,-7.848084914736033,7.848084914736033
2023-08-25,2023-09-22,PUT,440.79,423.0,2.08,2.09,2.085,369,252,28,0.0767123287671232,1.0420567375886525,ITM,17.2,0.0556,0.0049290780141843,1.8639737273647228,0.004406557275093907,-0.2210262726352772,0.2210262726352772,-10.600780462123605,10.600780462123605
2023-08-25,2023-09-22,PUT,440.79,422.0,1.96,1.97,1.965,424,458,28,0.0767123287671232,1.0445260663507108,ITM,17.2,0.0556,0.0046563981042654,1.6949607782102731,0.004016494735095434,-0.27003922178972695,0.27003922178972695,-13.742454035100607,13.742454035100607
2023-08-25,2023-09-22,PUT,440.79,421.0,1.84,1.85,1.845,580,1514,28,0.0767123287671232,1.0470071258907363,ITM,17.2,0.0556,0.0043824228028503,1.5381700934985005,0.003653610673393113,-0.30682990650149944,0.30682990650149944,-16.630347235853627,16.630347235853627
2023-08-25,2023-09-22,PUT,440.79,420.0,1.73,1.74,1.735,1394,4063,28,0.0767123287671232,1.0495,ITM,17.2,0.0556,0.0041309523809523,1.393032800917716,0.0033167447640898,-0.3419671990822841,0.3419671990822841,-19.70992501915182,19.70992501915182
2023-08-25,2023-09-22,PUT,440.79,419.0,1.63,1.64,1.6349999999999998,309,339,28,0.0767123287671232,1.0520047732696896,ITM,17.2,0.0556,0.0039021479713603,1.258977641771935,0.0030047199087635677,-0.37602235822806485,0.37602235822806485,-22.998309371747087,22.998309371747087
2023-08-25,2023-09-22,PUT,440.79,418.0,1.53,1.54,1.535,335,1010,28,0.0767123287671232,1.0545215311004783,ITM,17.2,0.0556,0.0036722488038277,1.1354337906305574,0.0027163487814128168,-0.39956620936944254,0.39956620936944254,-26.030371945892025,26.030371945892025
2023-08-25,2023-09-22,PUT,440.79,417.0,1.44,1.46,1.45,306,228,28,0.0767123287671232,1.05705035971223,ITM,17.2,0.0556,0.0034772182254196,1.0218335589348015,0.00245044018929209,-0.4281664410651984,0.4281664410651984,-29.528720073461958,29.528720073461958
2023-08-25,2023-09-22,PUT,440.79,426.0,2.51,2.52,2.515,2130,562,28,0.0767123287671232,1.0347183098591548,ITM,17.2,0.0556,0.0059037558685446,2.4499374967544014,0.005751026987686389,-0.0650625032455987,0.0650625032455987,-2.5869782602623737,2.5869782602623737
2023-08-25,2023-09-22,PUT,440.79,415.0,1.28,1.29,1.285,457,2415,28,0.0767123287671232,1.0621445783132528,ITM,17.2,0.0556,0.0030963855421686,0.822224123632445,0.001981262948511916,-0.4627758763675549,0.4627758763675549,-36.013686876852525,36.013686876852525
2023-08-25,2023-09-22,PUT,440.79,404.0,0.69,0.7,0.695,97,99,28,0.0767123287671232,1.0910643564356437,ITM,17.2,0.0556,0.0017202970297029,0.2109985936664831,0.0005222737466992156,-0.48400140633351685,0.48400140633351685,-69.64049011993049,69.64049011993049
2023-08-25,2023-09-22,PUT,440.79,406.0,0.77,0.78,0.775,143,291,28,0.0767123287671232,1.0856896551724138,ITM,17.2,0.0556,0.0019088669950738,0.27612479695200776,0.0006801103373202162,-0.49887520304799227,0.49887520304799227,-64.37099394167642,64.37099394167642
2023-08-25,2023-09-22,PUT,440.79,435.0,4.41,4.43,4.42,2873,4608,28,0.0767123287671232,1.0133103448275862,ATM,17.2,0.0556,0.0101609195402298,5.036345156640863,0.011577804957795087,0.6163451566408629,0.6163451566408629,13.944460557485586,13.944460557485586
2023-08-25,2023-09-22,PUT,440.79,440.0,6.07,6.09,6.08,2559,4500,28,0.0767123287671232,1.0017954545454544,ATM,17.2,0.0556,0.0138181818181818,7.0872799609002755,0.016107454456591536,1.0072799609002754,1.0072799609002754,16.56710462007032,16.56710462007032
2023-08-25,2023-09-22,PUT,440.79,448.0,9.88,10.31,10.095,19,416,28,0.0767123287671232,0.98390625,ATM,17.2,0.0556,0.0225334821428571,11.342607089040825,0.025318319395180415,1.2476070890408248,1.2476070890408248,12.358663586338038,12.358663586338038
2023-08-25,2023-09-22,PUT,440.79,447.5,9.58,10.09,9.835,3,230,28,0.0767123287671232,0.9850055865921789,ATM,17.2,0.0556,0.0219776536312849,11.042002741861722,0.02467486646226083,1.2070027418617215,1.2070027418617215,12.272524065701285,12.272524065701285
2023-08-25,2023-09-22,PUT,440.79,447.0,9.36,9.66,9.51,39,415,28,0.0767123287671232,0.9861073825503356,ATM,17.2,0.0556,0.0212751677852349,10.745911746394256,0.024040071021016234,1.2359117463942564,1.2359117463942564,12.995917417394915,12.995917417394915
2023-08-25,2023-09-22,PUT,440.79,446.0,8.79,9.07,8.93,23,855,28,0.0767123287671232,0.988318385650224,ATM,17.2,0.0556,0.0200224215246636,10.167389656066064,0.0227968377938701,1.237389656066064,1.237389656066064,13.856547100403853,13.856547100403853
2023-08-25,2023-09-22,PUT,440.79,445.0,8.37,8.4,8.385,553,3439,28,0.0767123287671232,0.9905393258426964,ATM,17.2,0.0556,0.0188426966292134,9.607257376232923,0.02158934241850095,1.222257376232923,1.222257376232923,14.576712894847025,14.576712894847025
2023-08-25,2023-09-22,PUT,440.79,444.0,7.85,7.88,7.865,411,1500,28,0.0767123287671232,0.9927702702702702,ATM,17.2,0.0556,0.0177139639639639,9.065693331053154,0.02041822822309269,1.200693331053154,1.200693331053154,15.26628520093012,15.26628520093012
2023-08-25,2023-09-22,PUT,440.79,443.0,7.36,7.39,7.375,248,830,28,0.0767123287671232,0.9950112866817156,ATM,17.2,0.0556,0.016647855530474,8.542836378575032,0.019284055030643413,1.167836378575032,1.167836378575032,15.835069540000434,15.835069540000434
2023-08-25,2023-09-22,PUT,440.79,405.0,0.73,0.74,0.735,173,1166,28,0.0767123287671232,1.0883703703703702,ITM,17.2,0.0556,0.0018148148148148,0.24167797014697712,0.0005967357287579682,-0.49332202985302287,0.49332202985302287,-67.11864351741808,67.11864351741808
2023-08-25,2023-09-22,PUT,440.79,442.5,7.13,7.16,7.145,107,1067,28,0.0767123287671232,0.996135593220339,ATM,17.2,0.0556,0.0161468926553672,8.288455338024221,0.018730972515308975,1.1434553380242214,1.1434553380242214,16.003573660241027,16.003573660241027
2023-08-25,2023-09-22,PUT,440.79,441.0,6.47,6.5,6.484999999999999,283,1409,28,0.0767123287671232,0.9995238095238096,ATM,17.2,0.0556,0.0147052154195011,7.5535944627355605,0.01712833211504662,1.068594462735561,1.068594462735561,16.477940828613125,16.477940828613125
2023-08-25,2023-09-22,PUT,440.79,430.0,3.22,3.24,3.2300000000000004,5608,6650,28,0.0767123287671232,1.025093023255814,ATM,17.2,0.0556,0.0075116279069767,3.435204861102463,0.007988848514191774,0.2052048611024624,0.2052048611024624,6.353091674998835,6.353091674998835
2023-08-25,2023-09-22,PUT,440.79,429.0,3.02,3.04,3.03,509,3178,28,0.0767123287671232,1.0274825174825173,ATM,17.2,0.0556,0.007062937062937,3.1655306065244986,0.007378859222667829,0.13553060652449878,0.13553060652449878,4.472957311039564,4.472957311039564
2023-08-25,2023-09-22,PUT,440.79,412.0,1.07,1.08,1.0750000000000002,100,625,28,0.0767123287671232,1.069878640776699,ITM,17.2,0.0556,0.0026092233009708,0.5836467681967861,0.0014166183694096749,-0.4913532318032141,0.4913532318032141,-45.70727737704316,45.70727737704316
2023-08-25,2023-09-22,PUT,440.79,411.0,1.01,1.02,1.015,74,340,28,0.0767123287671232,1.0724817518248175,ITM,17.2,0.0556,0.0024695863746958,0.5182647575960111,0.0012609848116691268,-0.4967352424039888,0.4967352424039888,-48.93943274916147,48.93943274916147
2023-08-25,2023-09-22,PUT,440.79,410.0,0.95,0.97,0.96,9483,6450,28,0.0767123287671232,1.0750975609756095,ITM,17.2,0.0556,0.0023414634146341,0.4591343468618625,0.0011198398703947865,-0.5008656531381375,0.5008656531381375,-52.17350553522266,52.17350553522266
2023-08-25,2023-09-22,PUT,440.79,409.0,0.9,0.91,0.905,46,548,28,0.0767123287671232,1.077726161369193,ITM,17.2,0.0556,0.0022127139364303,0.40579043868240916,0.0009921526618151813,-0.49920956131759087,0.49920956131759087,-55.16127749365644,55.16127749365644
2023-08-25,2023-09-22,PUT,440.79,408.0,0.85,0.86,0.855,75,264,28,0.0767123287671232,1.0803676470588237,ITM,17.2,0.0556,0.0020955882352941,0.3577874986388032,0.0008769301437225569,-0.49721250136119677,0.49721250136119677,-58.15350893113413,58.15350893113413
2023-08-25,2023-09-22,PUT,440.79,407.0,0.81,0.82,0.815,62,256,28,0.0767123287671232,1.083022113022113,ITM,17.2,0.0556,0.002002457002457,0.31470035541563846,0.0007732195464757701,-0.5002996445843615,0.5002996445843615,-61.386459458203866,61.386459458203866
2023-08-25,2023-09-22,PUT,440.79,442.0,6.91,6.93,6.92,269,857,28,0.0767123287671232,0.997262443438914,ATM,17.2,0.0556,0.015656108597285,8.038784619508249,0.01818729551924943,1.118784619508249,1.118784619508249,16.167407796361978,16.167407796361978
2023-08-25,2023-09-22,PUT,440.79,449.0,10.48,10.99,10.735,5,275,28,0.0767123287671232,0.9817149220489976,ATM,17.2,0.0556,0.0239086859688195,11.957222646622029,0.026630785404503404,1.2222226466220292,1.2222226466220292,11.38539959592016,11.38539959592016
2023-08-25,2023-09-22,PUT,440.79,450.0,11.23,11.73,11.48,54,953,28,0.0767123287671232,0.9795333333333331,ATM,17.2,0.0556,0.0255111111111111,12.589470759979463,0.02797660168884325,1.1094707599794624,1.1094707599794624,9.664379442329812,9.664379442329812
2023-08-25,2023-09-29,PUT,440.79,425.0,2.99,3.0,2.995,2595,53606,35,0.0958904109589041,1.0371529411764706,ITM,17.2,0.0555499999999999,0.0070470588235294,2.837397877413551,0.00667623029979659,-0.15760212258644923,0.15760212258644923,-5.2621743768430465,5.2621743768430465
2023-08-25,2023-09-22,PUT,440.79,457.0,16.73,17.29,17.009999999999998,5,167,28,0.0767123287671232,0.9645295404814004,OTM,17.2,0.0556,0.0372210065645514,17.478491823206866,0.03824615278601065,0.4684918232068682,0.4684918232068682,2.754214128200284,2.754214128200284
2023-08-25,2023-09-22,PUT,440.79,455.0,15.05,15.55,15.3,7,342,28,0.0767123287671232,0.9687692307692308,OTM,17.2,0.0556,0.0336263736263736,16.00297729025766,0.035171378659906945,0.7029772902576603,0.7029772902576603,4.59462281214157,4.59462281214157
2023-08-25,2023-09-22,PUT,440.79,453.0,13.26,13.94,13.6,8,219,28,0.0767123287671232,0.973046357615894,ATM,17.2,0.0556,0.0300220750551876,14.588658402390138,0.032204543934636065,0.9886584023901381,0.9886584023901381,7.269547076398074,7.269547076398074
2023-08-25,2023-09-22,PUT,440.79,451.0,12.03,12.48,12.255,12,112,28,0.0767123287671232,0.977361419068736,ATM,17.2,0.0556,0.0271729490022172,13.239031186503041,0.029354836333709625,0.9840311865030404,0.9840311865030404,8.029630244822851,8.029630244822851
2023-08-25,2023-09-29,PUT,440.79,413.0,1.59,1.6,1.5950000000000002,126,2210,35,0.0958904109589041,1.0672881355932202,ITM,17.2,0.0555499999999999,0.0038619854721549,0.9828922365898478,0.002379884350096484,-0.6121077634101524,0.6121077634101524,-38.37666228276817,38.37666228276817
2023-08-25,2023-09-29,PUT,440.79,412.0,1.51,1.52,1.515,607,3515,35,0.0958904109589041,1.069878640776699,ITM,17.2,0.0555499999999999,0.0036771844660194,0.8897502214127044,0.0021595879160502536,-0.6252497785872955,0.6252497785872955,-41.270612448006304,41.270612448006304
2023-08-25,2023-09-29,PUT,440.79,411.0,1.43,1.44,1.435,415,968,35,0.0958904109589041,1.0724817518248175,ITM,17.2,0.0555499999999999,0.0034914841849148,0.8039620494794093,0.0019561120425289763,-0.6310379505205908,0.6310379505205908,-43.974770071121306,43.974770071121306
2023-08-25,2023-09-29,PUT,440.79,410.0,1.36,1.37,1.3650000000000002,1653,26018,35,0.0958904109589041,1.0750975609756095,ITM,17.2,0.0555499999999999,0.0033292682926829,0.7251008529044825,0.0017685386656206888,-0.6398991470955178,0.6398991470955178,-46.87905839527602,46.87905839527602
2023-08-25,2023-09-29,PUT,440.79,409.0,1.29,1.3,1.295,237,710,35,0.0958904109589041,1.077726161369193,ITM,17.2,0.0555499999999999,0.0031662591687041,0.6527499811386654,0.0015959657240554167,-0.6422500188613345,0.6422500188613345,-49.594596051068294,49.594596051068294
2023-08-25,2023-09-22,PUT,440.79,458.0,17.37,18.21,17.79,1,100,28,0.0767123287671232,0.962423580786026,OTM,17.2,0.0556,0.0388427947598253,18.238024405721774,0.039821013986292085,0.4480244057217746,0.4480244057217746,2.5184058781437586,2.5184058781437586
2023-08-25,2023-09-29,PUT,440.79,408.0,1.23,1.24,1.235,221,11828,35,0.0958904109589041,1.0803676470588237,ITM,17.2,0.0555499999999999,0.0030269607843137,0.5865040923725395,0.0014375100303248517,-0.6484959076274606,0.6484959076274606,-52.50979009129235,52.50979009129235
2023-08-25,2023-09-29,PUT,440.79,406.0,1.11,1.12,1.1150000000000002,631,748,35,0.0958904109589041,1.0856896551724138,ITM,17.2,0.0555499999999999,0.0027463054187192,0.4707681303233784,0.0011595274145896018,-0.6442318696766218,0.6442318696766218,-57.77864302032482,57.77864302032482
2023-08-25,2023-09-29,PUT,440.79,405.0,1.06,1.07,1.065,3549,24575,35,0.0958904109589041,1.0883703703703702,ITM,17.2,0.0555499999999999,0.0026296296296296,0.42053201731797074,0.0010383506600443722,-0.6444679826820292,0.6444679826820292,-60.51342560394641,60.51342560394641
2023-08-25,2023-09-29,PUT,440.79,404.0,1.01,1.02,1.015,851,504,35,0.0958904109589041,1.0910643564356437,ITM,17.2,0.0555499999999999,0.0025123762376237,0.37491012488788655,0.0009279953586333826,-0.6400898751121133,0.6400898751121133,-63.063041882966836,63.063041882966836
2023-08-25,2023-09-29,PUT,440.79,403.0,0.96,0.97,0.965,381,9375,35,0.0958904109589041,1.0937717121588089,ITM,17.2,0.0555499999999999,0.002394540942928,0.3335657090456401,0.0008277064740586603,-0.6314342909543599,0.6314342909543599,-65.43360528024455,65.43360528024455
2023-08-25,2023-09-29,PUT,440.79,402.0,0.91,0.92,0.915,244,706,35,0.0958904109589041,1.0964925373134329,ITM,17.2,0.0555499999999999,0.002276119402985,0.29617729691276296,0.0007367594450566243,-0.6188227030872371,0.6188227030872371,-67.63089651226635,67.63089651226635
2023-08-25,2023-09-29,PUT,440.79,401.0,0.87,0.88,0.875,356,329,35,0.0958904109589041,1.099226932668329,ITM,17.2,0.0555499999999999,0.0021820448877805,0.2624389287800639,0.0006544611690275908,-0.6125610712199361,0.6125610712199361,-70.0069795679927,70.0069795679927
2023-08-25,2023-12-15,PUT,440.79,449.0,15.63,16.09,15.86,37,1458,112,0.3068493150684931,0.9817149220489976,ATM,17.2,0.0559645161290322,0.0353229398663697,17.04312038610712,0.03795795186215394,1.1831203861071202,1.1831203861071202,7.459775448342499,7.459775448342499
2023-08-25,2023-12-15,PUT,440.79,448.0,15.18,15.47,15.325,1,3875,112,0.3068493150684931,0.98390625,ATM,17.2,0.0559645161290322,0.0342075892857142,16.532271881110972,0.036902392591765566,1.207271881110973,1.207271881110973,7.8777936777225,7.8777936777225
2023-08-25,2023-12-15,PUT,440.79,447.0,14.78,15.02,14.9,7,4073,112,0.3068493150684931,0.9861073825503356,ATM,17.2,0.0559645161290322,0.0333333333333333,16.03060364330969,0.03586264797161004,1.1306036433096889,1.1306036433096889,7.587943914830127,7.587943914830127
2023-08-25,2023-09-29,PUT,440.79,407.0,1.17,1.18,1.1749999999999998,619,3820,35,0.0958904109589041,1.083022113022113,ITM,17.2,0.0555499999999999,0.0028869778869778,0.5259701225598938,0.0012923098834395426,-0.649029877440106,0.649029877440106,-55.23658531405158,55.23658531405158
2023-08-25,2023-09-22,PUT,440.79,460.0,19.16,20.32,19.74,105,381,28,0.0767123287671232,0.9582391304347824,OTM,17.2,0.0556,0.0429130434782608,19.798174285786956,0.04303950931692817,0.058174285786957824,0.058174285786957824,0.29470256224396063,0.29470256224396063
2023-08-25,2023-09-29,PUT,440.79,414.0,1.67,1.68,1.6749999999999998,1260,2169,35,0.0958904109589041,1.0647101449275362,ITM,17.2,0.0555499999999999,0.0040458937198067,1.0838239695329364,0.0026179322935578173,-0.5911760304670635,0.5911760304670635,-35.29409137116797,35.29409137116797
2023-08-25,2023-09-29,PUT,440.79,415.0,1.76,1.77,1.765,2492,21369,35,0.0958904109589041,1.0621445783132528,ITM,17.2,0.0555499999999999,0.0042530120481927,1.1929889758564158,0.002874672230979315,-0.5720110241435841,0.5720110241435841,-32.40855660870165,32.40855660870165
2023-08-25,2023-09-29,PUT,440.79,424.0,2.83,2.85,2.84,1878,29860,35,0.0958904109589041,1.0395990566037736,ITM,17.2,0.0555499999999999,0.0066981132075471,2.620955063781537,0.006181497791937587,-0.219044936218463,0.219044936218463,-7.7128498668472885,7.7128498668472885
2023-08-25,2023-09-29,PUT,440.79,423.0,2.69,2.7,2.6950000000000003,797,1127,35,0.0958904109589041,1.0420567375886525,ITM,17.2,0.0555499999999999,0.0063711583924349,2.4172452699245213,0.005714527824880665,-0.277754730075479,0.277754730075479,-10.306297961984377,10.306297961984377
2023-08-25,2023-09-29,PUT,440.79,422.0,2.55,2.56,2.555,1010,4414,35,0.0958904109589041,1.0445260663507108,ITM,17.2,0.0555499999999999,0.0060545023696682,2.225840522092895,0.005274503606855201,-0.3291594779071052,0.3291594779071052,-12.882954125522707,12.882954125522707
2023-08-25,2023-09-29,PUT,440.79,426.0,3.15,3.17,3.16,1137,2452,35,0.0958904109589041,1.0347183098591548,ITM,17.2,0.0555499999999999,0.0074178403755868,3.0669897404529536,0.007199506432988154,-0.09301025954704656,0.09301025954704656,-2.9433626438938782,2.9433626438938782
2023-08-25,2023-09-29,PUT,440.79,421.0,2.42,2.43,2.425,603,496,35,0.0958904109589041,1.0470071258907363,ITM,17.2,0.0555499999999999,0.0057600950118764,2.0463028479251335,0.004860576835926683,-0.3786971520748663,0.3786971520748663,-15.616377405149128,15.616377405149128
2023-08-25,2023-09-29,PUT,440.79,420.0,2.3,2.31,2.305,11029,41369,35,0.0958904109589041,1.0495,ITM,17.2,0.0555499999999999,0.0054880952380952,1.878186231873073,0.0044718719806501744,-0.42681376812692706,0.42681376812692706,-18.516866296179046,18.516866296179046
2023-08-25,2023-09-29,PUT,440.79,419.0,2.17,2.19,2.18,581,1845,35,0.0958904109589041,1.0520047732696896,ITM,17.2,0.0555499999999999,0.0052028639618138,1.7210385653557054,0.004107490609440824,-0.45896143464429473,0.45896143464429473,-21.053276818545626,21.053276818545626
2023-08-25,2023-09-29,PUT,440.79,418.0,2.06,2.07,2.065,830,3196,35,0.0958904109589041,1.0545215311004783,ITM,17.2,0.0555499999999999,0.0049401913875598,1.5744035767974012,0.0037665157339650747,-0.4905964232025988,0.4905964232025988,-23.75769603886677,23.75769603886677
2023-08-25,2023-09-29,PUT,440.79,417.0,1.96,1.97,1.965,845,4970,35,0.0958904109589041,1.05705035971223,ITM,17.2,0.0555499999999999,0.0047122302158273,1.4378227272152841,0.0034480161324107533,-0.5271772727847159,0.5271772727847159,-26.828359938153483,26.828359938153483
2023-08-25,2023-09-29,PUT,440.79,416.0,1.86,1.87,1.865,749,3341,35,0.0958904109589041,1.059591346153846,ITM,17.2,0.0555499999999999,0.004483173076923,1.3108370576885733,0.003151050619443686,-0.5541629423114267,0.5541629423114267,-29.71383068693977,29.71383068693977
2023-08-25,2023-09-29,PUT,440.79,427.0,3.33,3.34,3.335,1799,2665,35,0.0958904109589041,1.032295081967213,ITM,17.2,0.0555499999999999,0.0078103044496487,3.3101328181907093,0.0077520674899079845,-0.024867181809290706,0.024867181809290706,-0.7456426329622401,0.7456426329622401
2023-08-25,2023-09-29,PUT,440.79,428.0,3.51,3.53,3.52,1849,14736,35,0.0958904109589041,1.0298831775700934,ATM,17.2,0.0555499999999999,0.0082242990654205,3.5672135319912996,0.008334611056054438,0.04721353199129963,0.04721353199129963,1.341293522480103,1.341293522480103
2023-08-25,2023-09-29,PUT,440.79,437.0,5.73,5.75,5.74,3083,1022,35,0.0958904109589041,1.0086727688787185,ATM,17.2,0.0555499999999999,0.0131350114416475,6.561897352743557,0.015015783415889147,0.8218973527435569,0.8218973527435569,14.318769211560223,14.318769211560223
2023-08-25,2023-09-29,PUT,440.79,436.0,5.42,5.44,5.43,4017,2581,35,0.0958904109589041,1.01098623853211,ATM,17.2,0.0555499999999999,0.0124541284403669,6.165420967995118,0.014140873779805316,0.7354209679951182,0.7354209679951182,13.543664235637538,13.543664235637538
2023-08-25,2023-09-29,PUT,440.79,435.0,5.13,5.15,5.140000000000001,10749,48032,35,0.0958904109589041,1.0133103448275862,ATM,17.2,0.0555499999999999,0.0118160919540229,5.78538014277521,0.01329972446614991,0.6453801427752097,0.6453801427752097,12.556033906132484,12.556033906132484
2023-08-25,2023-09-29,PUT,440.79,434.0,4.86,4.87,4.865,2816,29979,35,0.0958904109589041,1.0156451612903226,ATM,17.2,0.0555499999999999,0.0112096774193548,5.42160095497843,0.01249216809902864,0.5566009549784301,0.5566009549784301,11.440924048888593,11.440924048888593
2023-08-25,2023-09-29,PUT,440.79,433.0,4.6,4.62,4.609999999999999,2646,1746,35,0.0958904109589041,1.0179907621247113,ATM,17.2,0.0555499999999999,0.0106466512702078,5.0738809596603005,0.011717969883742033,0.4638809596603011,0.4638809596603011,10.06249370195881,10.06249370195881
2023-08-25,2023-09-29,PUT,440.79,432.0,4.36,4.37,4.365,2440,5068,35,0.0958904109589041,1.020347222222222,ATM,17.2,0.0555499999999999,0.0101041666666666,4.741990097476815,0.01097682892934448,0.3769900974768152,0.3769900974768152,8.636657445058768,8.636657445058768
2023-08-25,2023-09-29,PUT,440.79,431.0,4.13,4.14,4.135,3207,3308,35,0.0958904109589041,1.0227146171693735,ATM,17.2,0.0555499999999999,0.0095939675174013,4.42567175395331,0.010268379939566844,0.29067175395331013,0.29067175395331013,7.029546649414997,7.029546649414997
2023-08-25,2023-09-29,PUT,440.79,430.0,3.91,3.93,3.92,7141,57744,35,0.0958904109589041,1.025093023255814,ATM,17.2,0.0555499999999999,0.0091162790697674,4.124643961596931,0.009592195259527746,0.20464396159693088,0.20464396159693088,5.220509224411502,5.220509224411502
2023-08-25,2023-09-29,PUT,440.79,429.0,3.7,3.72,3.71,1943,1947,35,0.0958904109589041,1.0274825174825173,ATM,17.2,0.0555499999999999,0.0086480186480186,3.8386007355202736,0.00894778726228502,0.12860073552027362,0.12860073552027362,3.466327102972335,3.466327102972335
2023-08-25,2023-09-22,PUT,440.79,431.0,3.43,3.45,3.4400000000000004,1364,935,28,0.0767123287671232,1.0227146171693735,ATM,17.2,0.0556,0.0079814385150812,3.721210036991266,0.00863389799765955,0.2812100369912658,0.2812100369912658,8.174710377653074,8.174710377653074
2023-08-25,2023-09-22,PUT,440.79,432.0,3.65,3.67,3.66,783,415,28,0.0767123287671232,1.020347222222222,ATM,17.2,0.0556,0.0084722222222222,4.023960399222176,0.009314723146347629,0.3639603992221758,0.3639603992221758,9.944273202791688,9.944273202791688
2023-08-25,2023-09-22,PUT,440.79,433.0,3.89,3.91,3.9,1286,784,28,0.0767123287671232,1.0179907621247113,ATM,17.2,0.0556,0.0090069284064665,4.343839111743961,0.010031960997099217,0.44383911174396085,0.44383911174396085,11.380490044716945,11.380490044716945
2023-08-25,2023-09-22,PUT,440.79,434.0,4.14,4.16,4.15,944,1385,28,0.0767123287671232,1.0156451612903226,ATM,17.2,0.0556,0.0095622119815668,4.681195938864761,0.010786165757752906,0.5311959388647605,0.5311959388647605,12.799902141319528,12.799902141319528
2023-08-25,2023-09-29,PUT,440.79,445.0,9.0,9.02,9.01,561,20830,35,0.0958904109589041,0.9905393258426964,ATM,17.2,0.0555499999999999,0.0202471910112359,10.336403970868417,0.02322787409183914,1.3264039708684177,1.3264039708684177,14.72146471552073,14.72146471552073
2023-08-25,2023-09-29,PUT,440.79,444.0,8.5,8.52,8.51,88,4710,35,0.0958904109589041,0.9927702702702702,ATM,17.2,0.0555499999999999,0.0191666666666666,9.80577633914956,0.02208508184493144,1.29577633914956,1.29577633914956,15.226513973555349,15.226513973555349
2023-08-25,2023-09-29,PUT,440.79,443.0,8.03,8.05,8.04,124,1815,35,0.0958904109589041,0.9950112866817156,ATM,17.2,0.0555499999999999,0.0181489841986455,9.291893370317212,0.02097492860116752,1.2518933703172124,1.2518933703172124,15.570813063646922,15.570813063646922
2023-08-25,2023-09-29,PUT,440.79,442.0,7.59,7.61,7.6,1409,16302,35,0.0958904109589041,0.997262443438914,ATM,17.2,0.0555499999999999,0.0171945701357466,8.794822468823412,0.019897788391003195,1.1948224688234124,1.1948224688234124,15.721348273992268,15.721348273992268
2023-08-25,2023-09-29,PUT,440.79,441.0,7.17,7.19,7.18,704,1568,35,0.0958904109589041,0.9995238095238096,ATM,17.2,0.0555499999999999,0.0162811791383219,8.314601145402492,0.018853970851252816,1.1346011454024918,1.1346011454024918,15.802244364937213,15.802244364937213
2023-08-25,2023-09-29,PUT,440.79,440.0,6.77,6.8,6.785,2887,31426,35,0.0958904109589041,1.0017954545454544,ATM,17.2,0.0555499999999999,0.0154204545454545,7.851236610975917,0.01784371957039981,1.066236610975917,1.066236610975917,15.714614752776962,15.714614752776962
2023-08-25,2023-09-29,PUT,440.79,450.0,11.76,12.09,11.925,850,43087,35,0.0958904109589041,0.9795333333333331,ATM,17.2,0.0555499999999999,0.0265,13.23634325054013,0.0294140961123114,1.31134325054013,1.31134325054013,10.996589103061886,10.996589103061886
2023-08-25,2023-09-29,PUT,440.79,451.0,12.36,12.95,12.655,18,3874,35,0.0958904109589041,0.977361419068736,ATM,17.2,0.0555499999999999,0.0280598669623059,13.864438040850303,0.030741547762417522,1.2094380408503032,1.2094380408503032,9.556997557094453,9.556997557094453
2023-08-25,2023-09-29,PUT,440.79,460.0,19.44,20.34,19.89,33,2888,35,0.0958904109589041,0.9582391304347824,OTM,17.2,0.0555499999999999,0.0432391304347826,20.177956883265495,0.043865123659272816,0.28795688326549396,0.28795688326549396,1.447747024964776,1.447747024964776
2023-08-25,2023-09-29,PUT,440.79,446.0,9.37,9.69,9.53,23,2832,35,0.0958904109589041,0.988318385650224,ATM,17.2,0.0555499999999999,0.0213677130044843,10.883679528550175,0.02440286889809456,1.3536795285501757,1.3536795285501757,14.204402188354415,14.204402188354415
2023-08-25,2023-09-29,PUT,440.79,459.0,18.56,19.43,18.995,2,2148,35,0.0958904109589041,0.9603267973856208,OTM,17.2,0.0555499999999999,0.0413834422657952,19.421760579536,0.04231320387698475,0.42676057953599766,0.42676057953599766,2.246699550071059,2.246699550071059
2023-08-25,2023-09-29,PUT,440.79,457.0,16.85,17.68,17.265,2,3309,35,0.0958904109589041,0.9645295404814004,OTM,17.2,0.0555499999999999,0.0377789934354485,17.94821710461315,0.039273998040728994,0.6832171046131492,0.6832171046131492,3.957237790982619,3.957237790982619
2023-08-25,2023-09-29,PUT,440.79,456.0,16.02,16.83,16.424999999999997,18,3287,35,0.0958904109589041,0.9666447368421052,OTM,17.2,0.0555499999999999,0.0360197368421052,17.231625914895517,0.03778865332213929,0.8066259148955197,0.8066259148955197,4.910964474249741,4.910964474249741
2023-08-25,2023-09-29,PUT,440.79,455.0,15.24,16.01,15.625,7,4685,35,0.0958904109589041,0.9687692307692308,OTM,17.2,0.0555499999999999,0.0343406593406593,16.528973200086398,0.03632741362656351,0.9039732000863978,0.9039732000863978,5.785428480552946,5.785428480552946
2023-08-25,2023-09-29,PUT,440.79,454.0,14.47,15.2,14.835,7,2981,35,0.0958904109589041,0.9709030837004404,ATM,17.2,0.0555499999999999,0.0326762114537445,15.840605631903998,0.03489120183238766,1.0056056319039968,1.0056056319039968,6.778602169895495,6.778602169895495
2023-08-25,2023-09-29,PUT,440.79,453.0,13.72,14.42,14.07,10,4173,35,0.0958904109589041,0.973046357615894,ATM,17.2,0.0555499999999999,0.0310596026490066,15.166854365616587,0.0334809147143854,1.0968543656165863,1.0968543656165863,7.795695562306939,7.795695562306939
2023-08-25,2023-09-29,PUT,440.79,452.0,13.0,13.67,13.335,10,2513,35,0.0958904109589041,0.9751991150442476,ATM,17.2,0.0555499999999999,0.0295022123893805,14.508033410957864,0.032097419050791734,1.1730334109578635,1.1730334109578635,8.796651000808875,8.796651000808875
2023-08-25,2023-10-06,PUT,440.79,441.0,7.78,7.81,7.795,34,19,42,0.1150684931506849,0.9995238095238096,ATM,17.2,0.05548,0.0176757369614512,8.982542151156906,0.020368576306478245,1.1875421511569062,1.1875421511569062,15.2346651848224,15.2346651848224
2023-08-25,2023-10-06,PUT,440.79,442.0,8.19,8.22,8.205,165,209,42,0.1150684931506849,0.997262443438914,ATM,17.2,0.05548,0.0185633484162895,9.458495282666348,0.021399310594267758,1.2534952826663481,1.2534952826663481,15.277212463940868,15.277212463940868
2023-08-25,2023-10-20,PUT,440.79,419.0,3.51,3.53,3.52,92769,2116,56,0.1534246575342465,1.0520047732696896,ITM,17.2,0.05534,0.0084009546539379,3.010147420060278,0.007184122720907585,-0.509852579939722,0.509852579939722,-14.484448293742101,14.484448293742101
2023-08-25,2023-09-29,PUT,440.79,458.0,17.68,18.55,18.115,25,1443,35,0.0958904109589041,0.962423580786026,OTM,17.2,0.0555499999999999,0.0395524017467248,18.678386235520122,0.040782502697642185,0.5633862355201238,0.5633862355201238,3.1100537428657127,3.1100537428657127
2023-08-25,2023-09-29,PUT,440.79,447.0,9.92,10.25,10.085,43,1475,35,0.0958904109589041,0.9861073825503356,ATM,17.2,0.0555499999999999,0.0225615212527964,11.447477652496872,0.025609569692386737,1.362477652496871,1.362477652496871,13.509942017817261,13.509942017817261
2023-08-25,2023-09-29,PUT,440.79,448.0,10.49,10.84,10.665,37,3787,35,0.0958904109589041,0.98390625,ATM,17.2,0.0555499999999999,0.0238058035714285,12.027645210505113,0.026847422344877487,1.3626452105051143,1.3626452105051143,12.776795222739,12.776795222739
2023-08-25,2023-09-29,PUT,440.79,449.0,11.02,11.59,11.305,7,686,35,0.0958904109589041,0.9817149220489976,ATM,17.2,0.0555499999999999,0.0251781737193763,12.624002279769513,0.028115817995032325,1.3190022797695136,1.3190022797695136,11.66742396965514,11.66742396965514
2023-08-25,2023-08-31,PUT,4413.905,4570.0,151.5,155.5,153.5,43,640,6,0.0164383561643835,0.965843544857768,OTM,17.2,0.0556,0.0335886214442013,154.60061560733448,0.033829456369219794,1.1006156073344755,1.1006156073344755,0.7170134249735997,0.7170134249735997
2023-08-25,2023-10-06,PUT,440.79,430.0,4.48,4.5,4.49,621,180,42,0.1150684931506849,1.025093023255814,ATM,17.2,0.05548,0.0104418604651162,4.745336767488453,0.011035666901135938,0.255336767488453,0.255336767488453,5.686787694620334,5.686787694620334
2023-08-25,2023-10-06,PUT,440.79,425.0,3.51,3.53,3.52,2835,1251,42,0.1150684931506849,1.0371529411764706,ITM,17.2,0.05548,0.0082823529411764,3.389475216249295,0.007975235802939518,-0.1305247837507051,0.1305247837507051,-3.7080904474632126,3.7080904474632126
2023-08-25,2023-10-06,PUT,440.79,420.0,2.75,2.77,2.76,417,131,42,0.1150684931506849,1.0495,ITM,17.2,0.05548,0.0065714285714285,2.3445697701808683,0.005582308976621115,-0.41543022981913147,0.41543022981913147,-15.051819920983025,15.051819920983025
2023-08-25,2023-10-06,PUT,440.79,415.0,2.17,2.19,2.18,763,526,42,0.1150684931506849,1.0621445783132528,ITM,17.2,0.05548,0.0052530120481927,1.5670729322673367,0.0037760793548610523,-0.6129270677326635,0.6129270677326635,-28.11592053819557,28.11592053819557
2023-08-25,2023-10-06,PUT,440.79,410.0,1.72,1.73,1.725,454,368,42,0.1150684931506849,1.0750975609756095,ITM,17.2,0.05548,0.0042073170731707,1.009780534753375,0.0024628793530570123,-0.715219465246625,0.715219465246625,-41.4619979853116,41.4619979853116
2023-08-25,2023-10-06,PUT,440.79,405.0,1.36,1.38,1.37,251,141,42,0.1150684931506849,1.0883703703703702,ITM,17.2,0.05548,0.0033827160493827,0.6258624983535022,0.0015453395021074127,-0.744137501646498,0.744137501646498,-54.31660595959839,54.31660595959839
2023-08-25,2023-09-29,PUT,440.79,465.0,24.05,25.03,24.54,48,1262,35,0.0958904109589041,0.9479354838709676,OTM,17.2,0.0555499999999999,0.0527741935483871,24.13732412429141,0.05190822392320733,-0.40267587570858865,0.40267587570858865,-1.6408959890325536,1.6408959890325536
2023-08-25,2023-10-06,PUT,440.79,431.0,4.71,4.73,4.720000000000001,134,63,42,0.1150684931506849,1.0227146171693735,ATM,17.2,0.05548,0.0109512761020881,5.057153686724035,0.011733535236018644,0.3371536867240348,0.3371536867240348,7.143086583136329,7.143086583136329
2023-08-25,2023-10-06,PUT,440.79,432.0,4.94,4.97,4.955,171,17,42,0.1150684931506849,1.020347222222222,ATM,17.2,0.05548,0.0114699074074074,5.383115870084566,0.012460916365936495,0.4281158700845662,0.4281158700845662,8.640078104633021,8.640078104633021
2023-08-25,2023-10-06,PUT,440.79,440.0,7.39,7.42,7.404999999999999,524,243,42,0.1150684931506849,1.0017954545454544,ATM,17.2,0.05548,0.0168295454545454,8.521953198589728,0.01936807545134029,1.1169531985897283,1.1169531985897283,15.083770406343394,15.083770406343394
2023-08-25,2023-10-06,PUT,440.79,439.0,7.02,7.05,7.035,482,124,42,0.1150684931506849,1.0040774487471524,ATM,17.2,0.05548,0.0160250569476082,8.076708588485388,0.018397969449852822,1.0417085884853883,1.0417085884853883,14.80751369559898,14.80751369559898
2023-08-25,2023-10-06,PUT,440.79,438.0,6.67,6.7,6.6850000000000005,505,202,42,0.1150684931506849,1.0063698630136986,ATM,17.2,0.05548,0.0152625570776255,7.646765209594378,0.01745836805843465,0.9617652095943772,0.9617652095943772,14.386914130057995,14.386914130057995
2023-08-25,2023-10-06,PUT,440.79,437.5,6.51,6.54,6.525,365,4,42,0.1150684931506849,1.00752,ATM,17.2,0.05548,0.0149142857142857,7.43751165251544,0.017000026634321003,0.9125116525154393,0.9125116525154393,13.984852912114013,13.984852912114013
2023-08-25,2023-10-06,PUT,440.79,437.0,6.35,6.37,6.359999999999999,388,84,42,0.1150684931506849,1.0086727688787185,ATM,17.2,0.05548,0.014553775743707,7.2320567137275305,0.016549328864365057,0.872056713727531,0.872056713727531,13.711583549175018,13.711583549175018
2023-08-25,2023-10-06,PUT,440.79,436.0,6.03,6.06,6.045,178,100,42,0.1150684931506849,1.01098623853211,ATM,17.2,0.05548,0.0138646788990825,6.832493660347154,0.01567085701914485,0.7874936603471543,0.7874936603471543,13.027190411036464,13.027190411036464
2023-08-25,2023-10-06,PUT,440.79,435.0,5.74,5.76,5.75,970,250,42,0.1150684931506849,1.0133103448275862,ATM,17.2,0.05548,0.0132183908045977,6.4479637680300925,0.014822905213862281,0.6979637680300925,0.6979637680300925,12.138500313566826,12.138500313566826
2023-08-25,2023-10-06,PUT,440.79,434.0,5.46,5.49,5.475,256,318,42,0.1150684931506849,1.0156451612903226,ATM,17.2,0.05548,0.0126152073732718,6.0783322720932915,0.014005373898832468,0.6033322720932919,0.6033322720932919,11.019767526818118,11.019767526818118
2023-08-25,2023-10-06,PUT,440.79,433.0,5.2,5.22,5.21,369,111,42,0.1150684931506849,1.0179907621247113,ATM,17.2,0.05548,0.0120323325635103,5.723442386842777,0.013218111747904797,0.5134423868427769,0.5134423868427769,9.854940246502435,9.854940246502435
2023-08-25,2023-10-06,PUT,440.79,432.5,5.07,5.09,5.08,27,19,42,0.1150684931506849,1.0191676300578034,ATM,17.2,0.05548,0.0117456647398843,5.551470668199499,0.012835770331097108,0.47147066819949934,0.47147066819949934,9.280918665344474,9.280918665344474
2023-08-25,2023-09-29,PUT,440.79,462.0,21.25,22.18,21.715,1,216,35,0.0958904109589041,0.954090909090909,OTM,17.2,0.0555499999999999,0.0470021645021645,21.727239664047147,0.04702865728148733,0.012239664047147158,0.012239664047147158,0.05636501978884254,0.05636501978884254
2023-08-25,2023-10-20,PUT,440.79,418.0,3.37,3.39,3.38,49495,15725,56,0.1534246575342465,1.0545215311004783,ITM,17.2,0.05534,0.0080861244019138,2.817591405579904,0.006740649295645704,-0.5624085944200958,0.5624085944200958,-16.63930752722177,16.63930752722177
2023-08-25,2023-12-15,PUT,440.79,446.0,14.35,14.64,14.495,58,1513,112,0.3068493150684931,0.988318385650224,ATM,17.2,0.0559645161290322,0.0325,15.53814180918448,0.03483888298023426,1.0431418091844815,1.0431418091844815,7.196563016105427,7.196563016105427
2023-08-25,2023-10-20,PUT,440.79,417.0,3.24,3.26,3.25,471,54889,56,0.1534246575342465,1.05705035971223,ITM,17.2,0.05534,0.0077937649880095,2.634569336848017,0.006317912078772223,-0.615430663151983,0.615430663151983,-18.93632809698409,18.93632809698409
2023-08-25,2023-10-20,PUT,440.79,420.0,3.66,3.68,3.67,44516,80835,56,0.1534246575342465,1.0495,ITM,17.2,0.05534,0.0087380952380952,3.212510050397171,0.0076488334533265975,-0.45748994960282907,0.45748994960282907,-12.465666201711963,12.465666201711963
2023-08-25,2023-10-06,PUT,440.79,444.0,9.08,9.11,9.095,106,61,42,0.1150684931506849,0.9927702702702702,ATM,17.2,0.05548,0.0204842342342342,10.456457566784763,0.02355058010537109,1.3614575667847628,1.3614575667847628,14.96929705095946,14.96929705095946
2023-08-25,2023-10-06,PUT,440.79,443.0,8.62,8.66,8.64,1172,94,42,0.1150684931506849,0.9950112866817156,ATM,17.2,0.05548,0.0195033860045146,9.949809222838923,0.02246006596577635,1.309809222838922,1.309809222838922,15.159828968043078,15.159828968043078
2023-08-25,2023-10-06,PUT,440.79,442.5,8.4,8.44,8.42,320,81,42,0.1150684931506849,0.996135593220339,ATM,17.2,0.05548,0.0190282485875706,9.70223326482116,0.021925950880951773,1.2822332648211603,1.2822332648211603,15.228423572697865,15.228423572697865
2023-08-25,2023-10-06,PUT,440.79,451.0,12.73,13.37,13.05,4,1,42,0.1150684931506849,0.977361419068736,ATM,17.2,0.05548,0.0289356984478935,14.42547464437473,0.03198553136224996,1.37547464437473,1.37547464437473,10.540035589078393,10.540035589078393
2023-08-25,2023-10-20,PUT,440.79,407.0,2.18,2.19,2.185,549,1063,56,0.1534246575342465,1.083022113022113,ITM,17.2,0.05534,0.0053685503685503,1.2663390580350438,0.0031113981769902797,-0.9186609419649563,0.9186609419649563,-42.04397903729777,42.04397903729777
2023-08-25,2023-10-20,PUT,440.79,406.0,2.09,2.11,2.1,1051,21678,56,0.1534246575342465,1.0856896551724138,ITM,17.2,0.05534,0.0051724137931034,1.1693904837703926,0.002880272127513282,-0.9306095162296075,0.9306095162296075,-44.314738868076546,44.314738868076546
2023-08-25,2023-10-20,PUT,440.79,405.0,2.01,2.03,2.02,2912,27853,56,0.1534246575342465,1.0883703703703702,ITM,17.2,0.05534,0.0049876543209876,1.0785524062597318,0.00266309236113514,-0.9414475937402682,0.9414475937402682,-46.606316521795456,46.606316521795456
2023-08-25,2023-10-20,PUT,440.79,404.0,1.94,1.95,1.945,745,1216,56,0.1534246575342465,1.0910643564356437,ITM,17.2,0.05534,0.0048143564356435,0.993548691640683,0.002459278939704661,-0.951451308359317,0.951451308359317,-48.917805057034286,48.917805057034286
2023-08-25,2023-10-20,PUT,440.79,403.0,1.87,1.88,1.875,573,5145,56,0.1534246575342465,1.0937717121588089,ITM,17.2,0.05534,0.004652605459057,0.9141075640904504,0.0022682569828547153,-0.9608924359095496,0.9608924359095496,-51.24759658184265,51.24759658184265
2023-08-25,2023-10-06,PUT,440.79,445.0,9.57,9.59,9.58,37,38,42,0.1150684931506849,0.9905393258426964,ATM,17.2,0.05548,0.0215280898876404,10.978391148827939,0.024670541907478513,1.3983911488279386,1.3983911488279386,14.596984852066166,14.596984852066166
2023-08-25,2023-10-20,PUT,440.79,402.0,1.8,1.81,1.805,909,1796,56,0.1534246575342465,1.0964925373134329,ITM,17.2,0.05534,0.0044900497512437,0.8399621207759722,0.002089458011880528,-0.9650378792240277,0.9650378792240277,-53.464702450084644,53.464702450084644
2023-08-25,2023-10-06,PUT,440.79,455.0,15.54,16.3,15.92,2,3,42,0.1150684931506849,0.9687692307692308,OTM,17.2,0.05548,0.0349890109890109,17.012337337017016,0.03738975238904839,1.0923373370170157,1.0923373370170157,6.861415433523968,6.861415433523968
2023-08-25,2023-10-20,PUT,440.79,432.0,6.03,6.05,6.04,957,6809,56,0.1534246575342465,1.020347222222222,ATM,17.2,0.05534,0.0139814814814814,6.495276948892922,0.015035363307622505,0.45527694889292203,0.45527694889292203,7.537697829353014,7.537697829353014
2023-08-25,2023-09-29,PUT,440.79,439.0,6.4,6.43,6.415,1351,1013,35,0.0958904109589041,1.0040774487471524,ATM,17.2,0.0555499999999999,0.0146127562642369,7.404705531130702,0.016867210777063102,0.9897055311307019,0.9897055311307019,15.427989573354669,15.427989573354669
2023-08-25,2023-09-29,PUT,440.79,438.0,6.06,6.08,6.07,3742,5620,35,0.0958904109589041,1.0063698630136986,ATM,17.2,0.0555499999999999,0.0138584474885844,6.9749539452261615,0.0159245523863611,0.9049539452261612,0.9049539452261612,14.9086317170702,14.9086317170702
2023-08-25,2023-09-22,PUT,440.79,438.0,5.34,5.36,5.35,2443,1611,28,0.0767123287671232,1.0063698630136986,ATM,17.2,0.0556,0.0122146118721461,6.211120336813877,0.014180640038387848,0.8611203368138778,0.8611203368138778,16.09570723016594,16.09570723016594
2023-08-25,2023-09-22,PUT,440.79,437.5,5.17,5.19,5.18,560,332,28,0.0767123287671232,1.00752,ATM,17.2,0.0556,0.01184,6.003781062193639,0.01372292814215689,0.823781062193639,0.823781062193639,15.90310930875751,15.90310930875751
2023-08-25,2023-09-22,PUT,440.79,437.0,5.01,5.03,5.02,1030,649,28,0.0767123287671232,1.0086727688787185,ATM,17.2,0.0556,0.011487414187643,5.801089529677995,0.01327480441573912,0.7810895296779954,0.7810895296779954,15.559552384023814,15.559552384023814
2023-08-25,2023-09-22,PUT,440.79,436.0,4.7,4.72,4.71,1030,1160,28,0.0767123287671232,1.01098623853211,ATM,17.2,0.0556,0.0108027522935779,5.409563695119061,0.012407256181465737,0.6995636951190614,0.6995636951190614,14.852732380447161,14.852732380447161
2023-08-25,2023-09-22,PUT,440.79,439.0,5.69,5.71,5.7,709,646,28,0.0767123287671232,1.0040774487471524,ATM,17.2,0.0556,0.0129840546697038,6.639812426612224,0.015124857463809167,0.9398124266122236,0.9398124266122236,16.48793730898638,16.48793730898638
2023-08-25,2023-10-20,PUT,440.79,401.0,1.73,1.75,1.74,565,4501,56,0.1534246575342465,1.099226932668329,ITM,17.2,0.05534,0.0043391521197007,0.7708508093513657,0.0019223212203275954,-0.9691491906486343,0.9691491906486343,-55.69822934762266,55.69822934762266
2023-08-25,2023-10-06,PUT,440.79,446.0,10.07,10.1,10.085,5,5,42,0.1150684931506849,0.988318385650224,ATM,17.2,0.05548,0.0226121076233183,11.51553841483144,0.025819592858366457,1.4305384148314388,1.4305384148314388,14.184813235810003,14.184813235810003
2023-08-25,2023-10-06,PUT,440.79,447.0,10.36,10.88,10.62,6,3,42,0.1150684931506849,0.9861073825503356,ATM,17.2,0.05548,0.0237583892617449,12.067805889170074,0.026997328611118733,1.4478058891700751,1.4478058891700751,13.632823815160785,13.632823815160785
2023-08-25,2023-10-06,PUT,440.79,447.5,10.63,11.17,10.9,10,3,42,0.1150684931506849,0.9850055865921789,ATM,17.2,0.05548,0.0243575418994413,12.34957463451616,0.027596814825734433,1.4495746345161589,1.4495746345161589,13.298849857946411,13.298849857946411
2023-08-25,2023-10-20,PUT,440.79,414.0,2.87,2.88,2.875,1049,4014,56,0.1534246575342465,1.0647101449275362,ITM,17.2,0.05534,0.0069444444444444,2.139913758885662,0.0051688738137334826,-0.7350862411143382,0.7350862411143382,-25.56821708223785,25.56821708223785
2023-08-25,2023-10-20,PUT,440.79,413.0,2.76,2.77,2.765,3244,20743,56,0.1534246575342465,1.0672881355932202,ITM,17.2,0.05534,0.0066949152542372,1.9922177640542955,0.004823771825797326,-0.7727822359457046,0.7727822359457046,-27.94872462733109,27.94872462733109
2023-08-25,2023-10-20,PUT,440.79,412.0,2.65,2.66,2.655,544,1390,56,0.1534246575342465,1.069878640776699,ITM,17.2,0.05534,0.0064441747572815,1.8526369061316785,0.004496691519737084,-0.8023630938683213,0.8023630938683213,-30.2208321607654,30.2208321607654
2023-08-25,2023-10-20,PUT,440.79,411.0,2.54,2.56,2.55,443,3801,56,0.1534246575342465,1.0724817518248175,ITM,17.2,0.05534,0.0062043795620437,1.720881735324653,0.004187060183271662,-0.8291182646753468,0.8291182646753468,-32.51444175197439,32.51444175197439
2023-08-25,2023-10-20,PUT,440.79,410.0,2.45,2.46,2.455,10820,80467,56,0.1534246575342465,1.0750975609756095,ITM,17.2,0.05534,0.0059878048780487,1.5966626628968257,0.003894299177797136,-0.8583373371031744,0.8583373371031744,-34.96282432192156,34.96282432192156
2023-08-25,2023-10-20,PUT,440.79,415.0,2.99,3.0,2.995,145567,97869,56,0.1534246575342465,1.0621445783132528,ITM,17.2,0.05534,0.0072168674698795,2.296013461534997,0.005532562557915656,-0.6989865384650029,0.6989865384650029,-23.3384486966612,23.3384486966612
2023-08-25,2023-10-20,PUT,440.79,421.0,3.81,3.83,3.82,978,9003,56,0.1534246575342465,1.0470071258907363,ITM,17.2,0.05534,0.0090736342042755,3.424946455406399,0.008135264739682659,-0.39505354459360076,0.39505354459360076,-10.341715827057612,10.341715827057612
2023-08-25,2023-10-20,PUT,440.79,431.0,5.78,5.8,5.79,1010,2794,56,0.1534246575342465,1.0227146171693735,ATM,17.2,0.05534,0.0134338747099767,6.156709100703097,0.014284707890262406,0.3667091007030967,0.3667091007030967,6.333490513006852,6.333490513006852
2023-08-25,2023-10-20,PUT,440.79,430.0,5.55,5.57,5.5600000000000005,13874,100063,56,0.1534246575342465,1.025093023255814,ATM,17.2,0.05534,0.0129302325581395,5.830582824726321,0.013559494941224002,0.2705828247263202,0.2705828247263202,4.866597567020148,4.866597567020148
2023-08-25,2023-10-20,PUT,440.79,429.0,5.32,5.34,5.33,647,20690,56,0.1534246575342465,1.0274825174825173,ATM,17.2,0.05534,0.0124242424242424,5.516738066654227,0.012859529292900296,0.1867380666542271,0.1867380666542271,3.503528455051165,3.503528455051165
2023-08-25,2023-10-20,PUT,440.79,428.0,5.1,5.12,5.109999999999999,909,28753,56,0.1534246575342465,1.0298831775700934,ATM,17.2,0.05534,0.0119392523364485,5.215002015306538,0.012184584147912472,0.10500201530653896,0.10500201530653896,2.054833959032074,2.054833959032074
2023-08-25,2023-10-20,PUT,440.79,427.0,4.89,4.91,4.9,427,10743,56,0.1534246575342465,1.032295081967213,ITM,17.2,0.05534,0.0114754098360655,4.925189600296989,0.011534401874231824,0.025189600296988246,0.025189600296988246,0.5140734754487397,0.5140734754487397
2023-08-25,2023-10-20,PUT,440.79,426.0,4.69,4.71,4.7,648,43295,56,0.1534246575342465,1.0347183098591548,ITM,17.2,0.05534,0.0110328638497652,4.647104030983201,0.010908694908411268,-0.052895969016799604,0.052895969016799604,-1.1254461492936085,1.1254461492936085
2023-08-25,2023-10-20,PUT,440.79,425.0,4.5,4.52,4.51,6222,44105,56,0.1534246575342465,1.0371529411764706,ITM,17.2,0.05534,0.0106117647058823,4.380537374082763,0.01030714676254768,-0.12946262591723645,0.12946262591723645,-2.870568202156019,2.870568202156019
2023-08-25,2023-10-20,PUT,440.79,424.0,4.31,4.33,4.32,1664,36717,56,0.1534246575342465,1.0395990566037736,ITM,17.2,0.05534,0.010188679245283,4.125271167104245,0.009729413129962842,-0.1947288328957555,0.1947288328957555,-4.507611872586932,4.507611872586932
2023-08-25,2023-10-20,PUT,440.79,423.0,4.14,4.16,4.15,2482,27633,56,0.1534246575342465,1.0420567375886525,ITM,17.2,0.05534,0.0098108747044917,3.881077064526764,0.009175123083987621,-0.26892293547323654,0.26892293547323654,-6.480070734294856,6.480070734294856
2023-08-25,2023-10-20,PUT,440.79,422.0,3.97,3.99,3.98,1361,5071,56,0.1534246575342465,1.0445260663507108,ITM,17.2,0.05534,0.009431279620853,3.647717513467228,0.008643880363666418,-0.33228248653277204,0.33228248653277204,-8.348806194290756,8.348806194290756
2023-08-25,2023-10-20,PUT,440.79,409.0,2.35,2.37,2.3600000000000003,965,1406,56,0.1534246575342465,1.077726161369193,ITM,17.2,0.05534,0.0057701711491442,1.4796906825411895,0.00361782562968506,-0.8803093174588108,0.8803093174588108,-37.30124226520384,37.30124226520384
2023-08-25,2023-10-20,PUT,440.79,408.0,2.26,2.28,2.27,3598,5297,56,0.1534246575342465,1.0803676470588237,ITM,17.2,0.05534,0.005563725490196,1.3696780700105222,0.0033570540931630445,-0.9003219299894778,0.9003219299894778,-39.66175903037347,39.66175903037347
2023-08-25,2023-10-06,PUT,440.79,450.0,12.1,12.7,12.4,6,19,42,0.1150684931506849,0.9795333333333331,ATM,17.2,0.05548,0.0275555555555555,13.814078274090605,0.030697951720201344,1.4140782740906044,1.4140782740906044,11.403857049117777,11.403857049117777
2023-08-25,2023-10-06,PUT,440.79,449.0,11.49,12.06,11.775,2,1,42,0.1150684931506849,0.9817149220489976,ATM,17.2,0.05548,0.0262249443207126,13.21722138092801,0.02943701866576394,1.4422213809280091,1.4422213809280091,12.248164593868443,12.248164593868443
2023-08-25,2023-10-20,PUT,440.79,416.0,3.11,3.12,3.115,898,22938,56,0.1534246575342465,1.059591346153846,ITM,17.2,0.05534,0.0074879807692307,2.460803808869713,0.005915393771321425,-0.6541961911302874,0.6541961911302874,-21.00148286132544,21.00148286132544
2023-08-25,2023-08-29,PUT,4413.905,4120.0,0.2,0.25,0.225,41,35,4,0.010958904109589,1.0713361650485436,ITM,17.2,0.0556,5.4611650485436894e-05,0.0010077010021302124,2.4458762187626516e-07,-0.2239922989978698,0.2239922989978698,-99.55213288794214,99.55213288794214
2023-08-25,2023-12-15,PUT,440.79,445.0,14.04,14.15,14.095,131,10798,112,0.3068493150684931,0.9905393258426964,ATM,17.2,0.0559645161290322,0.0316741573033707,15.05490755439368,0.03383125293122175,0.9599075543936788,0.9599075543936788,6.8102699850562525,6.8102699850562525
2023-08-25,2023-12-15,PUT,440.79,443.0,13.27,13.3,13.285,410,3932,112,0.3068493150684931,0.9950112866817156,ATM,17.2,0.0559645161290322,0.0299887133182844,14.116181277218374,0.031864969023066306,0.8311812772183735,0.8311812772183735,6.256539534952003,6.256539534952003
2023-08-25,2023-10-20,PUT,440.79,447.0,11.58,11.61,11.595,77,489,56,0.1534246575342465,0.9861073825503356,ATM,17.2,0.05534,0.0259395973154362,13.132615430786984,0.029379452865295266,1.5376154307869836,1.5376154307869836,13.261021395316805,13.261021395316805
2023-08-25,2023-10-20,PUT,440.79,446.0,11.08,11.1,11.09,93,4530,56,0.1534246575342465,0.988318385650224,ATM,17.2,0.05534,0.0248654708520179,12.59786515077434,0.028246334418776546,1.5078651507743395,1.5078651507743395,13.59661993484526,13.59661993484526
2023-08-25,2023-12-15,PUT,440.79,408.0,5.19,5.21,5.2,23,10455,112,0.3068493150684931,1.0803676470588237,ITM,17.2,0.0559645161290322,0.0127450980392156,3.3891098009975735,0.0083066416691117,-1.8108901990024266,1.8108901990024266,-34.82481151927744,34.82481151927744
2023-08-25,2023-11-17,PUT,440.79,412.0,4.22,4.25,4.234999999999999,392,2093,84,0.2301369863013698,1.069878640776699,ITM,17.2,0.0559193548387096,0.0102791262135922,3.052928734634534,0.0074100212005692575,-1.1820712653654653,1.1820712653654653,-27.91195431795668,27.91195431795668
2023-08-25,2023-11-17,PUT,440.79,414.0,4.49,4.51,4.5,314,4075,84,0.2301369863013698,1.0647101449275362,ITM,17.2,0.0559193548387096,0.0108695652173913,3.414342303799714,0.008247203632366458,-1.0856576962002862,1.0856576962002862,-24.12572658222858,24.12572658222858
2023-08-25,2023-11-17,PUT,440.79,455.0,17.49,18.17,17.83,34,11485,84,0.2301369863013698,0.9687692307692308,OTM,17.2,0.0559193548387096,0.0391868131868131,19.2205051941541,0.04224286855858044,1.3905051941541018,1.3905051941541018,7.798683085553011,7.798683085553011
2023-08-25,2023-11-17,PUT,440.79,454.0,16.86,17.53,17.195,3,27,84,0.2301369863013698,0.9709030837004404,ATM,17.2,0.0559193548387096,0.037874449339207,18.62697958996256,0.041028589405203875,1.431979589962559,1.431979589962559,8.327883628744164,8.327883628744164
2023-08-25,2023-11-17,PUT,440.79,452.0,15.69,16.31,16.0,3,203,84,0.2301369863013698,0.9751991150442476,ATM,17.2,0.0559193548387096,0.0353982300884955,17.47063378481249,0.038651844656664804,1.4706337848124917,1.4706337848124917,9.191461155078073,9.191461155078073
2023-08-25,2023-11-17,PUT,440.79,450.0,14.78,14.99,14.885,73,17227,84,0.2301369863013698,0.9795333333333331,ATM,17.2,0.0559193548387096,0.0330777777777777,16.355765872369005,0.03634614638304223,1.4707658723690056,1.4707658723690056,9.880859068653045,9.880859068653045
2023-08-25,2023-10-20,PUT,440.79,448.0,11.9,12.33,12.115,22,4783,56,0.1534246575342465,0.98390625,ATM,17.2,0.05534,0.0270424107142857,13.680412796268058,0.030536635705955488,1.565412796268058,1.565412796268058,12.92127772404505,12.92127772404505
2023-08-25,2023-11-17,PUT,440.79,456.0,18.13,18.84,18.485,1,55,84,0.2301369863013698,0.9666447368421052,OTM,17.2,0.0559193548387096,0.0405372807017543,19.824145589574414,0.0434740034859088,1.3391455895744144,1.3391455895744144,7.244498726396616,7.244498726396616
2023-08-25,2023-11-17,PUT,440.79,445.0,12.45,12.48,12.465,1129,15687,84,0.2301369863013698,0.9905393258426964,ATM,17.2,0.0559193548387096,0.0280112359550561,13.753390049868102,0.030906494494085623,1.2883900498681022,1.2883900498681022,10.336061370783009,10.336061370783009
2023-08-25,2023-11-17,PUT,440.79,444.0,12.02,12.05,12.035,194,538,84,0.2301369863013698,0.9927702702702702,ATM,17.2,0.0559193548387096,0.0271058558558558,13.264955441240346,0.029876025768559338,1.229955441240346,1.229955441240346,10.219820866143298,10.219820866143298
2023-08-25,2023-11-17,PUT,440.79,442.0,11.21,11.24,11.225,516,514,84,0.2301369863013698,0.997262443438914,ATM,17.2,0.0559193548387096,0.0253959276018099,12.320335633827796,0.02787406251997239,1.095335633827796,1.095335633827796,9.758001192229807,9.758001192229807
2023-08-25,2023-11-17,PUT,440.79,448.0,13.85,13.88,13.865,29,731,84,0.2301369863013698,0.98390625,ATM,17.2,0.0559193548387096,0.0309486607142857,15.282925884377988,0.03411367384905801,1.417925884377988,1.417925884377988,10.226656216213401,10.226656216213401
2023-08-25,2023-11-17,PUT,440.79,458.0,19.48,20.24,19.86,4,111,84,0.2301369863013698,0.962423580786026,OTM,17.2,0.0559193548387096,0.0433624454148471,21.061373280132102,0.045985531179327736,1.2013732801321026,1.2013732801321026,6.0492108767981,6.0492108767981
2023-08-25,2023-12-15,PUT,440.79,406.0,4.94,4.96,4.95,5,2586,112,0.3068493150684931,1.0856896551724138,ITM,17.2,0.0559645161290322,0.0121921182266009,3.0625140638729675,0.0075431380883570626,-1.8874859361270326,1.8874859361270326,-38.13102901266733,38.13102901266733
2023-08-25,2023-12-15,PUT,440.79,405.0,4.82,4.84,4.83,446,21756,112,0.3068493150684931,1.0883703703703702,ITM,17.2,0.0559645161290322,0.0119259259259259,2.9085522348855335,0.00718161045650749,-1.9214477651144666,1.9214477651144666,-39.78152722804278,39.78152722804278
2023-08-25,2023-12-15,PUT,440.79,404.0,4.7,4.72,4.71,120,3882,112,0.3068493150684931,1.0910643564356437,ITM,17.2,0.0559645161290322,0.0116584158415841,2.7606224707645026,0.006833223937535897,-1.9493775292354973,1.9493775292354973,-41.388057945551964,41.388057945551964
2023-08-25,2023-12-15,PUT,440.79,403.0,4.59,4.6,4.595,199,1956,112,0.3068493150684931,1.0937717121588089,ITM,17.2,0.0559645161290322,0.0114019851116625,2.6185795820353093,0.006497716084454862,-1.9764204179646905,1.9764204179646905,-43.012413883888804,43.012413883888804
2023-08-25,2023-11-17,PUT,440.79,446.0,12.9,12.93,12.915,1062,1110,84,0.2301369863013698,0.988318385650224,ATM,17.2,0.0559193548387096,0.028957399103139,14.25255004338473,0.03195639023180433,1.3375500433847307,1.3375500433847307,10.356562472975074,10.356562472975074
2023-08-25,2023-12-15,PUT,440.79,402.0,4.48,4.49,4.485,162,919,112,0.3068493150684931,1.0964925373134329,ITM,17.2,0.0559645161290322,0.0111567164179104,2.4822776467370034,0.006174820016758715,-2.002722353262997,2.002722353262997,-44.65378714075801,44.65378714075801
2023-08-25,2023-10-20,PUT,440.79,449.0,12.45,12.89,12.67,7,365,56,0.1534246575342465,0.9817149220489976,ATM,17.2,0.05534,0.028218262806236,14.241171318859926,0.031717530776970884,1.5711713188599266,1.5711713188599266,12.40072074869713,12.40072074869713
2023-08-25,2023-10-20,PUT,440.79,451.0,13.56,14.1,13.83,17,144,56,0.1534246575342465,0.977361419068736,ATM,17.2,0.05534,0.0306651884700665,15.401161766642218,0.034148917442665676,1.5711617666422182,1.5711617666422182,11.360533381360941,11.360533381360941
2023-08-25,2023-11-17,PUT,440.79,401.0,3.05,3.07,3.06,63,926,84,0.2301369863013698,1.099226932668329,ITM,17.2,0.0559193548387096,0.0076309226932668,1.5598823271342113,0.0038899808656713496,-1.5001176728657888,1.5001176728657888,-49.023453361627084,49.023453361627084
2023-08-25,2023-10-20,PUT,440.79,480.0,38.77,39.81,39.290000000000006,10,29,56,0.1534246575342465,0.9183125,OTM,17.2,0.05534,0.0818541666666666,37.11083282345464,0.07731423504886384,-2.179167176545363,2.179167176545363,-5.546365936740551,5.546365936740551
2023-08-25,2023-10-20,PUT,440.79,456.0,16.9,17.44,17.17,8,6209,56,0.1534246575342465,0.9666447368421052,OTM,17.2,0.05534,0.0376535087719298,18.51948130486295,0.040612897598383664,1.3494813048629482,1.3494813048629482,7.859530022498241,7.859530022498241
2023-08-25,2023-10-20,PUT,440.79,455.0,16.32,16.68,16.5,341,13880,56,0.1534246575342465,0.9687692307692308,OTM,17.2,0.05534,0.0362637362637362,17.87146664148321,0.03927794866260046,1.3714666414832095,1.3714666414832095,8.311919039292178,8.311919039292178
2023-08-25,2023-10-20,PUT,440.79,443.0,9.69,9.72,9.705,279,1100,56,0.1534246575342465,0.9950112866817156,ATM,17.2,0.05534,0.0219074492099322,11.072548313070342,0.024994465717991743,1.3675483130703423,1.3675483130703423,14.091172726124084,14.091172726124084
2023-08-25,2023-10-20,PUT,440.79,442.0,9.28,9.3,9.29,1140,5580,56,0.1534246575342465,0.997262443438914,ATM,17.2,0.05534,0.0210180995475113,10.590566485516888,0.02396055765954047,1.3005664855168888,1.3005664855168888,13.99963924130128,13.99963924130128
2023-08-25,2023-10-20,PUT,440.79,441.0,8.88,8.9,8.89,1169,2102,56,0.1534246575342465,0.9995238095238096,ATM,17.2,0.05534,0.0201587301587301,10.121849568653062,0.02295203983821556,1.231849568653061,1.231849568653061,13.856575575400012,13.856575575400012
2023-08-25,2023-10-20,PUT,440.79,440.0,8.5,8.52,8.51,17223,50950,56,0.1534246575342465,1.0017954545454544,ATM,17.2,0.05534,0.019340909090909,9.666397068618068,0.021969084246859245,1.1563970686180678,1.1563970686180678,13.58868470761537,13.58868470761537
2023-08-25,2023-10-20,PUT,440.79,439.0,8.14,8.16,8.15,2195,1603,56,0.1534246575342465,1.0040774487471524,ATM,17.2,0.05534,0.0185649202733485,9.224193458709692,0.02101183020207219,1.0741934587096917,1.0741934587096917,13.180287836928734,13.180287836928734
2023-08-25,2023-10-20,PUT,440.79,450.0,13.18,13.33,13.255,360,30097,56,0.1534246575342465,0.9795333333333331,ATM,17.2,0.05534,0.0294555555555555,14.81479171744681,0.03292175937210402,1.5597917174468083,1.5597917174468083,11.767572368516094,11.767572368516094
2023-08-25,2023-10-20,PUT,440.79,438.0,7.79,7.81,7.8,4040,4640,56,0.1534246575342465,1.0063698630136986,ATM,17.2,0.05534,0.0178082191780821,8.795208129838755,0.02008038385807935,0.9952081298387556,0.9952081298387556,12.759078587676354,12.759078587676354
2023-08-25,2023-10-20,PUT,440.79,436.0,7.15,7.17,7.16,2882,13620,56,0.1534246575342465,1.01098623853211,ATM,17.2,0.05534,0.0164220183486238,7.976694529676564,0.018295170939625148,0.816694529676564,0.816694529676564,11.406348179840279,11.406348179840279
2023-08-25,2023-10-20,PUT,440.79,435.0,6.85,6.87,6.859999999999999,22023,54530,56,0.1534246575342465,1.0133103448275862,ATM,17.2,0.05534,0.0157701149425287,7.587029904438737,0.017441448056181003,0.7270299044387372,0.7270299044387372,10.598103563246898,10.598103563246898
2023-08-25,2023-10-20,PUT,440.79,434.0,6.56,6.59,6.574999999999999,1480,7434,56,0.1534246575342465,1.0156451612903226,ATM,17.2,0.05534,0.0151497695852534,7.210311116429779,0.016613620083939584,0.6353111164297793,0.6353111164297793,9.66252648562402,9.66252648562402
2023-08-25,2023-11-17,PUT,440.79,411.0,4.1,4.12,4.109999999999999,265,2915,84,0.2301369863013698,1.0724817518248175,ITM,17.2,0.0559193548387096,0.0099999999999999,2.8835568383693584,0.007015953378027636,-1.226443161630641,1.226443161630641,-29.84046621972363,29.84046621972363
2023-08-25,2023-10-20,PUT,440.79,444.0,10.13,10.16,10.145,475,5616,56,0.1534246575342465,0.9927702702702702,ATM,17.2,0.05534,0.022849099099099,11.567780612369972,0.02605355993777021,1.4227806123699729,1.4227806123699729,14.024451575849907,14.024451575849907
2023-08-25,2023-10-20,PUT,440.79,445.0,10.6,10.62,10.61,1523,26927,56,0.1534246575342465,0.9905393258426964,ATM,17.2,0.05534,0.0238426966292134,12.07623416106614,0.027137604856328403,1.46623416106614,1.46623416106614,13.81936061325297,13.81936061325297
2023-08-25,2023-10-20,PUT,440.79,454.0,15.49,15.96,15.725,8,6112,56,0.1534246575342465,0.9709030837004404,ATM,17.2,0.05534,0.0346365638766519,17.235462940529317,0.03796357475887515,1.510462940529317,1.510462940529317,9.605487698119664,9.605487698119664
2023-08-25,2023-10-20,PUT,440.79,453.0,14.82,15.33,15.075,2,13,56,0.1534246575342465,0.973046357615894,ATM,17.2,0.05534,0.0332781456953642,16.61163988820499,0.03667028672892934,1.5366398882049914,1.5366398882049914,10.193299424245382,10.193299424245382
2023-08-25,2023-10-20,PUT,440.79,452.0,14.18,14.73,14.455,32,6431,56,0.1534246575342465,0.9751991150442476,ATM,17.2,0.05534,0.0319800884955752,16.000156740423733,0.03539857685934454,1.5451567404237334,1.5451567404237334,10.689427467476538,10.689427467476538
2023-08-25,2023-10-20,PUT,440.79,437.0,7.46,7.49,7.475,6632,3470,56,0.1534246575342465,1.0086727688787185,ATM,17.2,0.05534,0.0171052631578947,8.379395392334487,0.019174817831429034,0.9043953923344876,0.9043953923344876,12.098935014508195,12.098935014508195
2023-08-25,2023-12-15,PUT,440.79,401.0,4.37,4.39,4.38,673,1084,112,0.3068493150684931,1.099226932668329,ITM,17.2,0.0559645161290322,0.0109226932668329,2.3515702107920475,0.005864264864818074,-2.0284297892079524,2.0284297892079524,-46.31118240200805,46.31118240200805
2023-08-25,2023-11-17,PUT,440.79,470.0,29.29,30.23,29.76,5,723,84,0.2301369863013698,0.9378510638297872,OTM,17.2,0.0559193548387096,0.0633191489361702,29.27283136506145,0.06228261992566266,-0.487168634938552,0.487168634938552,-1.6369913808419085,1.6369913808419085
2023-08-25,2023-11-17,PUT,440.79,465.0,24.89,25.78,25.335,936,12291,84,0.2301369863013698,0.9479354838709676,OTM,17.2,0.0559193548387096,0.0544838709677419,25.694110027040097,0.055256150595785154,0.35911002704009576,0.35911002704009576,1.4174463273735771,1.4174463273735771
2023-08-25,2023-11-17,PUT,440.79,434.0,8.53,8.56,8.545,340,4088,84,0.2301369863013698,1.0156451612903226,ATM,17.2,0.0559193548387096,0.0196889400921659,8.97099165085379,0.020670487674778318,0.4259916508537902,0.4259916508537902,4.985273854345117,4.985273854345117
2023-08-25,2023-11-17,PUT,440.79,433.0,8.25,8.28,8.265,196,5311,84,0.2301369863013698,1.0179907621247113,ATM,17.2,0.0559193548387096,0.0190877598152424,8.600102408847988,0.019861668380711288,0.3351024088479875,0.3351024088479875,4.054475606146249,4.054475606146249
2023-08-25,2023-11-17,PUT,440.79,432.0,7.98,8.01,7.995,847,7585,84,0.2301369863013698,1.020347222222222,ATM,17.2,0.0559193548387096,0.0185069444444444,8.239648860501035,0.019073261251159802,0.24464886050103463,0.24464886050103463,3.0600232708071875,3.0600232708071875
2023-08-25,2023-11-17,PUT,440.79,431.0,7.72,7.75,7.734999999999999,386,10379,84,0.2301369863013698,1.0227146171693735,ATM,17.2,0.0559193548387096,0.0179466357308584,7.889554588271579,0.018305231063275126,0.15455458827157997,0.15455458827157997,1.9981200810805428,1.9981200810805428
2023-08-25,2023-11-17,PUT,440.79,430.0,7.47,7.49,7.48,6522,18153,84,0.2301369863013698,1.025093023255814,ATM,17.2,0.0559193548387096,0.0173953488372093,7.549735460791737,0.017557524327422646,0.06973546079173687,0.06973546079173687,0.9322922565740223,0.9322922565740223
2023-08-25,2023-09-15,PUT,440.79,460.0,19.26,19.89,19.575000000000003,44,9618,21,0.0575342465753424,0.9582391304347824,OTM,17.2,0.0556,0.0425543478260869,19.41847424830729,0.042214074452841935,-0.15652575169271188,0.15652575169271188,-0.7996206983024872,0.7996206983024872
2023-08-25,2023-09-01,PUT,440.79,425.0,0.21,0.22,0.215,11633,28080,7,0.0191780821917808,1.0371529411764706,ITM,17.2,0.0556,0.0005058823529411,0.25320244853670104,0.0005957704671451789,0.038202448536701045,0.038202448536701045,17.768580714744672,17.768580714744672
2023-08-25,2023-09-01,PUT,440.79,424.0,0.19,0.2,0.195,3491,7554,7,0.0191780821917808,1.0395990566037736,ITM,17.2,0.0556,0.0004599056603773,0.19990096090631582,0.0004714645304394241,0.00490096090631581,0.00490096090631581,2.5133132852901587,2.5133132852901587
2023-08-25,2023-09-01,PUT,440.79,423.0,0.17,0.18,0.175,1529,6242,7,0.0191780821917808,1.0420567375886525,ITM,17.2,0.0556,0.0004137115839243,0.15650812969114725,0.0003699955784660691,-0.018491870308852743,0.018491870308852743,-10.56678303363014,10.56678303363014
2023-08-25,2023-11-17,PUT,440.79,435.0,8.82,8.85,8.835,3847,15641,84,0.2301369863013698,1.0133103448275862,ATM,17.2,0.0559193548387096,0.0203103448275862,9.352385167929668,0.02149973601822912,0.5173851679296675,0.5173851679296675,5.856085658513496,5.856085658513496
2023-08-25,2023-09-01,PUT,440.79,422.0,0.15,0.16,0.155,6731,9159,7,0.0191780821917808,1.0445260663507108,ITM,17.2,0.0556,0.000367298578199,0.1214986924376582,0.00028791159345416636,-0.03350130756234179,0.03350130756234179,-21.61374681441406,21.61374681441406
2023-08-25,2023-09-01,PUT,440.79,420.0,0.12,0.13,0.125,13007,31971,7,0.0191780821917808,1.0495,ITM,17.2,0.0556,0.000297619047619,0.07134028786258284,0.00016985782824424485,-0.05365971213741716,0.05365971213741716,-42.92776970993373,42.92776970993373
2023-08-25,2023-09-01,PUT,440.79,426.0,0.24,0.25,0.245,5617,6815,7,0.0191780821917808,1.0347183098591548,ITM,17.2,0.0556,0.000575117370892,0.3180968824224095,0.0007467062967662195,0.07309688242240953,0.07309688242240953,29.835462213228375,29.835462213228375
2023-08-25,2023-09-01,PUT,440.79,427.0,0.28,0.29,0.285,4831,3991,7,0.0191780821917808,1.032295081967213,ITM,17.2,0.0556,0.0006674473067915,0.3964185841408252,0.0009283807591120028,0.11141858414082523,0.11141858414082523,39.09424004941236,39.09424004941236
2023-08-25,2023-09-01,PUT,440.79,436.0,1.36,1.37,1.3650000000000002,19700,13013,7,0.0191780821917808,1.01098623853211,ATM,17.2,0.0556,0.0031307339449541,2.0530591081384557,0.004708851165455174,0.6880591081384555,0.6880591081384555,50.407260669483904,50.407260669483904
2023-08-25,2023-09-01,PUT,440.79,435.0,1.14,1.15,1.145,43314,30564,7,0.0191780821917808,1.0133103448275862,ATM,17.2,0.0556,0.0026321839080459,1.7586177109435965,0.00404279933550252,0.6136177109435965,0.6136177109435965,53.59106645795603,53.59106645795603
2023-08-25,2023-09-01,PUT,440.79,434.0,0.96,0.97,0.965,10330,8790,7,0.0191780821917808,1.0156451612903226,ATM,17.2,0.0556,0.0022235023041474,1.4965149787226295,0.003448191195213432,0.5315149787226295,0.5315149787226295,55.079272406490105,55.079272406490105
2023-08-25,2023-09-01,PUT,440.79,433.0,0.8,0.81,0.805,14233,5207,7,0.0191780821917808,1.0179907621247113,ATM,17.2,0.0556,0.0018591224018475,1.2648953785540016,0.0029212364400785255,0.45989537855400153,0.45989537855400153,57.12986068993807,57.12986068993807
2023-08-25,2023-09-01,PUT,440.79,432.0,0.67,0.68,0.675,23527,12402,7,0.0191780821917808,1.020347222222222,ATM,17.2,0.0556,0.0015625,1.0617384734046595,0.002457727947695971,0.3867384734046595,0.3867384734046595,57.29458865254214,57.29458865254214
2023-08-25,2023-09-01,PUT,440.79,431.0,0.56,0.57,0.565,10462,5050,7,0.0191780821917808,1.0227146171693735,ATM,17.2,0.0556,0.0013109048723897,0.8849050307280066,0.0020531439228027998,0.3199050307280067,0.3199050307280067,56.620359420886146,56.620359420886146
2023-08-25,2023-09-01,PUT,440.79,421.0,0.13,0.14,0.135,1122,4693,7,0.0191780821917808,1.0470071258907363,ITM,17.2,0.0556,0.0003206650831353,0.09350992034054784,0.00022211382503693072,-0.04149007965945217,0.04149007965945217,-30.73339234033494,30.73339234033494
2023-08-25,2023-11-17,PUT,440.79,436.0,9.13,9.15,9.14,363,4601,84,0.2301369863013698,1.01098623853211,ATM,17.2,0.0559193548387096,0.0209633027522935,9.744343601761557,0.022349411930645772,0.6043436017615562,0.6043436017615562,6.612074417522496,6.612074417522496
2023-08-25,2023-11-17,PUT,440.79,437.0,9.44,9.47,9.455,1212,5969,84,0.2301369863013698,1.0086727688787185,ATM,17.2,0.0559193548387096,0.0216361556064073,10.146919569610901,0.023219495582633642,0.6919195696109011,0.6919195696109011,7.318028234911699,7.318028234911699
2023-08-25,2023-11-17,PUT,440.79,438.0,9.77,9.8,9.785,632,5226,84,0.2301369863013698,1.0063698630136986,ATM,17.2,0.0559193548387096,0.0223401826484018,10.560157598621515,0.024109948855300264,0.7751575986215151,0.7751575986215151,7.9218967666991835,7.9218967666991835
2023-08-25,2023-11-17,PUT,440.79,464.0,24.05,24.93,24.49,30,4411,84,0.2301369863013698,0.949978448275862,OTM,17.2,0.0559193548387096,0.0527801724137931,25.00448966489779,0.05388898634676248,0.5144896648977912,0.5144896648977912,2.1008152915385514,2.1008152915385514
2023-08-25,2023-11-17,PUT,440.79,462.0,22.4,23.29,22.845,56,2139,84,0.2301369863013698,0.954090909090909,OTM,17.2,0.0559193548387096,0.0494480519480519,23.652521021860707,0.05119593294775045,0.8075210218607083,0.8075210218607083,3.534782323750091,3.534782323750091
2023-08-25,2023-11-17,PUT,440.79,460.0,20.92,21.72,21.32,70,11807,84,0.2301369863013698,0.9582391304347824,OTM,17.2,0.0559193548387096,0.0463478260869565,22.337810824415214,0.04856045831394612,1.0178108244152142,1.0178108244152142,4.773971971928772,4.773971971928772
2023-08-25,2023-11-17,PUT,440.79,440.0,10.46,10.49,10.475,6181,19066,84,0.2301369863013698,1.0017954545454544,ATM,17.2,0.0559193548387096,0.0238068181818181,11.418757237217989,0.025951720993677246,0.943757237217989,0.943757237217989,9.009615629766005,9.009615629766005
2023-08-25,2023-11-17,PUT,440.79,439.0,10.11,10.13,10.12,1606,9632,84,0.2301369863013698,1.0040774487471524,ATM,17.2,0.0559193548387096,0.0230523917995444,10.984094079169353,0.02502071544229921,0.8640940791693534,0.8640940791693534,8.53847904317543,8.53847904317543
2023-08-25,2023-11-17,PUT,440.79,426.0,6.56,6.58,6.57,68,7562,84,0.2301369863013698,1.0347183098591548,ITM,17.2,0.0559193548387096,0.0154225352112676,6.2912661727872035,0.014768230452552121,-0.2787338272127968,0.2787338272127968,-4.242524006283056,4.242524006283056
2023-08-25,2023-11-17,PUT,440.79,425.0,6.35,6.37,6.359999999999999,783,21481,84,0.2301369863013698,1.0371529411764706,ITM,17.2,0.0559193548387096,0.0149647058823529,6.001301669109409,0.014120709809669198,-0.35869833089059,0.35869833089059,-5.639910863059591,5.639910863059591
2023-08-25,2023-11-17,PUT,440.79,424.0,6.15,6.17,6.16,94,7424,84,0.2301369863013698,1.0395990566037736,ITM,17.2,0.0559193548387096,0.0145283018867924,5.72095465612864,0.013492817585209057,-0.43904534387135996,0.43904534387135996,-7.127359478431168,7.127359478431168
2023-08-25,2023-11-17,PUT,440.79,423.0,5.96,5.98,5.970000000000001,539,3410,84,0.2301369863013698,1.0420567375886525,ITM,17.2,0.0559193548387096,0.0141134751773049,5.4500919278624025,0.012884378080052961,-0.5199080721375982,0.5199080721375982,-8.7086779252529,8.7086779252529
2023-08-25,2023-11-17,PUT,440.79,422.0,5.77,5.79,5.779999999999999,543,1679,84,0.2301369863013698,1.0445260663507108,ITM,17.2,0.0559193548387096,0.0136966824644549,5.188574169405001,0.012295199453566353,-0.5914258305949982,0.5914258305949982,-10.232280806141839,10.232280806141839
2023-08-25,2023-11-17,PUT,440.79,421.0,5.59,5.61,5.6,274,1688,84,0.2301369863013698,1.0470071258907363,ITM,17.2,0.0559193548387096,0.0133016627078384,4.936256227007462,0.0117250741734144,-0.6637437729925377,0.6637437729925377,-11.852567374866748,11.852567374866748
2023-08-25,2023-11-17,PUT,440.79,420.0,5.42,5.43,5.425,1436,21141,84,0.2301369863013698,1.0495,ITM,17.2,0.0559193548387096,0.0129166666666666,4.692987391019486,0.011173779502427346,-0.7320126089805141,0.7320126089805141,-13.493319981207634,13.493319981207634
2023-08-25,2023-11-17,PUT,440.79,419.0,5.25,5.27,5.26,368,2246,84,0.2301369863013698,1.0520047732696896,ITM,17.2,0.0559193548387096,0.0125536992840095,4.4586116907562285,0.01064107802089792,-0.8013883092437712,0.8013883092437712,-15.23551918714394,15.23551918714394
2023-08-25,2023-11-17,PUT,440.79,418.0,5.09,5.1,5.095,46,2469,84,0.2301369863013698,1.0545215311004783,ITM,17.2,0.0559193548387096,0.012188995215311,4.232968200304683,0.010126718182547088,-0.8620317996953171,0.8620317996953171,-16.91917173101702,16.91917173101702
2023-08-25,2023-11-17,PUT,440.79,417.0,4.93,4.95,4.94,153,3275,84,0.2301369863013698,1.05705035971223,ITM,17.2,0.0559193548387096,0.0118465227817745,4.015891354236857,0.009630434902246658,-0.9241086457631438,0.9241086457631438,-18.706652748241776,18.706652748241776
2023-08-25,2023-11-17,PUT,440.79,416.0,4.78,4.8,4.79,385,1885,84,0.2301369863013698,1.059591346153846,ITM,17.2,0.0559193548387096,0.011514423076923,3.8072112721580282,0.009151950173456798,-0.9827887278419718,0.9827887278419718,-20.517509975824044,20.517509975824044
2023-08-25,2023-11-17,PUT,440.79,415.0,4.63,4.65,4.640000000000001,960,9697,84,0.2301369863013698,1.0621445783132528,ITM,17.2,0.0559193548387096,0.0111807228915662,3.6067540909827756,0.008690973713211507,-1.033245909017225,1.033245909017225,-22.26823079778502,22.26823079778502
2023-08-25,2023-11-17,PUT,440.79,427.0,6.77,6.8,6.785,170,3652,84,0.2301369863013698,1.032295081967213,ITM,17.2,0.0559193548387096,0.0158899297423887,6.590975007883642,0.015435538660149045,-0.1940249921163577,0.1940249921163577,-2.859616685576385,2.859616685576385
2023-08-25,2023-11-17,PUT,440.79,413.0,4.36,4.38,4.37,434,3950,84,0.2301369863013698,1.0672881355932202,ITM,17.2,0.0559193548387096,0.0105811138014527,3.2297951041635997,0.007820327128725423,-1.1402048958364004,1.1402048958364004,-26.091645213647606,26.091645213647606
2023-08-25,2023-11-17,PUT,440.79,428.0,7.0,7.02,7.01,675,1240,84,0.2301369863013698,1.0298831775700934,ATM,17.2,0.0559193548387096,0.0163785046728971,6.900548408088682,0.016122776654412807,-0.10945159191131815,0.10945159191131815,-1.561363650660744,1.561363650660744
2023-08-25,2023-11-17,PUT,440.79,429.0,7.23,7.25,7.24,63,4702,84,0.2301369863013698,1.0274825174825173,ATM,17.2,0.0559193548387096,0.0168764568764568,7.220099773617676,0.016830069402372205,-0.01990022638232425,0.01990022638232425,-0.27486500528072166,0.27486500528072166
2023-08-25,2023-11-17,PUT,440.79,402.0,3.14,3.16,3.1500000000000004,198,9539,84,0.2301369863013698,1.0964925373134329,ITM,17.2,0.0559193548387096,0.0078358208955223,1.6648794565322689,0.004141491185403654,-1.4851205434677315,1.4851205434677315,-47.14668391961052,47.14668391961052
2023-08-25,2023-11-17,PUT,440.79,403.0,3.23,3.25,3.24,91,3985,84,0.2301369863013698,1.0937717121588089,ITM,17.2,0.0559193548387096,0.0080397022332506,1.775441673191402,0.004405562464494794,-1.4645583268085982,1.4645583268085982,-45.202417494092536,45.202417494092536
2023-08-25,2023-11-17,PUT,440.79,404.0,3.33,3.34,3.335,92,1928,84,0.2301369863013698,1.0910643564356437,ITM,17.2,0.0559193548387096,0.0082549504950495,1.8917621672149778,0.004682579621819252,-1.4432378327850222,1.4432378327850222,-43.2754972349332,43.2754972349332
2023-08-25,2023-11-17,PUT,440.79,405.0,3.43,3.44,3.435,479,9780,84,0.2301369863013698,1.0883703703703702,ITM,17.2,0.0559193548387096,0.0084814814814814,2.014034953596095,0.004972925811348383,-1.420965046403905,1.420965046403905,-41.367250259211204,41.367250259211204
2023-08-25,2023-12-15,PUT,440.79,412.0,5.75,5.76,5.755,137,1858,112,0.3068493150684931,1.069878640776699,ITM,17.2,0.0559645161290322,0.0139684466019417,4.120945786630784,0.010002295598618408,-1.6340542133692155,1.6340542133692155,-28.39364402031652,28.39364402031652
2023-08-25,2023-12-15,PUT,440.79,411.0,5.59,5.61,5.6,81,1304,112,0.3068493150684931,1.0724817518248175,ITM,17.2,0.0559645161290322,0.013625304136253,3.9278090783620456,0.00955671308603904,-1.672190921637954,1.672190921637954,-29.860552172106324,29.860552172106324
2023-08-25,2023-12-15,PUT,440.79,410.0,5.46,5.48,5.470000000000001,777,42754,112,0.3068493150684931,1.0750975609756095,ITM,17.2,0.0559645161290322,0.0133414634146341,3.74154886826625,0.009125728946990853,-1.7284511317337508,1.7284511317337508,-31.598740982335475,31.598740982335475
2023-08-25,2023-12-15,PUT,440.79,426.0,8.26,8.29,8.274999999999999,232,1064,112,0.3068493150684931,1.0347183098591548,ITM,17.2,0.0559645161290322,0.0194248826291079,7.617089450029354,0.017880491666735575,-0.6579105499706444,0.6579105499706444,-7.950580664297818,7.950580664297818
2023-08-25,2023-12-15,PUT,440.79,438.0,11.49,11.52,11.505,1878,3075,112,0.3068493150684931,1.0063698630136986,ATM,17.2,0.0559645161290322,0.0262671232876712,11.931348890158972,0.027240522580271626,0.42634889015897137,0.42634889015897137,3.7057704490132233,3.7057704490132233
2023-08-25,2023-12-15,PUT,440.79,437.0,11.17,11.2,11.185,425,3451,112,0.3068493150684931,1.0086727688787185,ATM,17.2,0.0559645161290322,0.0255949656750572,11.522083300335709,0.02636632334172931,0.3370833003357081,0.3370833003357081,3.013708541222245,3.013708541222245
2023-08-25,2023-12-15,PUT,440.79,436.0,10.86,10.89,10.875,365,2505,112,0.3068493150684931,1.01098623853211,ATM,17.2,0.0559645161290322,0.0249426605504587,11.122003948754156,0.02550918336870219,0.24700394875415554,0.24700394875415554,2.2713006781991316,2.2713006781991316
2023-08-25,2023-12-15,PUT,440.79,435.0,10.56,10.59,10.575,799,27098,112,0.3068493150684931,1.0133103448275862,ATM,17.2,0.0559645161290322,0.0243103448275862,10.731079968541849,0.024669149352969766,0.15607996854184947,0.15607996854184947,1.4759335086699714,1.4759335086699714
2023-08-25,2023-12-15,PUT,440.79,434.0,10.27,10.3,10.285,252,22083,112,0.3068493150684931,1.0156451612903226,ATM,17.2,0.0559645161290322,0.0236981566820276,10.34927523443153,0.02384625630053348,0.06427523443153049,0.06427523443153049,0.6249415112448273,0.6249415112448273
2023-08-25,2023-12-15,PUT,440.79,413.0,5.89,5.91,5.9,617,1419,112,0.3068493150684931,1.0672881355932202,ITM,17.2,0.0559645161290322,0.0142857142857142,4.321093399582523,0.0104626958827664,-1.5789066004174774,1.5789066004174774,-26.761128820635207,26.761128820635207
2023-08-25,2023-12-15,PUT,440.79,433.0,9.99,10.02,10.005,189,4949,112,0.3068493150684931,1.0179907621247113,ATM,17.2,0.0559645161290322,0.0231062355658198,9.976548389195273,0.023040527457725803,-0.028451610804728134,0.028451610804728134,-0.2843739210867379,0.2843739210867379
2023-08-25,2023-12-15,PUT,440.79,431.0,9.46,9.48,9.47,449,2412,112,0.3068493150684931,1.0227146171693735,ATM,17.2,0.0559645161290322,0.0219721577726218,9.25813700043949,0.021480596288722714,-0.2118629995605108,0.2118629995605108,-2.237201684905077,2.237201684905077
2023-08-25,2023-12-15,PUT,440.79,430.0,9.2,9.23,9.215,1189,44260,112,0.3068493150684931,1.025093023255814,ATM,17.2,0.0559645161290322,0.0214302325581395,8.912343950963702,0.020726381281310935,-0.3026560490362975,0.3026560490362975,-3.2843846884025774,3.2843846884025774
2023-08-25,2023-12-15,PUT,440.79,429.0,8.96,8.99,8.975000000000001,56,1326,112,0.3068493150684931,1.0274825174825173,ATM,17.2,0.0559645161290322,0.0209207459207459,8.575411896408099,0.019989305119832396,-0.39958810359190267,0.39958810359190267,-4.4522351375142355,4.4522351375142355
2023-08-25,2023-12-15,PUT,440.79,428.0,8.72,8.74,8.73,146,1979,112,0.3068493150684931,1.0298831775700934,ATM,17.2,0.0559645161290322,0.0203971962616822,8.247274041787051,0.019269331873334232,-0.4827259582129493,0.4827259582129493,-5.529506966929545,5.529506966929545
2023-08-25,2023-12-15,PUT,440.79,427.0,8.49,8.51,8.5,3,1780,112,0.3068493150684931,1.032295081967213,ITM,17.2,0.0559645161290322,0.0199063231850117,7.92785871349551,0.01856641384893562,-0.5721412865044897,0.5721412865044897,-6.731073958876349,6.731073958876349
2023-08-25,2023-12-15,PUT,440.79,465.0,25.45,26.51,25.98,6,2068,112,0.3068493150684931,0.9479354838709676,OTM,17.2,0.0559645161290322,0.0558709677419354,26.42608654203093,0.056830293638776196,0.4460865420309297,0.4460865420309297,1.7170382680174352,1.7170382680174352
2023-08-25,2023-12-15,PUT,440.79,466.0,26.24,27.31,26.775,2,486,112,0.3068493150684931,0.945901287553648,OTM,17.2,0.0559645161290322,0.0574570815450643,27.084659632742955,0.05812158719472737,0.3096596327429566,0.3096596327429566,1.156525239002639,1.156525239002639
2023-08-25,2023-09-01,PUT,238.33,262.5,24.4,24.55,24.475,632,190,7,0.0191780821917808,0.9079238095238096,OTM,17.2,0.0556,0.0932380952380952,23.89028567043502,0.09101061207784769,-0.5847143295649815,0.5847143295649815,-2.3890268827986985,2.3890268827986985
2023-08-25,2023-09-01,PUT,238.33,260.0,22.05,22.15,22.1,2043,2121,7,0.0191780821917808,0.916653846153846,OTM,17.2,0.0556,0.085,21.39313302403312,0.08228128086166585,-0.7068669759668822,0.7068669759668822,-3.1984931039225435,3.1984931039225435
2023-08-25,2023-12-15,PUT,440.79,432.0,9.72,9.75,9.735,108,3870,112,0.3068493150684931,1.020347222222222,ATM,17.2,0.0559645161290322,0.0225347222222222,9.612852879393017,0.022251974257854207,-0.12214712060698218,0.12214712060698218,-1.2547213210783994,1.2547213210783994
2023-08-25,2023-12-15,PUT,440.79,414.0,6.04,6.06,6.05,409,3769,112,0.3068493150684931,1.0647101449275362,ITM,17.2,0.0559645161290322,0.0146135265700483,4.528383984560335,0.010938125566570858,-1.5216160154396645,1.5216160154396645,-25.15067794115148,25.15067794115148
2023-08-25,2023-12-15,PUT,440.79,415.0,6.19,6.22,6.205,1165,14072,112,0.3068493150684931,1.0621445783132528,ITM,17.2,0.0559645161290322,0.0149518072289156,4.742947076256129,0.011428788135556938,-1.4620529237438706,1.4620529237438706,-23.56249675654908,23.56249675654908
2023-08-25,2023-12-15,PUT,440.79,416.0,6.36,6.38,6.37,85,2088,112,0.3068493150684931,1.059591346153846,ITM,17.2,0.0559645161290322,0.0153125,4.964909486569738,0.011934878573484946,-1.4050905134302623,1.4050905134302623,-22.05793584662892,22.05793584662892
2023-08-25,2023-12-15,PUT,440.79,442.0,12.89,12.92,12.905,146,5914,112,0.3068493150684931,0.997262443438914,ATM,17.2,0.0559645161290322,0.0291968325791855,13.660706222943986,0.030906575165031643,0.7557062229439868,0.7557062229439868,5.855918039085523,5.855918039085523
2023-08-25,2023-12-15,PUT,440.79,441.0,12.52,12.55,12.535,257,3712,112,0.3068493150684931,0.9995238095238096,ATM,17.2,0.0559645161290322,0.0284240362811791,13.214492586294199,0.029964835796585484,0.6794925862941987,0.6794925862941987,5.420762555199032,5.420762555199032
2023-08-25,2023-12-15,PUT,440.79,450.0,16.24,16.4,16.32,542,23592,112,0.3068493150684931,0.9795333333333331,ATM,17.2,0.0559645161290322,0.0362666666666666,17.56311813701774,0.03902915141559497,1.2431181370177384,1.2431181370177384,7.617145447412613,7.617145447412613
2023-08-25,2023-12-15,PUT,440.79,451.0,16.72,16.92,16.82,1011,1888,112,0.3068493150684931,0.977361419068736,ATM,17.2,0.0559645161290322,0.0372949002217294,18.0922293108907,0.040115807784680046,1.272229310890701,1.272229310890701,7.563789006484548,7.563789006484548
2023-08-25,2023-12-15,PUT,440.79,464.0,24.68,25.72,25.2,2,391,112,0.3068493150684931,0.949978448275862,OTM,17.2,0.0559645161290322,0.0543103448275862,25.775587808034516,0.055550835793177836,0.5755878080345163,0.5755878080345163,2.2840786033115723,2.2840786033115723
2023-08-25,2023-12-15,PUT,440.79,463.0,23.92,24.95,24.435,52,871,112,0.3068493150684931,0.9520302375809936,OTM,17.2,0.0559645161290322,0.0527753779697624,25.133257480295185,0.05428349347795936,0.6982574802951866,0.6982574802951866,2.8576119512796674,2.8576119512796674
2023-08-25,2023-12-15,PUT,440.79,456.0,19.25,19.85,19.55,12,1343,112,0.3068493150684931,0.9666447368421052,OTM,17.2,0.0559645161290322,0.0428728070175438,20.872908468738615,0.04577392208056714,1.3229084687386141,1.3229084687386141,6.766795236514651,6.766795236514651
2023-08-25,2023-12-15,PUT,440.79,455.0,18.68,19.22,18.95,54,2031,112,0.3068493150684931,0.9687692307692308,OTM,17.2,0.0559645161290322,0.0416483516483516,20.298928933599797,0.04461303062329626,1.3489289335997974,1.3489289335997974,7.118358488653284,7.118358488653284
2023-08-25,2023-12-15,PUT,440.79,454.0,18.12,18.63,18.375,7,2686,112,0.3068493150684931,0.9709030837004404,ATM,17.2,0.0559645161290322,0.0404735682819383,19.733815049314302,0.04346655297205793,1.3588150493143019,1.3588150493143019,7.394911833003003,7.394911833003003
2023-08-25,2023-12-15,PUT,440.79,452.0,17.05,17.64,17.345,2,2051,112,0.3068493150684931,0.9751991150442476,ATM,17.2,0.0559645161290322,0.0383738938053097,18.630413373032496,0.04121772870139933,1.2854133730324975,1.2854133730324975,7.410858305174388,7.410858305174388
2023-08-25,2023-12-15,PUT,440.79,440.0,12.17,12.19,12.18,2303,13842,112,0.3068493150684931,1.0017954545454544,ATM,17.2,0.0559645161290322,0.0276818181818181,12.777535866387211,0.029039854241789117,0.5975358663872115,0.5975358663872115,4.905877392341638,4.905877392341638
2023-08-25,2023-12-15,PUT,440.79,439.0,11.82,11.86,11.84,237,3164,112,0.3068493150684931,1.0040774487471524,ATM,17.2,0.0559645161290322,0.0269703872437357,12.34982630955355,0.02813172280080535,0.5098263095535494,0.5098263095535494,4.305965452310383,4.305965452310383
2023-08-25,2023-12-15,PUT,440.79,425.0,8.04,8.07,8.055,2732,32033,112,0.3068493150684931,1.0371529411764706,ITM,17.2,0.0559645161290322,0.0189529411764705,7.314885101453811,0.01721149435636191,-0.7401148985461887,0.7401148985461887,-9.188266896911095,9.188266896911095
2023-08-25,2023-12-15,PUT,440.79,424.0,7.83,7.86,7.845000000000001,760,21623,112,0.3068493150684931,1.0395990566037736,ITM,17.2,0.0559645161290322,0.018502358490566,7.021159937425097,0.01655933947505919,-0.823840062574904,0.823840062574904,-10.501466699488896,10.501466699488896
2023-08-25,2023-12-15,PUT,440.79,423.0,7.63,7.65,7.640000000000001,347,590,112,0.3068493150684931,1.0420567375886525,ITM,17.2,0.0559645161290322,0.0180614657210401,6.735823763544985,0.015923933247151266,-0.9041762364550152,0.9041762364550152,-11.83476749286669,11.83476749286669
2023-08-25,2023-12-15,PUT,440.79,422.0,7.43,7.45,7.439999999999999,173,978,112,0.3068493150684931,1.0445260663507108,ITM,17.2,0.0559645161290322,0.0176303317535545,6.458782045801101,0.015305170724647158,-0.9812179541988977,0.9812179541988977,-13.188413362888411,13.188413362888411
2023-08-25,2023-12-15,PUT,440.79,421.0,7.24,7.26,7.25,194,3787,112,0.3068493150684931,1.0470071258907363,ITM,17.2,0.0559645161290322,0.0172209026128266,6.189936042817337,0.014702935968687261,-1.0600639571826633,1.0600639571826633,-14.62157182320915,14.62157182320915
2023-08-25,2023-12-15,PUT,440.79,420.0,7.05,7.07,7.0600000000000005,2432,27398,112,0.3068493150684931,1.0495,ITM,17.2,0.0559645161290322,0.0168095238095238,5.929182945615921,0.014117102251466477,-1.1308170543840799,1.1308170543840799,-16.01723873065269,16.01723873065269
2023-08-25,2023-12-15,PUT,440.79,419.0,6.87,6.89,6.88,364,994,112,0.3068493150684931,1.0520047732696896,ITM,17.2,0.0559645161290322,0.0164200477326968,5.676416024565313,0.013547532278198838,-1.2035839754346869,1.2035839754346869,-17.493953131318122,17.493953131318122
2023-08-25,2023-12-15,PUT,440.79,418.0,6.69,6.71,6.7,275,1838,112,0.3068493150684931,1.0545215311004783,ITM,17.2,0.0559645161290322,0.0160287081339712,5.431524783166097,0.012994078428627025,-1.2684752168339033,1.2684752168339033,-18.932465922894078,18.932465922894078
2023-08-25,2023-12-15,PUT,440.79,417.0,6.52,6.54,6.529999999999999,190,1802,112,0.3068493150684931,1.05705035971223,ITM,17.2,0.0559645161290322,0.0156594724220623,5.194395118302879,0.0124565830175129,-1.3356048816971207,1.3356048816971207,-20.45336725416724,20.45336725416724
2023-08-25,2023-09-01,PUT,238.33,257.5,19.75,19.85,19.8,427,200,7,0.0191780821917808,0.9255533980582524,OTM,17.2,0.0556,0.0768932038834951,18.896653487541357,0.07338506208753925,-0.9033465124586435,0.9033465124586435,-4.562356123528502,4.562356123528502
2023-08-25,2023-12-15,PUT,440.79,444.0,13.66,13.69,13.675,274,3009,112,0.3068493150684931,0.9927702702702702,ATM,17.2,0.0559645161290322,0.0307995495495495,14.580917025142782,0.032839903209781036,0.9059170251427808,0.9059170251427808,6.624621756071523,6.624621756071523
2023-08-25,2023-09-01,PUT,238.33,255.0,17.45,17.6,17.525,769,1177,7,0.0191780821917808,0.934627450980392,OTM,17.2,0.0556,0.0687254901960784,16.40280208485288,0.0643247140582466,-1.1221979151471189,1.1221979151471189,-6.403411784006385,6.403411784006385
2023-08-25,2023-09-01,PUT,238.33,250.0,13.2,13.3,13.25,2386,2832,7,0.0191780821917808,0.95332,OTM,17.2,0.0556,0.053,11.45813186600293,0.045832527464011716,-1.7918681339970703,1.7918681339970703,-13.523533086770342,13.523533086770342
2023-08-25,2023-09-01,PUT,238.33,225.0,1.39,1.41,1.4,31645,6958,7,0.0191780821917808,1.0592444444444444,ITM,17.2,0.0556,0.0062222222222222,0.012454739941427206,5.535439973967647e-05,-1.3875452600585727,1.3875452600585727,-99.11037571846947,99.11037571846947
2023-08-25,2023-09-01,PUT,238.33,222.5,1.03,1.05,1.04,8836,2827,7,0.0191780821917808,1.0711460674157305,ITM,17.2,0.0556,0.0046741573033707,0.0026750086335924905,1.2022510712775238e-05,-1.0373249913664075,1.0373249913664075,-99.74278763138534,99.74278763138534
2023-08-25,2023-09-01,PUT,238.33,220.0,0.75,0.77,0.76,22857,7119,7,0.0191780821917808,1.0833181818181818,ITM,17.2,0.0556,0.0034545454545454,0.0004640420981279064,2.1092822642177564e-06,-0.7595359579018721,0.7595359579018721,-99.9389418291937,99.9389418291937
2023-08-25,2023-09-01,PUT,238.33,217.5,0.55,0.56,0.555,11304,12255,7,0.0191780821917808,1.0957701149425287,ITM,17.2,0.0556,0.002551724137931,6.425592268272454e-05,2.95429529575745e-07,-0.5549357440773173,0.5549357440773173,-99.98842235627338,99.98842235627338
2023-08-25,2023-10-20,PUT,440.79,433.0,6.29,6.31,6.3,1238,6156,56,0.1534246575342465,1.0179907621247113,ATM,17.2,0.05534,0.0145496535796766,6.846433212714743,0.015811624047840055,0.5464332127147431,0.5464332127147431,8.673543058964176,8.673543058964176
2023-08-25,2023-12-15,PUT,440.79,409.0,5.32,5.34,5.33,7,2372,112,0.3068493150684931,1.077726161369193,ITM,17.2,0.0559645161290322,0.0130317848410757,3.562028606991049,0.008709116398511123,-1.767971393008951,1.767971393008951,-33.17019499078707,33.17019499078707
2023-08-25,2023-12-15,PUT,440.79,407.0,5.06,5.08,5.07,244,1181,112,0.3068493150684931,1.083022113022113,ITM,17.2,0.0559645161290322,0.0124570024570024,3.2226522130293773,0.007918064405477586,-1.847347786970623,1.847347786970623,-36.43683997969671,36.43683997969671
2023-08-25,2023-10-20,PUT,440.79,470.0,29.01,30.0,29.505000000000003,46,248,56,0.1534246575342465,0.9378510638297872,OTM,17.2,0.05534,0.0627765957446808,28.738166098756096,0.061145034252672543,-0.7668339012439063,0.7668339012439063,-2.5989964454970553,2.5989964454970553
2023-08-25,2023-10-20,PUT,440.79,465.0,24.33,25.29,24.81,2,4334,56,0.1534246575342465,0.9479354838709676,OTM,17.2,0.05534,0.0533548387096774,24.85971307168711,0.0534617485412626,0.04971307168711192,0.04971307168711192,0.20037513779569496,0.20037513779569496
2023-08-25,2023-09-01,PUT,238.33,227.5,1.85,1.88,1.865,12121,4293,7,0.0191780821917808,1.0476043956043954,ITM,17.2,0.0556,0.0081978021978021,0.047418299653853246,0.00020843208639056372,-1.8175817003461467,1.8175817003461467,-97.45746382553065,97.45746382553065
2023-08-25,2023-10-20,PUT,440.79,464.0,23.45,24.37,23.91,2,2157,56,0.1534246575342465,0.949978448275862,OTM,17.2,0.05534,0.0515301724137931,24.112659806565887,0.05196693923828855,0.20265980656588667,0.20265980656588667,0.8475943394641852,0.8475943394641852
2023-08-25,2023-10-20,PUT,440.79,458.0,18.41,19.23,18.82,584,7384,56,0.1534246575342465,0.962423580786026,OTM,17.2,0.05534,0.0410917030567685,19.850816101806117,0.04334239323538454,1.030816101806117,1.030816101806117,5.477237522880537,5.477237522880537
2023-08-25,2023-10-20,PUT,440.79,457.0,17.64,18.44,18.04,1,245,56,0.1534246575342465,0.9645295404814004,OTM,17.2,0.05534,0.0394748358862144,19.17932739108477,0.04196789363475879,1.1393273910847697,1.1393273910847697,6.31556203483797,6.31556203483797
2023-08-25,2023-10-20,PUT,440.79,462.0,21.7,22.59,22.145,1,3400,56,0.1534246575342465,0.954090909090909,OTM,17.2,0.05534,0.0479329004329004,22.649131589687556,0.04902409434997307,0.5041315896875567,0.5041315896875567,2.276503001524302,2.276503001524302
2023-08-25,2023-10-20,PUT,440.79,472.0,30.92,31.94,31.43,1,2,56,0.1534246575342465,0.9338771186440676,OTM,17.2,0.05534,0.0665889830508474,30.35171587247595,0.06430448278066939,-1.07828412752405,1.07828412752405,-3.430748099026567,3.430748099026567
2023-08-25,2023-11-17,PUT,440.79,410.0,3.98,4.0,3.99,1134,19042,84,0.2301369863013698,1.0750975609756095,ITM,17.2,0.0559193548387096,0.0097317073170731,2.721490812566941,0.006637782469675466,-1.2685091874330592,1.2685091874330592,-31.792210211354867,31.792210211354867
2023-08-25,2023-11-17,PUT,440.79,409.0,3.86,3.88,3.87,92,6809,84,0.2301369863013698,1.077726161369193,ITM,17.2,0.0559193548387096,0.0094621026894865,2.5665401625649906,0.006275159321674793,-1.3034598374350095,1.3034598374350095,-33.68113275025864,33.68113275025864
2023-08-25,2023-11-17,PUT,440.79,408.0,3.75,3.76,3.755,246,5404,84,0.2301369863013698,1.0803676470588237,ITM,17.2,0.0559193548387096,0.009203431372549,2.4185128553949937,0.0059277275867524355,-1.3364871446050062,1.3364871446050062,-35.592200921571404,35.592200921571404
2023-08-25,2023-11-17,PUT,440.79,407.0,3.64,3.65,3.645,126,10719,84,0.2301369863013698,1.083022113022113,ITM,17.2,0.0559193548387096,0.0089557739557739,2.2772156716100582,0.005595124500270414,-1.3677843283899418,1.3677843283899418,-37.52494728093119,37.52494728093119
2023-08-25,2023-11-17,PUT,440.79,406.0,3.53,3.55,3.54,358,1446,84,0.2301369863013698,1.0856896551724138,ITM,17.2,0.0559193548387096,0.00871921182266,2.142454554220812,0.005276981660642395,-1.3975454457791878,1.3975454457791878,-39.47868490901661,39.47868490901661
2023-08-25,2023-10-20,PUT,440.79,460.0,20.01,20.87,20.44,393,13085,56,0.1534246575342465,0.9582391304347824,OTM,17.2,0.05534,0.0444347826086956,21.22792357703503,0.04614765995007615,0.787923577035027,0.787923577035027,3.85481202071931,3.85481202071931
2023-08-25,2023-09-01,PUT,238.33,230.0,2.45,2.47,2.46,46837,6987,7,0.0191780821917808,1.0362173913043478,ITM,17.2,0.0556,0.010695652173913,0.1495736389290787,0.000650320169256864,-2.3104263610709213,2.3104263610709213,-93.9197707752407,93.9197707752407
2023-08-25,2023-09-01,PUT,238.33,232.5,3.15,3.2,3.175,19751,4315,7,0.0191780821917808,1.0250752688172042,ATM,17.2,0.0556,0.0136559139784946,0.3964528416029296,0.0017051735122706648,-2.7785471583970702,2.7785471583970702,-87.51329632746678,87.51329632746678
2023-08-25,2023-09-01,PUT,238.33,235.0,4.05,4.1,4.074999999999999,24241,4748,7,0.0191780821917808,1.014170212765957,ATM,17.2,0.0556,0.0173404255319148,0.8966127850127421,0.003815373553245711,-3.178387214987257,3.178387214987257,-77.99723226962595,77.99723226962595
2023-08-25,2023-09-01,PUT,238.33,247.5,11.25,11.35,11.3,919,480,7,0.0191780821917808,0.9629494949494948,OTM,17.2,0.0556,0.0456565656565656,9.06071868866195,0.03660896439863414,-2.2392813113380505,2.2392813113380505,-19.8166487729031,19.8166487729031
2023-08-25,2023-09-01,PUT,238.33,245.0,9.45,9.55,9.5,2517,1656,7,0.0191780821917808,0.9727755102040816,ATM,17.2,0.0556,0.0387755102040816,6.792794879598205,0.02772569338611512,-2.7072051204017953,2.7072051204017953,-28.496896004229423,28.496896004229423
2023-08-25,2023-09-01,PUT,238.33,242.5,7.85,7.95,7.9,2563,1520,7,0.0191780821917808,0.9828041237113402,ATM,17.2,0.0556,0.0325773195876288,4.752442998578061,0.01959770308691984,-3.147557001421939,3.147557001421939,-39.842493688885305,39.842493688885305
2023-08-25,2023-09-01,PUT,238.33,252.5,15.3,15.4,15.35,550,321,7,0.0191780821917808,0.9438811881188118,OTM,17.2,0.0556,0.0607920792079207,13.917776348318114,0.055119906329972726,-1.4322236516818858,1.4322236516818858,-9.33044724222727,9.33044724222727
2023-08-25,2023-09-08,PUT,238.33,220.0,1.94,1.96,1.95,3063,2860,14,0.0383561643835616,1.0833181818181818,ITM,17.2,0.0556,0.0088636363636363,0.018620139936751157,8.463699971250526e-05,-1.9313798600632488,1.9313798600632488,-99.04512102888455,99.04512102888455
2023-08-25,2023-09-08,PUT,238.33,245.0,11.35,11.45,11.4,1283,2411,14,0.0383561643835616,0.9727755102040816,ATM,17.2,0.0556,0.0465306122448979,7.203357314923551,0.02940145842825939,-4.1966426850764496,4.1966426850764496,-36.81265513224956,36.81265513224956
2023-08-25,2023-09-08,PUT,238.33,242.5,9.85,9.95,9.9,875,128,14,0.0383561643835616,0.9828041237113402,ATM,17.2,0.0556,0.0408247422680412,5.377510974380982,0.02217530298713807,-4.522489025619018,4.522489025619018,-45.681707329485036,45.681707329485036
2023-08-25,2023-09-08,PUT,238.33,240.0,8.5,8.55,8.525,1246,1834,14,0.0383561643835616,0.9930416666666666,ATM,17.2,0.0556,0.0355208333333333,3.823047264001815,0.015929363600007563,-4.701952735998185,4.701952735998185,-55.15487080349778,55.15487080349778
2023-08-25,2023-09-08,PUT,238.33,237.5,7.25,7.3,7.275,3646,341,14,0.0383561643835616,1.0034947368421052,ATM,17.2,0.0556,0.0306315789473684,2.5700922079796413,0.010821440875703752,-4.704907792020359,4.704907792020359,-64.67227205526267,64.67227205526267
2023-08-25,2023-09-08,PUT,238.33,235.0,6.15,6.2,6.175000000000001,4983,1479,14,0.0383561643835616,1.014170212765957,ATM,17.2,0.0556,0.0262765957446808,1.622198029892857,0.006902970339969605,-4.552801970107144,4.552801970107144,-73.72958656043956,73.72958656043956
2023-08-25,2023-09-08,PUT,238.33,232.5,5.15,5.2,5.175000000000001,1885,1279,14,0.0383561643835616,1.0250752688172042,ATM,17.2,0.0556,0.022258064516129,0.954580433603553,0.004105722295069046,-4.220419566396448,4.220419566396448,-81.55400128302313,81.55400128302313
2023-08-25,2023-09-08,PUT,238.33,230.0,4.3,4.35,4.324999999999999,5218,3144,14,0.0383561643835616,1.0362173913043478,ITM,17.2,0.0556,0.0188043478260869,0.5200927396885469,0.0022612727812545514,-3.8049072603114524,3.8049072603114524,-87.97473434246135,87.97473434246135
2023-08-25,2023-09-08,PUT,238.33,227.5,3.55,3.6,3.575,1959,798,14,0.0383561643835616,1.0476043956043954,ITM,17.2,0.0556,0.0157142857142857,0.2606170200886311,0.001145569319070906,-3.314382979911369,3.314382979911369,-92.71001342409423,92.71001342409423
2023-08-25,2023-09-08,PUT,238.33,225.0,2.94,2.96,2.95,2395,2531,14,0.0383561643835616,1.0592444444444444,ITM,17.2,0.0556,0.0131111111111111,0.11933432822680778,0.0005303747921191457,-2.8306656717731924,2.8306656717731924,-95.95476853468449,95.95476853468449
2023-08-25,2023-09-08,PUT,238.33,222.5,2.4,2.42,2.41,740,1124,14,0.0383561643835616,1.0711460674157305,ITM,17.2,0.0556,0.0108314606741573,0.04961838412895059,0.00022300397361326108,-2.3603816158710496,2.3603816158710496,-97.94114588676554,97.94114588676554
2023-08-25,2023-09-01,PUT,238.33,240.0,6.4,6.45,6.425000000000001,9648,4283,7,0.0191780821917808,0.9930416666666666,ATM,17.2,0.0556,0.0267708333333333,3.048230598153367,0.01270096082563903,-3.3767694018466337,3.3767694018466337,-52.5567222077297,52.5567222077297
2023-08-25,2023-09-01,PUT,238.33,237.5,5.15,5.2,5.175000000000001,14408,3590,7,0.0191780821917808,1.0034947368421052,ATM,17.2,0.0556,0.0217894736842105,1.7591786379491055,0.007407067949259391,-3.4158213620508953,3.4158213620508953,-66.00620989470328,66.00620989470328
2023-08-25,2023-12-15,PUT,440.79,478.0,36.91,38.06,37.485,1,1,112,0.3068493150684931,0.9221548117154812,OTM,17.2,0.0559645161290322,0.0784205020920502,35.57976540959527,0.07443465566860935,-1.9052345904047314,1.9052345904047314,-5.082658637867764,5.082658637867764
2023-08-25,2023-12-15,PUT,440.79,475.0,34.09,35.23,34.66,3,2143,112,0.3068493150684931,0.927978947368421,OTM,17.2,0.0559645161290322,0.0729684210526315,33.35838999424442,0.0702281894615672,-1.3016100057555775,1.3016100057555775,-3.7553664332244017,3.7553664332244017
2023-08-25,2023-12-15,PUT,440.79,470.0,29.58,30.7,30.14,11,828,112,0.3068493150684931,0.9378510638297872,OTM,17.2,0.0559645161290322,0.064127659574468,29.79772048363452,0.06339940528432876,-0.3422795163654797,0.3422795163654797,-1.135632104729528,1.135632104729528
2023-08-25,2023-12-15,PUT,440.79,468.0,27.88,28.98,28.43,1014,2100,112,0.3068493150684931,0.9418589743589744,OTM,17.2,0.0559645161290322,0.0607478632478632,28.425638941409545,0.06073854474660159,-0.004361058590454547,0.004361058590454547,-0.015339636266108151,0.015339636266108151
2023-08-25,2023-09-08,PUT,238.33,217.5,1.56,1.58,1.57,843,506,14,0.0383561643835616,1.0957701149425287,ITM,17.2,0.0556,0.0072183908045977,0.0062689247756188005,2.882264264652322e-05,-1.5637310752243812,1.5637310752243812,-99.60070542830454,99.60070542830454
2023-08-25,2023-08-29,PUT,4413.905,4100.0,0.2,0.25,0.225,52,523,4,0.010958904109589,1.076562195121951,ITM,17.2,0.0556,5.4878048780487806e-05,0.0003037119167579039,7.407607725802533e-08,-0.2246962880832421,0.2246962880832421,-99.86501692588537,99.86501692588537
2023-08-25,2023-08-29,PUT,4413.905,4090.0,0.2,0.25,0.225,4,137,4,0.010958904109589,1.0791943765281171,ITM,17.2,0.0556,5.501222493887531e-05,0.0001622124338368225,3.966074176939425e-08,-0.22483778756616318,0.22483778756616318,-99.92790558496141,99.92790558496141
2023-08-25,2023-08-29,PUT,4413.905,4075.0,0.2,0.25,0.225,1332,154,4,0.010958904109589,1.083166871165644,ITM,17.2,0.0556,5.521472392638037e-05,6.114322293741467e-05,1.5004471886482128e-08,-0.2249388567770626,0.2249388567770626,-99.97282523425004,99.97282523425004
2023-08-25,2023-09-15,PUT,4413.905,4110.0,4.8,5.0,4.9,114,997,21,0.0575342465753424,1.073942822384428,ITM,17.2,0.0556,0.0011922141119221,2.46253945055588,0.0005991580171668808,-2.43746054944412,2.43746054944412,-49.74409284579836,49.74409284579836
2023-08-25,2023-09-15,PUT,4413.905,4100.0,4.5,4.7,4.6,4446,38139,21,0.0575342465753424,1.076562195121951,ITM,17.2,0.0556,0.0011219512195121,2.1162314198332126,0.0005161540048373689,-2.483768580166787,2.483768580166787,-53.9949691340606,53.9949691340606
2023-08-25,2023-09-22,PUT,238.33,240.0,12.2,12.3,12.25,344,705,28,0.0767123287671232,0.9930416666666666,ATM,17.2,0.0556,0.0510416666666666,4.866869553236398,0.020278623138484993,-7.383130446763602,7.383130446763602,-60.27045262664165,60.27045262664165
2023-08-25,2023-09-22,PUT,238.33,235.0,9.85,9.95,9.9,271,1334,28,0.0767123287671232,1.014170212765957,ATM,17.2,0.0556,0.042127659574468,2.6511413151752237,0.011281452405000952,-7.248858684824777,7.248858684824777,-73.22079479620986,73.22079479620986
2023-08-25,2023-09-22,PUT,238.33,230.0,7.8,7.9,7.85,1280,3547,28,0.0767123287671232,1.0362173913043478,ITM,17.2,0.0556,0.0341304347826086,1.254097768662831,0.0054525989941862215,-6.595902231337169,6.595902231337169,-84.02423224633337,84.02423224633337
2023-08-25,2023-09-22,PUT,238.33,225.0,6.15,6.2,6.175000000000001,943,1393,28,0.0767123287671232,1.0592444444444444,ITM,17.2,0.0556,0.0274444444444444,0.5035332927991014,0.0022379257457737843,-5.671466707200899,5.671466707200899,-91.84561469151252,91.84561469151252
2023-08-25,2023-09-22,PUT,238.33,220.0,4.75,4.8,4.775,1190,1368,28,0.0767123287671232,1.0833181818181818,ITM,17.2,0.0556,0.0217045454545454,0.16771810458637937,0.000762355020847179,-4.607281895413621,4.607281895413621,-96.4875789615418,96.4875789615418
2023-08-25,2023-09-15,PUT,238.33,260.0,24.1,24.2,24.15,427,14281,21,0.0575342465753424,0.916653846153846,OTM,17.2,0.0556,0.0928846153846153,20.919507475468635,0.08045964413641782,-3.230492524531364,3.230492524531364,-13.376780639881426,13.376780639881426
2023-08-25,2023-09-15,PUT,238.33,258.33,22.75,22.85,22.8,44,3325,21,0.0575342465753424,0.922579646188983,OTM,17.2,0.0556,0.0882592033445592,19.295257396605308,0.07469228272599121,-3.5047426033946927,3.5047426033946927,-15.37167808506444,15.37167808506444
2023-08-25,2023-09-15,PUT,4413.905,4475.0,78.6,79.4,79.0,15,14415,21,0.0575342465753424,0.9863474860335196,ATM,17.2,0.0556,0.0176536312849162,98.80292035627053,0.0220788648840828,19.802920356270533,19.802920356270533,25.06698779274751,25.06698779274751
2023-08-25,2023-09-15,PUT,238.33,255.0,20.15,20.25,20.2,144,5532,21,0.0575342465753424,0.934627450980392,OTM,17.2,0.0556,0.0792156862745098,16.114025033033812,0.06319225503150515,-4.085974966966187,4.085974966966187,-20.227598846367265,20.227598846367265
2023-08-25,2023-09-22,PUT,238.33,245.0,14.95,15.05,15.0,78,286,28,0.0767123287671232,0.9727755102040816,ATM,17.2,0.0556,0.0612244897959183,7.935127812701296,0.0323882767865359,-7.064872187298704,7.064872187298704,-47.09914791532469,47.09914791532469
2023-08-25,2023-09-22,PUT,238.33,250.0,18.05,18.15,18.1,71,1141,28,0.0767123287671232,0.95332,OTM,17.2,0.0556,0.0724,11.741645300859858,0.04696658120343943,-6.358354699140143,6.358354699140143,-35.12903148696211,35.12903148696211
2023-08-25,2023-09-29,PUT,238.33,250.0,19.35,19.5,19.425,217,989,35,0.0958904109589041,0.95332,OTM,17.2,0.0555499999999999,0.0777,11.906982538784888,0.04762793015513955,-7.518017461215113,7.518017461215113,-38.702792593127995,38.702792593127995
2023-08-25,2023-09-29,PUT,238.33,245.0,16.35,16.45,16.4,166,373,35,0.0958904109589041,0.9727755102040816,ATM,17.2,0.0555499999999999,0.066938775510204,8.24604635140065,0.03365733204653327,-8.153953648599348,8.153953648599348,-49.719229564630176,49.719229564630176
2023-08-25,2023-09-29,PUT,238.33,240.0,13.65,13.75,13.7,196,641,35,0.0958904109589041,0.9930416666666666,ATM,17.2,0.0555499999999999,0.0570833333333333,5.2676695168675565,0.021948622986948153,-8.432330483132443,8.432330483132443,-61.54985754111272,61.54985754111272
2023-08-25,2023-09-29,PUT,238.33,235.0,11.25,11.35,11.3,359,964,35,0.0958904109589041,1.014170212765957,ATM,17.2,0.0555499999999999,0.0480851063829787,3.05452657669575,0.012997985432747872,-8.24547342330425,8.24547342330425,-72.96879135667479,72.96879135667479
2023-08-25,2023-09-29,PUT,238.33,230.0,9.2,9.3,9.25,1516,1354,35,0.0958904109589041,1.0362173913043478,ITM,17.2,0.0555499999999999,0.0402173913043478,1.5809282648864738,0.006873601151680321,-7.669071735113526,7.669071735113526,-82.90888362284893,82.90888362284893
2023-08-25,2023-09-29,PUT,238.33,225.0,7.4,7.5,7.45,279,1740,35,0.0958904109589041,1.0592444444444444,ITM,17.2,0.0555499999999999,0.0331111111111111,0.7178122425009015,0.0031902766333373397,-6.732187757499099,6.732187757499099,-90.36493634226979,90.36493634226979
2023-08-25,2023-09-29,PUT,238.33,220.0,5.9,6.0,5.95,1603,1619,35,0.0958904109589041,1.0833181818181818,ITM,17.2,0.0555499999999999,0.0270454545454545,0.2809271243516296,0.001276941474325589,-5.669072875648371,5.669072875648371,-95.27853572518269,95.27853572518269
2023-08-25,2023-09-15,PUT,238.33,253.33,18.9,19.0,18.95,44,2707,21,0.0575342465753424,0.9407886945880866,OTM,17.2,0.0556,0.0748036158370504,14.560425778703205,0.05747612118068608,-4.389574221296794,4.389574221296794,-23.16398005961369,23.16398005961369
2023-08-25,2023-09-22,PUT,238.33,260.0,25.1,25.85,25.475,289,1900,28,0.0767123287671232,0.916653846153846,OTM,17.2,0.0556,0.0979807692307692,20.76088896281692,0.07984957293391123,-4.7141110371830806,4.7141110371830806,-18.504851961464496,18.504851961464496
2023-08-25,2023-09-15,PUT,4413.905,4480.0,81.7,82.6,82.15,49,13780,21,0.0575342465753424,0.9852466517857142,ATM,17.2,0.0556,0.0183370535714285,101.863223535815,0.02273732668210156,19.71322353581499,19.71322353581499,23.996620250535592,23.996620250535592
2023-08-25,2023-09-15,PUT,4413.905,4490.0,88.1,89.0,88.55,3,10885,21,0.0575342465753424,0.9830523385300668,ATM,17.2,0.0556,0.0197216035634743,108.13743633034164,0.024084061543505935,19.587436330341646,19.587436330341646,22.120199130820605,22.120199130820605
2023-08-25,2023-09-15,PUT,4413.905,4600.0,174.6,184.1,179.35,9,44704,21,0.0575342465753424,0.9595445652173912,OTM,17.2,0.0556,0.0389891304347826,189.2545159774795,0.04114228608206076,9.90451597747952,9.90451597747952,5.5224510607636015,5.5224510607636015
2023-08-25,2023-09-15,PUT,4413.905,4530.0,115.0,120.4,117.7,1,9434,21,0.0575342465753424,0.9743719646799116,ATM,17.2,0.0556,0.0259823399558498,135.19998602285204,0.029845471528223408,17.499986022852042,17.499986022852042,14.868297385600716,14.868297385600716
2023-08-25,2023-09-15,PUT,4413.905,4525.0,110.7,116.4,113.55,3,8044,21,0.0575342465753424,0.9754486187845304,ATM,17.2,0.0556,0.0250939226519337,131.6517925966309,0.029094318805885283,18.101792596630915,18.101792596630915,15.941693171845808,15.941693171845808
2023-08-25,2023-09-15,PUT,4413.905,4460.0,69.9,70.7,70.30000000000001,5,7675,21,0.0575342465753424,0.989664798206278,ATM,17.2,0.0556,0.015762331838565,89.93466732280149,0.02016472361497791,19.634667322801477,19.634667322801477,27.92982549473894,27.92982549473894
2023-08-25,2023-09-15,PUT,4413.905,4455.0,67.2,68.0,67.6,7,8982,21,0.0575342465753424,0.9907755331088663,ATM,17.2,0.0556,0.0151739618406285,87.08411399027909,0.019547500334518315,19.4841139902791,19.4841139902791,28.822653831773817,28.822653831773817
2023-08-25,2023-09-15,PUT,4413.905,4450.0,64.6,65.4,65.0,1223,51599,21,0.0575342465753424,0.9918887640449436,ATM,17.2,0.0556,0.0146067415730337,84.28689266131187,0.018940874755350983,19.286892661311867,19.286892661311867,29.67214255586441,29.67214255586441
2023-08-25,2023-09-15,PUT,4413.905,4445.0,62.1,62.9,62.5,4,8611,21,0.0575342465753424,0.9930044994375704,ATM,17.2,0.0556,0.0140607424071991,81.54328764597767,0.018344946602019723,19.04328764597767,19.04328764597767,30.469260233564274,30.469260233564274
2023-08-25,2023-09-15,PUT,4413.905,4440.0,59.6,60.4,60.0,7,8932,21,0.0575342465753424,0.9941227477477476,ATM,17.2,0.0556,0.0135135135135135,78.853545109062,0.017759807456995947,18.853545109061997,18.853545109061997,31.422575181769997,31.422575181769997
2023-08-25,2023-09-15,PUT,4413.905,4435.0,57.3,58.0,57.65,5,10597,21,0.0575342465753424,0.9952435174746336,ATM,17.2,0.0556,0.0129988726042841,76.21787239710193,0.017185540563044402,18.56787239710193,18.56787239710193,32.20793130460005,32.20793130460005
2023-08-25,2023-09-15,PUT,4413.905,4485.0,84.8,85.8,85.3,2,14028,21,0.0575342465753424,0.9841482720178372,ATM,17.2,0.0556,0.0190189520624303,104.97489382958884,0.0234057734291168,19.67489382958884,19.67489382958884,23.06552617771259,23.06552617771259
2023-08-25,2023-09-15,PUT,4413.905,4430.0,55.0,55.8,55.4,65,10094,21,0.0575342465753424,0.996366817155756,ATM,17.2,0.0556,0.0125056433408577,73.63643744649244,0.016622220642549083,18.236437446492438,18.236437446492438,32.91775712363256,32.91775712363256
2023-08-25,2023-09-15,PUT,4413.905,4420.0,50.7,51.5,51.1,3819,12942,21,0.0575342465753424,0.9986210407239818,ATM,17.2,0.0556,0.0115610859728506,68.63675256104352,0.015528677050009846,17.53675256104352,17.53675256104352,34.31849816251178,34.31849816251178
2023-08-25,2023-09-15,PUT,4413.905,4415.0,48.7,49.4,49.05,3142,15136,21,0.0575342465753424,0.9997519818799546,ATM,17.2,0.0556,0.0111098527746319,66.21863730683845,0.014998558846396023,17.16863730683845,17.16863730683845,35.00231866837604,35.00231866837604
2023-08-25,2023-09-15,PUT,4413.905,4410.0,46.9,47.4,47.15,1550,13200,21,0.0575342465753424,1.0008854875283446,ATM,17.2,0.0556,0.0106916099773242,63.8550285970839,0.014479598321334218,16.705028597083903,16.705028597083903,35.429541033051756,35.429541033051756
2023-08-25,2023-09-15,PUT,4413.905,4465.0,72.7,73.5,73.1,10,8829,21,0.0575342465753424,0.9885565509518476,ATM,17.2,0.0556,0.0163717805151175,92.83823095461776,0.02079243694392335,19.738230954617762,19.738230954617762,27.00168393244564,27.00168393244564
2023-08-25,2023-09-15,PUT,4413.905,4470.0,75.6,76.5,76.05,35,7110,21,0.0575342465753424,0.9874507829977628,ATM,17.2,0.0556,0.0170134228187919,95.79444661336493,0.02143052496943287,19.74444661336493,19.74444661336493,25.962454455443694,25.962454455443694
2023-08-25,2023-09-15,PUT,4413.905,4520.0,106.2,113.7,109.95,2,6850,21,0.0575342465753424,0.9765276548672566,ATM,17.2,0.0556,0.024325221238938,128.14948636180543,0.028351656274735716,18.199486361805427,18.199486361805427,16.55251147049152,16.55251147049152
2023-08-25,2023-09-15,PUT,4413.905,4510.0,99.4,105.1,102.25,299,7257,21,0.0575342465753424,0.9786929046563192,ATM,17.2,0.0556,0.0226718403547671,121.28535538772257,0.026892539997277733,19.035355387722575,19.035355387722575,18.616484486770243,18.616484486770243
2023-08-25,2023-09-15,PUT,4413.905,4505.0,95.1,102.6,98.85,4,7695,21,0.0575342465753424,0.9797791342952274,ATM,17.2,0.0556,0.0219422863485016,117.9248836564584,0.026176444762809857,19.07488365645841,19.07488365645841,19.296796819887113,19.296796819887113
2023-08-25,2023-09-15,PUT,4413.905,4500.0,92.8,97.7,95.25,33,53706,21,0.0575342465753424,0.9808677777777776,ATM,17.2,0.0556,0.0211666666666666,114.61300232819895,0.025469556072933098,19.363002328198945,19.363002328198945,20.328611368187868,20.328611368187868
2023-08-25,2023-09-15,PUT,4413.905,4425.0,52.8,53.6,53.2,2805,16259,21,0.0575342465753424,0.9974926553672316,ATM,17.2,0.0556,0.0120225988700564,71.10936827528303,0.01606991373452724,17.90936827528303,17.90936827528303,33.664226081359075,33.664226081359075
2023-08-25,2023-09-22,PUT,238.33,255.0,21.4,22.05,21.725,37,1579,28,0.0767123287671232,0.934627450980392,OTM,17.2,0.0556,0.0851960784313725,16.08539284155202,0.06307997192765499,-5.63960715844798,5.63960715844798,-25.959066321969985,25.959066321969985
2023-08-25,2023-09-15,PUT,238.33,250.0,16.5,16.6,16.55,491,26250,21,0.0575342465753424,0.95332,OTM,17.2,0.0556,0.0662,11.587438761420287,0.04634975504568115,-4.962561238579713,4.962561238579713,-29.985264281448416,29.985264281448416
2023-08-25,2023-09-15,PUT,238.33,246.67,14.35,14.4,14.375,274,2980,21,0.0575342465753424,0.9661896460858636,OTM,17.2,0.0556,0.0582762395102768,8.84814677830829,0.03587038058259331,-5.5268532216917095,5.5268532216917095,-38.447674585681455,38.447674585681455
2023-08-25,2023-12-15,PUT,238.33,235.0,22.65,22.75,22.7,335,3445,112,0.3068493150684931,1.014170212765957,ATM,17.2,0.0559645161290322,0.096595744680851,5.725459236079374,0.024363656323742017,-16.974540763920626,16.974540763920626,-74.77771261639042,74.77771261639042
2023-08-25,2023-12-15,PUT,238.33,230.0,20.35,20.45,20.4,462,5786,112,0.3068493150684931,1.0362173913043478,ITM,17.2,0.0559645161290322,0.088695652173913,4.01722605840385,0.01746620025392978,-16.38277394159615,16.38277394159615,-80.30771539998113,80.30771539998113
2023-08-25,2023-12-15,PUT,238.33,225.0,18.25,18.35,18.3,188,4491,112,0.3068493150684931,1.0592444444444444,ITM,17.2,0.0559645161290322,0.0813333333333333,2.701132347931484,0.012005032657473262,-15.598867652068517,15.598867652068517,-85.23971394572959,85.23971394572959
2023-08-25,2023-12-15,PUT,238.33,220.0,16.25,16.35,16.3,234,16875,112,0.3068493150684931,1.0833181818181818,ITM,17.2,0.0559645161290322,0.0740909090909091,1.7326518629205196,0.007875690286002362,-14.567348137079481,14.567348137079481,-89.37023396981277,89.37023396981277
2023-08-25,2023-11-17,PUT,238.33,260.0,34.05,34.75,34.4,23,1769,84,0.2301369863013698,0.916653846153846,OTM,17.2,0.0559193548387096,0.1323076923076923,20.39880840244868,0.07845695539403338,-14.001191597551319,14.001191597551319,-40.70113836497477,40.70113836497477
2023-08-25,2023-11-17,PUT,238.33,255.0,30.6,31.2,30.9,7239,4518,84,0.2301369863013698,0.934627450980392,OTM,17.2,0.0559193548387096,0.1211764705882352,16.47897963026918,0.06462344953046738,-14.421020369730819,14.421020369730819,-46.66996883408032,46.66996883408032
2023-08-25,2023-11-17,PUT,238.33,250.0,28.0,28.1,28.05,581,7012,84,0.2301369863013698,0.95332,OTM,17.2,0.0559193548387096,0.1122,12.923678113797934,0.051694712455191735,-15.126321886202067,15.126321886202067,-53.92628123423197,53.92628123423197
2023-08-25,2023-12-15,PUT,238.33,250.0,30.55,30.65,30.6,292,7477,112,0.3068493150684931,0.95332,OTM,17.2,0.0559645161290322,0.1224,13.373981128472309,0.05349592451388924,-17.226018871527693,17.226018871527693,-56.294179318717944,56.294179318717944
2023-08-25,2023-12-15,PUT,238.33,255.0,33.5,33.6,33.55,90,1127,112,0.3068493150684931,0.934627450980392,OTM,17.2,0.0559645161290322,0.1315686274509803,16.724616773157038,0.06558673244375308,-16.82538322684296,16.82538322684296,-50.150173552438034,50.150173552438034
2023-08-25,2023-12-15,PUT,238.33,240.0,25.1,25.25,25.175,320,9992,112,0.3068493150684931,0.9930416666666666,ATM,17.2,0.0559645161290322,0.1048958333333333,7.8529734609263215,0.03272072275385967,-17.32202653907368,17.32202653907368,-68.80646092978621,68.80646092978621
2023-08-25,2023-09-15,PUT,4413.905,4095.0,4.4,4.6,4.5,1,1004,21,0.0575342465753424,1.0778766788766787,ITM,17.2,0.0556,0.001098901098901,1.9594420457986956,0.00047849622608026754,-2.5405579542013044,2.5405579542013044,-56.456843426695656,56.456843426695656
2023-08-25,2023-09-15,PUT,4413.905,4085.0,4.2,4.4,4.300000000000001,6,2265,21,0.0575342465753424,1.0805152998776009,ITM,17.2,0.0556,0.0010526315789473,1.6757870503807908,0.0004102293880981128,-2.62421294961921,2.62421294961921,-61.02820813067929,61.02820813067929
2023-08-25,2023-09-15,PUT,4413.905,4080.0,4.1,4.2,4.15,6,498,21,0.0575342465753424,1.0818394607843136,ITM,17.2,0.0556,0.001017156862745,1.5478600812304393,0.00037937747088981355,-2.602139918769561,2.602139918769561,-62.70216671733882,62.70216671733882
2023-08-25,2023-09-15,PUT,4413.905,4075.0,4.0,4.1,4.05,105,7537,21,0.0575342465753424,1.083166871165644,ITM,17.2,0.0556,0.0009938650306748,1.4285260621077924,0.00035055854284853804,-2.6214739378922074,2.6214739378922074,-64.72775155289402,64.72775155289402
2023-08-25,2023-09-15,PUT,4413.905,4070.0,3.9,4.0,3.95,30,1156,21,0.0575342465753424,1.084497542997543,ITM,17.2,0.0556,0.0009705159705159,1.3173042735130167,0.00032366198366413185,-2.6326957264869835,2.6326957264869835,-66.65052472118944,66.65052472118944
2023-08-25,2023-09-15,PUT,4413.905,4065.0,3.7,3.9,3.8,6,665,21,0.0575342465753424,1.0858314883148832,ITM,17.2,0.0556,0.0009348093480934,1.2137335745110107,0.00029858144514416005,-2.586266425488989,2.586266425488989,-68.05964277602604,68.05964277602604
2023-08-25,2023-09-15,PUT,4413.905,4060.0,3.7,3.8,3.75,1,1108,21,0.0575342465753424,1.087168719211823,ITM,17.2,0.0556,0.000923645320197,1.117372120846312,0.00027521480809022464,-2.632627879153688,2.632627879153688,-70.203410110765,70.203410110765
2023-08-25,2023-09-15,PUT,4413.905,4050.0,3.5,3.6,3.55,197,18484,21,0.0575342465753424,1.089853086419753,ITM,17.2,0.0556,0.0008765432098765,0.9446041340947744,0.00023323558866537639,-2.6053958659052254,2.6053958659052254,-73.39143284240072,73.39143284240072
2023-08-25,2023-09-15,PUT,4413.905,4040.0,3.3,3.5,3.4,204,3506,21,0.0575342465753424,1.092550742574257,ITM,17.2,0.0556,0.0008415841584158,0.7958387723365092,0.00019698979513279932,-2.6041612276634907,2.6041612276634907,-76.59297728422032,76.59297728422032
2023-08-25,2023-09-15,PUT,4413.905,4035.0,3.2,3.4,3.3,1,678,21,0.0575342465753424,1.09390458488228,ITM,17.2,0.0556,0.000817843866171,0.7295475647631235,0.00018080484876409504,-2.5704524352368763,2.5704524352368763,-77.8924980374811,77.8924980374811
2023-08-25,2023-09-15,PUT,4413.905,4090.0,4.3,4.5,4.4,39,1216,21,0.0575342465753424,1.0791943765281171,ITM,17.2,0.0556,0.0010757946210268,1.8128075134536061,0.00044322922089330225,-2.587192486546394,2.587192486546394,-58.79982923969078,58.79982923969078
2023-08-25,2023-12-15,PUT,238.33,245.0,27.75,27.85,27.8,171,1994,112,0.3068493150684931,0.9727755102040816,ATM,17.2,0.0559645161290322,0.113469387755102,10.406780578062964,0.04247665542066516,-17.393219421937037,17.393219421937037,-62.56553748898215,62.56553748898215
2023-08-25,2023-09-15,PUT,4413.905,4105.0,4.7,4.9,4.800000000000001,151,837,21,0.0575342465753424,1.0752509135200974,ITM,17.2,0.0556,0.0011693057247259,2.2837367265779847,0.0005563305058655261,-2.516263273422016,2.516263273422016,-52.422151529625324,52.422151529625324
2023-08-25,2023-09-15,PUT,238.33,226.67,5.1,5.2,5.15,955,3790,21,0.0575342465753424,1.0514404199938236,ITM,17.2,0.0556,0.02272025411391,0.44198737930429033,0.0019499156452300276,-4.70801262069571,4.70801262069571,-91.41772079020795,91.41772079020795
2023-08-25,2023-09-15,PUT,238.33,222.5,3.95,4.05,4.0,1554,2071,21,0.0575342465753424,1.0711460674157305,ITM,17.2,0.0556,0.0179775280898876,0.15589901224377556,0.0007006697179495531,-3.8441009877562244,3.8441009877562244,-96.10252469390561,96.10252469390561
2023-08-25,2023-09-15,PUT,238.33,220.0,3.4,3.45,3.425,6963,32920,21,0.0575342465753424,1.0833181818181818,ITM,17.2,0.0556,0.0155681818181818,0.0764284125882595,0.00034740187540117955,-3.3485715874117403,3.3485715874117403,-97.76851350107272,97.76851350107272
2023-08-25,2023-09-15,PUT,238.33,217.5,2.89,2.91,2.9000000000000004,394,537,21,0.0575342465753424,1.0957701149425287,ITM,17.2,0.0556,0.0133333333333333,0.03490615826423493,0.00016048808397349393,-2.8650938417357654,2.8650938417357654,-98.79633937019881,98.79633937019881
2023-08-25,2023-09-15,PUT,238.33,216.67,2.73,2.76,2.745,717,5912,21,0.0575342465753424,1.0999676928047262,ITM,17.2,0.0556,0.0126690358609867,0.026473522964311602,0.00012218361085665575,-2.7185264770356885,2.7185264770356885,-99.03557293390486,99.03557293390486
2023-08-25,2023-09-08,PUT,238.33,262.5,25.1,25.2,25.15,21,39,14,0.0383561643835616,0.9079238095238096,OTM,17.2,0.0556,0.0958095238095238,23.617103120677,0.0899699166501981,-1.5328968793229976,1.5328968793229976,-6.0950174128151,6.0950174128151
2023-08-25,2023-09-08,PUT,238.33,260.0,22.9,23.0,22.95,216,699,14,0.0383561643835616,0.916653846153846,OTM,17.2,0.0556,0.0882692307692307,21.131881474799542,0.08127646721076746,-1.8181185252004575,1.8181185252004575,-7.9220850771261775,7.9220850771261775
2023-08-25,2023-09-08,PUT,238.33,257.5,20.75,20.85,20.8,9,37,14,0.0383561643835616,0.9255533980582524,OTM,17.2,0.0556,0.0807766990291262,18.658473058144693,0.07246008954619299,-2.1415269418553073,2.1415269418553073,-10.295802605073591,10.295802605073591
2023-08-25,2023-09-08,PUT,238.33,255.0,18.65,18.75,18.7,123,1070,14,0.0383561643835616,0.934627450980392,OTM,17.2,0.0556,0.0733333333333333,16.20855532547509,0.06356296206068662,-2.49144467452491,2.49144467452491,-13.323233553609146,13.323233553609146
2023-08-25,2023-09-08,PUT,238.33,252.5,16.7,16.8,16.75,19,2,14,0.0383561643835616,0.9438811881188118,OTM,17.2,0.0556,0.0663366336633663,13.801931189271187,0.05466111362087599,-2.948068810728813,2.948068810728813,-17.60041081032127,17.60041081032127
2023-08-25,2023-09-15,PUT,238.33,225.0,4.6,4.7,4.65,2118,17441,21,0.0575342465753424,1.0592444444444444,ITM,17.2,0.0556,0.0206666666666666,0.2974172707625655,0.0013218545367225133,-4.352582729237435,4.352582729237435,-93.6039296610201,93.6039296610201
2023-08-25,2023-09-29,PUT,238.33,255.0,22.65,23.3,22.975,30,799,35,0.0958904109589041,0.934627450980392,OTM,17.2,0.0555499999999999,0.0900980392156862,16.097227767265167,0.06312638340103988,-6.877772232734834,6.877772232734834,-29.935896551620605,29.935896551620605
2023-08-25,2023-09-15,PUT,238.33,245.0,13.3,13.4,13.35,829,8064,21,0.0575342465753424,0.9727755102040816,ATM,17.2,0.0556,0.0544897959183673,7.589518062704457,0.030977624745732478,-5.760481937295543,5.760481937295543,-43.14967743292542,43.14967743292542
2023-08-25,2023-09-15,PUT,238.33,242.5,11.85,11.95,11.9,870,283,21,0.0575342465753424,0.9828041237113402,ATM,17.2,0.0556,0.0490721649484536,5.8780178608527365,0.024239248910732935,-6.021982139147264,6.021982139147264,-50.604891925607255,50.604891925607255
2023-08-25,2023-09-15,PUT,238.33,241.67,11.4,11.45,11.425,863,3556,21,0.0575342465753424,0.9861795009724004,ATM,17.2,0.0556,0.0472752099971034,5.359902057514631,0.02217859915386532,-6.0650979424853695,6.0650979424853695,-53.086196433132336,53.086196433132336
2023-08-25,2023-09-15,PUT,238.33,240.0,10.5,10.6,10.55,1765,16215,21,0.0575342465753424,0.9930416666666666,ATM,17.2,0.0556,0.0439583333333333,4.398072756096283,0.018325303150401182,-6.151927243903717,6.151927243903717,-58.312106577286414,58.312106577286414
2023-08-25,2023-09-15,PUT,238.33,237.5,9.25,9.35,9.3,2035,1093,21,0.0575342465753424,1.0034947368421052,ATM,17.2,0.0556,0.0391578947368421,3.1662848488434037,0.013331725679340647,-6.133715151156597,6.133715151156597,-65.95392635652254,65.95392635652254
2023-08-25,2023-09-15,PUT,238.33,235.0,8.15,8.2,8.175,3765,7468,21,0.0575342465753424,1.014170212765957,ATM,17.2,0.0556,0.0347872340425532,2.184282070548903,0.009294817321484695,-5.9907179294510975,5.9907179294510975,-73.28095326545684,73.28095326545684
2023-08-25,2023-09-15,PUT,238.33,233.33,7.45,7.5,7.475,1980,6529,21,0.0575342465753424,1.0214288775553937,ATM,17.2,0.0556,0.0320361719453135,1.6610736293933996,0.007118988682952897,-5.8139263706066,5.8139263706066,-77.77827920543947,77.77827920543947
2023-08-25,2023-09-15,PUT,238.33,232.5,7.1,7.2,7.15,3632,1400,21,0.0575342465753424,1.0250752688172042,ATM,17.2,0.0556,0.030752688172043,1.4379593122435423,0.006184771235456096,-5.712040687756458,5.712040687756458,-79.88868094764277,79.88868094764277
2023-08-25,2023-09-15,PUT,238.33,230.0,6.2,6.25,6.225,6259,19207,21,0.0575342465753424,1.0362173913043478,ITM,17.2,0.0556,0.0270652173913043,0.8996600665364696,0.003911565506680302,-5.32533993346353,5.32533993346353,-85.5476294532294,85.5476294532294
2023-08-25,2023-09-15,PUT,238.33,227.5,5.35,5.45,5.4,1271,1022,21,0.0575342465753424,1.0476043956043954,ITM,17.2,0.0556,0.0237362637362637,0.5327639242298723,0.0023418194471642737,-4.867236075770128,4.867236075770128,-90.1340014031505,90.1340014031505
2023-08-25,2023-09-15,PUT,4413.905,4625.0,199.1,207.8,203.45,269,2510,21,0.0575342465753424,0.9543578378378378,OTM,17.2,0.0556,0.0439891891891891,210.275485016547,0.045464969733307464,6.82548501654702,6.82548501654702,3.3548709838029103,3.3548709838029103
2023-08-25,2023-09-15,PUT,4413.905,4650.0,223.8,231.7,227.75,6,1059,21,0.0575342465753424,0.94922688172043,OTM,17.2,0.0556,0.0489784946236559,232.02731206161343,0.04989834667991687,4.277312061613429,4.277312061613429,1.878073353068465,1.878073353068465
2023-08-25,2023-09-15,PUT,4413.905,4595.0,169.4,179.4,174.4,2,8804,21,0.0575342465753424,0.960588683351469,OTM,17.2,0.0556,0.0379542981501632,185.14749272729523,0.040293251953709516,10.747492727295224,10.747492727295224,6.162553169320657,6.162553169320657
2023-08-25,2023-09-15,PUT,4413.905,4560.0,138.0,147.6,142.8,6,5079,21,0.0575342465753424,0.9679616228070176,OTM,17.2,0.0556,0.0313157894736842,157.41055277165833,0.03451985806396016,14.61055277165832,14.61055277165832,10.231479531973612,10.231479531973612
2023-08-25,2023-08-30,PUT,4413.905,4405.0,19.8,20.1,19.950000000000003,328,160,5,0.0136986301369863,1.0020215664018162,ATM,17.2,0.0556,0.0045289443813847,29.606742181394566,0.006721167351054385,9.656742181394563,9.656742181394563,48.4047227137572,48.4047227137572
2023-08-25,2023-08-30,PUT,4413.905,4400.0,17.9,18.2,18.05,1303,989,5,0.0136986301369863,1.0031602272727271,ATM,17.2,0.0556,0.0041022727272727,27.418857776162213,0.006231558585491412,9.368857776162212,9.368857776162212,51.90502923081557,51.90502923081557
2023-08-25,2023-08-30,PUT,4413.905,4395.0,16.1,16.4,16.25,221,611,5,0.0136986301369863,1.004301478953356,ATM,17.2,0.0556,0.0036973833902161,25.34155805894966,0.005765997283037465,9.091558058949659,9.091558058949659,55.94804959353636,55.94804959353636
2023-08-25,2023-08-30,PUT,4413.905,4390.0,14.5,14.7,14.6,435,250,5,0.0136986301369863,1.0054453302961277,ATM,17.2,0.0556,0.0033257403189066,23.373647053258082,0.005324293178418697,8.773647053258083,8.773647053258083,60.093472967521116,60.093472967521116
2023-08-25,2023-08-30,PUT,4413.905,4385.0,13.0,13.2,13.1,383,147,5,0.0136986301369863,1.0065917901938426,ATM,17.2,0.0556,0.0029874572405929,21.51359535163192,0.004906179099573985,8.41359535163192,8.41359535163192,64.2259187147475,64.2259187147475
2023-08-25,2023-09-15,PUT,4413.905,4345.0,27.6,28.0,27.8,89,2424,21,0.0575342465753424,1.0158584579976984,ATM,17.2,0.0556,0.006398158803222,38.01671104703087,0.008749530735795366,10.216711047030866,10.216711047030866,36.750759161981534,36.750759161981534
2023-08-25,2023-09-15,PUT,4413.905,4340.0,26.5,26.9,26.7,53,2916,21,0.0575342465753424,1.017028801843318,ATM,17.2,0.0556,0.0061520737327188,36.394128779655375,0.008385743958445938,9.694128779655376,9.694128779655376,36.307598425675565,36.307598425675565
2023-08-25,2023-09-15,PUT,4413.905,4335.0,25.4,25.9,25.65,16,2384,21,0.0575342465753424,1.01820184544406,ATM,17.2,0.0556,0.005916955017301,34.82135033896384,0.008032606767927069,9.17135033896384,9.17135033896384,35.75575180882589,35.75575180882589
2023-08-25,2023-09-15,PUT,4413.905,4330.0,24.4,24.8,24.6,606,709,21,0.0575342465753424,1.019377598152425,ATM,17.2,0.0556,0.0056812933025404,33.2977687640082,0.007690015880833302,8.697768764008195,8.697768764008195,35.35678359352925,35.35678359352925
2023-08-25,2023-08-30,PUT,4413.905,4410.0,21.9,22.2,22.05,377,563,5,0.0136986301369863,1.0008854875283446,ATM,17.2,0.0556,0.005,31.906063689976463,0.007234935077092168,9.856063689976462,9.856063689976462,44.69870154184336,44.69870154184336
2023-08-25,2023-09-15,PUT,4413.905,4325.0,23.5,23.9,23.7,1176,20013,21,0.0575342465753424,1.0205560693641618,ATM,17.2,0.0556,0.0054797687861271,31.822745818814155,0.007357860304928129,8.122745818814156,8.122745818814156,34.27318910892049,34.27318910892049
2023-08-25,2023-09-15,PUT,4413.905,4310.0,20.7,21.1,20.9,120,1310,21,0.0575342465753424,1.0241078886310904,ATM,17.2,0.0556,0.0048491879350348,27.682204639900192,0.006422785299280787,6.782204639900193,6.782204639900193,32.450739903828676,32.450739903828676
2023-08-25,2023-09-15,PUT,4413.905,4305.0,19.9,20.3,20.1,3,10657,21,0.0575342465753424,1.0252973286875726,ATM,17.2,0.0556,0.0046689895470383,26.394454484886182,0.006131116024363805,6.294454484886181,6.294454484886181,31.315693954657615,31.315693954657615
2023-08-25,2023-09-15,PUT,4413.905,4300.0,19.1,19.5,19.3,8352,55387,21,0.0575342465753424,1.0264895348837209,ATM,17.2,0.0556,0.0044883720930232,25.151649546577573,0.0058492208247854826,5.851649546577573,5.851649546577573,30.319427702474467,30.319427702474467
2023-08-25,2023-09-15,PUT,4413.905,4295.0,18.4,18.7,18.55,105,1417,21,0.0575342465753424,1.027684516880093,ATM,17.2,0.0556,0.0043189755529685,23.95299279473295,0.005576948264198591,5.402992794732949,5.402992794732949,29.126645793708615,29.126645793708615
2023-08-25,2023-09-15,PUT,4413.905,4315.0,21.6,22.0,21.8,5,1985,21,0.0575342465753424,1.0229212050984935,ATM,17.2,0.0556,0.0050521436848203,29.01567425906819,0.006724374104071423,7.215674259068191,7.215674259068191,33.09942320673482,33.09942320673482
2023-08-25,2023-09-15,PUT,4413.905,4350.0,28.8,29.2,29.0,7696,27053,21,0.0575342465753424,1.014690804597701,ATM,17.2,0.0556,0.0066666666666666,39.68967160680472,0.009124062438345914,10.689671606804723,10.689671606804723,36.860936575188695,36.860936575188695
2023-08-25,2023-09-15,PUT,4413.905,4355.0,30.0,30.4,30.2,26,5081,21,0.0575342465753424,1.0135258323765786,ATM,17.2,0.0556,0.006934557979334,41.413551276722956,0.009509426240349703,11.213551276722956,11.213551276722956,37.130964492460116,37.130964492460116
2023-08-25,2023-09-15,PUT,4413.905,4400.0,43.2,43.7,43.45,17366,61089,21,0.0575342465753424,1.0031602272727271,ATM,17.2,0.0556,0.009875,59.291149730574716,0.013475261302403344,15.841149730574713,15.841149730574713,36.45834230281867,36.45834230281867
2023-08-25,2023-09-15,PUT,4413.905,4395.0,41.5,42.0,41.75,3113,6323,21,0.0575342465753424,1.004301478953356,ATM,17.2,0.0556,0.0094994311717861,57.0906862363986,0.012989917232400136,15.340686236398597,15.340686236398597,36.74415865005652,36.74415865005652
2023-08-25,2023-09-15,PUT,4413.905,4320.0,22.5,22.9,22.7,81,2464,21,0.0575342465753424,1.0217372685185184,ATM,17.2,0.0556,0.0052546296296296,30.395613275948563,0.00703602159165476,7.695613275948563,7.695613275948563,33.90138007025799,33.90138007025799
2023-08-25,2023-08-30,PUT,4413.905,4415.0,24.2,24.4,24.3,182,549,5,0.0136986301369863,0.9997519818799546,ATM,17.2,0.0556,0.0055039637599094,34.31732426237295,0.007772893377660917,10.017324262372949,10.017324262372949,41.22355663527962,41.22355663527962
2023-08-25,2023-08-30,PUT,4413.905,4420.0,26.6,26.8,26.700000000000003,204,181,5,0.0136986301369863,0.9986210407239818,ATM,17.2,0.0556,0.0060407239819004,36.84067183734396,0.008334993628358362,10.140671837343959,10.140671837343959,37.98004433462157,37.98004433462157
2023-08-25,2023-08-30,PUT,4413.905,4425.0,29.1,29.4,29.25,65,387,5,0.0136986301369863,0.9974926553672316,ATM,17.2,0.0556,0.0066101694915254,39.47590012944147,0.008921107373885078,10.22590012944147,10.22590012944147,34.96034232287682,34.96034232287682
2023-08-25,2023-08-30,PUT,4413.905,4500.0,85.6,87.3,86.44999999999999,15,1117,5,0.0136986301369863,0.9808677777777776,ATM,17.2,0.0556,0.0192111111111111,91.32224860567112,0.02029383302348247,4.872248605671132,4.872248605671132,5.635915101990899,5.635915101990899
2023-08-25,2023-08-30,PUT,4413.905,4560.0,143.1,147.1,145.1,2,57,5,0.0136986301369863,0.9679616228070176,OTM,17.2,0.0556,0.0318201754385964,144.82393143289755,0.031759634086161746,-0.2760685671024419,0.2760685671024419,-0.19026090082869876,0.19026090082869876
2023-08-25,2023-08-30,PUT,4413.905,4545.0,128.2,132.2,130.2,4,19,5,0.0136986301369863,0.971156215621562,ATM,17.2,0.0556,0.0286468646864686,130.82452384009184,0.028784273672187423,0.6245238400918538,0.6245238400918538,0.4796650077510398,0.4796650077510398
2023-08-25,2023-08-30,PUT,4413.905,4530.0,114.6,116.2,115.4,2,244,5,0.0136986301369863,0.9743719646799116,ATM,17.2,0.0556,0.0254746136865342,117.18059971808452,0.0258676820569723,1.7805997180845168,1.7805997180845168,1.542980691581037,1.542980691581037
2023-08-25,2023-08-30,PUT,4413.905,4520.0,104.6,106.4,105.5,5,109,5,0.0136986301369863,0.9765276548672566,ATM,17.2,0.0556,0.0233407079646017,108.32563923273483,0.023965849387773193,2.8256392327348294,2.8256392327348294,2.6783310262889377,2.6783310262889377
2023-08-25,2023-08-30,PUT,4413.905,4515.0,100.0,101.7,100.85,1,106,5,0.0136986301369863,0.9776090808416388,ATM,17.2,0.0556,0.0223366555924695,103.98097064704962,0.023030115314961155,3.1309706470496224,3.1309706470496224,3.104581702577712,3.104581702577712
2023-08-25,2023-08-30,PUT,4413.905,4510.0,95.0,96.8,95.9,1,99,5,0.0136986301369863,0.9786929046563192,ATM,17.2,0.0556,0.0212638580931263,99.6963704185273,0.022105625369961707,3.796370418527289,3.796370418527289,3.958676140278716,3.958676140278716
2023-08-25,2023-08-30,PUT,4413.905,4435.0,34.8,35.1,34.95,21,203,5,0.0136986301369863,0.9952435174746336,ATM,17.2,0.0556,0.0078804960541149,45.07942475914024,0.010164470069704676,10.129424759140235,10.129424759140235,28.98261733659581,28.98261733659581
2023-08-25,2023-08-30,PUT,4413.905,4430.0,31.9,32.2,32.05,58,163,5,0.0136986301369863,0.996366817155756,ATM,17.2,0.0556,0.0072347629796839,42.22245177510649,0.009531027488737357,10.172451775106495,10.172451775106495,31.73931911109671,31.73931911109671
2023-08-25,2023-08-30,PUT,4413.905,4370.0,9.3,9.5,9.4,616,286,5,0.0136986301369863,1.0100469107551486,ATM,17.2,0.0556,0.0021510297482837,16.56059835965425,0.003789610608616533,7.16059835965425,7.16059835965425,76.17657829419414,76.17657829419414
2023-08-25,2023-08-30,PUT,4413.905,4365.0,8.2,8.4,8.3,280,233,5,0.0136986301369863,1.0112038946162656,ATM,17.2,0.0556,0.0019014891179839,15.11054337936389,0.003461751060564465,6.810543379363889,6.810543379363889,82.05473951040828,82.05473951040828
2023-08-25,2023-08-30,PUT,4413.905,4360.0,7.3,7.5,7.4,372,1315,5,0.0136986301369863,1.0123635321100917,ATM,17.2,0.0556,0.001697247706422,13.756258547039351,0.003155105171339301,6.356258547039351,6.356258547039351,85.89538577080204,85.89538577080204
2023-08-25,2023-08-30,PUT,4413.905,4355.0,6.5,6.7,6.6,501,493,5,0.0136986301369863,1.0135258323765786,ATM,17.2,0.0556,0.0015154994259471,12.49458425118928,0.002869020493958503,5.894584251189281,5.894584251189281,89.31188259377699,89.31188259377699
2023-08-25,2023-08-30,PUT,4413.905,4350.0,5.7,5.9,5.800000000000001,2269,1726,5,0.0136986301369863,1.014690804597701,ATM,17.2,0.0556,0.0013333333333333,11.322171535046323,0.0026027980540336373,5.522171535046322,5.522171535046322,95.20985405252277,95.20985405252277
2023-08-25,2023-08-30,PUT,4413.905,4345.0,5.1,5.2,5.15,738,548,5,0.0136986301369863,1.0158584579976984,ATM,17.2,0.0556,0.0011852704257767,10.235509538444262,0.002355698397800751,5.085509538444262,5.085509538444262,98.7477580280439,98.7477580280439
2023-08-25,2023-08-30,PUT,4413.905,4340.0,4.5,4.7,4.6,353,350,5,0.0136986301369863,1.017028801843318,ATM,17.2,0.0556,0.0010599078341013,9.2309535809419,0.0021269478297101154,4.630953580941901,4.630953580941901,100.67290393351959,100.67290393351959
2023-08-25,2023-08-30,PUT,4413.905,4335.0,3.9,4.1,4.0,129,1053,5,0.0136986301369863,1.01820184544406,ATM,17.2,0.0556,0.0009227220299884,8.304753508881845,0.001915744754067323,4.304753508881845,4.304753508881845,107.61883772204612,107.61883772204612
2023-08-25,2023-08-30,PUT,4413.905,4330.0,3.5,3.7,3.6,290,483,5,0.0136986301369863,1.019377598152425,ATM,17.2,0.0556,0.0008314087759815,7.453081937188699,0.00172126603630224,3.853081937188699,3.853081937188699,107.0300538107972,107.0300538107972
2023-08-25,2023-08-30,PUT,4413.905,4325.0,3.1,3.3,3.2,362,968,5,0.0136986301369863,1.0205560693641618,ATM,17.2,0.0556,0.0007398843930635,6.672062031601172,0.001542673302104317,3.4720620316011717,3.4720620316011717,108.50193848753662,108.50193848753662
2023-08-25,2023-08-30,PUT,4413.905,4375.0,10.4,10.6,10.5,853,1049,5,0.0136986301369863,1.0088925714285717,ATM,17.2,0.0556,0.0024,18.109367331751855,0.004139283961543281,7.609367331751855,7.609367331751855,72.47016506430339,72.47016506430339
2023-08-25,2023-08-30,PUT,4413.905,4380.0,11.6,11.8,11.7,507,296,5,0.0136986301369863,1.0077408675799089,ATM,17.2,0.0556,0.0026712328767123,19.75955334081391,0.00451131354813103,8.05955334081391,8.05955334081391,68.88507128900778,68.88507128900778
2023-08-25,2023-09-15,PUT,4413.905,4390.0,39.8,40.3,40.05,2057,7487,21,0.0575342465753424,1.0054453302961277,ATM,17.2,0.0556,0.0091230068337129,54.94434277073765,0.012515795619758007,14.894342770737651,14.894342770737651,37.18937021407653,37.18937021407653
2023-08-25,2023-09-15,PUT,4413.905,4025.0,3.1,3.3,3.2,50,7623,21,0.0575342465753424,1.096622360248447,ITM,17.2,0.0556,0.0007950310559006,0.611479344305998,0.00015192033398906784,-2.588520655694002,2.588520655694002,-80.89127049043756,80.89127049043756
2023-08-25,2023-09-15,PUT,4413.905,4385.0,38.2,38.7,38.45,603,8081,21,0.0575342465753424,1.0065917901938426,ATM,17.2,0.0556,0.0087685290763968,52.85192038894024,0.012052889484364936,14.40192038894024,14.40192038894024,37.45622988020869,37.45622988020869
2023-08-25,2023-09-15,PUT,4413.905,4375.0,35.2,35.7,35.45,2687,16650,21,0.0575342465753424,1.0088925714285717,ATM,17.2,0.0556,0.0081028571428571,48.82784130360028,0.011160649440822921,13.377841303600277,13.377841303600277,37.737211011566366,37.737211011566366
2023-08-25,2023-09-15,PUT,4413.905,4275.0,15.6,16.0,15.8,1426,6038,21,0.0575342465753424,1.032492397660819,ITM,17.2,0.0556,0.0036959064327485,19.583198100949517,0.004580865052853688,3.783198100949516,3.783198100949516,23.944291778161492,23.944291778161492
2023-08-25,2023-09-15,PUT,4413.905,4270.0,15.0,15.4,15.2,23,1300,21,0.0575342465753424,1.0337014051522249,ITM,17.2,0.0556,0.003559718969555,18.592640513022502,0.004354248363705504,3.392640513022503,3.392640513022503,22.320003375148044,22.320003375148044
2023-08-25,2023-09-15,PUT,4413.905,4265.0,14.4,14.8,14.6,82,584,21,0.0575342465753424,1.0349132473622509,ITM,17.2,0.0556,0.0034232121922626,17.641059915843016,0.00413623913618828,3.0410599158430163,3.0410599158430163,20.829177505774087,20.829177505774087
2023-08-25,2023-09-15,PUT,4413.905,4260.0,13.9,14.2,14.05,21,1637,21,0.0575342465753424,1.0361279342723004,ITM,17.2,0.0556,0.0032981220657277,16.72754490181262,0.003926653732819864,2.6775449018126203,2.6775449018126203,19.057259087634307,19.057259087634307
2023-08-25,2023-09-15,PUT,4413.905,4255.0,13.4,13.7,13.55,87,1114,21,0.0575342465753424,1.0373454759106933,ITM,17.2,0.0556,0.0031844888366627,15.851174325566717,0.003725305364410509,2.3011743255667163,2.3011743255667163,16.982836351045876,16.982836351045876
2023-08-25,2023-09-15,PUT,4413.905,4250.0,12.8,13.2,13.0,1217,29697,21,0.0575342465753424,1.0385658823529411,ITM,17.2,0.0556,0.0030588235294117,15.01101895428394,0.0035320044598315154,2.0110189542839407,2.0110189542839407,15.469376571414928,15.469376571414928
2023-08-25,2023-09-15,PUT,4413.905,4245.0,12.4,12.7,12.55,34,557,21,0.0575342465753424,1.0397891637220258,ITM,17.2,0.0556,0.0029564193168433,14.206143105000933,0.003346559035335909,1.6561431050009325,1.6561431050009325,13.196359402397869,13.196359402397869
2023-08-25,2023-09-15,PUT,4413.905,4240.0,11.9,12.2,12.05,160,4188,21,0.0575342465753424,1.041015330188679,ITM,17.2,0.0556,0.0028419811320754,13.43560626400756,0.003168775062265934,1.38560626400756,1.38560626400756,11.49880717018722,11.49880717018722
2023-08-25,2023-09-15,PUT,4413.905,4235.0,11.4,11.7,11.55,2,665,21,0.0575342465753424,1.0422443919716646,ITM,17.2,0.0556,0.0027272727272727,12.6984646835366,0.0029984568320039194,1.1484646835365986,1.1484646835365986,9.943417173477043,9.943417173477043
2023-08-25,2023-09-15,PUT,4413.905,4280.0,16.3,16.6,16.450000000000003,15,4395,21,0.0575342465753424,1.0312862149532709,ITM,17.2,0.0556,0.0038434579439252,20.613632691227053,0.004816269320380153,4.1636326912270505,4.1636326912270505,25.310837028735865,25.310837028735865
2023-08-25,2023-09-15,PUT,4413.905,4230.0,11.0,11.3,11.15,23,1247,21,0.0575342465753424,1.0434763593380614,ITM,17.2,0.0556,0.0026359338061465,11.993772951143683,0.0028354073170552443,0.8437729511436824,0.8437729511436824,7.567470413844686,7.567470413844686
2023-08-25,2023-09-15,PUT,4413.905,4210.0,9.5,9.7,9.6,17,2193,21,0.0575342465753424,1.0484334916864608,ITM,17.2,0.0556,0.0022802850356294,9.480623061062772,0.0022519294681859316,-0.11937693893722745,0.11937693893722745,-1.2435097805961193,1.2435097805961193
2023-08-25,2023-09-15,PUT,4413.905,4115.0,5.0,5.2,5.1,8,944,21,0.0575342465753424,1.0726379100850547,ITM,17.2,0.0556,0.001239368165249,2.653241495576708,0.0006447731459481672,-2.4467585044232916,2.4467585044232916,-47.97565694947631,47.97565694947631
2023-08-25,2023-09-15,PUT,4413.905,4580.0,155.7,165.1,160.39999999999998,6,8541,21,0.0575342465753424,0.9637347161572052,OTM,17.2,0.0556,0.0350218340611353,173.03641749428425,0.03778087718215813,12.636417494284274,12.636417494284274,7.8780657695039125,7.8780657695039125
2023-08-25,2023-09-15,PUT,4413.905,4575.0,151.2,160.7,155.95,1,13235,21,0.0575342465753424,0.9647879781420764,OTM,17.2,0.0556,0.034087431693989,169.0722809054446,0.03695568981539772,13.122280905444597,13.122280905444597,8.414415457162294,8.414415457162294
2023-08-25,2023-09-15,PUT,4413.905,4570.0,146.7,156.4,151.55,1,6243,21,0.0575342465753424,0.965843544857768,OTM,17.2,0.0556,0.0331619256017505,165.14602408132214,0.03613698557578165,13.596024081322128,13.596024081322128,8.97131249179949,8.97131249179949
2023-08-25,2023-09-15,PUT,4413.905,4590.0,165.0,174.7,169.85,1,10015,21,0.0575342465753424,0.9616350762527232,OTM,17.2,0.0556,0.0370043572984749,181.07488910460233,0.03944986690732077,11.22488910460234,11.22488910460234,6.60870715608027,6.60870715608027
2023-08-25,2023-09-15,PUT,4413.905,4550.0,132.2,136.0,134.1,13,29565,21,0.0575342465753424,0.9700890109890108,ATM,17.2,0.0556,0.0294725274725274,149.83672415419142,0.03293114816575635,15.736724154191421,15.736724154191421,11.735066483364221,11.735066483364221
2023-08-25,2023-09-15,PUT,4413.905,4545.0,127.3,132.6,129.95,3,8060,21,0.0575342465753424,0.971156215621562,ATM,17.2,0.0556,0.0285918591859185,146.11248110788165,0.03214796063979794,16.16248110788166,16.16248110788166,12.437461414299086,12.437461414299086
2023-08-25,2023-09-15,PUT,4413.905,4535.0,118.9,124.4,121.65,1,9282,21,0.0575342465753424,0.973297684674752,ATM,17.2,0.0556,0.026824696802646,138.7933353255503,0.03060492509934957,17.143335325550282,17.143335325550282,14.092343054295341,14.092343054295341
2023-08-25,2023-09-15,PUT,4413.905,4225.0,10.6,10.9,10.75,175,7517,21,0.0575342465753424,1.0447112426035503,ITM,17.2,0.0556,0.0025443786982248,11.320585527362937,0.002679428527186494,0.5705855273629368,0.5705855273629368,5.307772347562203,5.307772347562203
2023-08-25,2023-09-15,PUT,4413.905,4220.0,10.2,10.5,10.35,23,1536,21,0.0575342465753424,1.0459490521327013,ITM,17.2,0.0556,0.002452606635071,10.677958247440301,0.0025303218595830097,0.3279582474403018,0.3279582474403018,3.168678719229969,3.168678719229969
2023-08-25,2023-09-15,PUT,4413.905,4205.0,9.1,9.4,9.25,1,531,21,0.0575342465753424,1.049680142687277,ITM,17.2,0.0556,0.0021997621878715,8.924046633503167,0.002122246524019778,-0.32595336649683304,0.32595336649683304,-3.523820178344141,3.523820178344141
2023-08-25,2023-09-15,PUT,4413.905,4405.0,45.0,45.5,45.25,4765,10223,21,0.0575342465753424,1.0020215664018162,ATM,17.2,0.0556,0.0102724177071509,61.545891444684,0.013971825526602498,16.295891444684003,16.295891444684003,36.01301976725746,36.01301976725746
2023-08-25,2023-09-15,PUT,4413.905,4370.0,33.8,34.3,34.05,583,3124,21,0.0575342465753424,1.0100469107551486,ATM,17.2,0.0556,0.0077917620137299,46.89558622494678,0.010731255429049607,12.845586224946786,12.845586224946786,37.72565704830187,37.72565704830187
2023-08-25,2023-09-15,PUT,4413.905,4365.0,32.5,33.0,32.75,394,4800,21,0.0575342465753424,1.0112038946162656,ATM,17.2,0.0556,0.0075028636884306,45.0160565649669,0.010312956830462062,12.266056564966902,12.266056564966902,37.45360783196001,37.45360783196001
2023-08-25,2023-09-15,PUT,4413.905,4360.0,31.2,31.7,31.45,100,6827,21,0.0575342465753424,1.0123635321100917,ATM,17.2,0.0556,0.0072133027522935,43.1888561452065,0.009905700950735436,11.738856145206501,11.738856145206501,37.325456741515104,37.325456741515104
2023-08-25,2023-09-15,PUT,4413.905,4290.0,17.6,18.0,17.8,42,3006,21,0.0575342465753424,1.0288822843822842,ATM,17.2,0.0556,0.0041491841491841,22.797665981937826,0.005314141254530962,4.997665981937825,4.997665981937825,28.076775179425983,28.076775179425983
2023-08-25,2023-09-15,PUT,4413.905,4285.0,16.9,17.3,17.1,107,1334,21,0.0575342465753424,1.0300828471411902,ITM,17.2,0.0556,0.0039906651108518,21.684831238488414,0.005060637395213166,4.5848312384884125,4.5848312384884125,26.811878587651535,26.811878587651535
2023-08-25,2023-09-15,PUT,4413.905,4190.0,8.2,8.4,8.3,18,1099,21,0.0575342465753424,1.0534379474940334,ITM,17.2,0.0556,0.001980906921241,7.411616389987785,0.001768882193314507,-0.888383610012216,0.888383610012216,-10.703416988098986,10.703416988098986
2023-08-25,2023-09-15,PUT,4413.905,4185.0,7.9,8.1,8.0,2,1239,21,0.0575342465753424,1.0546965352449222,ITM,17.2,0.0556,0.0019115890083632,6.956884271313925,0.0016623379381873178,-1.0431157286860753,1.0431157286860753,-13.038946608575941,13.038946608575941
2023-08-25,2023-09-15,PUT,4413.905,4180.0,7.6,7.8,7.699999999999999,20,2017,21,0.0575342465753424,1.0559581339712918,ITM,17.2,0.0556,0.0018421052631578,6.525373906009293,0.0015610942358873906,-1.1746260939907067,1.1746260939907067,-15.254884337541647,15.254884337541647
2023-08-25,2023-09-15,PUT,4413.905,4175.0,7.4,7.6,7.5,230,7088,21,0.0575342465753424,1.057222754491018,ITM,17.2,0.0556,0.0017964071856287,6.11621338713951,0.0014649612903328167,-1.38378661286049,1.38378661286049,-18.4504881714732,18.4504881714732
2023-08-25,2023-09-15,PUT,4413.905,4170.0,7.1,7.3,7.199999999999999,38,1746,21,0.0575342465753424,1.0584904076738608,ITM,17.2,0.0556,0.0017266187050359,5.728544478179458,0.0013737516734243305,-1.4714555218205412,1.4714555218205412,-20.43688224750752,20.43688224750752
2023-08-25,2023-09-15,PUT,4413.905,4165.0,6.9,7.1,7.0,20,894,21,0.0575342465753424,1.0597611044417767,ITM,17.2,0.0556,0.0016806722689075,5.361523515656188,0.0012872805559798772,-1.638476484343812,1.638476484343812,-23.406806919197315,23.406806919197315
2023-08-25,2023-09-15,PUT,4413.905,4160.0,6.6,6.8,6.699999999999999,134,2055,21,0.0575342465753424,1.0610348557692306,ITM,17.2,0.0556,0.0016105769230769,5.014322246178949,0.0012053659245622474,-1.6856777538210501,1.6856777538210501,-25.15936946001568,25.15936946001568
2023-08-25,2023-09-15,PUT,4413.905,4155.0,6.4,6.6,6.5,10,465,21,0.0575342465753424,1.0623116726835138,ITM,17.2,0.0556,0.0015643802647412,4.686128597289155,0.0011278287839444417,-1.813871402710845,1.813871402710845,-27.905713887859154,27.905713887859154
2023-08-25,2023-09-15,PUT,4413.905,4150.0,6.2,6.4,6.300000000000001,8779,42911,21,0.0575342465753424,1.06359156626506,ITM,17.2,0.0556,0.0015180722891566,4.376147381824438,0.0010544933450179368,-1.9238526181755624,1.9238526181755624,-30.537343145643842,30.537343145643842
2023-08-25,2023-09-15,PUT,4413.905,4145.0,6.0,6.2,6.1,41,783,21,0.0575342465753424,1.0648745476477683,ITM,17.2,0.0556,0.0014716525934861,4.083600935780879,0.0009851871980171,-2.0163990642191205,2.0163990642191205,-33.05572236424788,33.05572236424788
2023-08-25,2023-09-15,PUT,4413.905,4140.0,5.8,6.0,5.9,42,3278,21,0.0575342465753424,1.0661606280193237,ITM,17.2,0.0556,0.0014251207729468,3.8077296899259636,0.0009197414709966096,-2.0922703100740367,2.0922703100740367,-35.462208645322654,35.462208645322654
2023-08-25,2023-09-15,PUT,4413.905,4135.0,5.6,5.8,5.699999999999999,101,2090,21,0.0575342465753424,1.0674498186215235,ITM,17.2,0.0556,0.001378476420798,3.5477926756798297,0.0008579909735622321,-2.1522073243201696,2.1522073243201696,-37.75802323368719,37.75802323368719
2023-08-25,2023-09-15,PUT,4413.905,4130.0,5.5,5.7,5.6,108,1751,21,0.0575342465753424,1.068742130750605,ITM,17.2,0.0556,0.0013559322033898,3.303067966019711,0.0007997743259127629,-2.296932033980289,2.296932033980289,-41.01664346393373,41.01664346393373
2023-08-25,2023-09-15,PUT,4413.905,4125.0,5.3,5.5,5.4,11,21769,21,0.0575342465753424,1.0700375757575755,ITM,17.2,0.0556,0.0013090909090909,3.072853052417372,0.0007449340733133023,-2.3271469475826283,2.3271469475826283,-43.09531384412274,43.09531384412274
2023-08-25,2023-09-15,PUT,4413.905,4120.0,5.1,5.3,5.199999999999999,10,745,21,0.0575342465753424,1.0713361650485436,ITM,17.2,0.0556,0.00126213592233,2.856465159028744,0.0006933167861720252,-2.3435348409712553,2.3435348409712553,-45.06797771098569,45.06797771098569
2023-08-25,2023-09-15,PUT,4413.905,4200.0,8.8,9.1,8.95,5127,45041,21,0.0575342465753424,1.050929761904762,ITM,17.2,0.0556,0.0021309523809523,8.39429599945305,0.0019986419046316784,-0.5557040005469496,0.5557040005469496,-6.208983246334633,6.208983246334633
2023-08-25,2023-09-15,PUT,4413.905,4380.0,36.7,37.2,36.95,1307,8183,21,0.0575342465753424,1.0077408675799089,ATM,17.2,0.0556,0.0084360730593607,50.81317970625628,0.01160118258133705,13.863179706256275,13.863179706256275,37.51875427944864,37.51875427944864
2023-08-25,2023-08-30,PUT,4413.905,4490.0,76.4,78.1,77.25,30,69,5,0.0136986301369863,0.9830523385300668,ATM,17.2,0.0556,0.0172048997772828,83.2331753892804,0.018537455543269576,5.9831753892804045,5.9831753892804045,7.745210859909909,7.745210859909909
2023-08-25,2023-09-15,PUT,4413.905,4015.0,2.95,3.1,3.0250000000000004,36,424,21,0.0575342465753424,1.0993536737235368,ITM,17.2,0.0556,0.0007534246575342,0.5107291389327244,0.00012720526498947058,-2.514270861067276,2.514270861067276,-83.11639210139754,83.11639210139754
2023-08-25,2023-11-17,PUT,238.33,245.0,25.15,25.3,25.225,113,2702,84,0.2301369863013698,0.9727755102040816,ATM,17.2,0.0559193548387096,0.1029591836734693,9.795470469908821,0.03998151212207682,-15.42952953009118,15.42952953009118,-61.16760963366176,61.16760963366176
2023-08-25,2023-10-20,PUT,4413.905,4245.0,40.5,41.0,40.75,121,189,56,0.1534246575342465,1.0397891637220258,ITM,17.2,0.05534,0.0095995288574793,41.11541761884382,0.009685610746488533,0.3654176188438214,0.3654176188438214,0.8967303529909728,0.8967303529909728
2023-08-25,2023-10-20,PUT,4413.905,4235.0,38.8,39.4,39.1,1,2615,56,0.1534246575342465,1.0422443919716646,ITM,17.2,0.05534,0.0092325855962219,38.681887588984296,0.009133857754187555,-0.41811241101570573,0.41811241101570573,-1.0693412046437487,1.0693412046437487
2023-08-25,2023-10-20,PUT,4413.905,4230.0,38.1,38.6,38.35,4,743,56,0.1534246575342465,1.0434763593380614,ITM,17.2,0.05534,0.0090661938534278,37.50577964316858,0.008866614572853091,-0.8442203568314213,0.8442203568314213,-2.201356862663419,2.201356862663419
2023-08-25,2023-10-20,PUT,4413.905,4140.0,26.5,26.9,26.7,4,267,56,0.1534246575342465,1.0661606280193237,ITM,17.2,0.05534,0.0064492753623188,20.585114195578512,0.004972249805695293,-6.114885804421487,6.114885804421487,-22.902194024050512,22.902194024050512
2023-08-25,2023-10-20,PUT,4413.905,4130.0,25.5,25.9,25.7,2,794,56,0.1534246575342465,1.068742130750605,ITM,17.2,0.05534,0.0062227602905569,19.15416254469187,0.004637811754162681,-6.545837455308128,6.545837455308128,-25.470184651004388,25.470184651004388
2023-08-25,2023-10-20,PUT,4413.905,4125.0,25.0,25.4,25.2,65,15783,56,0.1534246575342465,1.0700375757575755,ITM,17.2,0.05534,0.0061090909090909,18.468648754408036,0.0044772481828867965,-6.731351245591963,6.731351245591963,-26.711711292031598,26.711711292031598
2023-08-25,2023-10-20,PUT,4413.905,4120.0,24.5,24.9,24.7,52,499,56,0.1534246575342465,1.0713361650485436,ITM,17.2,0.05534,0.0059951456310679,17.80262832772553,0.004321026293137264,-6.8973716722744705,6.8973716722744705,-27.92458166912741,27.92458166912741
2023-08-25,2023-09-15,PUT,4413.905,4700.0,270.9,280.8,275.85,1,393,21,0.0575342465753424,0.9391287234042552,OTM,17.2,0.0556,0.0586914893617021,277.312580031793,0.05900267660250915,1.4625800317929816,1.4625800317929816,0.5302084581449996,0.5302084581449996
2023-08-25,2023-10-20,PUT,4413.905,4015.0,16.4,16.7,16.549999999999997,1,1,56,0.1534246575342465,1.0993536737235368,ITM,17.2,0.05534,0.0041220423412204,7.688192497925172,0.0019148673718369046,-8.861807502074825,8.861807502074825,-53.545664665104695,53.545664665104695
2023-08-25,2023-10-20,PUT,4413.905,4250.0,41.2,41.9,41.55,6686,24088,56,0.1534246575342465,1.0385658823529411,ITM,17.2,0.05534,0.0097764705882352,42.373433772603676,0.009970219711200864,0.8234337726036784,0.8234337726036784,1.981790066434846,1.981790066434846
2023-08-25,2023-10-20,PUT,4413.905,4115.0,24.0,24.4,24.2,1,135,56,0.1534246575342465,1.0726379100850547,ITM,17.2,0.05534,0.0058809234507897,17.15574014116561,0.004169074153381679,-7.0442598588343905,7.0442598588343905,-29.10851181336525,29.10851181336525
2023-08-25,2023-10-20,PUT,4413.905,4100.0,22.6,23.0,22.8,580,18551,56,0.1534246575342465,1.076562195121951,ITM,17.2,0.05534,0.005560975609756,15.326261643277462,0.0037381125959213323,-7.473738356722539,7.473738356722539,-32.77955419615149,32.77955419615149
2023-08-25,2023-10-20,PUT,4413.905,4095.0,22.2,22.6,22.4,1,13,56,0.1534246575342465,1.0778766788766787,ITM,17.2,0.05534,0.0054700854700854,14.752297863946524,0.003602514740890482,-7.647702136053475,7.647702136053475,-34.14152739309587,34.14152739309587
2023-08-25,2023-10-20,PUT,4413.905,4090.0,21.8,22.1,21.950000000000003,1,360,56,0.1534246575342465,1.0791943765281171,ITM,17.2,0.05534,0.0053667481662591,14.195667627156695,0.003470823380722908,-7.754332372843308,7.754332372843308,-35.32725454598317,35.32725454598317
2023-08-25,2023-10-20,PUT,4413.905,4085.0,21.4,21.7,21.55,2,6,56,0.1534246575342465,1.0805152998776009,ITM,17.2,0.05534,0.0052753977968176,13.656014083277,0.003342965503862179,-7.893985916723,7.893985916723,-36.63102513560557,36.63102513560557
2023-08-25,2023-10-20,PUT,4413.905,4080.0,21.0,21.3,21.15,2079,3521,56,0.1534246575342465,1.0818394607843136,ITM,17.2,0.05534,0.0051838235294117,13.132981829516837,0.0032188680954698128,-8.017018170483162,8.017018170483162,-37.90552326469581,37.90552326469581
2023-08-25,2023-10-20,PUT,4413.905,4075.0,20.6,20.9,20.75,7,1787,56,0.1534246575342465,1.083166871165644,ITM,17.2,0.05534,0.0050920245398773,12.626217108499247,0.003098458186134785,-8.123782891500753,8.123782891500753,-39.150760922895195,39.150760922895195
2023-08-25,2023-10-20,PUT,4413.905,4070.0,20.2,20.5,20.35,2,757,56,0.1534246575342465,1.084497542997543,ITM,17.2,0.05534,0.005,12.135368002150983,0.0029816628997913963,-8.214631997849018,8.214631997849018,-40.366742004172075,40.366742004172075
2023-08-25,2023-10-20,PUT,4413.905,4060.0,19.4,19.8,19.6,231,623,56,0.1534246575342465,1.087168719211823,ITM,17.2,0.05534,0.0048275862068965,11.200019286871168,0.002758625440116051,-8.399980713128834,8.399980713128834,-42.85704445473894,42.85704445473894
2023-08-25,2023-10-20,PUT,4413.905,4055.0,19.1,19.4,19.25,24,6,56,0.1534246575342465,1.08850924784217,ITM,17.2,0.05534,0.0047472256473489,10.75482671429711,0.0026522384005664883,-8.49517328570289,8.49517328570289,-44.13077031533969,44.13077031533969
2023-08-25,2023-10-20,PUT,4413.905,4110.0,23.5,23.9,23.7,3,927,56,0.1534246575342465,1.073942822384428,ITM,17.2,0.05534,0.0057664233576642,16.527623239588138,0.004021319523014146,-7.172376760411861,7.172376760411861,-30.263193081906586,30.263193081906586
2023-08-25,2023-10-20,PUT,4413.905,4050.0,18.7,19.0,18.85,526,9221,56,0.1534246575342465,1.089853086419753,ITM,17.2,0.05534,0.0046543209876543,10.324164181385697,0.0025491763410828883,-8.525835818614304,8.525835818614304,-45.229898241985694,45.229898241985694
2023-08-25,2023-10-20,PUT,4413.905,4260.0,43.0,43.6,43.3,4,2644,56,0.1534246575342465,1.0361279342723004,ITM,17.2,0.05534,0.0101643192488262,44.97341111264586,0.010557138758837056,1.6734111126458657,1.6734111126458657,3.864690791329944,3.864690791329944
2023-08-25,2023-10-20,PUT,4413.905,4270.0,44.8,45.4,45.1,2,480,56,0.1534246575342465,1.0337014051522249,ITM,17.2,0.05534,0.0105620608899297,47.68716888975746,0.011167955243502918,2.587168889757457,2.587168889757457,5.736516385271524,5.736516385271524
2023-08-25,2023-10-20,PUT,4413.905,4205.0,34.4,34.9,34.65,5,195,56,0.1534246575342465,1.049680142687277,ITM,17.2,0.05534,0.0082401902497027,32.01946383526672,0.0076146168454855456,-2.630536164733279,2.630536164733279,-7.591734963155207,7.591734963155207
2023-08-25,2023-10-20,PUT,4413.905,4200.0,33.8,34.2,34.0,3676,31315,56,0.1534246575342465,1.050929761904762,ITM,17.2,0.05534,0.008095238095238,30.998810484795968,0.007380669163046659,-3.0011895152040324,3.0011895152040324,-8.827027985894214,8.827027985894214
2023-08-25,2023-10-20,PUT,4413.905,4195.0,33.0,33.5,33.25,21,312,56,0.1534246575342465,1.052182359952324,ITM,17.2,0.05534,0.0079261025029797,30.00292890183391,0.007152068868136808,-3.2470710981660886,3.2470710981660886,-9.76562736290553,9.76562736290553
2023-08-25,2023-10-20,PUT,4413.905,4190.0,32.4,32.8,32.599999999999994,4,1740,56,0.1534246575342465,1.0534379474940334,ITM,17.2,0.05534,0.007780429594272,29.031483644711557,0.006928755046470538,-3.5685163552884376,3.5685163552884376,-10.946369188001345,10.946369188001345
2023-08-25,2023-10-20,PUT,4413.905,4185.0,31.7,32.2,31.950000000000003,4,169,56,0.1534246575342465,1.0546965352449222,ITM,17.2,0.05534,0.0076344086021505,28.084135874756498,0.0067106656809454,-3.8658641252435046,3.8658641252435046,-12.099731221419418,12.099731221419418
2023-08-25,2023-10-20,PUT,4413.905,4215.0,35.8,36.3,36.05,46,952,56,0.1534246575342465,1.0471897983392644,ITM,17.2,0.05534,0.0085527876631079,34.13640918117676,0.008098792213802315,-1.9135908188232378,1.9135908188232378,-5.30815761116016,5.30815761116016
2023-08-25,2023-10-20,PUT,4413.905,4180.0,31.1,31.5,31.3,72,984,56,0.1534246575342465,1.0559581339712918,ITM,17.2,0.05534,0.0074880382775119,27.16054359746977,0.006497737702743964,-4.139456402530232,4.139456402530232,-13.225100327572626,13.225100327572626
2023-08-25,2023-10-20,PUT,4413.905,4175.0,30.5,30.9,30.7,65,4614,56,0.1534246575342465,1.057222754491018,ITM,17.2,0.05534,0.0073532934131736,26.260361904495653,0.006289907042992971,-4.439638095504346,4.439638095504346,-14.461361874606991,14.461361874606991
2023-08-25,2023-10-20,PUT,4413.905,4170.0,29.9,30.3,30.1,50,266,56,0.1534246575342465,1.0584904076738608,ITM,17.2,0.05534,0.0072182254196642,25.383243216063306,0.006087108684907268,-4.716756783936695,4.716756783936695,-15.670288318726561,15.670288318726561
2023-08-25,2023-10-20,PUT,4413.905,4265.0,43.9,44.5,44.2,12,1222,56,0.1534246575342465,1.0349132473622509,ITM,17.2,0.05534,0.0103634232121922,46.315931539008034,0.010859538461666596,2.115931539008031,2.115931539008031,4.787175427619979,4.787175427619979
2023-08-25,2023-10-20,PUT,4413.905,4165.0,29.3,29.7,29.5,3,309,56,0.1534246575342465,1.0597611044417767,ITM,17.2,0.05534,0.0070828331332533,24.52883752361015,0.0058892767163529775,-4.97116247638985,4.97116247638985,-16.85139822505034,16.85139822505034
2023-08-25,2023-10-20,PUT,4413.905,4155.0,28.1,28.5,28.3,10,208,56,0.1534246575342465,1.0623116726835138,ITM,17.2,0.05534,0.0068110709987966,22.886754403033365,0.005508244140320906,-5.413245596966636,5.413245596966636,-19.12807631436974,19.12807631436974
2023-08-25,2023-10-20,PUT,4413.905,4150.0,27.6,28.0,27.8,1537,12566,56,0.1534246575342465,1.06359156626506,ITM,17.2,0.05534,0.0066987951807228,22.098366993967034,0.005324907709389646,-5.701633006032967,5.701633006032967,-20.509471244722903,20.509471244722903
2023-08-25,2023-10-20,PUT,4413.905,4220.0,36.5,37.1,36.8,46,1026,56,0.1534246575342465,1.0459490521327013,ITM,17.2,0.05534,0.0087203791469194,35.23335292127456,0.008349135763335203,-1.5666470787254383,1.5666470787254383,-4.257193148710431,4.257193148710431
2023-08-25,2023-10-20,PUT,4413.905,4225.0,37.2,37.8,37.5,75,8942,56,0.1534246575342465,1.0447112426035503,ITM,17.2,0.05534,0.0088757396449704,36.35637144613577,0.008605058330446336,-1.1436285538642323,1.1436285538642323,-3.049676143637953,3.049676143637953
2023-08-25,2023-10-20,PUT,4413.905,4300.0,50.7,51.3,51.0,1570,25667,56,0.1534246575342465,1.0264895348837209,ATM,17.2,0.05534,0.011860465116279,56.53193532860382,0.01314696170432647,5.531935328603822,5.531935328603822,10.84693201687024,10.84693201687024
2023-08-25,2023-10-20,PUT,4413.905,4295.0,49.6,50.3,49.95,6,984,56,0.1534246575342465,1.027684516880093,ATM,17.2,0.05534,0.0116298020954598,54.98310021562793,0.012801653135186945,5.033100215627925,5.033100215627925,10.076276707963814,10.076276707963814
2023-08-25,2023-10-20,PUT,4413.905,4290.0,48.6,49.3,48.95,245,1044,56,0.1534246575342465,1.0288822843822842,ATM,17.2,0.05534,0.0114102564102564,53.4644597963229,0.01246257804110091,4.514459796322896,4.514459796322896,9.222594068075374,9.222594068075374
2023-08-25,2023-10-20,PUT,4413.905,4280.0,46.6,47.3,46.95,46,2062,56,0.1534246575342465,1.0312862149532709,ITM,17.2,0.05534,0.0109696261682243,50.51684248043898,0.011803000579541818,3.5668424804389787,3.5668424804389787,7.597108584534565,7.597108584534565
2023-08-25,2023-10-20,PUT,4413.905,4275.0,45.7,46.4,46.05,41,3244,56,0.1534246575342465,1.032492397660819,ITM,17.2,0.05534,0.0107719298245614,49.08738687369896,0.011482429678058237,3.0373868736989635,3.0373868736989635,6.595845545491778,6.595845545491778
2023-08-25,2023-10-20,PUT,4413.905,4160.0,28.7,29.1,28.9,104,8348,56,0.1534246575342465,1.0610348557692306,ITM,17.2,0.05534,0.0069471153846153,23.69679263228568,0.005696344382760981,-5.20320736771432,5.20320736771432,-18.004177742956127,18.004177742956127
2023-08-25,2023-10-20,PUT,4413.905,4040.0,18.0,18.3,18.15,5,607,56,0.1534246575342465,1.092550742574257,ITM,17.2,0.05534,0.0044925742574257,9.505072173439999,0.0023527406369900986,-8.64492782656,8.64492782656,-47.6304563446832,47.6304563446832
2023-08-25,2023-10-20,PUT,4413.905,4030.0,17.3,17.7,17.5,1,1012,56,0.1534246575342465,1.095261786600496,ITM,17.2,0.05534,0.0043424317617866,8.74005902482088,0.002168749137672675,-8.75994097517912,8.75994097517912,-50.05680557245211,50.05680557245211
2023-08-25,2023-10-20,PUT,4413.905,4020.0,16.7,17.0,16.85,6,377,56,0.1534246575342465,1.09798631840796,ITM,17.2,0.05534,0.0041915422885572,8.026491689522118,0.001996639723761721,-8.823508310477884,8.823508310477884,-52.365034483548264,52.365034483548264
2023-08-25,2023-10-20,PUT,4413.905,4360.0,64.9,65.7,65.30000000000001,1,458,56,0.1534246575342465,1.0123635321100917,ATM,17.2,0.05534,0.0149770642201834,77.54540934549664,0.017785644345297395,12.245409345496626,12.245409345496626,18.752541111020864,18.752541111020864
2023-08-25,2023-10-20,PUT,4413.905,4355.0,63.6,64.4,64.0,5,150,56,0.1534246575342465,1.0135258323765786,ATM,17.2,0.05534,0.0146957520091848,75.61934662003091,0.01736379945350882,11.61934662003091,11.61934662003091,18.155229093798297,18.155229093798297
2023-08-25,2023-10-20,PUT,4413.905,4350.0,62.3,63.0,62.65,544,10145,56,0.1534246575342465,1.014690804597701,ATM,17.2,0.05534,0.0144022988505747,73.72558400883963,0.01694841011697463,11.075584008839634,11.075584008839634,17.67850599974403,17.67850599974403
2023-08-25,2023-10-20,PUT,4413.905,4345.0,61.0,61.7,61.35,10,253,56,0.1534246575342465,1.0158584579976984,ATM,17.2,0.05534,0.0141196777905638,71.86399349151907,0.016539469158002088,10.513993491519066,10.513993491519066,17.137723702557565,17.137723702557565
2023-08-25,2023-10-20,PUT,4413.905,4340.0,59.7,60.5,60.1,17,790,56,0.1534246575342465,1.017028801843318,ATM,17.2,0.05534,0.0138479262672811,70.0344380777442,0.0161369672990194,9.934438077744197,9.934438077744197,16.52984705115507,16.52984705115507
2023-08-25,2023-10-20,PUT,4413.905,4335.0,58.5,59.2,58.85,7,198,56,0.1534246575342465,1.01820184544406,ATM,17.2,0.05534,0.0135755478662053,68.23677189390196,0.015740893170450278,9.386771893901958,9.386771893901958,15.950334569077244,15.950334569077244
2023-08-25,2023-10-20,PUT,4413.905,4330.0,57.3,58.0,57.65,22,674,56,0.1534246575342465,1.019377598152425,ATM,17.2,0.05534,0.0133140877598152,66.47084027752999,0.015351233320445724,8.820840277529989,8.820840277529989,15.300676977502148,15.300676977502148
2023-08-25,2023-10-20,PUT,4413.905,4325.0,56.2,56.9,56.55,675,2869,56,0.1534246575342465,1.0205560693641618,ATM,17.2,0.05534,0.0130751445086705,64.73647987946629,0.014967972226466194,8.18647987946629,8.18647987946629,14.476533827526596,14.476533827526596
2023-08-25,2023-10-20,PUT,4413.905,4320.0,55.0,55.7,55.35,4,738,56,0.1534246575342465,1.0217372685185184,ATM,17.2,0.05534,0.0128125,63.03351877360933,0.014591092308705863,7.683518773609329,7.683518773609329,13.8816960679482,13.8816960679482
2023-08-25,2023-10-20,PUT,4413.905,4365.0,66.3,67.1,66.69999999999999,44,512,56,0.1534246575342465,1.0112038946162656,ATM,17.2,0.05534,0.0152806414662084,79.50389115696817,0.018213949864139326,12.803891156968177,12.803891156968177,19.196238616144196,19.196238616144196
2023-08-25,2023-10-20,PUT,4413.905,4315.0,53.9,54.6,54.25,29,978,56,0.1534246575342465,1.0229212050984935,ATM,17.2,0.05534,0.0125724217844727,61.36177657416965,0.014220573945346385,7.111776574169653,7.111776574169653,13.109265574506273,13.109265574506273
2023-08-25,2023-10-20,PUT,4413.905,4425.0,85.7,86.2,85.95,478,5447,56,0.1534246575342465,0.9974926553672316,ATM,17.2,0.05534,0.0194237288135593,105.56507111633141,0.023856513246628568,19.615071116331407,19.615071116331407,22.82149053674393,22.82149053674393
2023-08-25,2023-10-20,PUT,4413.905,4420.0,83.6,84.4,84.0,161,483,56,0.1534246575342465,0.9986210407239818,ATM,17.2,0.05534,0.0190045248868778,103.21164663811987,0.02335105127559273,19.211646638119873,19.211646638119873,22.871007902523658,22.871007902523658
2023-08-25,2023-10-20,PUT,4413.905,4415.0,81.8,82.6,82.19999999999999,11,603,56,0.1534246575342465,0.9997519818799546,ATM,17.2,0.05534,0.0186183465458663,100.89134540984583,0.02285194686519724,18.691345409845837,18.691345409845837,22.738863029009536,22.738863029009536
2023-08-25,2023-10-20,PUT,4413.905,4410.0,80.1,80.9,80.5,17,1007,56,0.1534246575342465,1.0008854875283446,ATM,17.2,0.05534,0.0182539682539682,98.60416025900304,0.022359220013379373,18.104160259003038,18.104160259003038,22.4896400732957,22.4896400732957
2023-08-25,2023-10-20,PUT,4413.905,4405.0,78.4,79.2,78.80000000000001,5,408,56,0.1534246575342465,1.0020215664018162,ATM,17.2,0.05534,0.01788876276958,96.35007464737419,0.021872888682718316,17.550074647374174,17.550074647374174,22.271668334231183,22.271668334231183
2023-08-25,2023-10-20,PUT,4413.905,4400.0,76.7,77.6,77.15,888,18358,56,0.1534246575342465,1.0031602272727271,ATM,17.2,0.05534,0.0175340909090909,94.12906265321885,0.021392968784822466,16.979062653218847,16.979062653218847,22.007858267295976,22.007858267295976
2023-08-25,2023-10-20,PUT,4413.905,4395.0,75.1,76.0,75.55,42,1410,56,0.1534246575342465,1.004301478953356,ATM,17.2,0.05534,0.0171899886234357,91.94108896139574,0.020919474166415413,16.391088961395738,16.391088961395738,21.69568360211216,21.69568360211216
2023-08-25,2023-10-20,PUT,4413.905,4390.0,73.6,74.4,74.0,21,544,56,0.1534246575342465,1.0054453302961277,ATM,17.2,0.05534,0.0168564920273348,89.7861088614643,0.020452416597144488,15.7861088614643,15.7861088614643,21.332579542519323,21.332579542519323
2023-08-25,2023-10-20,PUT,4413.905,4385.0,72.0,72.9,72.45,6,696,56,0.1534246575342465,1.0065917901938426,ATM,17.2,0.05534,0.0165222348916761,87.66406825382978,0.0199918057591402,15.21406825382978,15.21406825382978,20.999404077059737,20.999404077059737
2023-08-25,2023-10-20,PUT,4413.905,4370.0,67.7,68.5,68.1,12,341,56,0.1534246575342465,1.0100469107551486,ATM,17.2,0.05534,0.0155835240274599,81.49490190670372,0.018648718971785747,13.394901906703723,13.394901906703723,19.66945948120958,19.66945948120958
2023-08-25,2023-10-20,PUT,4413.905,4430.0,87.3,88.1,87.69999999999999,4,879,56,0.1534246575342465,0.996366817155756,ATM,17.2,0.05534,0.0197968397291196,107.95161667694742,0.024368310762290613,20.251616676947435,20.251616676947435,23.091923234831743,23.091923234831743
2023-08-25,2023-10-20,PUT,4413.905,4435.0,89.1,89.9,89.5,92,973,56,0.1534246575342465,0.9952435174746336,ATM,17.2,0.05534,0.0201803833145434,110.37127184584097,0.024886419807404952,20.871271845840965,20.871271845840965,23.319856810995493,23.319856810995493
2023-08-25,2023-10-20,PUT,4413.905,4505.0,120.3,121.7,121.0,5,125,56,0.1534246575342465,0.9797791342952274,ATM,17.2,0.05534,0.0268590455049944,147.6948672538083,0.03278465421838142,26.694867253808297,26.694867253808297,22.06187376347793,22.06187376347793
2023-08-25,2023-10-20,PUT,4413.905,4305.0,51.7,52.4,52.05,2,397,56,0.1534246575342465,1.0252973286875726,ATM,17.2,0.05534,0.0120905923344947,58.11118580788957,0.013498533288708378,6.061185807889572,6.061185807889572,11.644929506031838,11.644929506031838
2023-08-25,2023-10-20,PUT,4413.905,4310.0,52.8,53.5,53.15,86,1453,56,0.1534246575342465,1.0241078886310904,ATM,17.2,0.05534,0.0123317865429234,59.72106456028905,0.01385639548962623,6.571064560289052,6.571064560289052,12.363244704212704,12.363244704212704
2023-08-25,2023-10-20,PUT,4413.905,4495.0,115.2,116.4,115.8,2,190,56,0.1534246575342465,0.9819588431590656,ATM,17.2,0.05534,0.025761957730812,141.97304229143992,0.031584659019230236,26.173042291439927,26.173042291439927,22.60193634839372,22.60193634839372
2023-08-25,2023-10-20,PUT,4413.905,4490.0,112.6,113.9,113.25,100,720,56,0.1534246575342465,0.9830523385300668,ATM,17.2,0.05534,0.0252227171492204,139.16027608350123,0.030993379974053725,25.91027608350123,25.91027608350123,22.878830978809034,22.878830978809034
2023-08-25,2023-10-20,PUT,4413.905,4475.0,105.6,106.8,106.2,15,3748,56,0.1534246575342465,0.9863474860335196,ATM,17.2,0.05534,0.0237318435754189,130.9160505222685,0.02925498335693151,24.716050522268503,24.716050522268503,23.273117252606873,23.273117252606873
2023-08-25,2023-10-20,PUT,4413.905,4470.0,103.4,104.5,103.95,1,2295,56,0.1534246575342465,0.9874507829977628,ATM,17.2,0.05534,0.0232550335570469,128.23303132090405,0.02868747904270784,24.283031320904044,24.283031320904044,23.36029949100918,23.36029949100918
2023-08-25,2023-10-20,PUT,4413.905,4465.0,101.2,102.3,101.75,2,128,56,0.1534246575342465,0.9885565509518476,ATM,17.2,0.05534,0.0227883538633818,125.58270139722026,0.0281260249489855,23.832701397220262,23.832701397220262,23.42280235599043,23.42280235599043
2023-08-25,2023-10-20,PUT,4413.905,4460.0,99.0,100.1,99.55,1,712,56,0.1534246575342465,0.989664798206278,ATM,17.2,0.05534,0.0223206278026905,122.96514457500052,0.02757066021860998,23.415144575000525,23.415144575000525,23.520989025615798,23.520989025615798
2023-08-25,2023-10-20,PUT,4413.905,4455.0,96.9,98.0,97.45,2,327,56,0.1534246575342465,0.9907755331088663,ATM,17.2,0.05534,0.0218742985409652,120.38043590611187,0.027021422201147446,22.930435906111867,22.930435906111867,23.530462705091704,23.530462705091704
2023-08-25,2023-10-20,PUT,4413.905,4450.0,94.8,95.9,95.35,272,10027,56,0.1534246575342465,0.9918887640449436,ATM,17.2,0.05534,0.0214269662921348,117.82864157890344,0.026478346422225494,22.47864157890345,22.47864157890345,23.574873181859935,23.574873181859935
2023-08-25,2023-10-20,PUT,4413.905,4445.0,93.0,93.8,93.4,67,390,56,0.1534246575342465,0.9930044994375704,ATM,17.2,0.05534,0.0210123734533183,115.3098188334011,0.025941466554195974,21.90981883340109,21.90981883340109,23.45805014282772,23.45805014282772
2023-08-25,2023-10-20,PUT,4413.905,4500.0,117.7,119.0,118.35,666,16592,56,0.1534246575342465,0.9808677777777776,ATM,17.2,0.05534,0.0263,144.81795073924377,0.03218176683094306,26.467950739243776,26.467950739243776,22.36413243704586,22.36413243704586
2023-08-25,2023-10-20,PUT,4413.905,4560.0,152.4,153.9,153.15,1,257,56,0.1534246575342465,0.9679616228070176,OTM,17.2,0.05534,0.0335855263157894,181.40743828666473,0.03978233295760191,28.257438286664723,28.257438286664723,18.450824868863677,18.450824868863677
2023-08-25,2023-10-20,PUT,4413.905,4555.0,149.2,150.7,149.95,1,428,56,0.1534246575342465,0.9690241492864984,OTM,17.2,0.05534,0.0329198682766191,178.18945779404476,0.039119529702314984,28.239457794044768,28.239457794044768,18.83258272360438,18.83258272360438
2023-08-25,2023-10-20,PUT,4413.905,4550.0,146.1,147.4,146.75,662,5536,56,0.1534246575342465,0.9700890109890108,ATM,17.2,0.05534,0.0322527472527472,175.00151743862534,0.038461871964533045,28.251517438625342,28.251517438625342,19.251459924105855,19.251459924105855
2023-08-25,2023-10-20,PUT,4413.905,4540.0,139.8,141.4,140.60000000000002,4,144,56,0.1534246575342465,0.97222577092511,ATM,17.2,0.05534,0.0309691629955947,168.7166037605998,0.03716224752436119,28.116603760599787,28.116603760599787,19.997584466998422,19.997584466998422
2023-08-25,2023-10-20,PUT,4413.905,4535.0,137.0,138.4,137.7,8,150,56,0.1534246575342465,0.973297684674752,ATM,17.2,0.05534,0.0303638368246968,165.62003767517444,0.036520405220545636,27.920037675174456,27.920037675174456,20.275989597076585,20.275989597076585
2023-08-25,2023-10-20,PUT,4413.905,4525.0,131.2,132.5,131.85,175,2738,56,0.1534246575342465,0.9754486187845304,ATM,17.2,0.05534,0.0291381215469613,159.51965504689315,0.035252962441302355,27.669655046893155,27.669655046893155,20.98570727864479,20.98570727864479
2023-08-25,2023-10-20,PUT,4413.905,4520.0,128.4,129.8,129.10000000000002,15,238,56,0.1534246575342465,0.9765276548672566,ATM,17.2,0.05534,0.0285619469026548,156.51620497972408,0.03462747897781506,27.416204979724057,27.416204979724057,21.23640974417045,21.23640974417045
2023-08-25,2023-10-20,PUT,4413.905,4515.0,125.5,126.9,126.2,2,304,56,0.1534246575342465,0.9776090808416388,ATM,17.2,0.05534,0.0279512735326688,153.54414815389146,0.03400756326775005,27.344148153891453,27.344148153891453,21.667312324795127,21.667312324795127
2023-08-25,2023-10-20,PUT,4413.905,4510.0,122.8,124.2,123.5,27,1428,56,0.1534246575342465,0.9786929046563192,ATM,17.2,0.05534,0.0273835920177383,150.60364970675755,0.03339327044495733,27.10364970675755,27.10364970675755,21.946275066200446,21.946275066200446
2023-08-25,2023-10-20,PUT,4413.905,4210.0,35.1,35.6,35.35,7,443,56,0.1534246575342465,1.0484334916864608,ITM,17.2,0.05534,0.008396674584323,33.06522075781049,0.007853971676439548,-2.284779242189508,2.284779242189508,-6.463307615811903,6.463307615811903
2023-08-25,2023-10-20,PUT,4413.905,4565.0,155.7,157.2,156.45,3,273,56,0.1534246575342465,0.9669014238773276,OTM,17.2,0.05534,0.0342716319824753,184.65523949328826,0.04045021675647059,28.205239493288275,28.205239493288275,18.028277081040763,18.028277081040763
2023-08-25,2023-11-17,PUT,4413.905,4385.0,91.9,92.8,92.35,150,17,84,0.2301369863013698,1.0065917901938426,ATM,17.2,0.0559193548387096,0.0210604332953249,105.3411743936997,0.024023072837787846,12.991174393699708,12.991174393699708,14.067324736004014,14.067324736004014
2023-08-25,2023-11-17,PUT,4413.905,4400.0,96.5,97.5,97.0,731,5921,84,0.2301369863013698,1.0031602272727271,ATM,17.2,0.0559193548387096,0.0220454545454545,111.72474140259192,0.025391986682407254,14.724741402591917,14.724741402591917,15.180145775867956,15.180145775867956
2023-08-25,2023-11-17,PUT,4413.905,4070.0,34.6,35.0,34.8,250,339,84,0.2301369863013698,1.084497542997543,ITM,17.2,0.0559193548387096,0.0085503685503685,22.048011726004233,0.005417201898281139,-12.751988273995764,12.751988273995764,-36.643644465505076,36.643644465505076
2023-08-25,2023-11-17,PUT,4413.905,4060.0,33.6,34.0,33.8,75,291,84,0.2301369863013698,1.087168719211823,ITM,17.2,0.0559193548387096,0.0083251231527093,20.735712042438536,0.005107318237053827,-13.064287957561461,13.064287957561461,-38.651739519412615,38.651739519412615
2023-08-25,2023-11-17,PUT,4413.905,4050.0,32.7,33.1,32.900000000000006,119,4651,84,0.2301369863013698,1.089853086419753,ITM,17.2,0.0559193548387096,0.0081234567901234,19.485667245437924,0.004811275863071092,-13.414332754562082,13.414332754562082,-40.77304788620693,40.77304788620693
2023-08-25,2023-11-17,PUT,4413.905,4045.0,32.2,32.6,32.400000000000006,3,2,84,0.2301369863013698,1.0912002472187885,ITM,17.2,0.0559193548387096,0.0080098887515451,18.883383718820028,0.004668327248163171,-13.516616281179978,13.516616281179978,-41.71795148512338,41.71795148512338
2023-08-25,2023-11-17,PUT,4413.905,4025.0,30.4,30.8,30.6,39,1041,84,0.2301369863013698,1.096622360248447,ITM,17.2,0.0559193548387096,0.0076024844720496,16.620191261810135,0.0041292400650459965,-13.979808738189867,13.979808738189867,-45.68564947120871,45.68564947120871
2023-08-25,2023-11-17,PUT,4413.905,4020.0,29.9,30.3,30.1,251,242,84,0.2301369863013698,1.09798631840796,ITM,17.2,0.0559193548387096,0.0074875621890547,16.089671916316945,0.004002405949332573,-14.010328083683056,14.010328083683056,-46.545940477352346,46.545940477352346
2023-08-25,2023-11-17,PUT,4413.905,4100.0,37.8,38.2,38.0,121,21382,84,0.2301369863013698,1.076562195121951,ITM,17.2,0.0559193548387096,0.0092682926829268,26.377836221696157,0.0064336185906575995,-11.622163778303843,11.622163778303843,-30.58464152185222,30.58464152185222
2023-08-25,2023-10-20,PUT,4413.905,4830.0,381.9,388.3,385.1,1,11,56,0.1534246575342465,0.913851966873706,OTM,17.2,0.05534,0.0797308488612836,392.2375672239159,0.08120860605050019,7.13756722391588,7.13756722391588,1.8534321537044611,1.8534321537044611
2023-08-25,2023-10-20,PUT,4413.905,4810.0,362.8,369.1,365.9500000000001,2,3,56,0.1534246575342465,0.9176517671517672,OTM,17.2,0.05534,0.0760810810810811,374.63567009063763,0.07788683369867726,8.68567009063753,8.68567009063753,2.373458147462092,2.373458147462092
2023-08-25,2023-11-17,PUT,4413.905,4075.0,35.1,35.6,35.35,3,1363,84,0.2301369863013698,1.083166871165644,ITM,17.2,0.0559193548387096,0.0086748466257668,22.728113936852992,0.00557745127284736,-12.62188606314701,12.62188606314701,-35.705476840585604,35.705476840585604
2023-08-25,2023-11-17,PUT,4413.905,4125.0,40.7,41.2,40.95,173,6386,84,0.2301369863013698,1.0700375757575755,ITM,17.2,0.0559193548387096,0.0099272727272727,30.464952812787374,0.007385443106130272,-10.48504718721263,10.48504718721263,-25.604510835684074,25.604510835684074
2023-08-25,2023-11-17,PUT,4413.905,4140.0,42.6,43.1,42.85,2,365,84,0.2301369863013698,1.0661606280193237,ITM,17.2,0.0559193548387096,0.0103502415458937,33.1395159294151,0.008004713992612343,-9.710484070584904,9.710484070584904,-22.661573093547034,22.661573093547034
2023-08-25,2023-11-17,PUT,4413.905,4255.0,60.6,61.4,61.0,2,202,84,0.2301369863013698,1.0373454759106933,ITM,17.2,0.0559193548387096,0.0143360752056404,59.86984939739932,0.014070469893630862,-1.1301506026006791,1.1301506026006791,-1.8527059059027526,1.8527059059027526
2023-08-25,2023-11-17,PUT,4413.905,4250.0,59.7,60.3,60.0,32,7981,84,0.2301369863013698,1.0385658823529411,ITM,17.2,0.0559193548387096,0.0141176470588235,58.45993642946496,0.013755279159874107,-1.5400635705350396,1.5400635705350396,-2.5667726175583994,2.5667726175583994
2023-08-25,2023-11-17,PUT,4413.905,4240.0,57.8,58.6,58.2,2,566,84,0.2301369863013698,1.041015330188679,ITM,17.2,0.0559193548387096,0.0137264150943396,55.71140666746919,0.01313948270459179,-2.4885933325308116,2.4885933325308116,-4.275933561049504,4.275933561049504
2023-08-25,2023-11-17,PUT,4413.905,4230.0,56.1,56.8,56.45,1,1323,84,0.2301369863013698,1.0434763593380614,ITM,17.2,0.0559193548387096,0.0133451536643026,53.0567954788537,0.012542977654575342,-3.393204521146302,3.393204521146302,-6.010991180064308,6.010991180064308
2023-08-25,2023-11-17,PUT,4413.905,4225.0,55.2,55.9,55.55,22,3743,84,0.2301369863013698,1.0447112426035503,ITM,17.2,0.0559193548387096,0.0131479289940828,51.764266826265384,0.01225189747367228,-3.785733173734613,3.785733173734613,-6.815001212843588,6.815001212843588
2023-08-25,2023-11-17,PUT,4413.905,4215.0,53.5,54.2,53.85,1,2,84,0.2301369863013698,1.0471897983392644,ITM,17.2,0.0559193548387096,0.0127758007117437,49.247847124921805,0.011683949495829609,-4.602152875078197,4.602152875078197,-8.546244893367124,8.546244893367124
2023-08-25,2023-11-17,PUT,4413.905,4210.0,52.7,53.4,53.05,60,2235,84,0.2301369863013698,1.0484334916864608,ITM,17.2,0.0559193548387096,0.0126009501187648,48.0235792825099,0.011407025957840832,-5.0264207174900974,5.0264207174900974,-9.47487411402469,9.47487411402469
2023-08-25,2023-11-17,PUT,4413.905,4200.0,51.1,51.7,51.400000000000006,410,15416,84,0.2301369863013698,1.050929761904762,ITM,17.2,0.0559193548387096,0.0122380952380952,45.641961028740866,0.010867133578271635,-5.75803897125914,5.75803897125914,-11.202410449920505,11.202410449920505
2023-08-25,2023-11-17,PUT,4413.905,4130.0,41.4,41.8,41.6,5,198,84,0.2301369863013698,1.068742130750605,ITM,17.2,0.0559193548387096,0.0100726392251815,31.33748094053226,0.007587767782211201,-10.262519059467742,10.262519059467742,-24.66951696987438,24.66951696987438
2023-08-25,2023-11-17,PUT,4413.905,4080.0,35.6,36.1,35.85,2,123,84,0.2301369863013698,1.0818394607843136,ITM,17.2,0.0559193548387096,0.0087867647058823,23.42450776186797,0.005741300922026463,-12.42549223813203,12.42549223813203,-34.65967151501264,34.65967151501264
2023-08-25,2023-10-20,PUT,238.33,230.0,14.4,14.5,14.45,1643,14143,56,0.1534246575342465,1.0362173913043478,ITM,17.2,0.05534,0.0628260869565217,2.4230805051371647,0.01053513263103115,-12.026919494862835,12.026919494862835,-83.23127678105769,83.23127678105769
2023-08-25,2023-10-20,PUT,238.33,235.0,16.6,16.7,16.65,2420,4778,56,0.1534246575342465,1.014170212765957,ATM,17.2,0.05534,0.0708510638297872,4.026283230710334,0.017133120130682272,-12.623716769289665,12.623716769289665,-75.81811873447246,75.81811873447246
2023-08-25,2023-11-17,PUT,238.33,240.0,22.55,22.65,22.6,841,3729,84,0.2301369863013698,0.9930416666666666,ATM,17.2,0.0559193548387096,0.0941666666666666,7.140555507927786,0.029752314616365776,-15.459444492072215,15.459444492072215,-68.40462164633723,68.40462164633723
2023-08-25,2023-10-20,PUT,238.33,220.0,10.6,10.7,10.65,3473,15694,56,0.1534246575342465,1.0833181818181818,ITM,17.2,0.05534,0.0484090909090909,0.6786960376568985,0.0030849819893495386,-9.971303962343102,9.971303962343102,-93.6272672520479,93.6272672520479
2023-08-25,2023-10-06,PUT,238.33,255.0,24.5,24.75,24.625,6,3,42,0.1150684931506849,0.934627450980392,OTM,17.2,0.05548,0.0965686274509804,16.133469660675985,0.06326850847323916,-8.491530339324015,8.491530339324015,-34.48337193634118,34.48337193634118
2023-08-25,2023-10-06,PUT,238.33,250.0,21.3,21.55,21.425,9,8,42,0.1150684931506849,0.95332,OTM,17.2,0.05548,0.0857,12.07311929643268,0.048292477185730716,-9.351880703567321,9.351880703567321,-43.64938484745541,43.64938484745541
2023-08-25,2023-10-06,PUT,238.33,245.0,18.4,18.6,18.5,40,2,42,0.1150684931506849,0.9727755102040816,ATM,17.2,0.05548,0.0755102040816326,8.528165857269073,0.03480884023375132,-9.971834142730927,9.971834142730927,-53.90180617692393,53.90180617692393
2023-08-25,2023-10-06,PUT,238.33,240.0,15.65,15.9,15.775,51,8,42,0.1150684931506849,0.9930416666666666,ATM,17.2,0.05548,0.0657291666666666,5.620002208536675,0.023416675868902816,-10.154997791463325,10.154997791463325,-64.37399550848383,64.37399550848383
2023-08-25,2023-10-06,PUT,238.33,235.0,13.25,13.5,13.375,142,12,42,0.1150684931506849,1.014170212765957,ATM,17.2,0.05548,0.0569148936170212,3.4116953178097447,0.01451785241621168,-9.963304682190255,9.963304682190255,-74.49199762385237,74.49199762385237
2023-08-25,2023-10-06,PUT,238.33,230.0,11.15,11.4,11.275,156,31,42,0.1150684931506849,1.0362173913043478,ITM,17.2,0.05548,0.0490217391304347,1.8826759182650434,0.00818554747071758,-9.392324081734957,9.392324081734957,-83.30220915064264,83.30220915064264
2023-08-25,2023-10-06,PUT,238.33,225.0,9.25,9.5,9.375,42,32,42,0.1150684931506849,1.0592444444444444,ITM,17.2,0.05548,0.0416666666666666,0.9314470025227237,0.00413976445565655,-8.443552997477276,8.443552997477276,-90.06456530642427,90.06456530642427
2023-08-25,2023-10-06,PUT,238.33,220.0,7.65,7.85,7.75,1060,67,42,0.1150684931506849,1.0833181818181818,ITM,17.2,0.05548,0.0352272727272727,0.4073352943349562,0.0018515240651588917,-7.342664705665044,7.342664705665044,-94.74406071825862,94.74406071825862
2023-08-25,2023-10-20,PUT,238.33,225.0,12.4,12.5,12.45,697,4661,56,0.1534246575342465,1.0592444444444444,ITM,17.2,0.05534,0.0553333333333333,1.3430390324616397,0.005969062366496176,-11.10696096753836,11.10696096753836,-89.21253789187438,89.21253789187438
2023-08-25,2023-09-29,PUT,238.33,260.0,25.85,27.0,26.425,94,88,35,0.0958904109589041,0.916653846153846,OTM,17.2,0.0555499999999999,0.1016346153846153,20.64718776146782,0.07941226062103007,-5.7778122385321815,5.7778122385321815,-21.86494697646994,21.86494697646994
2023-08-25,2023-11-17,PUT,238.33,235.0,20.1,20.2,20.15,193,5291,84,0.2301369863013698,1.014170212765957,ATM,17.2,0.0559193548387096,0.0857446808510638,4.980006617537924,0.021191517521437976,-15.169993382462074,15.169993382462074,-75.28532696010956,75.28532696010956
2023-08-25,2023-11-17,PUT,238.33,230.0,17.8,17.9,17.85,841,4827,84,0.2301369863013698,1.0362173913043478,ITM,17.2,0.0559193548387096,0.0776086956521739,3.304373463949318,0.014366841147605731,-14.545626536050683,14.545626536050683,-81.48810384342119,81.48810384342119
2023-08-25,2023-11-17,PUT,238.33,225.0,15.75,15.85,15.8,284,4288,84,0.2301369863013698,1.0592444444444444,ITM,17.2,0.0559193548387096,0.0702222222222222,2.073622951950547,0.009216102008669099,-13.726377048049454,13.726377048049454,-86.87580410157881,86.87580410157881
2023-08-25,2023-11-17,PUT,238.33,220.0,13.85,13.9,13.875,251,5917,84,0.2301369863013698,1.0833181818181818,ITM,17.2,0.0559193548387096,0.0630681818181818,1.2229863271403545,0.005559028759728884,-12.652013672859646,12.652013672859646,-91.18568412871817,91.18568412871817
2023-08-25,2023-10-20,PUT,238.33,260.0,30.55,31.3,30.925,79,6610,56,0.1534246575342465,0.916653846153846,OTM,17.2,0.05534,0.1189423076923077,20.47617090405342,0.07875450347712853,-10.448829095946582,10.448829095946582,-33.78764461098329,33.78764461098329
2023-08-25,2023-10-20,PUT,238.33,255.0,27.65,27.8,27.725,43,2978,56,0.1534246575342465,0.934627450980392,OTM,17.2,0.05534,0.1087254901960784,16.24414171566906,0.06370251653203553,-11.480858284330942,11.480858284330942,-41.40976838352008,41.40976838352008
2023-08-25,2023-10-20,PUT,238.33,250.0,24.55,24.65,24.6,169,10776,56,0.1534246575342465,0.95332,OTM,17.2,0.05534,0.0984,12.392229534226828,0.049568918136907315,-12.207770465773173,12.207770465773173,-49.62508319419989,49.62508319419989
2023-08-25,2023-10-20,PUT,238.33,245.0,21.7,21.8,21.75,377,2769,56,0.1534246575342465,0.9727755102040816,ATM,17.2,0.05534,0.0887755102040816,9.023895596135674,0.03683222692300275,-12.726104403864326,12.726104403864326,-58.51082484535323,58.51082484535323
2023-08-25,2023-10-20,PUT,238.33,240.0,19.05,19.15,19.1,881,7526,56,0.1534246575342465,0.9930416666666666,ATM,17.2,0.05534,0.0795833333333333,6.221690335510019,0.025923709731291746,-12.878309664489983,12.878309664489983,-67.42570504968576,67.42570504968576
2023-08-25,2023-11-17,PUT,4413.905,4195.0,50.4,51.0,50.7,49,17,84,0.2301369863013698,1.052182359952324,ITM,17.2,0.0559193548387096,0.0120858164481525,44.48421453955791,0.010604103585115116,-6.215785460442092,6.215785460442092,-12.259931874639232,12.259931874639232
2023-08-25,2023-12-15,PUT,238.33,260.0,36.3,37.2,36.75,14,4599,112,0.3068493150684931,0.916653846153846,OTM,17.2,0.0559645161290322,0.1413461538461538,20.416309455583985,0.07852426713686148,-16.333690544416015,16.333690544416015,-44.44541644739052,44.44541644739052
2023-08-25,2023-11-17,PUT,4413.905,4190.0,49.6,50.2,49.900000000000006,1,2152,84,0.2301369863013698,1.0534379474940334,ITM,17.2,0.0559193548387096,0.0119093078758949,43.34824073595178,0.010345642180418085,-6.551759264048229,6.551759264048229,-13.129778084264986,13.129778084264986
2023-08-25,2023-11-17,PUT,4413.905,4175.0,47.3,48.0,47.65,81,4615,84,0.2301369863013698,1.057222754491018,ITM,17.2,0.0559193548387096,0.0114131736526946,40.06888744537582,0.009597338310269658,-7.581112554624177,7.581112554624177,-15.909994868046542,15.909994868046542
2023-08-25,2023-11-17,PUT,4413.905,4490.0,130.2,131.4,130.8,2,149,84,0.2301369863013698,0.9830523385300668,ATM,17.2,0.0559193548387096,0.02913140311804,155.09457158241867,0.0345422208424095,24.294571582418655,24.294571582418655,18.573831485029554,18.573831485029554
2023-08-25,2023-11-17,PUT,4413.905,4365.0,86.1,87.0,86.55,2,631,84,0.2301369863013698,1.0112038946162656,ATM,17.2,0.0559193548387096,0.019828178694158,97.20333189030771,0.022268804556771524,10.653331890307712,10.653331890307712,12.308875667599898,12.308875667599898
2023-08-25,2023-11-17,PUT,4413.905,4360.0,84.7,85.6,85.15,3,109,84,0.2301369863013698,1.0123635321100917,ATM,17.2,0.0559193548387096,0.0195298165137614,95.23525621602289,0.021842948673399747,10.085256216022884,10.085256216022884,11.844105949527755,11.844105949527755
2023-08-25,2023-11-17,PUT,4413.905,4355.0,83.4,84.3,83.85,2,471,84,0.2301369863013698,1.0135258323765786,ATM,17.2,0.0559193548387096,0.0192537313432835,93.29361402955715,0.02142218462217156,9.443614029557153,9.443614029557153,11.262509277945323,11.262509277945323
2023-08-25,2023-11-17,PUT,4413.905,4350.0,82.1,82.8,82.44999999999999,279,1900,84,0.2301369863013698,1.014690804597701,ATM,17.2,0.0559193548387096,0.0189540229885057,91.37833628992462,0.021006514089637843,8.92833628992463,8.92833628992463,10.828788708216655,10.828788708216655
2023-08-25,2023-11-17,PUT,4413.905,4335.0,78.2,79.0,78.6,7,114,84,0.2301369863013698,1.01820184544406,ATM,17.2,0.0559193548387096,0.0181314878892733,85.7899246186289,0.019790063349164683,7.189924618628908,7.189924618628908,9.147486792148738,9.147486792148738
2023-08-25,2023-11-17,PUT,4413.905,4330.0,76.9,77.8,77.35,1,361,84,0.2301369863013698,1.019377598152425,ATM,17.2,0.0559193548387096,0.0178637413394919,83.97931481660771,0.019394760927623027,6.629314816607717,6.629314816607717,8.570542749331246,8.570542749331246
2023-08-25,2023-11-17,PUT,4413.905,4325.0,75.7,76.5,76.1,5,973,84,0.2301369863013698,1.0205560693641618,ATM,17.2,0.0559193548387096,0.0175953757225433,82.1946499296796,0.019004543336342102,6.094649929679605,6.094649929679605,8.008738409565842,8.008738409565842
2023-08-25,2023-11-17,PUT,4413.905,4315.0,73.3,74.2,73.75,2,937,84,0.2301369863013698,1.0229212050984935,ATM,17.2,0.0559193548387096,0.0170915411355735,78.70275589400353,0.01823934087925922,4.952755894003531,4.952755894003531,6.715601212208177,6.715601212208177
2023-08-25,2023-11-17,PUT,4413.905,4495.0,132.4,133.6,133.0,1,24,84,0.2301369863013698,0.9819588431590656,ATM,17.2,0.0559193548387096,0.0295884315906562,157.75761216184537,0.03509624297260186,24.757612161845373,24.757612161845373,18.614745986349906,18.614745986349906
2023-08-25,2023-11-17,PUT,4413.905,4300.0,69.9,70.6,70.25,1613,10757,84,0.2301369863013698,1.0264895348837209,ATM,17.2,0.0559193548387096,0.0163372093023255,73.65688294318761,0.01712950766120642,3.406882943187611,3.406882943187611,4.849655435142507,4.849655435142507
2023-08-25,2023-11-17,PUT,4413.905,4275.0,64.6,65.3,64.94999999999999,57,982,84,0.2301369863013698,1.032492397660819,ITM,17.2,0.0559193548387096,0.0151929824561403,65.75095244313275,0.01538033975277959,0.8009524431327577,0.8009524431327577,1.2331831303044771,1.2331831303044771
2023-08-25,2023-11-17,PUT,4413.905,4375.0,89.0,89.9,89.45,281,996,84,0.2301369863013698,1.0088925714285717,ATM,17.2,0.0559193548387096,0.0204457142857142,101.21903477492901,0.02313577937712663,11.769034774929011,11.769034774929011,13.157109865767481,13.157109865767481
2023-08-25,2023-11-17,PUT,4413.905,4380.0,90.4,91.4,90.9,1,664,84,0.2301369863013698,1.0077408675799089,ATM,17.2,0.0559193548387096,0.0207534246575342,103.26677492036288,0.023576889251224403,12.366774920362872,12.366774920362872,13.604812893688528,13.604812893688528
2023-08-25,2023-11-17,PUT,4413.905,4475.0,123.8,125.0,124.4,75,1914,84,0.2301369863013698,0.9863474860335196,ATM,17.2,0.0559193548387096,0.0277988826815642,147.26446092488095,0.0329082594245544,22.864460924880945,22.864460924880945,18.379791740257993,18.379791740257993
2023-08-25,2023-11-17,PUT,4413.905,4470.0,121.7,122.9,122.3,2,163,84,0.2301369863013698,0.9874507829977628,ATM,17.2,0.0559193548387096,0.0273601789709172,144.70761275615632,0.03237306773068374,22.407612756156325,22.407612756156325,18.321841991951207,18.321841991951207
2023-08-25,2023-11-17,PUT,4413.905,4450.0,113.9,114.9,114.4,46,3395,84,0.2301369863013698,0.9918887640449436,ATM,17.2,0.0559193548387096,0.0257078651685393,134.74736005741488,0.030280305630879748,20.347360057414875,20.347360057414875,17.786153896341673,17.786153896341673
2023-08-25,2023-11-17,PUT,4413.905,4440.0,110.2,111.2,110.7,2,851,84,0.2301369863013698,0.9941227477477476,ATM,17.2,0.0559193548387096,0.0249324324324324,129.92797716834093,0.029263057920797506,19.227977168340928,19.227977168340928,17.36944640319867,17.36944640319867
2023-08-25,2023-11-17,PUT,4413.905,4415.0,101.4,102.4,101.9,3,289,84,0.2301369863013698,0.9997519818799546,ATM,17.2,0.0559193548387096,0.0230804077010192,118.3495141865667,0.026806231978837303,16.449514186566688,16.449514186566688,16.142800968171432,16.142800968171432
2023-08-25,2023-11-17,PUT,4413.905,4405.0,98.1,99.1,98.6,1,51,84,0.2301369863013698,1.0020215664018162,ATM,17.2,0.0559193548387096,0.0223836549375709,113.90616538152722,0.025858380336328538,15.306165381527222,15.306165381527222,15.523494301751747,15.523494301751747
2023-08-25,2023-11-17,PUT,4413.905,4280.0,65.6,66.4,66.0,417,331,84,0.2301369863013698,1.0312862149532709,ITM,17.2,0.0559193548387096,0.0154205607476635,67.28236443437663,0.015720178606162764,1.2823644343766318,1.2823644343766318,1.9429764157221694,1.9429764157221694
2023-08-25,2023-11-17,PUT,4413.905,4700.0,258.7,264.0,261.35,1,331,84,0.2301369863013698,0.9391287234042552,OTM,17.2,0.0559193548387096,0.0556063829787234,288.4264001552656,0.0613673191819714,27.07640015526556,27.07640015526556,10.36020667888485,10.36020667888485
2023-08-25,2023-11-17,PUT,4413.905,4600.0,188.7,190.4,189.55,13,3348,84,0.2301369863013698,0.9595445652173912,OTM,17.2,0.0559193548387096,0.0412065217391304,219.64123858958237,0.04774809534556138,30.09123858958236,30.09123858958236,15.875092898750916,15.875092898750916
2023-08-25,2023-11-17,PUT,4413.905,4500.0,134.7,135.9,135.3,552,3195,84,0.2301369863013698,0.9808677777777776,ATM,17.2,0.0559193548387096,0.0300666666666666,160.44705047501384,0.03565490010555863,25.147050475013828,25.147050475013828,18.586142257955526,18.586142257955526
2023-08-25,2023-11-17,PUT,4413.905,4170.0,46.6,47.2,46.900000000000006,1,156,84,0.2301369863013698,1.0584904076738608,ITM,17.2,0.0559193548387096,0.0112470023980815,39.01792292901246,0.00935681605012289,-7.882077070987549,7.882077070987549,-16.806134479717585,16.806134479717585
2023-08-25,2023-11-17,PUT,4413.905,4160.0,45.2,45.8,45.5,26,1064,84,0.2301369863013698,1.0610348557692306,ITM,17.2,0.0559193548387096,0.0109375,36.9779322015562,0.008888926009989471,-8.5220677984438,8.5220677984438,-18.72981933723912,18.72981933723912
2023-08-25,2023-11-17,PUT,4413.905,4155.0,44.6,45.1,44.85,1,417,84,0.2301369863013698,1.0623116726835138,ITM,17.2,0.0559193548387096,0.0107942238267148,35.988467208704265,0.008661484286090076,-8.861532791295737,8.861532791295737,-19.75815561046987,19.75815561046987
2023-08-25,2023-11-17,PUT,4413.905,4150.0,43.9,44.4,44.15,321,9266,84,0.2301369863013698,1.06359156626506,ITM,17.2,0.0559193548387096,0.0106385542168674,35.019059624808506,0.008438327620435785,-9.130940375191493,9.130940375191493,-20.681631653887866,20.681631653887866
2023-08-25,2023-10-20,PUT,4413.905,4790.0,343.4,349.8,346.6,1,15,56,0.1534246575342465,0.921483298538622,OTM,17.2,0.05534,0.0723590814196242,357.2762860961411,0.07458795116829668,10.676286096141098,10.676286096141098,3.0802902758629824,3.0802902758629824
2023-08-25,2023-10-20,PUT,4413.905,4615.0,189.3,194.4,191.85,5,245,56,0.1534246575342465,0.9564257854821234,OTM,17.2,0.05534,0.0415709642470205,218.72107360224527,0.04739351540677037,26.871073602245275,26.871073602245275,14.006293251105173,14.006293251105173
2023-08-25,2023-10-20,PUT,4413.905,4600.0,178.3,183.0,180.65,23,13764,56,0.1534246575342465,0.9595445652173912,OTM,17.2,0.05534,0.0392717391304347,208.2051846163631,0.045261996655731114,27.555184616363107,27.555184616363107,15.25335434063831,15.25335434063831
2023-08-25,2023-10-20,PUT,4413.905,4580.0,164.0,168.6,166.3,22,283,56,0.1534246575342465,0.9637347161572052,OTM,17.2,0.05534,0.0363100436681222,194.5752843525661,0.04248368653986159,28.275284352566075,28.275284352566075,17.002576279354223,17.002576279354223
2023-08-25,2023-10-20,PUT,4413.905,4575.0,160.8,165.4,163.10000000000002,5,3202,56,0.1534246575342465,0.9647879781420764,OTM,17.2,0.05534,0.0356502732240437,191.23939656516632,0.041800960997850564,28.139396565166294,28.139396565166294,17.252848905681354,17.252848905681354
2023-08-25,2023-11-17,PUT,4413.905,4260.0,61.6,62.3,61.95,11,421,84,0.2301369863013698,1.0361279342723004,ITM,17.2,0.0559193548387096,0.0145422535211267,61.30374870879791,0.014390551340093406,-0.6462512912020912,0.6462512912020912,-1.0431820681228268,1.0431820681228268
2023-08-25,2023-10-20,PUT,4413.905,4570.0,157.3,161.8,159.55,2,84,56,0.1534246575342465,0.965843544857768,OTM,17.2,0.05534,0.0349124726477024,187.93263599548072,0.041123115097479374,28.38263599548071,28.38263599548071,17.78917956470117,17.78917956470117
2023-08-25,2023-11-17,PUT,4413.905,4270.0,63.5,64.3,63.9,50,722,84,0.2301369863013698,1.0337014051522249,ITM,17.2,0.0559193548387096,0.0149648711943793,64.24414551512314,0.01504546733375249,0.34414551512313807,0.34414551512313807,0.5385688812568671,0.5385688812568671
2023-08-25,2023-11-17,PUT,4413.905,4595.0,185.6,187.3,186.45,10,3,84,0.2301369863013698,0.960588683351469,OTM,17.2,0.0559193548387096,0.0405767138193688,216.4440248578835,0.04710424915296703,29.994024857883517,29.994024857883517,16.086899896960855,16.086899896960855
2023-08-25,2023-11-17,PUT,4413.905,4580.0,176.4,178.1,177.25,4,91,84,0.2301369863013698,0.9637347161572052,OTM,17.2,0.0559193548387096,0.0387008733624454,206.99831868588944,0.04519613945106756,29.748318685889444,29.748318685889444,16.78325454775145,16.78325454775145
2023-08-25,2023-11-17,PUT,4413.905,4575.0,173.5,175.3,174.4,7,237,84,0.2301369863013698,0.9647879781420764,OTM,17.2,0.0559193548387096,0.0381202185792349,203.89886333277127,0.04456805755907569,29.498863332771265,29.498863332771265,16.914485855946825,16.914485855946825
2023-08-25,2023-11-17,PUT,4413.905,4565.0,167.7,169.4,168.55,4,27,84,0.2301369863013698,0.9669014238773276,OTM,17.2,0.0559193548387096,0.0369222343921139,197.77443030662698,0.04332408111864775,29.22443030662697,29.22443030662697,17.3387305289985,17.3387305289985
2023-08-25,2023-11-17,PUT,4413.905,4560.0,164.9,166.5,165.7,1,220,84,0.2301369863013698,0.9679616228070176,OTM,17.2,0.0559193548387096,0.0363377192982456,194.74970959350867,0.04270826964769927,29.04970959350868,29.04970959350868,17.53150850543674,17.53150850543674
2023-08-25,2023-11-17,PUT,4413.905,4550.0,159.4,161.0,160.2,1,3593,84,0.2301369863013698,0.9700890109890108,ATM,17.2,0.0559193548387096,0.0352087912087912,188.77587488976042,0.041489203272474816,28.575874889760428,28.575874889760428,17.837624775131353,17.837624775131353
2023-08-25,2023-11-17,PUT,4413.905,4535.0,151.4,153.1,152.25,1,7,84,0.2301369863013698,0.973297684674752,ATM,17.2,0.0559193548387096,0.0335722160970231,180.0058719049798,0.03969258476405288,27.755871904979813,27.755871904979813,18.23045773726096,18.23045773726096
2023-08-25,2023-11-17,PUT,4413.905,4520.0,144.0,145.4,144.7,5,94,84,0.2301369863013698,0.9765276548672566,ATM,17.2,0.0559193548387096,0.0320132743362831,171.46732737918592,0.03793524942017387,26.76732737918593,26.76732737918593,18.4984985343372,18.4984985343372
2023-08-25,2023-11-17,PUT,4413.905,4515.0,141.7,142.9,142.3,1,12,84,0.2301369863013698,0.9776090808416388,ATM,17.2,0.0559193548387096,0.0315171650055371,168.67303611316265,0.03735836901731177,26.37303611316264,26.37303611316264,18.533405560901365,18.533405560901365
2023-08-25,2023-11-17,PUT,4413.905,4180.0,48.1,48.7,48.400000000000006,22,1165,84,0.2301369863013698,1.0559581339712918,ITM,17.2,0.0559193548387096,0.011578947368421,41.14078672148196,0.009842293474038746,-7.259213278518047,7.259213278518047,-14.998374542392657,14.998374542392657
2023-08-25,2023-09-29,PUT,4413.905,4310.0,37.3,37.6,37.45,82,393,35,0.0958904109589041,1.0241078886310904,ATM,17.2,0.0555499999999999,0.0086890951276102,42.531109360985056,0.009868006812293516,5.081109360985053,5.081109360985053,13.567715249626309,13.567715249626309
2023-08-25,2023-08-30,PUT,4413.905,4440.0,37.9,38.2,38.05,23,298,5,0.0136986301369863,0.9941227477477476,ATM,17.2,0.0556,0.0085698198198198,48.04558200273277,0.010821077027642517,9.995582002732775,9.995582002732775,26.269597904685348,26.269597904685348
2023-08-25,2023-08-30,PUT,4413.905,4450.0,44.1,45.5,44.8,85,768,5,0.0136986301369863,0.9918887640449436,ATM,17.2,0.0556,0.010067415730337,54.29890391990011,0.01220200088087643,9.498903919900116,9.498903919900116,21.20291053549133,21.20291053549133
2023-08-25,2023-12-15,PUT,4413.905,4100.0,51.7,52.2,51.95,875,51643,112,0.3068493150684931,1.076562195121951,ITM,17.2,0.0559645161290322,0.012670731707317,36.455507964370554,0.008891587308383062,-15.494492035629449,15.494492035629449,-29.825778701885366,29.825778701885366
2023-08-25,2023-12-15,PUT,4413.905,4090.0,50.5,51.0,50.75,2,194,112,0.3068493150684931,1.0791943765281171,ITM,17.2,0.0559645161290322,0.0124083129584352,34.69725515087828,0.008483436467207403,-16.052744849121723,16.052744849121723,-31.631024333244774,31.631024333244774
2023-08-25,2023-12-15,PUT,4413.905,4075.0,48.6,49.1,48.85,1807,10423,112,0.3068493150684931,1.083166871165644,ITM,17.2,0.0559645161290322,0.0119877300613496,32.181588274546016,0.007897322275962213,-16.668411725453986,16.668411725453986,-34.12162072764378,34.12162072764378
2023-08-25,2023-12-15,PUT,4413.905,4060.0,46.9,47.3,47.1,2,332,112,0.3068493150684931,1.087168719211823,ITM,17.2,0.0559645161290322,0.0116009852216748,29.80773805214858,0.007341807402007039,-17.292261947851422,17.292261947851422,-36.71393194872913,36.71393194872913
2023-08-25,2023-12-15,PUT,4413.905,4050.0,45.7,46.2,45.95,564,19534,112,0.3068493150684931,1.089853086419753,ITM,17.2,0.0559645161290322,0.0113456790123456,28.301576172819637,0.006988043499461639,-17.648423827180366,17.648423827180366,-38.407886457411024,38.407886457411024
2023-08-25,2023-12-15,PUT,4413.905,4040.0,44.6,45.1,44.85,3,1276,112,0.3068493150684931,1.092550742574257,ITM,17.2,0.0559645161290322,0.0111014851485148,26.854855010733104,0.006647241339290373,-17.995144989266898,17.995144989266898,-40.12295426815362,40.12295426815362
2023-08-25,2023-12-15,PUT,4413.905,4025.0,43.0,43.5,43.25,1144,5496,112,0.3068493150684931,1.096622360248447,ITM,17.2,0.0559645161290322,0.0107453416149068,24.793046141855996,0.006159763016610185,-18.456953858144004,18.456953858144004,-42.67503782229828,42.67503782229828
2023-08-25,2023-12-15,PUT,4413.905,4175.0,62.4,63.0,62.7,30,3523,112,0.3068493150684931,1.057222754491018,ITM,17.2,0.0559645161290322,0.0150179640718562,51.856046492922246,0.01242060993842449,-10.843953507077757,10.843953507077757,-17.294981669980473,17.294981669980473
2023-08-25,2023-12-15,PUT,4413.905,4750.0,297.9,303.1,300.5,2,768,112,0.3068493150684931,0.9292431578947368,OTM,17.2,0.0559645161290322,0.0632631578947368,329.3283809448835,0.06933229072523864,28.82838094488352,28.82838094488352,9.593471196300673,9.593471196300673
2023-08-25,2023-12-15,PUT,4413.905,4110.0,53.0,53.5,53.25,1,159,112,0.3068493150684931,1.073942822384428,ITM,17.2,0.0559645161290322,0.012956204379562,38.28029938390159,0.009313941455937128,-14.969700616098407,14.969700616098407,-28.112113833048653,28.112113833048653
2023-08-25,2023-12-15,PUT,4413.905,4350.0,98.6,99.3,98.95,1839,15274,112,0.3068493150684931,1.014690804597701,ATM,17.2,0.0559645161290322,0.0227471264367816,105.18336649565185,0.024180084251873988,6.23336649565185,6.23336649565185,6.299511364984185,6.299511364984185
2023-08-25,2023-12-15,PUT,4413.905,4330.0,93.5,94.2,93.85,1,146,112,0.3068493150684931,1.019377598152425,ATM,17.2,0.0559645161290322,0.0216743648960739,97.74508915998285,0.022573923593529527,3.8950891599828594,3.8950891599828594,4.150334746918338,4.150334746918338
2023-08-25,2023-12-15,PUT,4413.905,4325.0,92.3,93.0,92.65,1,2064,112,0.3068493150684931,1.0205560693641618,ATM,17.2,0.0559645161290322,0.021421965317919,95.94185922069914,0.022183088837155873,3.2918592206991377,3.2918592206991377,3.553005095196047,3.553005095196047
2023-08-25,2023-12-15,PUT,4413.905,4320.0,91.1,91.8,91.45,3,92,112,0.3068493150684931,1.0217372685185184,ATM,17.2,0.0559645161290322,0.0211689814814814,94.16103658641782,0.02179653624685598,2.711036586417819,2.711036586417819,2.9645014613644824,2.9645014613644824
2023-08-25,2023-12-15,PUT,4413.905,4300.0,86.4,86.9,86.65,1746,42064,112,0.3068493150684931,1.0264895348837209,ATM,17.2,0.0559645161290322,0.0201511627906976,87.26037612307232,0.020293110726295888,0.6103761230723137,0.6103761230723137,0.7044156065462363,0.7044156065462363
2023-08-25,2023-12-15,PUT,4413.905,4275.0,80.9,81.4,81.15,4,7680,112,0.3068493150684931,1.032492397660819,ITM,17.2,0.0559645161290322,0.0189824561403508,79.12941642216128,0.01850980501103188,-2.020583577838721,2.020583577838721,-2.489936633196206,2.489936633196206
2023-08-25,2023-12-15,PUT,4413.905,4250.0,75.7,76.3,76.0,902,19003,112,0.3068493150684931,1.0385658823529411,ITM,17.2,0.0559645161290322,0.0178823529411764,71.53757080380342,0.01683236960089492,-4.462429196196581,4.462429196196581,-5.871617363416554,5.871617363416554
2023-08-25,2023-12-15,PUT,4413.905,4240.0,73.8,74.4,74.1,1,481,112,0.3068493150684931,1.041015330188679,ITM,17.2,0.0559645161290322,0.0174764150943396,68.64888028817631,0.016190773652871773,-5.451119711823679,5.451119711823679,-7.356436858061646,7.356436858061646
2023-08-25,2023-12-15,PUT,4413.905,4225.0,71.0,71.5,71.25,20,15475,112,0.3068493150684931,1.0447112426035503,ITM,17.2,0.0559645161290322,0.0168639053254437,64.47161219965574,0.01525955318335047,-6.778387800344262,6.778387800344262,-9.51352673732528,9.51352673732528
2023-08-25,2023-12-15,PUT,4413.905,4220.0,70.1,70.7,70.4,20,264,112,0.3068493150684931,1.0459490521327013,ITM,17.2,0.0559645161290322,0.0166824644549763,63.120241401486055,0.014957403175707595,-7.279758598513951,7.279758598513951,-10.340566191070952,10.340566191070952
2023-08-25,2023-12-15,PUT,4413.905,4340.0,96.0,96.8,96.4,4,215,112,0.3068493150684931,1.017028801843318,ATM,17.2,0.0559645161290322,0.0222119815668202,101.41903425435635,0.023368441072432338,5.019034254356342,5.019034254356342,5.206467068834379,5.206467068834379
2023-08-25,2023-12-15,PUT,4413.905,4210.0,68.3,68.9,68.6,20,279,112,0.3068493150684931,1.0484334916864608,ITM,17.2,0.0559645161290322,0.0162945368171021,60.478317697760986,0.0143653961277342,-8.121682302239009,8.121682302239009,-11.839187029502929,11.839187029502929
2023-08-25,2023-12-15,PUT,4413.905,4125.0,55.0,55.6,55.3,4,5091,112,0.3068493150684931,1.0700375757575755,ITM,17.2,0.0559645161290322,0.0134060606060606,41.14524404029737,0.009974604615829665,-14.154755959702626,14.154755959702626,-25.59630372459788,25.59630372459788
2023-08-25,2023-12-15,PUT,4413.905,4140.0,57.1,57.7,57.400000000000006,2,180,112,0.3068493150684931,1.0661606280193237,ITM,17.2,0.0559645161290322,0.0138647342995169,44.16753067660909,0.010668485670678523,-13.232469323390916,13.232469323390916,-23.053082444931906,23.053082444931906
2023-08-25,2023-12-15,PUT,4413.905,4450.0,129.6,130.2,129.89999999999998,1036,22053,112,0.3068493150684931,0.9918887640449436,ATM,17.2,0.0559645161290322,0.029191011235955,147.86960985042924,0.03322912580908522,17.969609850429265,17.969609850429265,13.833417898713833,13.833417898713833
2023-08-25,2023-12-15,PUT,4413.905,4525.0,159.7,160.8,160.25,6,4689,112,0.3068493150684931,0.9754486187845304,ATM,17.2,0.0559645161290322,0.0354143646408839,185.93024547553205,0.0410895570111673,25.680245475532047,25.680245475532047,16.025114181299248,16.025114181299248
2023-08-25,2023-12-15,PUT,4413.905,4425.0,121.0,121.6,121.3,754,1822,112,0.3068493150684931,0.9974926553672316,ATM,17.2,0.0559645161290322,0.027412429378531,136.33311819163487,0.030809744224098275,15.03311819163487,15.03311819163487,12.393337338528335,12.393337338528335
2023-08-25,2023-12-15,PUT,4413.905,4420.0,119.2,120.1,119.65,12,187,112,0.3068493150684931,0.9986210407239818,ATM,17.2,0.0559645161290322,0.0270701357466063,134.09518261679455,0.030338276610134513,14.44518261679454,14.44518261679454,12.072864702711692,12.072864702711692
2023-08-25,2023-12-15,PUT,4413.905,4410.0,116.0,116.9,116.45,3,745,112,0.3068493150684931,1.0008854875283446,ATM,17.2,0.0559645161290322,0.0264058956916099,129.6886565884124,0.02940785863682821,13.238656588412411,13.238656588412411,11.368532922638396,11.368532922638396
2023-08-25,2023-12-15,PUT,4413.905,4400.0,113.0,113.5,113.25,1108,43902,112,0.3068493150684931,1.0031602272727271,ATM,17.2,0.0559645161290322,0.0257386363636363,125.37452167130664,0.02849420947075151,12.124521671306638,12.124521671306638,10.705979400712263,10.705979400712263
2023-08-25,2023-12-15,PUT,4413.905,4390.0,109.9,110.7,110.3,1,255,112,0.3068493150684931,1.0054453302961277,ATM,17.2,0.0559645161290322,0.025125284738041,121.15264910297833,0.027597414374254746,10.852649102978333,10.852649102978333,9.839210428810818,9.839210428810818
2023-08-25,2023-12-15,PUT,4413.905,4380.0,106.9,107.7,107.3,2,1004,112,0.3068493150684931,1.0077408675799089,ATM,17.2,0.0559645161290322,0.0244977168949771,117.02285754415288,0.02671754738450979,9.722857544152887,9.722857544152887,9.061377021577714,9.061377021577714
2023-08-25,2023-12-15,PUT,4413.905,4540.0,166.6,167.8,167.2,6,72,112,0.3068493150684931,0.97222577092511,ATM,17.2,0.0559645161290322,0.0368281938325991,194.1563883910585,0.042765724315211126,26.95638839105851,26.95638839105851,16.122241860680926,16.122241860680926
2023-08-25,2023-12-15,PUT,4413.905,4130.0,55.7,56.2,55.95,8,142,112,0.3068493150684931,1.068742130750605,ITM,17.2,0.0559645161290322,0.013547215496368,42.134969224071824,0.010202171724956858,-13.815030775928179,13.815030775928179,-24.691744014170112,24.691744014170112
2023-08-25,2023-12-15,PUT,4413.905,4730.0,282.5,287.7,285.1,5,128,112,0.3068493150684931,0.9331723044397462,OTM,17.2,0.0559645161290322,0.0602748414376321,314.9598727324874,0.06658771093710093,29.85987273248736,29.85987273248736,10.473473424232676,10.473473424232676
2023-08-25,2023-12-15,PUT,4413.905,4680.0,246.4,251.3,248.85,6,283,112,0.3068493150684931,0.943142094017094,OTM,17.2,0.0559645161290322,0.0531730769230769,280.33462106845855,0.05990056005736294,31.48462106845855,31.48462106845855,12.652047847481837,12.652047847481837
2023-08-25,2023-12-15,PUT,4413.905,4650.0,228.1,229.4,228.75,551,5965,112,0.3068493150684931,0.94922688172043,OTM,17.2,0.0559645161290322,0.0491935483870967,260.4906272827752,0.05601948973823123,31.740627282775222,31.740627282775222,13.875684058043813,13.875684058043813
2023-08-25,2023-12-15,PUT,4413.905,4640.0,221.6,223.2,222.4,10,132,112,0.3068493150684931,0.9512726293103448,OTM,17.2,0.0559645161290322,0.0479310344827586,254.03715169836096,0.05474938614188814,31.637151698360952,31.637151698360952,14.225337993867335,14.225337993867335
2023-08-25,2023-12-15,PUT,4413.905,4560.0,176.4,177.8,177.10000000000002,5,269,112,0.3068493150684931,0.9679616228070176,OTM,17.2,0.0559645161290322,0.0388377192982456,205.4373396000683,0.04505204815790972,28.337339600068276,28.337339600068276,16.00075640884713,16.00075640884713
2023-08-25,2023-12-15,PUT,4413.905,4550.0,171.5,172.6,172.05,1014,19884,112,0.3068493150684931,0.9700890109890108,ATM,17.2,0.0559645161290322,0.0378131868131868,199.7524131741029,0.043901629269033605,27.7024131741029,27.7024131741029,16.101373539147282,16.101373539147282
2023-08-25,2023-12-15,PUT,4413.905,4375.0,105.5,106.3,105.9,124,3445,112,0.3068493150684931,1.0088925714285717,ATM,17.2,0.0559645161290322,0.0242057142857142,114.99242108452813,0.02628398196217786,9.092421084528127,9.092421084528127,8.585855603898136,8.585855603898136
2023-08-25,2023-12-15,PUT,4413.905,4360.0,101.3,102.1,101.7,2,752,112,0.3068493150684931,1.0123635321100917,ATM,17.2,0.0559645161290322,0.0233256880733944,109.0385290134127,0.02500883692968181,7.338529013412696,7.338529013412696,7.215859403552307,7.215859403552307
2023-08-25,2023-12-15,PUT,4413.905,4170.0,61.6,62.2,61.900000000000006,11,788,112,0.3068493150684931,1.0584904076738608,ITM,17.2,0.0559645161290322,0.0148441247002398,50.70171254149773,0.012158684062709287,-11.198287458502278,11.198287458502278,-18.090932889341317,18.090932889341317
2023-08-25,2023-12-15,PUT,4413.905,4150.0,58.6,59.1,58.85,12,26914,112,0.3068493150684931,1.06359156626506,ITM,17.2,0.0559645161290322,0.0141807228915662,46.27199289197267,0.01114987780529462,-12.578007108027329,12.578007108027329,-21.372994236240153,21.372994236240153
2023-08-25,2023-12-15,PUT,4413.905,4700.0,261.8,263.9,262.85,1,9292,112,0.3068493150684931,0.9391287234042552,OTM,17.2,0.0559645161290322,0.0559255319148936,293.95710997405786,0.0625440659519272,31.107109974057835,31.107109974057835,11.834548211549489,11.834548211549489
2023-08-25,2023-12-15,PUT,4413.905,4200.0,66.6,67.1,66.85,3331,28946,112,0.3068493150684931,1.050929761904762,ITM,17.2,0.0559645161290322,0.0159166666666666,57.91660718003948,0.013789668376199875,-8.933392819960517,8.933392819960517,-13.363340044817528,13.363340044817528
2023-08-25,2023-12-15,PUT,4413.905,4180.0,63.2,63.8,63.5,40,354,112,0.3068493150684931,1.0559581339712918,ITM,17.2,0.0559645161290322,0.0151913875598086,53.029444781402276,0.012686470043397674,-10.470555218597724,10.470555218597724,-16.489063336374368,16.489063336374368
2023-08-25,2023-08-28,PUT,4413.905,4295.0,0.3,0.35,0.3249999999999999,2141,2097,3,0.0082191780821917,1.027684516880093,ATM,17.2,0.0556,7.566938300349242e-05,1.0174094782331906,0.00023688229993787906,0.6924094782331907,0.6924094782331907,213.04907022559718,213.04907022559718
2023-08-25,2023-08-28,PUT,4413.905,4135.0,0.1,0.2,0.15,80,423,3,0.0082191780821917,1.0674498186215235,ITM,17.2,0.0556,3.627569528415961e-05,0.00017947888538735052,4.3404809041680896e-08,-0.14982052111461264,0.14982052111461264,-99.88034740974177,99.88034740974177
2023-08-25,2023-08-28,PUT,4413.905,4130.0,0.1,0.15,0.125,507,1019,3,0.0082191780821917,1.068742130750605,ITM,17.2,0.0556,3.026634382566586e-05,0.00012488442652487663,3.023835993338417e-08,-0.12487511557347512,0.12487511557347512,-99.9000924587801,99.9000924587801
2023-08-25,2023-08-28,PUT,4413.905,4125.0,0.1,0.15,0.125,10,367,3,0.0082191780821917,1.0700375757575755,ITM,17.2,0.0556,3.0303030303030302e-05,8.637538099356273e-05,2.0939486301469752e-08,-0.12491362461900643,0.12491362461900643,-99.93089969520514,99.93089969520514
2023-08-25,2023-08-28,PUT,4413.905,4120.0,0.1,0.15,0.125,28,1553,3,0.0082191780821917,1.0713361650485436,ITM,17.2,0.0556,3.033980582524272e-05,5.9380540855871744e-05,1.4412752634920327e-08,-0.12494061945914413,0.12494061945914413,-99.9524955673153,99.9524955673153
2023-08-25,2023-08-28,PUT,4413.905,4110.0,0.1,0.15,0.125,5,4560,3,0.0082191780821917,1.073942822384428,ITM,17.2,0.0556,3.041362530413625e-05,2.7555813744235477e-05,6.704577553341966e-09,-0.12497244418625576,0.12497244418625576,-99.97795534900462,99.97795534900462
2023-08-25,2023-08-28,PUT,4413.905,4100.0,0.1,0.15,0.125,1367,1125,3,0.0082191780821917,1.076562195121951,ITM,17.2,0.0556,3.048780487804878e-05,1.2476794643457786e-05,3.0431206447458016e-09,-0.12498752320535654,0.12498752320535654,-99.99001856428524,99.99001856428524
2023-08-25,2023-08-28,PUT,4413.905,4090.0,0.1,0.15,0.125,73,771,3,0.0082191780821917,1.0791943765281171,ITM,17.2,0.0556,3.0562347188264056e-05,5.510642562406298e-06,1.347345369781491e-09,-0.1249944893574376,0.1249944893574376,-99.99559148595007,99.99559148595007
2023-08-25,2023-08-28,PUT,4413.905,4080.0,0.1,0.15,0.125,6,1007,3,0.0082191780821917,1.0818394607843136,ITM,17.2,0.0556,3.0637254901960784e-05,2.3735628351295897e-06,5.817555968454877e-10,-0.12499762643716487,0.12499762643716487,-99.9981011497319,99.9981011497319
2023-08-25,2023-08-28,PUT,4413.905,4075.0,0.1,0.15,0.125,1331,2136,3,0.0082191780821917,1.083166871165644,ITM,17.2,0.0556,3.067484662576687e-05,1.5430430893305066e-06,3.786608808173022e-10,-0.12499845695691067,0.12499845695691067,-99.99876556552853,99.99876556552853
2023-08-25,2023-08-28,PUT,4413.905,4140.0,0.1,0.2,0.15,218,164,3,0.0082191780821917,1.0661606280193237,ITM,17.2,0.0556,3.623188405797101e-05,0.00025640093663754915,6.193259339071235e-08,-0.14974359906336243,0.14974359906336243,-99.82906604224162,99.82906604224162
2023-08-25,2023-08-28,PUT,4413.905,4070.0,0.1,0.15,0.125,113,225,3,0.0082191780821917,1.084497542997543,ITM,17.2,0.0556,3.071253071253071e-05,9.967570573864138e-07,2.4490345390329575e-10,-0.12499900324294261,0.12499900324294261,-99.99920259435409,99.99920259435409
2023-08-25,2023-08-28,PUT,4413.905,4050.0,0.1,0.15,0.125,2250,1325,3,0.0082191780821917,1.089853086419753,ITM,17.2,0.0556,3.08641975308642e-05,1.6274368255599666e-07,4.018362532246831e-11,-0.12499983725631744,0.12499983725631744,-99.99986980505395,99.99986980505395
2023-08-25,2023-12-15,PUT,4413.905,4900.0,425.7,432.4,429.05,10,3163,112,0.3068493150684931,0.90079693877551,OTM,17.2,0.0559645161290322,0.0875612244897959,445.45536093860346,0.09090925733440887,16.40536093860345,16.40536093860345,3.8236478122837547,3.8236478122837547
2023-08-25,2023-08-28,PUT,4413.905,4150.0,0.1,0.2,0.15,634,6050,3,0.0082191780821917,1.06359156626506,ITM,17.2,0.0556,3.614457831325301e-05,0.0005140361821497907,1.23864140277058e-07,-0.1494859638178502,0.1494859638178502,-99.65730921190014,99.65730921190014
2023-08-25,2023-08-28,PUT,4413.905,4155.0,0.1,0.2,0.15,87,261,3,0.0082191780821917,1.0623116726835138,ITM,17.2,0.0556,3.610108303249097e-05,0.0007214244666432224,1.7362803047971658e-07,-0.14927857553335677,0.14927857553335677,-99.51905035557118,99.51905035557118
2023-08-25,2023-08-28,PUT,4413.905,4160.0,0.1,0.2,0.15,178,181,3,0.0082191780821917,1.0610348557692306,ITM,17.2,0.0556,3.6057692307692304e-05,0.0010065790795037999,2.419661248807211e-07,-0.1489934209204962,0.1489934209204962,-99.32894728033081,99.32894728033081
2023-08-25,2023-08-28,PUT,4413.905,4230.0,0.15,0.2,0.175,439,447,3,0.0082191780821917,1.0434763593380614,ITM,17.2,0.0556,4.1371158392434986e-05,0.05888592986592123,1.392102360896483e-05,-0.11611407013407876,0.11611407013407876,-66.35089721947358,66.35089721947358
2023-08-25,2023-08-28,PUT,4413.905,4225.0,0.15,0.2,0.175,1867,3967,3,0.0082191780821917,1.0447112426035503,ITM,17.2,0.0556,4.142011834319526e-05,0.045631911299205186,1.0800452378510103e-05,-0.1293680887007948,0.1293680887007948,-73.92462211473989,73.92462211473989
2023-08-25,2023-08-28,PUT,4413.905,4220.0,0.15,0.2,0.175,917,786,3,0.0082191780821917,1.0459490521327013,ITM,17.2,0.0556,4.1469194312796206e-05,0.03517313620487794,8.334866399260177e-06,-0.13982686379512205,0.13982686379512205,-79.90106502578402,79.90106502578402
2023-08-25,2023-08-28,PUT,4413.905,4215.0,0.15,0.2,0.175,272,303,3,0.0082191780821917,1.0471897983392644,ITM,17.2,0.0556,4.1518386714116246e-05,0.02696630142021572,6.3976990320796495e-06,-0.14803369857978427,0.14803369857978427,-84.59068490273387,84.59068490273387
2023-08-25,2023-08-28,PUT,4413.905,4060.0,0.1,0.15,0.125,183,107,3,0.0082191780821917,1.087168719211823,ITM,17.2,0.0556,3.0788177339901475e-05,4.07999528265722e-07,1.0049249464672956e-10,-0.12499959200047174,0.12499959200047174,-99.99967360037739,99.99967360037739
2023-08-25,2023-08-28,PUT,4413.905,4145.0,0.1,0.2,0.15,311,45,3,0.0082191780821917,1.0648745476477683,ITM,17.2,0.0556,3.6188178528347406e-05,0.0003641174666227792,8.784498591623141e-08,-0.14963588253337723,0.14963588253337723,-99.75725502225148,99.75725502225148
2023-08-25,2023-08-28,PUT,4413.905,4235.0,0.15,0.2,0.175,321,528,3,0.0082191780821917,1.0422443919716646,ITM,17.2,0.0556,4.132231404958677e-05,0.07558879820184394,1.7848594616728203e-05,-0.09941120179815605,0.09941120179815605,-56.806401027517744,56.806401027517744
2023-08-25,2023-08-28,PUT,4413.905,4240.0,0.15,0.25,0.2,215,497,3,0.0082191780821917,1.041015330188679,ITM,17.2,0.0556,4.716981132075472e-05,0.09652156431869585,2.276451988648487e-05,-0.10347843568130416,0.10347843568130416,-51.73921784065208,51.73921784065208
2023-08-25,2023-08-28,PUT,4413.905,4290.0,0.25,0.35,0.3,3966,779,3,0.0082191780821917,1.0288822843822842,ATM,17.2,0.0556,6.993006993006993e-05,0.8416310732433772,0.00019618439935743058,0.5416310732433771,0.5416310732433771,180.5436910811257,180.5436910811257
2023-08-25,2023-08-28,PUT,4413.905,4285.0,0.25,0.3,0.275,3226,724,3,0.0082191780821917,1.0300828471411902,ITM,17.2,0.0556,6.417736289381564e-05,0.6929275497880383,0.00016171004662497975,0.41792754978803826,0.41792754978803826,151.97365446837753,151.97365446837753
2023-08-25,2023-08-28,PUT,4413.905,4280.0,0.25,0.3,0.275,1977,676,3,0.0082191780821917,1.0312862149532709,ITM,17.2,0.0556,6.425233644859814e-05,0.5677697110011195,0.00013265647453297185,0.2927697110011195,0.2927697110011195,106.46171309131616,106.46171309131616
2023-08-25,2023-08-28,PUT,4413.905,4275.0,0.2,0.3,0.25,2184,733,3,0.0082191780821917,1.032492397660819,ITM,17.2,0.0556,5.847953216374269e-05,0.46297078248316836,0.00010829725906039026,0.21297078248316836,0.21297078248316836,85.18831299326735,85.18831299326735
2023-08-25,2023-08-28,PUT,4413.905,4270.0,0.2,0.25,0.225,4037,386,3,0.0082191780821917,1.0337014051522249,ITM,17.2,0.0556,5.269320843091335e-05,0.3756738469254657,8.797982363594043e-05,0.15067384692546568,0.15067384692546568,66.96615418909586,66.96615418909586
2023-08-25,2023-08-28,PUT,4413.905,4265.0,0.2,0.25,0.225,5955,945,3,0.0082191780821917,1.0349132473622509,ITM,17.2,0.0556,5.275498241500586e-05,0.3033358762210838,7.11221280705941e-05,0.07833587622108382,0.07833587622108382,34.81594498714836,34.81594498714836
2023-08-25,2023-08-28,PUT,4413.905,4260.0,0.2,0.25,0.225,1569,1222,3,0.0082191780821917,1.0361279342723004,ITM,17.2,0.0556,5.281690140845071e-05,0.24370914469276528,5.720871941144725e-05,0.018709144692765273,0.018709144692765273,8.315175419006788,8.315175419006788
2023-08-25,2023-08-28,PUT,4413.905,4255.0,0.15,0.25,0.2,550,414,3,0.0082191780821917,1.0373454759106933,ITM,17.2,0.0556,4.700352526439483e-05,0.19482076835774365,4.578631453766008e-05,-0.0051792316422563656,0.0051792316422563656,-2.5896158211281826,2.5896158211281826
2023-08-25,2023-08-28,PUT,4413.905,4250.0,0.2,0.25,0.225,1980,4339,3,0.0082191780821917,1.0385658823529411,ITM,17.2,0.0556,5.294117647058824e-05,0.15495105881866067,3.6459072663214277e-05,-0.07004894118133934,0.07004894118133934,-31.132862747261928,31.132862747261928
2023-08-25,2023-08-28,PUT,4413.905,4300.0,0.35,0.4,0.375,10383,2717,3,0.0082191780821917,1.0264895348837209,ATM,17.2,0.0556,8.72093023255814e-05,1.2241427465296226,0.00028468435965805177,0.8491427465296226,0.8491427465296226,226.4380657412327,226.4380657412327
2023-08-25,2023-08-28,PUT,4413.905,4305.0,0.35,0.4,0.375,5150,535,3,0.0082191780821917,1.0252973286875726,ATM,17.2,0.0556,8.710801393728223e-05,1.4660650128662382,0.000340549364196571,1.0910650128662382,1.0910650128662382,290.95067009766353,290.95067009766353
2023-08-25,2023-08-28,PUT,4413.905,4350.0,1.35,1.4,1.375,8963,9191,3,0.0082191780821917,1.014690804597701,ATM,17.2,0.0556,0.0003160919540229,6.085901215324839,0.0013990577506493881,4.710901215324839,4.710901215324839,342.6109974781701,342.6109974781701
2023-08-25,2023-08-28,PUT,4413.905,4345.0,1.1,1.2,1.15,3293,1090,3,0.0082191780821917,1.0158584579976984,ATM,17.2,0.0556,0.0002646720368239,5.28499696309882,0.001216339922462329,4.1349969630988195,4.1349969630988195,359.5649533129408,359.5649533129408
2023-08-25,2023-08-28,PUT,4413.905,4340.0,0.9,1.0,0.95,6616,500,3,0.0082191780821917,1.017028801843318,ATM,17.2,0.0556,0.0002188940092165,4.5706126339437105,0.0010531365515999334,3.6206126339437104,3.6206126339437104,381.1171193624959,381.1171193624959
2023-08-25,2023-08-28,PUT,4413.905,4335.0,0.75,0.85,0.8,3782,266,3,0.0082191780821917,1.01820184544406,ATM,17.2,0.0556,0.0001845444059976,3.9362883527576287,0.0009080249948691185,3.136288352757629,3.136288352757629,392.0360440947036,392.0360440947036
2023-08-25,2023-08-28,PUT,4413.905,4330.0,0.65,0.75,0.7,10816,3139,3,0.0082191780821917,1.019377598152425,ATM,17.2,0.0556,0.0001616628175519,3.3756368495787683,0.0007795928059073368,2.675636849578768,2.675636849578768,382.2338356541098,382.2338356541098
2023-08-25,2023-08-28,PUT,4413.905,4325.0,0.55,0.65,0.6000000000000001,4651,1684,3,0.0082191780821917,1.0205560693641618,ATM,17.2,0.0556,0.0001387283236994,2.8824042127055804,0.0006664518410879955,2.2824042127055804,2.2824042127055804,380.40070211759667,380.40070211759667
2023-08-25,2023-08-28,PUT,4413.905,4320.0,0.5,0.55,0.525,5413,1153,3,0.0082191780821917,1.0217372685185184,ATM,17.2,0.0556,0.0001215277777777,2.4505238588212706,0.0005672508932456644,1.9255238588212706,1.9255238588212706,366.7664492992896,366.7664492992896
2023-08-25,2023-08-28,PUT,4413.905,4315.0,0.45,0.5,0.475,3169,1117,3,0.0082191780821917,1.0229212050984935,ATM,17.2,0.0556,0.0001100811123986,2.0741631324974605,0.0004806867050979051,1.5991631324974604,1.5991631324974604,336.66592263104434,336.66592263104434
2023-08-25,2023-08-28,PUT,4413.905,4310.0,0.4,0.45,0.425,4233,1358,3,0.0082191780821917,1.0241078886310904,ATM,17.2,0.0556,9.860788863109048e-05,1.7477621851355707,0.00040551326801289343,1.3227621851355706,1.3227621851355706,311.2381612083696,311.2381612083696
2023-08-25,2023-08-28,PUT,4413.905,4245.0,0.2,0.25,0.225,1160,239,3,0.0082191780821917,1.0397891637220258,ITM,17.2,0.0556,5.30035335689046e-05,0.12261131084197885,2.888370102284543e-05,-0.10238868915802116,0.10238868915802116,-45.50608407023162,45.50608407023162
2023-08-25,2023-12-15,PUT,4413.905,4470.0,136.8,137.9,137.35000000000002,20,198,112,0.3068493150684931,0.9874507829977628,ATM,17.2,0.0559645161290322,0.0307270693512304,157.51453042679032,0.03523814998362199,20.164530426790293,20.164530426790293,14.68112881455427,14.68112881455427
2023-08-25,2023-12-15,PUT,4413.905,4500.0,148.8,149.9,149.35000000000002,6810,25857,112,0.3068493150684931,0.9808677777777776,ATM,17.2,0.0559645161290322,0.0331888888888888,172.67176097492484,0.03837150243887218,23.321760974924814,23.321760974924814,15.615507850635963,15.615507850635963
2023-08-25,2023-08-28,PUT,4413.905,4355.0,1.6,1.7,1.65,4906,586,3,0.0082191780821917,1.0135258323765786,ATM,17.2,0.0556,0.0003788748564867,6.9797911595854885,0.0016027074993307665,5.329791159585488,5.329791159585488,323.0176460354842,323.0176460354842
2023-08-25,2023-08-28,PUT,4413.905,4360.0,2.0,2.05,2.025,6090,4577,3,0.0082191780821917,1.0123635321100917,ATM,17.2,0.0556,0.0004644495412844,7.973066841588434,0.0018286850554101912,5.9480668415884335,5.9480668415884335,293.7316958809103,293.7316958809103
2023-08-25,2023-08-28,PUT,4413.905,4420.0,17.6,17.8,17.700000000000003,1306,384,3,0.0082191780821917,0.9986210407239818,ATM,17.2,0.0556,0.0040045248868778,29.55671969802006,0.006687040655660647,11.856719698020058,11.856719698020058,66.98711693796642,66.98711693796642
2023-08-25,2023-08-28,PUT,4413.905,4465.0,51.2,52.4,51.8,67,105,3,0.0082191780821917,0.9885565509518476,ATM,17.2,0.0556,0.0116013437849944,58.7971495137449,0.013168454538352721,6.997149513744901,6.997149513744901,13.508010644295176,13.508010644295176
2023-08-25,2023-08-28,PUT,4413.905,4460.0,46.7,47.5,47.1,334,220,3,0.0082191780821917,0.989664798206278,ATM,17.2,0.0556,0.0105605381165919,55.039310062340974,0.01234065248034551,7.939310062340972,7.939310062340972,16.856284633420323,16.856284633420323
2023-08-25,2023-08-28,PUT,4413.905,4455.0,42.4,43.3,42.85,61,981,3,0.0082191780821917,0.9907755331088663,ATM,17.2,0.0556,0.0096184062850729,51.39788522782419,0.011537123507929112,8.547885227824189,8.547885227824189,19.948390263300325,19.948390263300325
2023-08-25,2023-08-28,PUT,4413.905,4450.0,38.2,38.8,38.5,464,765,3,0.0082191780821917,0.9918887640449436,ATM,17.2,0.0556,0.0086516853932584,47.878217844117444,0.010759150077329763,9.378217844117444,9.378217844117444,24.359007387318037,24.359007387318037
2023-08-25,2023-08-28,PUT,4413.905,4445.0,34.1,35.0,34.55,53,126,3,0.0082191780821917,0.9930044994375704,ATM,17.2,0.0556,0.0077727784026996,44.48524452559968,0.010007929027131537,9.935244525599686,9.935244525599686,28.756134661648872,28.756134661648872
2023-08-25,2023-08-28,PUT,4413.905,4440.0,30.3,31.0,30.65,207,1190,3,0.0082191780821917,0.9941227477477476,ATM,17.2,0.0556,0.0069031531531531,41.22342539473311,0.009284555269084034,10.573425394733114,10.573425394733114,34.497309607612124,34.497309607612124
2023-08-25,2023-08-28,PUT,4413.905,4435.0,26.7,27.5,27.1,110,227,3,0.0082191780821917,0.9952435174746336,ATM,17.2,0.0556,0.0061104847801578,38.09667836696781,0.008590006396159595,10.996678366967807,10.996678366967807,40.57814895560076,40.57814895560076
2023-08-25,2023-08-28,PUT,4413.905,4430.0,23.5,23.8,23.65,348,312,3,0.0082191780821917,0.996366817155756,ATM,17.2,0.0556,0.0053386004514672,35.108319578721876,0.007925128573074916,11.458319578721877,11.458319578721877,48.44955424406714,48.44955424406714
2023-08-25,2023-08-28,PUT,4413.905,4415.0,15.0,15.2,15.1,1535,321,3,0.0082191780821917,0.9997519818799546,ATM,17.2,0.0556,0.0034201585503963,26.996680514073887,0.006114763423346293,11.896680514073887,11.896680514073887,78.7859636693635,78.7859636693635
2023-08-25,2023-08-28,PUT,4413.905,4425.0,20.4,20.7,20.55,956,507,3,0.0082191780821917,0.9974926553672316,ATM,17.2,0.0556,0.0046440677966101,32.26101144670156,0.007290624055751765,11.711011446701558,11.711011446701558,56.98789025158909,56.98789025158909
2023-08-25,2023-08-29,PUT,4413.905,4170.0,0.2,0.3,0.25,286,13,4,0.010958904109589,1.0584904076738608,ITM,17.2,0.0556,5.995203836930456e-05,0.014800616674716771,3.549308555087955e-06,-0.23519938332528323,0.23519938332528323,-94.07975333011329,94.07975333011329
2023-08-25,2023-08-29,PUT,4413.905,4390.0,10.7,10.9,10.8,893,227,4,0.010958904109589,1.0054453302961277,ATM,17.2,0.0556,0.0024601366742596,20.082697714282403,0.004574646404164557,9.282697714282403,9.282697714282403,85.95090476187409,85.95090476187409
2023-08-25,2023-08-29,PUT,4413.905,4385.0,9.4,9.6,9.5,421,425,4,0.010958904109589,1.0065917901938426,ATM,17.2,0.0556,0.0021664766248574,18.28296911770599,0.004169434234368527,8.782969117705989,8.782969117705989,92.4523065021683,92.4523065021683
2023-08-25,2023-08-29,PUT,4413.905,4380.0,8.2,8.4,8.3,642,295,4,0.010958904109589,1.0077408675799089,ATM,17.2,0.0556,0.0018949771689497,16.600216222311246,0.003790003703724029,8.300216222311246,8.300216222311246,100.00260508808728,100.00260508808728
2023-08-25,2023-08-29,PUT,4413.905,4375.0,7.1,7.3,7.199999999999999,711,301,4,0.010958904109589,1.0088925714285717,ATM,17.2,0.0556,0.0016457142857142,15.031488742109786,0.0034357688553393797,7.831488742109787,7.831488742109787,108.77067697374706,108.77067697374706
2023-08-25,2023-08-29,PUT,4413.905,4395.0,12.2,12.4,12.3,694,200,4,0.010958904109589,1.004301478953356,ATM,17.2,0.0556,0.0027986348122866,22.001945473667092,0.0050061309382632745,9.701945473667092,9.701945473667092,78.87760547696821,78.87760547696821
2023-08-25,2023-08-29,PUT,4413.905,4365.0,5.4,5.5,5.45,448,290,4,0.010958904109589,1.0112038946162656,ATM,17.2,0.0556,0.0012485681557846,12.222471641830225,0.002800108050820212,6.772471641830225,6.772471641830225,124.26553471248118,124.26553471248118
2023-08-25,2023-08-29,PUT,4413.905,4360.0,4.6,4.8,4.699999999999999,1093,238,4,0.010958904109589,1.0123635321100917,ATM,17.2,0.0556,0.0010779816513761,10.974555029996736,0.0025170997775221873,6.274555029996737,6.274555029996737,133.50117085099444,133.50117085099444
2023-08-25,2023-08-29,PUT,4413.905,4355.0,4.0,4.2,4.1,372,175,4,0.010958904109589,1.0135258323765786,ATM,17.2,0.0556,0.0009414466130884,9.825490203452091,0.0022561401156032355,5.725490203452091,5.725490203452091,139.64610252322174,139.64610252322174
2023-08-25,2023-08-29,PUT,4413.905,4155.0,0.2,0.3,0.25,21,379,4,0.010958904109589,1.0623116726835138,ITM,17.2,0.0556,6.016847172081829e-05,0.006919055172367905,1.6652359018935993e-06,-0.2430809448276321,0.2430809448276321,-97.23237793105284,97.23237793105284
2023-08-25,2023-08-29,PUT,4413.905,4150.0,0.2,0.3,0.25,563,263,4,0.010958904109589,1.06359156626506,ITM,17.2,0.0556,6.024096385542168e-05,0.005323946255466838,1.2828786157751417e-06,-0.24467605374453316,0.24467605374453316,-97.87042149781327,97.87042149781327
2023-08-25,2023-08-28,PUT,4413.905,4365.0,2.4,2.5,2.45,3233,964,3,0.0082191780821917,1.0112038946162656,ATM,17.2,0.0556,0.0005612829324169,9.071987321302686,0.0020783476108368125,6.621987321302686,6.621987321302686,270.2851967878647,270.2851967878647
2023-08-25,2023-08-28,PUT,4413.905,4370.0,2.95,3.1,3.0250000000000004,6755,452,3,0.0082191780821917,1.0100469107551486,ATM,17.2,0.0556,0.0006922196796338,10.282593205137573,0.0023529961567820535,7.257593205137573,7.257593205137573,239.92043653347346,239.92043653347346
2023-08-25,2023-08-29,PUT,4413.905,4070.0,0.15,0.25,0.2,131,133,4,0.010958904109589,1.084497542997543,ITM,17.2,0.0556,4.914004914004914e-05,4.375378159117253e-05,1.075031488726598e-08,-0.19995624621840885,0.19995624621840885,-99.97812310920442,99.97812310920442
2023-08-25,2023-08-29,PUT,4413.905,4050.0,0.15,0.25,0.2,87,71,4,0.010958904109589,1.089853086419753,ITM,17.2,0.0556,4.938271604938272e-05,1.0938756607603226e-05,2.700927557432895e-09,-0.1999890612433924,0.1999890612433924,-99.99453062169621,99.99453062169621
2023-08-25,2023-08-29,PUT,4413.905,4025.0,0.15,0.25,0.2,43,102,4,0.010958904109589,1.096622360248447,ITM,17.2,0.0556,4.968944099378882e-05,1.7338766492330966e-06,4.3077680726288116e-10,-0.19999826612335078,0.19999826612335078,-99.99913306167538,99.99913306167538
2023-08-25,2023-08-28,PUT,4413.905,4650.0,233.5,237.4,235.45,8,143,3,0.0082191780821917,0.94922688172043,OTM,17.2,0.0556,0.0506344086021505,233.9790764736399,0.050318080962073096,-1.4709235263600817,1.4709235263600817,-0.6247286159949381,0.6247286159949381
2023-08-25,2023-08-28,PUT,4413.905,4625.0,208.5,212.4,210.45,3,57,3,0.0082191780821917,0.9543578378378378,OTM,17.2,0.0556,0.0455027027027027,209.01219457922525,0.04519182585496762,-1.4378054207747368,1.4378054207747368,-0.6832052367663278,0.6832052367663278
2023-08-25,2023-08-28,PUT,4413.905,4610.0,193.5,197.4,195.45,1,27,3,0.0082191780821917,0.9574631236442516,OTM,17.2,0.0556,0.0423969631236442,194.0502968622004,0.04209333988334065,-1.3997031377995768,1.3997031377995768,-0.7161438412891158,0.7161438412891158
2023-08-25,2023-08-28,PUT,4413.905,4600.0,183.5,187.4,185.45,4,191,3,0.0082191780821917,0.9595445652173912,OTM,17.2,0.0556,0.0403152173913043,184.09011861766794,0.04001959100384086,-1.3598813823320484,1.3598813823320484,-0.7332873455551623,0.7332873455551623
2023-08-25,2023-08-28,PUT,4413.905,4595.0,178.5,182.5,180.5,1,53,3,0.0082191780821917,0.960588683351469,OTM,17.2,0.0556,0.0392818280739934,179.11628717254644,0.03898069361752915,-1.3837128274535644,1.3837128274535644,-0.7665999044064069,0.7665999044064069
2023-08-25,2023-08-28,PUT,4413.905,4575.0,158.5,162.5,160.5,2,56,3,0.0082191780821917,0.9647879781420764,OTM,17.2,0.0556,0.0350819672131147,159.285107782247,0.03481641700158404,-1.214892217753004,1.214892217753004,-0.7569421917464199,0.7569421917464199
2023-08-25,2023-08-28,PUT,4413.905,4570.0,153.5,157.5,155.5,3,32,3,0.0082191780821917,0.965843544857768,OTM,17.2,0.0556,0.0340262582056892,154.34979666494564,0.033774572574386354,-1.150203335054357,1.150203335054357,-0.7396806013211299,0.7396806013211299
2023-08-25,2023-08-28,PUT,4413.905,4560.0,143.5,147.5,145.5,6,64,3,0.0082191780821917,0.9679616228070176,OTM,17.2,0.0556,0.0319078947368421,144.51799856180696,0.031692543544255915,-0.9820014381930378,0.9820014381930378,-0.6749150777959022,0.6749150777959022
2023-08-25,2023-08-28,PUT,4413.905,4475.0,60.2,61.8,61.0,91,260,3,0.0082191780821917,0.9863474860335196,ATM,17.2,0.0556,0.0136312849162011,66.63911032870192,0.014891421302503222,5.639110328701918,5.639110328701918,9.244443161806423,9.244443161806423
2023-08-25,2023-08-28,PUT,4413.905,4470.0,55.9,56.9,56.4,571,89,3,0.0082191780821917,0.9874507829977628,ATM,17.2,0.0556,0.0126174496644295,62.665727727355716,0.014019178462495686,6.265727727355717,6.265727727355717,11.109446325098789,11.109446325098789
2023-08-25,2023-08-28,PUT,4413.905,4410.0,12.7,13.0,12.85,3245,776,3,0.0082191780821917,1.0008854875283446,ATM,17.2,0.0556,0.0029138321995464,24.581378692542103,0.0055740087738190705,11.731378692542103,11.731378692542103,91.29477581744827,91.29477581744827
2023-08-25,2023-08-28,PUT,4413.905,4405.0,10.8,10.9,10.85,2212,441,3,0.0082191780821917,1.0020215664018162,ATM,17.2,0.0556,0.0024631101021566,22.310537458835597,0.005064821216534755,11.460537458835597,11.460537458835597,105.62707335332348,105.62707335332348
2023-08-25,2023-08-28,PUT,4413.905,4400.0,9.0,9.2,9.1,5528,1419,3,0.0082191780821917,1.0031602272727271,ATM,17.2,0.0556,0.0020681818181818,20.183120260161104,0.004587072786400251,11.083120260161104,11.083120260161104,121.7925303314407,121.7925303314407
2023-08-25,2023-08-28,PUT,4413.905,4395.0,7.5,7.7,7.6,3515,511,3,0.0082191780821917,1.004301478953356,ATM,17.2,0.0556,0.0017292377701934,18.197344562609715,0.004140465201958979,10.597344562609715,10.597344562609715,139.43874424486467,139.43874424486467
2023-08-25,2023-08-28,PUT,4413.905,4390.0,6.3,6.4,6.35,3669,433,3,0.0082191780821917,1.0054453302961277,ATM,17.2,0.0556,0.0014464692482915,16.350707355687746,0.0037245347051680514,10.000707355687746,10.000707355687746,157.49145442027947,157.49145442027947
2023-08-25,2023-08-28,PUT,4413.905,4385.0,5.2,5.4,5.300000000000001,2920,296,3,0.0082191780821917,1.0065917901938426,ATM,17.2,0.0556,0.0012086659064994,14.640021761144908,0.003338659466623696,9.340021761144907,9.340021761144907,176.22682568197936,176.22682568197936
2023-08-25,2023-08-28,PUT,4413.905,4380.0,4.3,4.5,4.4,4682,460,3,0.0082191780821917,1.0077408675799089,ATM,17.2,0.0556,0.0010045662100456,13.061463855127613,0.0029820693733168067,8.661463855127613,8.661463855127613,196.8514512529003,196.8514512529003
2023-08-25,2023-08-28,PUT,4413.905,4375.0,3.6,3.7,3.65,8245,2810,3,0.0082191780821917,1.0088925714285717,ATM,17.2,0.0556,0.0008342857142857,11.610628555128415,0.002653857955457923,7.960628555128414,7.960628555128414,218.09941246927164,218.09941246927164
2023-08-25,2023-08-29,PUT,4413.905,4350.0,3.4,3.6,3.5,987,1307,4,0.010958904109589,1.014690804597701,ATM,17.2,0.0556,0.0008045977011494,8.770840095228095,0.0020162850793627807,5.270840095228095,5.270840095228095,150.5954312922313,150.5954312922313
2023-08-25,2023-08-28,PUT,4413.905,4210.0,0.15,0.2,0.175,476,538,3,0.0082191780821917,1.0484334916864608,ITM,17.2,0.0556,4.1567695961995245e-05,0.020562803431150023,4.88427634944181e-06,-0.15443719656884997,0.15443719656884997,-88.24982661077141,88.24982661077141
2023-08-25,2023-08-29,PUT,4413.905,4370.0,6.2,6.4,6.300000000000001,758,710,4,0.010958904109589,1.0100469107551486,ATM,17.2,0.0556,0.001441647597254,13.573461759535803,0.003106055322548239,7.273461759535802,7.273461759535802,115.45177396088573,115.45177396088573
2023-08-25,2023-08-29,PUT,4413.905,4450.0,41.0,42.0,41.5,379,421,4,0.010958904109589,0.9918887640449436,ATM,17.2,0.0556,0.0093258426966292,51.264569221810234,0.011520127915013535,9.764569221810234,9.764569221810234,23.529082462193333,23.529082462193333
2023-08-25,2023-08-29,PUT,4413.905,4195.0,0.25,0.3,0.275,369,47,4,0.010958904109589,1.052182359952324,ITM,17.2,0.0556,6.555423122765198e-05,0.04830834438147491,1.151569591930272e-05,-0.2266916556185251,0.2266916556185251,-82.43332931582731,82.43332931582731
2023-08-25,2023-08-29,PUT,4413.905,4190.0,0.25,0.3,0.275,255,42,4,0.010958904109589,1.0534379474940334,ITM,17.2,0.0556,6.563245823389022e-05,0.03844874244679097,9.176310846489492e-06,-0.23655125755320905,0.23655125755320905,-86.01863911025784,86.01863911025784
2023-08-25,2023-08-29,PUT,4413.905,4185.0,0.2,0.3,0.25,12,58,4,0.010958904109589,1.0546965352449222,ITM,17.2,0.0556,5.973715651135006e-05,0.030475448579024622,7.282066566075179e-06,-0.21952455142097538,0.21952455142097538,-87.80982056839015,87.80982056839015
2023-08-25,2023-08-29,PUT,4413.905,4180.0,0.2,0.3,0.25,115,96,4,0.010958904109589,1.0559581339712918,ITM,17.2,0.0556,5.980861244019139e-05,0.02405546659728497,5.754896315139945e-06,-0.22594453340271503,0.22594453340271503,-90.37781336108601,90.37781336108601
2023-08-25,2023-08-29,PUT,4413.905,4175.0,0.2,0.3,0.25,753,167,4,0.010958904109589,1.057222754491018,ITM,17.2,0.0556,5.988023952095808e-05,0.018908672022175388,4.529023238844405e-06,-0.2310913279778246,0.2310913279778246,-92.43653119112984,92.43653119112984
2023-08-25,2023-08-29,PUT,4413.905,4270.0,0.5,0.55,0.525,347,100,4,0.010958904109589,1.0337014051522249,ITM,17.2,0.0556,0.0001229508196721,0.922286140615995,0.00021599207040187238,0.397286140615995,0.397286140615995,75.67355059352286,75.67355059352286
2023-08-25,2023-08-29,PUT,4413.905,4165.0,0.2,0.3,0.25,22,30,4,0.010958904109589,1.0597611044417767,ITM,17.2,0.0556,6.002400960384154e-05,0.011536078901175806,2.769766843019401e-06,-0.2384639210988242,0.2384639210988242,-95.38556843952968,95.38556843952968
2023-08-25,2023-08-29,PUT,4413.905,4275.0,0.55,0.6,0.575,1285,345,4,0.010958904109589,1.032492397660819,ITM,17.2,0.0556,0.0001345029239766,1.0892422506478567,0.00025479350892347526,0.5142422506478568,0.5142422506478568,89.43343489527945,89.43343489527945
2023-08-25,2023-08-29,PUT,4413.905,4280.0,0.6,0.65,0.625,230,254,4,0.010958904109589,1.0312862149532709,ITM,17.2,0.0556,0.0001460280373831,1.2818116625423102,0.00029948870620147435,0.6568116625423102,0.6568116625423102,105.08986600676963,105.08986600676963
2023-08-25,2023-08-29,PUT,4413.905,4200.0,0.25,0.3,0.275,2367,1752,4,0.010958904109589,1.050929761904762,ITM,17.2,0.0556,6.547619047619048e-05,0.060448085030644805,1.4392401197772573e-05,-0.21455191496935522,0.21455191496935522,-78.01887817067463,78.01887817067463
2023-08-25,2023-08-29,PUT,4413.905,4335.0,2.2,2.35,2.2750000000000004,296,266,4,0.010958904109589,1.01820184544406,ATM,17.2,0.0556,0.0005247981545559,6.126700356497622,0.001413310347519636,3.8517003564976218,3.8517003564976218,169.3055101757196,169.3055101757196
2023-08-25,2023-08-29,PUT,4413.905,4325.0,1.65,1.75,1.7,532,276,4,0.010958904109589,1.0205560693641618,ATM,17.2,0.0556,0.000393063583815,4.748964707832101,0.0010980265220421044,3.048964707832101,3.048964707832101,179.3508651665942,179.3508651665942
2023-08-25,2023-08-29,PUT,4413.905,4320.0,1.45,1.55,1.5,375,250,4,0.010958904109589,1.0217372685185184,ATM,17.2,0.0556,0.0003472222222222,4.16106634820477,0.0009632098028251782,2.66106634820477,2.66106634820477,177.4044232136513,177.4044232136513
2023-08-25,2023-08-29,PUT,4413.905,4315.0,1.25,1.35,1.3,527,99,4,0.010958904109589,1.0229212050984935,ATM,17.2,0.0556,0.0003012746234067,3.634122442284479,0.0008422068232408989,2.334122442284479,2.334122442284479,179.54788017572915,179.54788017572915
2023-08-25,2023-08-29,PUT,4413.905,4310.0,1.1,1.2,1.15,423,209,4,0.010958904109589,1.0241078886310904,ATM,17.2,0.0556,0.0002668213457076,3.1634878428372417,0.0007339878985701257,2.013487842837242,2.013487842837242,175.08589937715146,175.08589937715146
2023-08-25,2023-08-29,PUT,4413.905,4305.0,1.0,1.1,1.05,382,136,4,0.010958904109589,1.0252973286875726,ATM,17.2,0.0556,0.0002439024390243,2.74465168494055,0.0006375497525994309,1.6946516849405497,1.6946516849405497,161.39539856576664,161.39539856576664
2023-08-25,2023-08-29,PUT,4413.905,4300.0,0.9,0.95,0.925,1945,759,4,0.010958904109589,1.0264895348837209,ATM,17.2,0.0556,0.0002151162790697,2.3732625142866937,0.0005519215149503939,1.4482625142866936,1.4482625142866936,156.56892046342634,156.56892046342634
2023-08-25,2023-08-29,PUT,4413.905,4295.0,0.8,0.9,0.8500000000000001,354,141,4,0.010958904109589,1.027684516880093,ATM,17.2,0.0556,0.0001979045401629,2.0451495962777244,0.00047616987107746783,1.1951495962777243,1.1951495962777243,140.60583485620285,140.60583485620285
2023-08-25,2023-08-29,PUT,4413.905,4290.0,0.7,0.8,0.75,428,180,4,0.010958904109589,1.0288822843822842,ATM,17.2,0.0556,0.0001748251748251,1.7563403669885815,0.0004094033489483873,1.0063403669885815,1.0063403669885815,134.17871559847754,134.17871559847754
2023-08-25,2023-08-29,PUT,4413.905,4285.0,0.65,0.75,0.7,355,66,4,0.010958904109589,1.0300828471411902,ITM,17.2,0.0556,0.0001633605600933,1.5030740659632045,0.00035077574468219476,0.8030740659632045,0.8030740659632045,114.72486656617208,114.72486656617208
2023-08-25,2023-08-29,PUT,4413.905,4330.0,1.9,2.05,1.975,331,139,4,0.010958904109589,1.019377598152425,ATM,17.2,0.0556,0.0004561200923787,5.402568126270808,0.0012477062647276692,3.4275681262708075,3.4275681262708075,173.54775322890166,173.54775322890166
2023-08-25,2023-08-29,PUT,4413.905,4205.0,0.25,0.35,0.3,23,49,4,0.010958904109589,1.049680142687277,ITM,17.2,0.0556,7.13436385255648e-05,0.07533136784418559,1.7914712923706443e-05,-0.2246686321558144,0.2246686321558144,-74.88954405193815,74.88954405193815
2023-08-25,2023-08-29,PUT,4413.905,4210.0,0.25,0.35,0.3,19,132,4,0.010958904109589,1.0484334916864608,ITM,17.2,0.0556,7.125890736342043e-05,0.09350067470531442,2.2209186390811026e-05,-0.20649932529468557,0.20649932529468557,-68.83310843156187,68.83310843156187
2023-08-25,2023-08-29,PUT,4413.905,4215.0,0.25,0.35,0.3,91,143,4,0.010958904109589,1.0471897983392644,ITM,17.2,0.0556,7.117437722419929e-05,0.11558781110905159,2.7422968234650435e-05,-0.1844121888909484,0.1844121888909484,-61.47072963031614,61.47072963031614
2023-08-25,2023-08-29,PUT,4413.905,4445.0,37.5,38.7,38.1,21,66,4,0.010958904109589,0.9930044994375704,ATM,17.2,0.0556,0.0085714285714285,47.99645059240265,0.010797851651834117,9.896450592402651,9.896450592402651,25.9749359380647,25.9749359380647
2023-08-25,2023-08-29,PUT,4413.905,4440.0,33.9,34.9,34.4,126,601,4,0.010958904109589,0.9941227477477476,ATM,17.2,0.0556,0.0077477477477477,44.8448105247935,0.010100182550629166,10.444810524793503,10.444810524793503,30.362821293004373,30.362821293004373
2023-08-25,2023-08-29,PUT,4413.905,4435.0,30.9,31.3,31.1,34,365,4,0.010958904109589,0.9952435174746336,ATM,17.2,0.0556,0.0070124013528748,41.81223689486296,0.009427787349461774,10.712236894862961,10.712236894862961,34.44449162335357,34.44449162335357
2023-08-25,2023-08-29,PUT,4413.905,4430.0,28.0,28.2,28.1,219,305,4,0.010958904109589,0.996366817155756,ATM,17.2,0.0556,0.0063431151241534,38.900902957824655,0.008781242202669223,10.800902957824654,10.800902957824654,38.43737707410909,38.43737707410909
2023-08-25,2023-08-29,PUT,4413.905,4425.0,25.0,25.5,25.25,271,397,4,0.010958904109589,0.9974926553672316,ATM,17.2,0.0556,0.0057062146892655,36.112541147476804,0.008161026248017357,10.862541147476804,10.862541147476804,43.0199649405022,43.0199649405022
2023-08-25,2023-08-29,PUT,4413.905,4420.0,22.4,22.8,22.6,112,172,4,0.010958904109589,0.9986210407239818,ATM,17.2,0.0556,0.0051131221719457,33.44842155274182,0.007567516188403127,10.848421552741819,10.848421552741819,48.00186527761866,48.00186527761866
2023-08-25,2023-08-29,PUT,4413.905,4415.0,20.0,20.4,20.2,154,99,4,0.010958904109589,0.9997519818799546,ATM,17.2,0.0556,0.0045753114382785,30.909335511345944,0.007000981995774846,10.709335511345945,10.709335511345945,53.01651243240566,53.01651243240566
2023-08-25,2023-08-29,PUT,4413.905,4410.0,17.8,18.0,17.9,227,190,4,0.010958904109589,1.0008854875283446,ATM,17.2,0.0556,0.0040589569160997,28.495584668364927,0.00646158382502606,10.595584668364928,10.595584668364928,59.19321043779291,59.19321043779291
2023-08-25,2023-08-29,PUT,4413.905,4405.0,15.7,16.0,15.85,314,348,4,0.010958904109589,1.0020215664018162,ATM,17.2,0.0556,0.0035981838819523,26.206975744927604,0.005949370203161772,10.356975744927604,10.356975744927604,65.34369555159371,65.34369555159371
2023-08-25,2023-08-29,PUT,4413.905,4345.0,3.0,3.1,3.05,545,247,4,0.010958904109589,1.0158584579976984,ATM,17.2,0.0556,0.0007019562715765,7.805996222249632,0.0017965468865937014,4.755996222249633,4.755996222249633,155.9343023688404,155.9343023688404
2023-08-25,2023-08-29,PUT,4413.905,4340.0,2.55,2.7,2.625,950,373,4,0.010958904109589,1.017028801843318,ATM,17.2,0.0556,0.0006048387096774,6.926222802655957,0.0015959038715797136,4.301222802655957,4.301222802655957,163.85610676784597,163.85610676784597
2023-08-25,2023-08-29,PUT,4413.905,4265.0,0.45,0.55,0.5,215,111,4,0.010958904109589,1.0349132473622509,ITM,17.2,0.0556,0.0001172332942555,0.7780949201063834,0.00018243726145518953,0.27809492010638337,0.27809492010638337,55.618984021276674,55.618984021276674
2023-08-25,2023-08-29,PUT,4413.905,4260.0,0.45,0.5,0.475,235,156,4,0.010958904109589,1.0361279342723004,ITM,17.2,0.0556,0.0001115023474178,0.6540487890951994,0.00015353257959981205,0.1790487890951994,0.1790487890951994,37.69448191477883,37.69448191477883
2023-08-25,2023-08-29,PUT,4413.905,4255.0,0.4,0.5,0.45,143,140,4,0.010958904109589,1.0373454759106933,ITM,17.2,0.0556,0.0001057579318448,0.5477514965035226,0.000128731256522567,0.0977514965035226,0.0977514965035226,21.72255477856058,21.72255477856058
2023-08-25,2023-08-29,PUT,4413.905,4250.0,0.4,0.45,0.425,2099,918,4,0.010958904109589,1.0385658823529411,ITM,17.2,0.0556,0.0001,0.457023218587139,0.00010753487496167977,0.032023218587139024,0.032023218587139024,7.53487496167977,7.53487496167977
2023-08-25,2023-08-29,PUT,4413.905,4245.0,0.35,0.45,0.4,100,181,4,0.010958904109589,1.0397891637220258,ITM,17.2,0.0556,9.422850412249706e-05,0.3798917224325109,8.94915718333359e-05,-0.02010827756748912,0.02010827756748912,-5.0270693918722795,5.0270693918722795
2023-08-25,2023-08-29,PUT,4413.905,4240.0,0.35,0.4,0.375,71,191,4,0.010958904109589,1.041015330188679,ITM,17.2,0.0556,8.844339622641509e-05,0.31458215271651113,7.419390394257338e-05,-0.06041784728348887,0.06041784728348887,-16.111425942263697,16.111425942263697
2023-08-25,2023-08-29,PUT,4413.905,4235.0,0.3,0.4,0.35,56,186,4,0.010958904109589,1.0422443919716646,ITM,17.2,0.0556,8.264462809917355e-05,0.25950576732907393,6.12764503728628e-05,-0.09049423267092604,0.09049423267092604,-25.855495048836016,25.855495048836016
2023-08-25,2023-08-29,PUT,4413.905,4230.0,0.3,0.4,0.35,91,354,4,0.010958904109589,1.0434763593380614,ITM,17.2,0.0556,8.274231678486997e-05,0.21324792871941156,5.041322191948264e-05,-0.13675207128058842,0.13675207128058842,-39.07202036588241,39.07202036588241
2023-08-25,2023-08-29,PUT,4413.905,4225.0,0.3,0.35,0.3249999999999999,79,107,4,0.010958904109589,1.0447112426035503,ITM,17.2,0.0556,7.69230769230769e-05,0.17455563415837716,4.13149429960656e-05,-0.15044436584162274,0.15044436584162274,-46.2905741051147,46.2905741051147
2023-08-25,2023-08-29,PUT,4413.905,4220.0,0.3,0.35,0.3249999999999999,16,325,4,0.010958904109589,1.0459490521327013,ITM,17.2,0.0556,7.701421800947865e-05,0.14232484074029017,3.3726265578267814e-05,-0.18267515925970973,0.18267515925970973,-56.207741310679936,56.207741310679936
2023-08-25,2023-08-29,PUT,4413.905,4400.0,13.9,14.2,14.05,1757,1606,4,0.010958904109589,1.0031602272727271,ATM,17.2,0.0556,0.0031931818181818,24.042821152502256,0.005464277534659604,9.992821152502255,9.992821152502255,71.12328222421533,71.12328222421533
2023-08-25,2023-08-30,PUT,4413.905,4445.0,40.8,42.0,41.4,11,166,5,0.0136986301369863,0.9930044994375704,ATM,17.2,0.0556,0.0093138357705286,51.11936394670283,0.011500419335591188,9.719363946702835,9.719363946702835,23.476724508944045,23.476724508944045
2023-08-25,2023-08-28,PUT,4413.905,4205.0,0.15,0.2,0.175,165,429,3,0.0082191780821917,1.049680142687277,ITM,17.2,0.0556,4.1617122473246136e-05,0.015594696971648059,3.7086080788699306e-06,-0.15940530302835193,0.15940530302835193,-91.08874458762968,91.08874458762968
2023-08-25,2023-08-28,PUT,4413.905,4195.0,0.15,0.2,0.175,293,2201,3,0.0082191780821917,1.052182359952324,ITM,17.2,0.0556,4.171632896305125e-05,0.008822678176531706,2.1031414008418848e-06,-0.16617732182346828,0.16617732182346828,-94.95846961341044,94.95846961341044
2023-08-25,2023-08-30,PUT,4413.905,4210.0,0.45,0.5,0.475,15,4093,5,0.0136986301369863,1.0484334916864608,ITM,17.2,0.0556,0.0001128266033254,0.24517446249247854,5.8236214368759746e-05,-0.22982553750752144,0.22982553750752144,-48.38432368579399,48.38432368579399
2023-08-25,2023-08-30,PUT,4413.905,4205.0,0.4,0.5,0.45,586,188,5,0.0136986301369863,1.049680142687277,ITM,17.2,0.0556,0.0001070154577883,0.20492724383547412,4.873418402746115e-05,-0.2450727561645259,0.2450727561645259,-54.460612481005754,54.460612481005754
2023-08-25,2023-08-30,PUT,4413.905,4200.0,0.4,0.5,0.45,807,840,5,0.0136986301369863,1.050929761904762,ITM,17.2,0.0556,0.0001071428571428,0.17074242585177757,4.065295853613752e-05,-0.27925757414822244,0.27925757414822244,-62.05723869960498,62.05723869960498
2023-08-25,2023-08-30,PUT,4413.905,4195.0,0.4,0.45,0.425,47,185,5,0.0136986301369863,1.052182359952324,ITM,17.2,0.0556,0.0001013110846245,0.14180457831374937,3.3803236785160755e-05,-0.2831954216862506,0.2831954216862506,-66.63421686735309,66.63421686735309
2023-08-25,2023-08-30,PUT,4413.905,4190.0,0.4,0.45,0.425,45,100,5,0.0136986301369863,1.0534379474940334,ITM,17.2,0.0556,0.0001014319809069,0.11739132106120209,2.8017021732983793e-05,-0.3076086789387979,0.3076086789387979,-72.37851269148186,72.37851269148186
2023-08-25,2023-08-30,PUT,4413.905,4230.0,0.55,0.6,0.575,392,241,5,0.0136986301369863,1.0434763593380614,ITM,17.2,0.0556,0.0001359338061465,0.48680869362833334,0.00011508479754806935,-0.08819130637166661,0.08819130637166661,-15.337618499420284,15.337618499420284
2023-08-25,2023-08-30,PUT,4413.905,4185.0,0.35,0.45,0.4,25,110,5,0.0136986301369863,1.0546965352449222,ITM,17.2,0.0556,9.55794504181601e-05,0.09686538971543968,2.3145851783856552e-05,-0.30313461028456035,0.30313461028456035,-75.78365257114008,75.78365257114008
2023-08-25,2023-08-30,PUT,4413.905,4175.0,0.35,0.4,0.375,2779,201,5,0.0136986301369863,1.057222754491018,ITM,17.2,0.0556,8.982035928143712e-05,0.06530628248906645,1.56422233506746e-05,-0.30969371751093355,0.30969371751093355,-82.58499133624895,82.58499133624895
2023-08-25,2023-08-30,PUT,4413.905,4170.0,0.35,0.4,0.375,29,51,5,0.0136986301369863,1.0584904076738608,ITM,17.2,0.0556,8.992805755395684e-05,0.05335671049361146,1.2795374219091477e-05,-0.32164328950638854,0.32164328950638854,-85.77154386837027,85.77154386837027
2023-08-25,2023-08-30,PUT,4413.905,4215.0,0.45,0.55,0.5,31,123,5,0.0136986301369863,1.0471897983392644,ITM,17.2,0.0556,0.0001186239620403,0.2924006762715763,6.937145344521383e-05,-0.2075993237284237,0.2075993237284237,-41.51986474568474,41.51986474568474
2023-08-25,2023-08-30,PUT,4413.905,4165.0,0.35,0.4,0.375,31,66,5,0.0136986301369863,1.0597611044417767,ITM,17.2,0.0556,9.00360144057623e-05,0.04344810224864837,1.0431717226566235e-05,-0.33155189775135163,0.33155189775135163,-88.41383940036043,88.41383940036043
2023-08-25,2023-08-30,PUT,4413.905,4155.0,0.3,0.4,0.35,116,260,5,0.0136986301369863,1.0623116726835138,ITM,17.2,0.0556,8.42358604091456e-05,0.028519313544450142,6.863854041985594e-06,-0.32148068645554984,0.32148068645554984,-91.85162470158568,91.85162470158568
2023-08-25,2023-08-30,PUT,4413.905,4150.0,0.3,0.35,0.3249999999999999,151,475,5,0.0136986301369863,1.06359156626506,ITM,17.2,0.0556,7.831325301204817e-05,0.02298828594900293,5.5393460118079345e-06,-0.30201171405099697,0.30201171405099697,-92.92668124646063,92.92668124646063
2023-08-25,2023-08-30,PUT,4413.905,4140.0,0.3,0.35,0.3249999999999999,143,1405,5,0.0136986301369863,1.0661606280193237,ITM,17.2,0.0556,7.850241545893718e-05,0.014782964740826188,3.570764430151253e-06,-0.3102170352591737,0.3102170352591737,-95.45139546436117,95.45139546436117
2023-08-25,2023-08-30,PUT,4413.905,4130.0,0.3,0.35,0.3249999999999999,43,143,5,0.0136986301369863,1.068742130750605,ITM,17.2,0.0556,7.869249394673121e-05,0.009375216388317842,2.2700281811907606e-06,-0.31562478361168206,0.31562478361168206,-97.11531803436374,97.11531803436374
2023-08-25,2023-08-30,PUT,4413.905,4180.0,0.35,0.45,0.4,260,189,5,0.0136986301369863,1.0559581339712918,ITM,17.2,0.0556,9.569377990430622e-05,0.0796669584129539,1.905908096003682e-05,-0.3203330415870461,0.3203330415870461,-80.08326039676152,80.08326039676152
2023-08-25,2023-08-30,PUT,4413.905,4235.0,0.55,0.65,0.6000000000000001,32,305,5,0.0136986301369863,1.0422443919716646,ITM,17.2,0.0556,0.0001416765053128,0.5734259488739752,0.00013540164082030112,-0.026574051126024845,0.026574051126024845,-4.42900852100414,4.42900852100414
2023-08-25,2023-08-30,PUT,4413.905,4240.0,0.6,0.7,0.6499999999999999,357,269,5,0.0136986301369863,1.041015330188679,ITM,17.2,0.0556,0.0001533018867924,0.6734064348388671,0.00015882227236765732,0.023406434838867174,0.023406434838867174,3.600989975210335,3.600989975210335
2023-08-25,2023-08-30,PUT,4413.905,4245.0,0.65,0.75,0.7,482,300,5,0.0136986301369863,1.0397891637220258,ITM,17.2,0.0556,0.0001648998822143,0.7884408212163123,0.0001857339979308156,0.08844082121631236,0.08844082121631236,12.634403030901765,12.634403030901765
2023-08-25,2023-08-30,PUT,4413.905,4310.0,2.15,2.3,2.225,277,236,5,0.0136986301369863,1.0241078886310904,ATM,17.2,0.0556,0.0005162412993039,4.7139610386868185,0.0010937264590920692,2.4889610386868184,2.4889610386868184,111.86341746907048,111.86341746907048
2023-08-25,2023-08-30,PUT,4413.905,4160.0,0.35,0.4,0.375,62,238,5,0.0136986301369863,1.0610348557692306,ITM,17.2,0.0556,9.014423076923076e-05,0.03526067803684363,8.476124528087411e-06,-0.33973932196315637,0.33973932196315637,-90.59715252350837,90.59715252350837
2023-08-25,2023-08-30,PUT,4413.905,4305.0,1.95,2.05,2.0,161,250,5,0.0136986301369863,1.0252973286875726,ATM,17.2,0.0556,0.0004645760743321,4.176710123843748,0.0009701997964793839,2.1767101238437476,2.1767101238437476,108.83550619218738,108.83550619218738
2023-08-25,2023-08-30,PUT,4413.905,4220.0,0.5,0.55,0.525,158,1089,5,0.0136986301369863,1.0459490521327013,ITM,17.2,0.0556,0.0001244075829383,0.34763184608878817,8.237721471298298e-05,-0.17736815391121186,0.17736815391121186,-33.78441026880226,33.78441026880226
2023-08-25,2023-08-30,PUT,4413.905,4565.0,148.1,152.0,150.05,5,167,5,0.0136986301369863,0.9669014238773276,OTM,17.2,0.0556,0.0328696604600219,149.55552062677634,0.03276134077256875,-0.49447937322366897,0.49447937322366897,-0.32954306779318154,0.32954306779318154
2023-08-25,2023-08-31,PUT,4413.905,4380.0,14.2,14.5,14.35,267,1046,6,0.0164383561643835,1.0077408675799089,ATM,17.2,0.0556,0.0032762557077625,22.6313590724385,0.005166976957177739,8.2813590724385,8.2813590724385,57.709819320128915,57.709819320128915
2023-08-25,2023-08-31,PUT,4413.905,4375.0,12.9,13.1,13.0,1059,2220,6,0.0164383561643835,1.0088925714285717,ATM,17.2,0.0556,0.0029714285714285,20.920946530858373,0.004781930635624771,7.920946530858373,7.920946530858373,60.93035792967979,60.93035792967979
2023-08-25,2023-08-31,PUT,4413.905,4370.0,11.7,11.9,11.8,298,460,6,0.0164383561643835,1.0100469107551486,ATM,17.2,0.0556,0.0027002288329519,19.304600033455927,0.004417528611774812,7.504600033455926,7.504600033455926,63.59830536827055,63.59830536827055
2023-08-25,2023-08-31,PUT,4413.905,4365.0,10.6,10.8,10.7,289,452,6,0.0164383561643835,1.0112038946162656,ATM,17.2,0.0556,0.0024513172966781,17.780218789425135,0.004073360547405529,7.080218789425135,7.080218789425135,66.170269060048,66.170269060048
2023-08-25,2023-08-31,PUT,4413.905,4360.0,9.6,9.8,9.7,530,330,6,0.0164383561643835,1.0123635321100917,ATM,17.2,0.0556,0.0022247706422018,16.345504872290576,0.0037489690074060953,6.6455048722905765,6.6455048722905765,68.51035950815029,68.51035950815029
2023-08-25,2023-08-31,PUT,4413.905,4355.0,8.6,8.8,8.7,328,503,6,0.0164383561643835,1.0135258323765786,ATM,17.2,0.0556,0.0019977037887485,14.997979653032644,0.0034438529628088733,6.297979653032645,6.297979653032645,72.39057072451317,72.39057072451317
2023-08-25,2023-08-31,PUT,4413.905,4350.0,7.8,8.0,7.9,6440,12287,6,0.0164383561643835,1.014690804597701,ATM,17.2,0.0556,0.0018160919540229,13.73500132002573,0.003157471567822007,5.8350013200257305,5.8350013200257305,73.86077620285735,73.86077620285735
2023-08-25,2023-08-31,PUT,4413.905,4395.0,18.8,19.1,18.950000000000003,128,380,6,0.0164383561643835,1.004301478953356,ATM,17.2,0.0556,0.0043117178612059,28.344736156903537,0.00644931425640581,9.394736156903534,9.394736156903534,49.57644409975479,49.57644409975479
2023-08-25,2023-08-31,PUT,4413.905,4450.0,45.8,46.7,46.25,173,5431,6,0.0164383561643835,0.9918887640449436,ATM,17.2,0.0556,0.0103932584269662,57.06308971584076,0.012823166228278823,10.81308971584076,10.81308971584076,23.379653439655698,23.379653439655698
2023-08-25,2023-08-30,PUT,4413.905,4225.0,0.5,0.6,0.55,131,405,5,0.0136986301369863,1.0447112426035503,ITM,17.2,0.0556,0.0001301775147928,0.41201148317975367,9.751751081177601e-05,-0.13798851682024638,0.13798851682024638,-25.08882124004479,25.08882124004479
2023-08-25,2023-08-31,PUT,4413.905,4445.0,43.0,43.3,43.15,9,239,6,0.0164383561643835,0.9930044994375704,ATM,17.2,0.0556,0.0097075365579302,53.95092155168186,0.01213744016910728,10.80092155168186,10.80092155168186,25.031104407142205,25.031104407142205
2023-08-25,2023-08-31,PUT,4413.905,4435.0,37.0,37.3,37.15,28,293,6,0.0164383561643835,0.9952435174746336,ATM,17.2,0.0556,0.0083765501691093,48.02053338109636,0.010827628721780464,10.870533381096358,10.870533381096358,29.26119348881927,29.26119348881927
2023-08-25,2023-08-31,PUT,4413.905,4430.0,34.2,34.5,34.35,56,380,6,0.0164383561643835,0.996366817155756,ATM,17.2,0.0556,0.0077539503386004,45.20492478541473,0.010204271960590233,10.854924785414731,10.854924785414731,31.600945517946812,31.600945517946812
2023-08-25,2023-08-31,PUT,4413.905,4425.0,31.5,31.9,31.7,149,3365,6,0.0164383561643835,0.9974926553672316,ATM,17.2,0.0556,0.0071638418079096,42.49037254900986,0.009602344078872286,10.790372549009863,10.790372549009863,34.039030123059504,34.039030123059504
2023-08-25,2023-08-31,PUT,4413.905,4420.0,29.1,29.4,29.25,111,517,6,0.0164383561643835,0.9986210407239818,ATM,17.2,0.0556,0.0066176470588235,39.877556931605795,0.009022071703983212,10.627556931605795,10.627556931605795,36.33352797130186,36.33352797130186
2023-08-25,2023-08-31,PUT,4413.905,4415.0,26.8,27.1,26.950000000000003,150,188,6,0.0164383561643835,0.9997519818799546,ATM,17.2,0.0556,0.0061041902604756,37.36689496494864,0.008463622868618039,10.41689496494864,10.41689496494864,38.65267148403947,38.65267148403947
2023-08-25,2023-08-31,PUT,4413.905,4410.0,24.6,24.9,24.75,182,454,6,0.0164383561643835,1.0008854875283446,ATM,17.2,0.0556,0.0056122448979591,34.95853627869201,0.007927105732129708,10.208536278692009,10.208536278692009,41.24661122703842,41.24661122703842
2023-08-25,2023-08-31,PUT,4413.905,4405.0,22.6,22.8,22.700000000000003,229,436,6,0.0164383561643835,1.0020215664018162,ATM,17.2,0.0556,0.0051532349602724,32.6523610105412,0.007412567766297662,9.952361010541196,9.952361010541196,43.843000046436984,43.843000046436984
2023-08-25,2023-08-31,PUT,4413.905,4400.0,20.6,20.9,20.75,2500,9634,6,0.0164383561643835,1.0031602272727271,ATM,17.2,0.0556,0.004715909090909,30.447979839939535,0.0069199954181680765,9.697979839939535,9.697979839939535,46.737252240672454,46.737252240672454
2023-08-25,2023-08-30,PUT,4413.905,4570.0,153.1,157.0,155.05,6,40,5,0.0136986301369863,0.965843544857768,OTM,17.2,0.0556,0.0339277899343544,154.31518762373707,0.033766999480029994,-0.734812376262937,0.734812376262937,-0.4739196235168894,0.4739196235168894
2023-08-25,2023-08-31,PUT,4413.905,4440.0,39.8,40.2,40.0,73,337,6,0.0164383561643835,0.9941227477477476,ATM,17.2,0.0556,0.009009009009009,50.93626104060422,0.011472130865000952,10.936261040604222,10.936261040604222,27.340652601510556,27.340652601510556
2023-08-25,2023-08-30,PUT,4413.905,4300.0,1.75,1.85,1.8,2111,1937,5,0.0136986301369863,1.0264895348837209,ATM,17.2,0.0556,0.0004186046511627,3.6908855884187233,0.0008583454856787729,1.8908855884187232,1.8908855884187232,105.04919935659574,105.04919935659574
2023-08-25,2023-08-30,PUT,4413.905,4295.0,1.55,1.65,1.6,83,184,5,0.0136986301369863,1.027684516880093,ATM,17.2,0.0556,0.0003725261932479,3.2528333287815485,0.0007573535107756806,1.6528333287815484,1.6528333287815484,103.30208304884678,103.30208304884678
2023-08-25,2023-08-30,PUT,4413.905,4290.0,1.4,1.5,1.45,442,321,5,0.0136986301369863,1.0288822843822842,ATM,17.2,0.0556,0.0003379953379953,2.859007283425967,0.0006664352642018572,1.4090072834259673,1.4090072834259673,97.17291609834257,97.17291609834257
2023-08-25,2023-08-30,PUT,4413.905,4050.0,0.25,0.3,0.275,16,574,5,0.0136986301369863,1.089853086419753,ITM,17.2,0.0556,6.790123456790123e-05,0.00014583460764196893,3.6008545096782453e-08,-0.2748541653923581,0.2748541653923581,-99.94696923358474,99.94696923358474
2023-08-25,2023-08-30,PUT,4413.905,4025.0,0.2,0.3,0.25,1,644,5,0.0136986301369863,1.096622360248447,ITM,17.2,0.0556,6.211180124223603e-05,3.2581313509550194e-05,8.094736275664645e-09,-0.24996741868649044,0.24996741868649044,-99.98696747459618,99.98696747459618
2023-08-25,2023-08-29,PUT,4413.905,4675.0,257.9,261.9,259.9,4,5,4,0.010958904109589,0.9441508021390372,OTM,17.2,0.0556,0.0555935828877005,258.26501391237525,0.05524385324328882,-1.6349860876247249,1.6349860876247249,-0.6290827578394479,0.6290827578394479
2023-08-25,2023-08-29,PUT,4413.905,4600.0,182.9,186.9,184.9,1,40,4,0.010958904109589,0.9595445652173912,OTM,17.2,0.0556,0.040195652173913,183.62698495470886,0.039918909772762794,-1.273015045291146,1.273015045291146,-0.6884883965879642,0.6884883965879642
2023-08-25,2023-08-29,PUT,4413.905,4570.0,152.9,156.9,154.9,24,34,4,0.010958904109589,0.965843544857768,OTM,17.2,0.0556,0.0338949671772428,154.21359122219656,0.03374476831995548,-0.6864087778034502,0.6864087778034502,-0.443130263268851,0.443130263268851
2023-08-25,2023-08-29,PUT,4413.905,4560.0,143.0,147.0,145.0,24,26,4,0.010958904109589,0.9679616228070176,OTM,17.2,0.0556,0.031798245614035,144.54587754822205,0.03169865735706624,-0.4541224517779483,0.4541224517779483,-0.31318789777789535,0.31318789777789535
2023-08-25,2023-08-29,PUT,4413.905,4555.0,138.0,142.0,140.0,20,2,4,0.010958904109589,0.9690241492864984,OTM,17.2,0.0556,0.0307354555433589,139.74785077697834,0.030680098963112697,-0.2521492230216609,0.2521492230216609,-0.1801065878726149,0.1801065878726149
2023-08-25,2023-08-29,PUT,4413.905,4550.0,133.0,137.0,135.0,20,65,4,0.010958904109589,0.9700890109890108,ATM,17.2,0.0556,0.0296703296703296,134.9774003345592,0.029665362710892134,-0.022599665440793615,0.022599665440793615,-0.01674049291910638,0.01674049291910638
2023-08-25,2023-08-29,PUT,4413.905,4545.0,128.0,132.0,130.0,10,16,4,0.010958904109589,0.971156215621562,ATM,17.2,0.0556,0.0286028602860286,130.23755636206806,0.028655127912446218,0.2375563620680623,0.2375563620680623,0.1827356631292787,0.1827356631292787
2023-08-25,2023-08-30,PUT,4413.905,4075.0,0.25,0.3,0.275,1,216,5,0.0136986301369863,1.083166871165644,ITM,17.2,0.0556,6.748466257668713e-05,0.0005930383341503365,1.4553087954609484e-07,-0.27440696166584966,0.27440696166584966,-99.7843496966726,99.7843496966726
2023-08-25,2023-08-29,PUT,4413.905,4530.0,113.4,117.1,115.25,2,45,4,0.010958904109589,0.9743719646799116,ATM,17.2,0.0556,0.0254415011037527,116.23510358014073,0.025658963262724224,0.9851035801407306,0.9851035801407306,0.8547536487121307,0.8547536487121307
2023-08-25,2023-08-29,PUT,4413.905,4520.0,103.5,107.2,105.35,13,49,4,0.010958904109589,0.9765276548672566,ATM,17.2,0.0556,0.0233075221238938,107.11799315157123,0.02369867105123257,1.7679931515712326,1.7679931515712326,1.6782089715911084,1.6782089715911084
2023-08-25,2023-08-29,PUT,4413.905,4515.0,99.4,101.2,100.3,1,66,4,0.010958904109589,0.9776090808416388,ATM,17.2,0.0556,0.0222148394241417,102.63685757500616,0.022732415852714544,2.3368575750061638,2.3368575750061638,2.3298679710928853,2.3298679710928853
2023-08-25,2023-08-30,PUT,4413.905,4320.0,2.75,2.85,2.8,263,1110,5,0.0136986301369863,1.0217372685185184,ATM,17.2,0.0556,0.0006481481481481,5.957794498116982,0.0013791190967863385,3.1577944981169823,3.1577944981169823,112.77837493274937,112.77837493274937
2023-08-25,2023-08-30,PUT,4413.905,4480.0,67.8,69.2,68.5,3,56,5,0.0136986301369863,0.9852466517857142,ATM,17.2,0.0556,0.0152901785714285,75.45878015821518,0.016843477713887316,6.958780158215177,6.958780158215177,10.158803150679091,10.158803150679091
2023-08-25,2023-08-30,PUT,4413.905,4475.0,63.5,65.5,64.5,5,385,5,0.0136986301369863,0.9863474860335196,ATM,17.2,0.0556,0.014413407821229,71.6985769633211,0.016022028371691865,7.198576963321102,7.198576963321102,11.160584439257523,11.160584439257523
2023-08-25,2023-08-30,PUT,4413.905,4470.0,59.2,60.5,59.85,34,128,5,0.0136986301369863,0.9874507829977628,ATM,17.2,0.0556,0.0133892617449664,68.02762506161707,0.015218708067475856,8.177625061617071,8.177625061617071,13.663533937538967,13.663533937538967
2023-08-25,2023-08-30,PUT,4413.905,4465.0,55.1,56.9,56.0,3,170,5,0.0136986301369863,0.9885565509518476,ATM,17.2,0.0556,0.012541993281075,64.44919009645173,0.014434309092150443,8.44919009645173,8.44919009645173,15.087839457949517,15.087839457949517
2023-08-25,2023-08-30,PUT,4413.905,4460.0,51.5,52.8,52.15,6,178,5,0.0136986301369863,0.989664798206278,ATM,17.2,0.0556,0.0116928251121076,60.966365392804164,0.013669588653095104,8.816365392804165,8.816365392804165,16.90578215302812,16.90578215302812
2023-08-25,2023-08-30,PUT,4413.905,4455.0,47.8,49.1,48.45,2,262,5,0.0136986301369863,0.9907755331088663,ATM,17.2,0.0556,0.0108754208754208,57.58204604402363,0.012925262860611365,9.132046044023625,9.132046044023625,18.84839224772678,18.84839224772678
2023-08-25,2023-08-29,PUT,4413.905,4525.0,108.2,112.1,110.15,10,35,4,0.010958904109589,0.9754486187845304,ATM,17.2,0.0556,0.024342541436464,111.65213966712508,0.024674506003784548,1.5021396671250784,1.5021396671250784,1.363721894802613,1.363721894802613
2023-08-25,2023-08-30,PUT,4413.905,4080.0,0.25,0.3,0.275,525,561,5,0.0136986301369863,1.0818394607843136,ITM,17.2,0.0556,6.740196078431374e-05,0.000776283532733818,1.9026557174848482e-07,-0.2742237164672662,0.2742237164672662,-99.71771507900587,99.71771507900587
2023-08-25,2023-08-30,PUT,4413.905,4315.0,2.45,2.55,2.5,135,309,5,0.0136986301369863,1.0229212050984935,ATM,17.2,0.0556,0.0005793742757821,5.306383473081155,0.001229752832695517,2.806383473081155,2.806383473081155,112.2553389232462,112.2553389232462
2023-08-25,2023-08-29,PUT,4413.905,4510.0,94.4,96.2,95.3,3,13,4,0.010958904109589,0.9786929046563192,ATM,17.2,0.0556,0.021130820399113,98.21307509123426,0.02177673505348875,2.913075091234262,2.913075091234262,3.0567419635196873,3.0567419635196873
2023-08-25,2023-08-30,PUT,4413.905,4285.0,1.25,1.35,1.3,199,324,5,0.0136986301369863,1.0300828471411902,ITM,17.2,0.0556,0.0003033838973162,2.505984258208798,0.0005848271314372925,1.205984258208798,1.205984258208798,92.76801986221524,92.76801986221524
2023-08-25,2023-08-30,PUT,4413.905,4280.0,1.15,1.25,1.2,220,360,5,0.0136986301369863,1.0312862149532709,ITM,17.2,0.0556,0.0002803738317757,2.1904765305589535,0.0005117935819062975,0.9904765305589536,0.9904765305589536,82.5397108799128,82.5397108799128
2023-08-25,2023-08-30,PUT,4413.905,4275.0,1.05,1.15,1.1,2052,1253,5,0.0136986301369863,1.032492397660819,ITM,17.2,0.0556,0.0002573099415204,1.9093422300323084,0.0004466297614110663,0.8093422300323083,0.8093422300323083,73.57656636657347,73.57656636657347
2023-08-25,2023-08-30,PUT,4413.905,4270.0,0.95,1.05,1.0,467,276,5,0.0136986301369863,1.0337014051522249,ITM,17.2,0.0556,0.0002341920374707,1.6595935280830645,0.00038866358971500337,0.6595935280830645,0.6595935280830645,65.95935280830645,65.95935280830645
2023-08-25,2023-08-30,PUT,4413.905,4265.0,0.9,0.95,0.925,273,384,5,0.0136986301369863,1.0349132473622509,ITM,17.2,0.0556,0.0002168815943728,1.4384027022883004,0.00033725737451073865,0.5134027022883003,0.5134027022883003,55.502994841978406,55.502994841978406
2023-08-25,2023-08-30,PUT,4413.905,4260.0,0.8,0.9,0.8500000000000001,104,753,5,0.0136986301369863,1.0361279342723004,ITM,17.2,0.0556,0.0001995305164319,1.2431061689813134,0.00029180895985476843,0.39310616898131334,0.39310616898131334,46.24778458603686,46.24778458603686
2023-08-25,2023-08-30,PUT,4413.905,4255.0,0.75,0.85,0.8,105,201,5,0.0136986301369863,1.0373454759106933,ITM,17.2,0.0556,0.0001880141010575,1.0712066029590517,0.00025175243312786175,0.27120660295905163,0.27120660295905163,33.90082536988145,33.90082536988145
2023-08-25,2023-08-30,PUT,4413.905,4250.0,0.7,0.75,0.725,1151,698,5,0.0136986301369863,1.0385658823529411,ITM,17.2,0.0556,0.0001705882352941,0.9203732833986749,0.00021655841962321763,0.19537328339867488,0.19537328339867488,26.9480390894724,26.9480390894724
2023-08-25,2023-08-30,PUT,4413.905,4125.0,0.3,0.35,0.3249999999999999,174,199,5,0.0136986301369863,1.0700375757575755,ITM,17.2,0.0556,7.878787878787876e-05,0.007426857122181607,1.8004502114379655e-06,-0.3175731428778183,0.3175731428778183,-97.71481319317489,97.71481319317489
2023-08-25,2023-08-30,PUT,4413.905,4120.0,0.25,0.35,0.3,20,135,5,0.0136986301369863,1.0713361650485436,ITM,17.2,0.0556,7.281553398058252e-05,0.005862632353059727,1.4229690177329435e-06,-0.29413736764694026,0.29413736764694026,-98.04578921564675,98.04578921564675
2023-08-25,2023-08-30,PUT,4413.905,4110.0,0.25,0.35,0.3,25,319,5,0.0136986301369863,1.073942822384428,ITM,17.2,0.0556,7.2992700729927e-05,0.0036142927750505427,8.793899695986722e-07,-0.29638570722494945,0.29638570722494945,-98.79523574164982,98.79523574164982
2023-08-25,2023-08-30,PUT,4413.905,4100.0,0.25,0.35,0.3,15,1123,5,0.0136986301369863,1.076562195121951,ITM,17.2,0.0556,7.317073170731707e-05,0.0021963515429689884,5.356954982851191e-07,-0.297803648457031,0.297803648457031,-99.26788281901034,99.26788281901034
2023-08-25,2023-08-29,PUT,4413.905,4505.0,89.5,91.3,90.4,13,9,4,0.010958904109589,0.9797791342952274,ATM,17.2,0.0556,0.0200665926748057,93.85111464345482,0.020832655858702514,3.4511146434548152,3.4511146434548152,3.817604694087185,3.817604694087185
2023-08-25,2023-08-29,PUT,4413.905,4500.0,84.9,86.4,85.65,21,547,4,0.010958904109589,0.9808677777777776,ATM,17.2,0.0556,0.0190333333333333,89.5555467692584,0.019901232615390754,3.905546769258393,3.905546769258393,4.559891149163331,4.559891149163331
2023-08-25,2023-08-29,PUT,4413.905,4495.0,80.1,81.6,80.85,10,3,4,0.010958904109589,0.9819588431590656,ATM,17.2,0.0556,0.0179866518353726,85.33101514770942,0.018983540633528237,4.481015147709428,4.481015147709428,5.542381135076597,5.542381135076597
2023-08-25,2023-08-29,PUT,4413.905,4490.0,75.4,77.0,76.2,88,16,4,0.010958904109589,0.9830523385300668,ATM,17.2,0.0556,0.0169710467706013,81.18220507722572,0.0180806692822329,4.982205077225714,4.982205077225714,6.538326872999625,6.538326872999625
2023-08-25,2023-08-29,PUT,4413.905,4485.0,70.5,72.2,71.35,35,171,4,0.010958904109589,0.9841482720178372,ATM,17.2,0.0556,0.0159085841694537,77.11380914920437,0.017193714414538323,5.763809149204377,5.763809149204377,8.078218849620711,8.078218849620711
2023-08-25,2023-08-29,PUT,4413.905,4480.0,66.1,67.7,66.9,20,29,4,0.010958904109589,0.9852466517857142,ATM,17.2,0.0556,0.0149330357142857,73.13049045845582,0.016323770191619603,6.230490458455819,6.230490458455819,9.313139698738144,9.313139698738144
2023-08-25,2023-08-29,PUT,4413.905,4475.0,61.6,63.0,62.3,8,87,4,0.010958904109589,0.9863474860335196,ATM,17.2,0.0556,0.0139217877094972,69.23684376524443,0.01547192039446803,6.936843765244433,6.936843765244433,11.134580682575333,11.134580682575333
2023-08-25,2023-08-29,PUT,4413.905,4470.0,57.2,58.6,57.900000000000006,23,112,4,0.010958904109589,0.9874507829977628,ATM,17.2,0.0556,0.0129530201342281,65.43735509299177,0.014639229327291222,7.53735509299176,7.53735509299176,13.017884443854506,13.017884443854506
2023-08-25,2023-08-29,PUT,4413.905,4465.0,52.7,54.1,53.400000000000006,37,27,4,0.010958904109589,0.9885565509518476,ATM,17.2,0.0556,0.0119596864501679,61.73636030805119,0.013826732431814375,8.336360308051184,8.336360308051184,15.611161625564012,15.611161625564012
2023-08-25,2023-08-31,PUT,4413.905,4385.0,15.6,15.9,15.75,116,342,6,0.0164383561643835,1.0065917901938426,ATM,17.2,0.0556,0.0035917901938426,24.437726164729384,0.005573027631637259,8.687726164729384,8.687726164729384,55.160166125265924,55.160166125265924
2023-08-25,2023-08-31,PUT,4413.905,4390.0,17.2,17.4,17.299999999999997,537,682,6,0.0164383561643835,1.0054453302961277,ATM,17.2,0.0556,0.0039407744874715,26.341710349416644,0.00600038960123386,9.041710349416647,9.041710349416647,52.2642216729286,52.2642216729286
2023-08-25,2023-08-31,PUT,4413.905,4455.0,49.4,50.2,49.8,61,250,6,0.0164383561643835,0.9907755331088663,ATM,17.2,0.0556,0.0111784511784511,60.27111295429768,0.013528869350010702,10.47111295429768,10.47111295429768,21.02633123352948,21.02633123352948
2023-08-25,2023-08-31,PUT,4413.905,4460.0,52.8,53.8,53.3,14,1405,6,0.0164383561643835,0.989664798206278,ATM,17.2,0.0556,0.0119506726457399,63.5731244342569,0.014254063774497063,10.2731244342569,10.2731244342569,19.274154660894748,19.274154660894748
2023-08-25,2023-08-31,PUT,4413.905,4325.0,4.6,4.8,4.699999999999999,563,2045,6,0.0164383561643835,1.0205560693641618,ATM,17.2,0.0556,0.0010867052023121,8.58679264493071,0.0019853855826429388,3.8867926449307113,3.8867926449307113,82.69771584958961,82.69771584958961
2023-08-25,2023-08-31,PUT,4413.905,4320.0,4.1,4.3,4.199999999999999,1959,1040,6,0.0164383561643835,1.0217372685185184,ATM,17.2,0.0556,0.0009722222222222,7.768862535238213,0.0017983478090829196,3.568862535238214,3.568862535238214,84.97291750567177,84.97291750567177
2023-08-25,2023-08-31,PUT,4413.905,4315.0,3.7,3.9,3.8,206,310,6,0.0164383561643835,1.0229212050984935,ATM,17.2,0.0556,0.0008806488991888,7.014018827869791,0.0016254968314877846,3.2140188278697908,3.2140188278697908,84.5794428386787,84.5794428386787
2023-08-25,2023-08-31,PUT,4413.905,4310.0,3.4,3.5,3.45,231,826,6,0.0164383561643835,1.0241078886310904,ATM,17.2,0.0556,0.0008004640371229,6.3190047923112616,0.001466126401928367,2.8690047923112614,2.8690047923112614,83.15955919742787,83.15955919742787
2023-08-25,2023-08-31,PUT,4413.905,4305.0,3.0,3.2,3.1,1931,327,6,0.0164383561643835,1.0252973286875726,ATM,17.2,0.0556,0.0007200929152148,5.680571887049382,0.0013195288936235499,2.580571887049382,2.580571887049382,83.2442544209478,83.2442544209478
2023-08-25,2023-08-31,PUT,4413.905,4300.0,2.75,2.85,2.8,7372,15547,6,0.0164383561643835,1.0264895348837209,ATM,17.2,0.0556,0.0006511627906976,5.095496610627208,0.0011849992117737693,2.2954966106272083,2.2954966106272083,81.9820218081146,81.9820218081146
2023-08-25,2023-08-31,PUT,4413.905,4295.0,2.5,2.65,2.575,168,1371,6,0.0164383561643835,1.027684516880093,ATM,17.2,0.0556,0.0005995343422584,4.560596298991186,0.001061838486377459,1.9855962989911857,1.9855962989911857,77.11053588315283,77.11053588315283
2023-08-25,2023-08-31,PUT,4413.905,4290.0,2.3,2.4,2.35,306,700,6,0.0164383561643835,1.0288822843822842,ATM,17.2,0.0556,0.0005477855477855,4.0727437539856055,0.0009493575184115631,1.7227437539856054,1.7227437539856054,73.3082448504513,73.3082448504513
2023-08-25,2023-08-31,PUT,4413.905,4285.0,2.1,2.2,2.1500000000000004,2164,861,6,0.0164383561643835,1.0300828471411902,ITM,17.2,0.0556,0.0005017502917152,3.6288806091806123,0.0008468799554680542,1.478880609180612,1.478880609180612,68.78514461305171,68.78514461305171
2023-08-25,2023-08-31,PUT,4413.905,4330.0,5.1,5.3,5.199999999999999,150,1276,6,0.0164383561643835,1.019377598152425,ATM,17.2,0.0556,0.0012009237875288,9.471056307303002,0.0021873109254741344,4.271056307303002,4.271056307303002,82.13569821736544,82.13569821736544
2023-08-25,2023-08-31,PUT,4413.905,4280.0,1.9,2.0,1.95,75,1776,6,0.0164383561643835,1.0312862149532709,ITM,17.2,0.0556,0.0004556074766355,3.2260293609861037,0.0007537451778004916,1.2760293609861038,1.2760293609861038,65.4374031274925,65.4374031274925
2023-08-25,2023-08-31,PUT,4413.905,4195.0,0.65,0.75,0.7,98,1017,6,0.0164383561643835,1.052182359952324,ITM,17.2,0.0556,0.0001668653158522,0.30139740408154125,7.184681861300148e-05,-0.3986025959184587,0.3986025959184587,-56.943227988351246,56.943227988351246
2023-08-25,2023-08-31,PUT,4413.905,4105.0,0.4,0.45,0.425,275,338,6,0.0164383561643835,1.0752509135200974,ITM,17.2,0.0556,0.0001035322777101,0.010589134468035555,2.5795699069514142e-06,-0.41441086553196443,0.41441086553196443,-97.50843894869752,97.50843894869752
2023-08-25,2023-08-31,PUT,4413.905,4100.0,0.4,0.45,0.425,2089,7748,6,0.0164383561643835,1.076562195121951,ITM,17.2,0.0556,0.0001036585365853,0.008553734728840245,2.0862767631317673e-06,-0.41644626527115974,0.41644626527115974,-97.98735653439053,97.98735653439053
2023-08-25,2023-08-31,PUT,4413.905,4095.0,0.4,0.45,0.425,91,126,6,0.0164383561643835,1.0778766788766787,ITM,17.2,0.0556,0.0001037851037851,0.006888844181156761,1.6822574312959125e-06,-0.4181111558188432,0.4181111558188432,-98.37909548678664,98.37909548678664
2023-08-25,2023-08-31,PUT,4413.905,4090.0,0.4,0.45,0.425,99,224,6,0.0164383561643835,1.0791943765281171,ITM,17.2,0.0556,0.00010391198044,0.0055312691346369736,1.3523885414760327e-06,-0.419468730865363,0.419468730865363,-98.69852490949718,98.69852490949718
2023-08-25,2023-08-31,PUT,4413.905,4085.0,0.4,0.45,0.425,43,257,6,0.0164383561643835,1.0805152998776009,ITM,17.2,0.0556,0.0001040391676866,0.004427755918011145,1.0839059774813084e-06,-0.42057224408198884,0.42057224408198884,-98.95817507811502,98.95817507811502
2023-08-25,2023-08-31,PUT,4413.905,4080.0,0.35,0.45,0.4,57,237,6,0.0164383561643835,1.0818394607843136,ITM,17.2,0.0556,9.803921568627452e-05,0.003533585838325526,8.660749603739034e-07,-0.3964664141616745,0.3964664141616745,-99.11660354041861,99.11660354041861
2023-08-25,2023-08-31,PUT,4413.905,4075.0,0.35,0.45,0.4,147,484,6,0.0164383561643835,1.083166871165644,ITM,17.2,0.0556,9.8159509202454e-05,0.0028113400480704875,6.898993982995062e-07,-0.39718865995192953,0.39718865995192953,-99.29716498798238,99.29716498798238
2023-08-25,2023-08-31,PUT,4413.905,4070.0,0.35,0.4,0.375,155,284,6,0.0164383561643835,1.084497542997543,ITM,17.2,0.0556,9.213759213759214e-05,0.002229818780358772,5.478670222011725e-07,-0.37277018121964123,0.37277018121964123,-99.405381658571,99.405381658571
2023-08-25,2023-08-31,PUT,4413.905,4200.0,0.7,0.75,0.725,677,16551,6,0.0164383561643835,1.050929761904762,ITM,17.2,0.0556,0.000172619047619,0.3536070494163184,8.419215462293294e-05,-0.3713929505836816,0.3713929505836816,-51.22661387361126,51.22661387361126
2023-08-25,2023-08-31,PUT,4413.905,4335.0,5.7,5.9,5.800000000000001,197,755,6,0.0164383561643835,1.01820184544406,ATM,17.2,0.0556,0.0013379469434832,10.424872560024141,0.002404814892739133,4.624872560024141,4.624872560024141,79.73918206938173,79.73918206938173
2023-08-25,2023-08-31,PUT,4413.905,4275.0,1.75,1.85,1.8,226,1858,6,0.0164383561643835,1.032492397660819,ITM,17.2,0.0556,0.0004210526315789,2.861304014790221,0.0006693108806526833,1.061304014790221,1.061304014790221,58.96133415501228,58.96133415501228
2023-08-25,2023-08-31,PUT,4413.905,4205.0,0.7,0.8,0.75,44,704,6,0.0164383561643835,1.049680142687277,ITM,17.2,0.0556,0.0001783590963139,0.4137667990376599,9.839876314807608e-05,-0.3362332009623401,0.3362332009623401,-44.831093461645345,44.831093461645345
2023-08-25,2023-08-28,PUT,4413.905,4190.0,0.15,0.2,0.175,109,774,3,0.0082191780821917,1.0534379474940334,ITM,17.2,0.0556,4.176610978520286e-05,0.006581069342454171,1.5706609409198499e-06,-0.16841893065754582,0.16841893065754582,-96.23938894716905,96.23938894716905
2023-08-25,2023-08-28,PUT,4413.905,4185.0,0.15,0.2,0.175,161,321,3,0.0082191780821917,1.0546965352449222,ITM,17.2,0.0556,4.181600955794504e-05,0.004881580425768917,1.1664469356676024e-06,-0.17011841957423107,0.17011841957423107,-97.2105254709892,97.2105254709892
2023-08-25,2023-08-28,PUT,4413.905,4180.0,0.1,0.2,0.15,362,760,3,0.0082191780821917,1.0559581339712918,ITM,17.2,0.0556,3.5885167464114834e-05,0.003600613003379105,8.613906706648577e-07,-0.1463993869966209,0.1463993869966209,-97.5995913310806,97.5995913310806
2023-08-25,2023-08-28,PUT,4413.905,4175.0,0.15,0.2,0.175,697,488,3,0.0082191780821917,1.057222754491018,ITM,17.2,0.0556,4.191616766467066e-05,0.002640758568534629,6.325170224035039e-07,-0.17235924143146536,0.17235924143146536,-98.4909951036945,98.4909951036945
2023-08-25,2023-08-28,PUT,4413.905,4170.0,0.15,0.2,0.175,750,147,3,0.0082191780821917,1.0584904076738608,ITM,17.2,0.0556,4.196642685851319e-05,0.0019257575806037597,4.618123694493429e-07,-0.17307424241939623,0.17307424241939623,-98.89956709679784,98.89956709679784
2023-08-25,2023-08-28,PUT,4413.905,4165.0,0.1,0.2,0.15,639,65,3,0.0082191780821917,1.0597611044417767,ITM,17.2,0.0556,3.601440576230492e-05,0.0013963033318108997,3.352468983939735e-07,-0.1486036966681891,0.1486036966681891,-99.06913111212607,99.06913111212607
2023-08-25,2023-08-29,PUT,4413.905,4455.0,44.7,46.0,45.35,26,67,4,0.010958904109589,0.9907755331088663,ATM,17.2,0.0556,0.0101795735129068,54.646194274791924,0.012266261341142969,9.296194274791922,9.296194274791922,20.498774586090235,20.498774586090235
2023-08-25,2023-08-29,PUT,4413.905,4460.0,48.6,50.0,49.3,43,115,4,0.010958904109589,0.989664798206278,ATM,17.2,0.0556,0.0110538116591928,58.13800328145817,0.013035426744721563,8.838003281458171,8.838003281458171,17.92698434372854,17.92698434372854
2023-08-25,2023-08-31,PUT,4413.905,4265.0,1.5,1.6,1.55,148,193,6,0.0164383561643835,1.0349132473622509,ITM,17.2,0.0556,0.0003634232121922,2.2351985665081315,0.0005240793825341457,0.6851985665081315,0.6851985665081315,44.20635912955687,44.20635912955687
2023-08-25,2023-08-31,PUT,4413.905,4260.0,1.35,1.45,1.4,230,908,6,0.0164383561643835,1.0361279342723004,ITM,17.2,0.0556,0.0003286384976525,1.9685800114541507,0.00046210798390942503,0.5685800114541508,0.5685800114541508,40.612857961010775,40.612857961010775
2023-08-25,2023-08-31,PUT,4413.905,4255.0,1.3,1.35,1.3250000000000002,335,263,6,0.0164383561643835,1.0373454759106933,ITM,17.2,0.0556,0.0003113983548766,1.7296218695578318,0.00040649162621805683,0.40462186955783164,0.40462186955783164,30.53749958927031,30.53749958927031
2023-08-25,2023-08-31,PUT,4413.905,4250.0,1.2,1.3,1.25,1477,5100,6,0.0164383561643835,1.0385658823529411,ITM,17.2,0.0556,0.0002941176470588,1.5160060088172145,0.00035670729619228576,0.2660060088172145,0.2660060088172145,21.28048070537716,21.28048070537716
2023-08-25,2023-08-31,PUT,4413.905,4270.0,1.6,1.7,1.65,270,847,6,0.0164383561643835,1.0337014051522249,ITM,17.2,0.0556,0.0003864168618266,2.53191931725587,0.0005929553436196417,0.8819193172558699,0.8819193172558699,53.44965559126485,53.44965559126485
2023-08-25,2023-08-31,PUT,4413.905,4245.0,1.1,1.2,1.15,354,377,6,0.0164383561643835,1.0397891637220258,ITM,17.2,0.0556,0.0002709069493521,1.325540354254116,0.00031225921183842544,0.17554035425411607,0.17554035425411607,15.264378630792702,15.264378630792702
2023-08-25,2023-08-31,PUT,4413.905,4240.0,1.05,1.15,1.1,942,725,6,0.0164383561643835,1.041015330188679,ITM,17.2,0.0556,0.0002594339622641,1.15616009178666,0.000272679266930816,0.056160091786659816,0.056160091786659816,5.105462889696346,5.105462889696346
2023-08-25,2023-08-31,PUT,4413.905,4235.0,0.95,1.05,1.0,1582,391,6,0.0164383561643835,1.0422443919716646,ITM,17.2,0.0556,0.0002361275088547,1.0059277528092991,0.00023752721435874833,0.005927752809299136,0.005927752809299136,0.5927752809299136,0.5927752809299136
2023-08-25,2023-08-31,PUT,4413.905,4230.0,0.9,1.0,0.95,595,843,6,0.0164383561643835,1.0434763593380614,ITM,17.2,0.0556,0.000224586288416,0.8730322711305973,0.0002063906078322925,-0.07696772886940262,0.07696772886940262,-8.101866196779223,8.101866196779223
2023-08-25,2023-08-31,PUT,4413.905,4225.0,0.85,0.95,0.8999999999999999,288,866,6,0.0164383561643835,1.0447112426035503,ITM,17.2,0.0556,0.0002130177514792,0.7557871101009113,0.0001788845231008074,-0.14421288989908865,0.14421288989908865,-16.023654433232075,16.023654433232075
2023-08-25,2023-08-31,PUT,4413.905,4220.0,0.8,0.9,0.8500000000000001,485,1432,6,0.0164383561643835,1.0459490521327013,ITM,17.2,0.0556,0.0002014218009478,0.6526275618764146,0.00015465108101336838,-0.19737243812358551,0.19737243812358551,-23.22028683806888,23.22028683806888
2023-08-25,2023-08-31,PUT,4413.905,4215.0,0.8,0.85,0.825,95,306,6,0.0164383561643835,1.0471897983392644,ITM,17.2,0.0556,0.0001957295373665,0.562107322882639,0.00013335879546444578,-0.262892677117361,0.262892677117361,-31.865779044528605,31.865779044528605
2023-08-25,2023-08-31,PUT,4413.905,4210.0,0.75,0.8,0.775,190,325,6,0.0164383561643835,1.0484334916864608,ITM,17.2,0.0556,0.0001840855106888,0.4828944498103951,0.00011470176955116273,-0.29210555018960493,0.29210555018960493,-37.69103873414257,37.69103873414257
2023-08-25,2023-08-31,PUT,4413.905,4065.0,0.35,0.4,0.375,146,330,6,0.0164383561643835,1.0858314883148832,ITM,17.2,0.0556,9.225092250922508e-05,0.0017630999669573377,4.337269291407965e-07,-0.37323690003304266,0.37323690003304266,-99.52984000881138,99.52984000881138
2023-08-25,2023-08-28,PUT,4413.905,4200.0,0.15,0.2,0.175,1526,3210,3,0.0082191780821917,1.050929761904762,ITM,17.2,0.0556,4.1666666666666665e-05,0.011762198056102235,2.8005233466910085e-06,-0.16323780194389775,0.16323780194389775,-93.27874396794158,93.27874396794158
2023-08-25,2023-08-31,PUT,4413.905,4055.0,0.35,0.4,0.375,11,150,6,0.0164383561643835,1.08850924784217,ITM,17.2,0.0556,9.247842170160296e-05,0.0010919838708886298,2.6929318640903323e-07,-0.3739080161291114,0.3739080161291114,-99.70880430109638,99.70880430109638
2023-08-25,2023-08-31,PUT,4413.905,4045.0,0.35,0.4,0.375,40,402,6,0.0164383561643835,1.0912002472187885,ITM,17.2,0.0556,9.270704573547588e-05,0.0006678416384944819,1.6510300086390157e-07,-0.3743321583615055,0.3743321583615055,-99.82190889640147,99.82190889640147
2023-08-25,2023-08-31,PUT,4413.905,4345.0,7.0,7.2,7.1,166,770,6,0.0164383561643835,1.0158584579976984,ATM,17.2,0.0556,0.0016340621403912,12.553783277173807,0.0028892481650572626,5.453783277173807,5.453783277173807,76.81384897427897,76.81384897427897
2023-08-25,2023-08-31,PUT,4413.905,4505.0,90.0,91.2,90.6,5,319,6,0.0164383561643835,0.9797791342952274,ATM,17.2,0.0556,0.0201109877913429,97.12690875290355,0.02155980216490645,6.526908752903552,6.526908752903552,7.204093546251161,7.204093546251161
2023-08-25,2023-08-31,PUT,4413.905,4500.0,85.4,86.8,86.1,26,16734,6,0.0164383561643835,0.9808677777777776,ATM,17.2,0.0556,0.0191333333333333,93.09045569801037,0.020686767932891193,6.990455698010379,6.990455698010379,8.118996164936561,8.118996164936561
2023-08-25,2023-08-31,PUT,4413.905,4490.0,76.6,77.9,77.25,2,317,6,0.0164383561643835,0.9830523385300668,ATM,17.2,0.0556,0.0172048997772828,85.23127700558462,0.018982467039105704,7.981277005584616,7.981277005584616,10.331750169041573,10.331750169041573
2023-08-25,2023-08-31,PUT,4413.905,4510.0,94.6,95.8,95.2,2,687,6,0.0164383561643835,0.9786929046563192,ATM,17.2,0.0556,0.0211086474501108,101.23050308251277,0.022445787823173562,6.030503082512766,6.030503082512766,6.334562061462989,6.334562061462989
2023-08-25,2023-08-31,PUT,4413.905,4485.0,72.4,73.6,73.0,1,750,6,0.0164383561643835,0.9841482720178372,ATM,17.2,0.0556,0.0162764771460423,81.41458338873417,0.018152638436730026,8.414583388734172,8.414583388734172,11.526826559909825,11.526826559909825
2023-08-25,2023-08-31,PUT,4413.905,4480.0,68.0,69.4,68.7,27,236,6,0.0164383561643835,0.9852466517857142,ATM,17.2,0.0556,0.0153348214285714,77.67705895515792,0.017338629231062035,8.977058955157915,8.977058955157915,13.06704360284995,13.06704360284995
2023-08-25,2023-08-31,PUT,4413.905,4475.0,64.2,65.2,64.7,76,1290,6,0.0164383561643835,0.9863474860335196,ATM,17.2,0.0556,0.0144581005586592,74.02151814332001,0.01654112137280894,9.321518143320006,9.321518143320006,14.407292338979916,14.407292338979916
2023-08-25,2023-08-31,PUT,4413.905,4470.0,60.3,61.2,60.75,62,492,6,0.0164383561643835,0.9874507829977628,ATM,17.2,0.0556,0.0135906040268456,70.45066153781318,0.015760774393246794,9.700661537813176,9.700661537813176,15.968167140433211,15.968167140433211
2023-08-25,2023-08-31,PUT,4413.905,4340.0,6.3,6.5,6.4,326,863,6,0.0164383561643835,1.017028801843318,ATM,17.2,0.0556,0.0014746543778801,11.451413204297069,0.002638574471036191,5.051413204297068,5.051413204297068,78.92833131714168,78.92833131714168
2023-08-25,2023-08-31,PUT,4413.905,4465.0,56.4,57.5,56.95,14,141,6,0.0164383561643835,0.9885565509518476,ATM,17.2,0.0556,0.0127547592385218,66.96705754467348,0.01499822117461892,10.017057544673477,10.017057544673477,17.589214301445967,17.589214301445967
2023-08-25,2023-08-31,PUT,4413.905,4565.0,146.5,150.5,148.5,44,288,6,0.0164383561643835,0.9669014238773276,OTM,17.2,0.0556,0.0325301204819277,149.92582217408017,0.03284245830757506,1.4258221740801673,1.4258221740801673,0.9601496121751969,0.9601496121751969
2023-08-25,2023-08-31,PUT,4413.905,4560.0,141.6,145.6,143.6,2,1496,6,0.0164383561643835,0.9679616228070176,OTM,17.2,0.0556,0.0314912280701754,145.28337112734243,0.031860388405118956,1.6833711273424399,1.6833711273424399,1.172264016255181,1.172264016255181
2023-08-25,2023-08-31,PUT,4413.905,4550.0,132.8,134.4,133.60000000000002,2,9067,6,0.0164383561643835,0.9700890109890108,ATM,17.2,0.0556,0.0293626373626373,136.10555818605417,0.029913309491440478,2.505558186054145,2.505558186054145,1.8754178039327432,1.8754178039327432
2023-08-25,2023-08-31,PUT,4413.905,4545.0,127.9,129.5,128.7,3,866,6,0.0164383561643835,0.971156215621562,ATM,17.2,0.0556,0.0283168316831683,131.5754769613427,0.028949499881483542,2.875476961342713,2.875476961342713,2.2342478332111213,2.2342478332111213
2023-08-25,2023-08-31,PUT,4413.905,4540.0,123.0,124.7,123.85,9,347,6,0.0164383561643835,0.97222577092511,ATM,17.2,0.0556,0.0272797356828193,127.08828714054198,0.027993014788665633,3.238287140541985,3.238287140541985,2.6146848127105247,2.6146848127105247
2023-08-25,2023-08-31,PUT,4413.905,4535.0,118.4,119.8,119.1,1,241,6,0.0164383561643835,0.973297684674752,ATM,17.2,0.0556,0.0262624035281146,122.64684889722139,0.02704450912838399,3.5468488972213947,3.5468488972213947,2.9780427348626324,2.9780427348626324
2023-08-25,2023-08-31,PUT,4413.905,4530.0,113.5,114.8,114.15,2,512,6,0.0164383561643835,0.9743719646799116,ATM,17.2,0.0556,0.0251986754966887,118.25409500749629,0.026104656734546643,4.104095007496284,4.104095007496284,3.5953526127869324,3.5953526127869324
2023-08-25,2023-08-31,PUT,4413.905,4525.0,108.7,110.0,109.35,7,2031,6,0.0164383561643835,0.9754486187845304,ATM,17.2,0.0556,0.0241657458563535,113.91302043322912,0.025174148162039583,4.563020433229127,4.563020433229127,4.172858192253432,4.172858192253432
2023-08-25,2023-08-31,PUT,4413.905,4520.0,104.0,105.2,104.6,5,188,6,0.0164383561643835,0.9765276548672566,ATM,17.2,0.0556,0.0231415929203539,109.62667070854377,0.024253688209854816,5.026670708543776,5.026670708543776,4.805612532068619,4.805612532068619
2023-08-25,2023-08-31,PUT,4413.905,4515.0,99.2,100.6,99.9,8,806,6,0.0164383561643835,0.9776090808416388,ATM,17.2,0.0556,0.022126245847176,105.39812916922801,0.023343993171479074,5.498129169228008,5.498129169228008,5.503632802030038,5.503632802030038
2023-08-25,2023-08-31,PUT,4413.905,4120.0,0.45,0.5,0.475,83,594,6,0.0164383561643835,1.0713361650485436,ITM,17.2,0.0556,0.0001152912621359,0.01973426270382639,4.7898695883073754e-06,-0.4552657372961736,0.4552657372961736,-95.84541837814182,95.84541837814182
2023-08-25,2023-08-31,PUT,4413.905,4130.0,0.45,0.5,0.475,530,500,6,0.0164383561643835,1.068742130750605,ITM,17.2,0.0556,0.0001150121065375,0.02944932041570958,7.130586057072537e-06,-0.4455506795842904,0.4455506795842904,-93.80014307037693,93.80014307037693
2023-08-25,2023-08-31,PUT,4413.905,4135.0,0.45,0.5,0.475,1339,148,6,0.0164383561643835,1.0674498186215235,ITM,17.2,0.0556,0.0001148730350665,0.035818675678167544,8.662315762555634e-06,-0.43918132432183243,0.43918132432183243,-92.45922617301736,92.45922617301736
2023-08-25,2023-08-31,PUT,4413.905,4040.0,0.3,0.4,0.35,18,251,6,0.0164383561643835,1.092550742574257,ITM,17.2,0.0556,8.663366336633663e-05,0.0005197905958753274,1.2866103858300184e-07,-0.34948020940412466,0.34948020940412466,-99.85148840117849,99.85148840117849
2023-08-25,2023-08-31,PUT,4413.905,4035.0,0.3,0.4,0.35,88,378,6,0.0164383561643835,1.09390458488228,ITM,17.2,0.0556,8.674101610904585e-05,0.00040326574501753365,9.99419442422636e-08,-0.34959673425498244,0.34959673425498244,-99.88478121570928,99.88478121570928
2023-08-25,2023-08-31,PUT,4413.905,4030.0,0.3,0.4,0.35,367,128,6,0.0164383561643835,1.095261786600496,ITM,17.2,0.0556,8.684863523573201e-05,0.00031185671982066065,7.738380144433267e-08,-0.34968814328017933,0.34968814328017933,-99.91089808005125,99.91089808005125
2023-08-25,2023-08-31,PUT,4413.905,4025.0,0.3,0.4,0.35,5,446,6,0.0164383561643835,1.096622360248447,ITM,17.2,0.0556,8.695652173913043e-05,0.00024038791103986323,5.972370460617721e-08,-0.3497596120889601,0.3497596120889601,-99.93131773970289,99.93131773970289
2023-08-25,2023-08-31,PUT,4413.905,4015.0,0.3,0.4,0.35,10,189,6,0.0164383561643835,1.0993536737235368,ITM,17.2,0.0556,8.7173100871731e-05,0.00014144268649972022,3.522856450802496e-08,-0.34985855731350024,0.34985855731350024,-99.9595878038572,99.9595878038572
2023-08-25,2023-08-30,PUT,4413.905,4600.0,183.0,186.9,184.95,5,59,5,0.0136986301369863,0.9595445652173912,OTM,17.2,0.0556,0.0402065217391304,183.3351438306563,0.039855466050142674,-1.6148561693436818,1.6148561693436818,-0.8731312080798497,0.8731312080798497
2023-08-25,2023-08-30,PUT,4413.905,4575.0,158.0,162.0,160.0,4,102,5,0.0136986301369863,0.9647879781420764,OTM,17.2,0.0556,0.0349726775956284,159.10046612443693,0.034776058169275835,-0.8995338755630655,0.8995338755630655,-0.562208672226916,0.562208672226916
2023-08-25,2023-08-31,PUT,4413.905,4110.0,0.4,0.45,0.425,429,281,6,0.0164383561643835,1.073942822384428,ITM,17.2,0.0556,0.000103406326034,0.01306976796079784,3.1799922045736837e-06,-0.41193023203920215,0.41193023203920215,-96.92476047981226,96.92476047981226
2023-08-25,2023-08-31,PUT,4413.905,4115.0,0.4,0.5,0.45,826,569,6,0.0164383561643835,1.0726379100850547,ITM,17.2,0.0556,0.0001093560145808,0.016083683336420407,3.908550021001314e-06,-0.4339163166635796,0.4339163166635796,-96.42584814746213,96.42584814746213
2023-08-25,2023-08-31,PUT,4413.905,4125.0,0.45,0.5,0.475,131,772,6,0.0164383561643835,1.0700375757575755,ITM,17.2,0.0556,0.0001151515151515,0.024142465662451595,5.852718948473114e-06,-0.4508575343375484,0.4508575343375484,-94.91737565001019,94.91737565001019
2023-08-25,2023-08-31,PUT,4413.905,4190.0,0.6,0.7,0.6499999999999999,102,427,6,0.0164383561643835,1.0534379474940334,ITM,17.2,0.0556,0.0001551312649164,0.2562140615424582,6.114894070225732e-05,-0.39378593845754173,0.39378593845754173,-60.58245207039105,60.58245207039105
2023-08-25,2023-08-31,PUT,4413.905,4185.0,0.6,0.7,0.6499999999999999,93,4057,6,0.0164383561643835,1.0546965352449222,ITM,17.2,0.0556,0.0001553166069295,0.21722154001020044,5.190478853290333e-05,-0.43277845998979947,0.43277845998979947,-66.58130153689224,66.58130153689224
2023-08-25,2023-08-31,PUT,4413.905,4180.0,0.6,0.65,0.625,51,285,6,0.0164383561643835,1.0559581339712918,ITM,17.2,0.0556,0.0001495215311004,0.18366693191757477,4.393945739654899e-05,-0.44133306808242523,0.44133306808242523,-70.61329089318804,70.61329089318804
2023-08-25,2023-08-31,PUT,4413.905,4175.0,0.55,0.65,0.6000000000000001,3180,1115,6,0.0164383561643835,1.057222754491018,ITM,17.2,0.0556,0.0001437125748502,0.15487415809021954,3.70956067281963e-05,-0.44512584190978055,0.44512584190978055,-74.18764031829674,74.18764031829674
2023-08-25,2023-08-31,PUT,4413.905,4170.0,0.55,0.6,0.575,145,610,6,0.0164383561643835,1.0584904076738608,ITM,17.2,0.0556,0.0001378896882494,0.13023828323822428,3.123220221540151e-05,-0.44476171676177567,0.44476171676177567,-77.34986378465663,77.34986378465663
2023-08-25,2023-08-31,PUT,4413.905,4165.0,0.55,0.6,0.575,10,234,6,0.0164383561643835,1.0597611044417767,ITM,17.2,0.0556,0.0001380552220888,0.10921994652105838,2.6223276475644268e-05,-0.4657800534789416,0.4657800534789416,-81.00522669198985,81.00522669198985
2023-08-25,2023-08-31,PUT,4413.905,4160.0,0.5,0.6,0.55,63,362,6,0.0164383561643835,1.0610348557692306,ITM,17.2,0.0556,0.0001322115384615,0.09133995306927822,2.1956719487807265e-05,-0.4586600469307218,0.4586600469307218,-83.39273580558579,83.39273580558579
2023-08-25,2023-08-31,PUT,4413.905,4155.0,0.5,0.55,0.525,250,227,6,0.0164383561643835,1.0623116726835138,ITM,17.2,0.0556,0.0001263537906137,0.07617406465861443,1.8333108221086503e-05,-0.4488259353413856,0.4488259353413856,-85.4906543507401,85.4906543507401
2023-08-25,2023-08-31,PUT,4413.905,4150.0,0.5,0.55,0.525,251,7710,6,0.0164383561643835,1.06359156626506,ITM,17.2,0.0556,0.0001265060240963,0.06334802035501674,1.5264583218076323e-05,-0.4616519796449833,0.4616519796449833,-87.93371040856823,87.93371040856823
2023-08-25,2023-08-31,PUT,4413.905,4145.0,0.5,0.55,0.525,57,129,6,0.0164383561643835,1.0648745476477683,ITM,17.2,0.0556,0.0001266586248492,0.0525328109803862,1.2673778282360966e-05,-0.4724671890196138,0.4724671890196138,-89.99375028945025,89.99375028945025
2023-08-25,2023-08-31,PUT,4413.905,4140.0,0.45,0.5,0.475,1765,1136,6,0.0164383561643835,1.0661606280193237,ITM,17.2,0.0556,0.0001147342995169,0.043440224771399194,1.0492807915796906e-05,-0.4315597752286008,0.4315597752286008,-90.8546895218107,90.8546895218107
2023-08-25,2023-08-31,PUT,4413.905,4050.0,0.35,0.4,0.375,31,2577,6,0.0164383561643835,1.089853086419753,ITM,17.2,0.0556,9.25925925925926e-05,0.0008553300023367572,2.1119259316956968e-07,-0.37414466999766327,0.37414466999766327,-99.77191199937687,99.77191199937687
2023-08-25,2023-10-20,PUT,4413.905,4380.0,70.6,71.4,71.0,12,1008,56,0.1534246575342465,1.0077408675799089,ATM,17.2,0.05534,0.0162100456621004,85.57490366396087,0.01953764923834723,14.574903663960868,14.574903663960868,20.528033329522348,20.528033329522348
2023-08-25,2023-09-29,PUT,4413.905,4315.0,38.3,38.6,38.45,18,258,35,0.0958904109589041,1.0229212050984935,ATM,17.2,0.0555499999999999,0.0089107763615295,44.04858404140805,0.010208246591288076,5.598584041408046,5.598584041408046,14.560686713675022,14.560686713675022
2023-08-25,2023-09-29,PUT,4413.905,4325.0,40.4,40.7,40.55,34,2290,35,0.0958904109589041,1.0205560693641618,ATM,17.2,0.0555499999999999,0.0093757225433526,47.19823719022406,0.0109128872116125,6.648237190224066,6.648237190224066,16.39515953199523,16.39515953199523
2023-08-25,2023-09-01,PUT,4413.905,4300.0,4.2,4.4,4.300000000000001,5207,5912,7,0.0191780821917808,1.0264895348837209,ATM,17.2,0.0556,0.001,6.540148850675905,0.0015209648489943966,2.2401488506759044,2.2401488506759044,52.09648489943963,52.09648489943963
2023-08-25,2023-09-01,PUT,4413.905,4350.0,10.4,10.6,10.5,3246,4489,7,0.0191780821917808,1.014690804597701,ATM,17.2,0.0556,0.0024137931034482,16.01891754236476,0.003682509779853968,5.518917542364761,5.518917542364761,52.561119451092964,52.561119451092964
2023-08-25,2023-09-01,PUT,4413.905,4345.0,9.5,9.7,9.6,753,532,7,0.0191780821917808,1.0158584579976984,ATM,17.2,0.0556,0.0022094361334867,14.761838474817523,0.003397431179474689,5.1618384748175234,5.1618384748175234,53.769150779349204,53.769150779349204
2023-08-25,2023-09-01,PUT,4413.905,4340.0,8.7,8.9,8.8,909,571,7,0.0191780821917808,1.017028801843318,ATM,17.2,0.0556,0.0020276497695852,13.580444388169667,0.003129134651651997,4.780444388169666,4.780444388169666,54.32323168374621,54.32323168374621
2023-08-25,2023-09-01,PUT,4413.905,4335.0,7.9,8.1,8.0,408,337,7,0.0191780821917808,1.01820184544406,ATM,17.2,0.0556,0.0018454440599769,12.47224013207233,0.0028771026832923484,4.472240132072329,4.472240132072329,55.903001650904116,55.903001650904116
2023-08-25,2023-09-01,PUT,4413.905,4330.0,7.2,7.4,7.300000000000001,835,716,7,0.0191780821917808,1.019377598152425,ATM,17.2,0.0556,0.0016859122401847,11.434644680260249,0.0026407955381663392,4.134644680260248,4.134644680260248,56.63896822274312,56.63896822274312
2023-08-25,2023-09-01,PUT,4413.905,4325.0,6.6,6.8,6.699999999999999,1510,932,7,0.0191780821917808,1.0205560693641618,ATM,17.2,0.0556,0.0015491329479768,10.465005649284535,0.0024196544853837074,3.765005649284536,3.765005649284536,56.19411416842591,56.19411416842591
2023-08-25,2023-09-01,PUT,4413.905,4320.0,6.0,6.2,6.1,1009,536,7,0.0191780821917808,1.0217372685185184,ATM,17.2,0.0556,0.001412037037037,9.560613850320806,0.002213105057944631,3.460613850320806,3.460613850320806,56.731374595423055,56.731374595423055
2023-08-25,2023-09-01,PUT,4413.905,4315.0,5.5,5.7,5.6,805,992,7,0.0191780821917808,1.0229212050984935,ATM,17.2,0.0556,0.001297798377752,8.71871773997293,0.0020205603105383383,3.118717739972931,3.118717739972931,55.69138821380235,55.69138821380235
2023-08-25,2023-09-01,PUT,4413.905,4265.0,2.35,2.45,2.4000000000000004,632,394,7,0.0191780821917808,1.0349132473622509,ITM,17.2,0.0556,0.0005627198124267,3.128450444515977,0.0007335171030518117,0.7284504445159765,0.7284504445159765,30.352101854832352,30.352101854832352
2023-08-25,2023-09-01,PUT,4413.905,4310.0,5.0,5.2,5.1,1633,637,7,0.0191780821917808,1.0241078886310904,ATM,17.2,0.0556,0.001183294663573,7.936537641201653,0.001841424046682518,2.8365376412016534,2.8365376412016534,55.61838512160106,55.61838512160106
2023-08-25,2023-09-01,PUT,4413.905,4240.0,1.65,1.75,1.7,977,512,7,0.0191780821917808,1.041015330188679,ITM,17.2,0.0556,0.0004009433962264,1.7399914322832615,0.000410375337802656,0.03999143228326152,0.03999143228326152,2.3524371931330306,2.3524371931330306
2023-08-25,2023-09-01,PUT,4413.905,4230.0,1.45,1.55,1.5,889,412,7,0.0191780821917808,1.0434763593380614,ITM,17.2,0.0556,0.000354609929078,1.35612481740921,0.00032059688354827657,-0.14387518259079002,0.14387518259079002,-9.591678839386,9.591678839386
2023-08-25,2023-09-01,PUT,4413.905,4225.0,1.35,1.45,1.4,3122,561,7,0.0191780821917808,1.0447112426035503,ITM,17.2,0.0556,0.0003313609467455,1.1934040812421927,0.0002824625044360219,-0.20659591875780725,0.20659591875780725,-14.756851339843378,14.756851339843378
2023-08-25,2023-09-01,PUT,4413.905,4080.0,0.5,0.6,0.55,337,174,7,0.0191780821917808,1.0818394607843136,ITM,17.2,0.0556,0.0001348039215686,0.010734666413719118,2.631045689637039e-06,-0.5392653335862809,0.5392653335862809,-98.04824247023289,98.04824247023289
2023-08-25,2023-09-01,PUT,4413.905,4075.0,0.5,0.6,0.55,602,1154,7,0.0191780821917808,1.083166871165644,ITM,17.2,0.0556,0.0001349693251533,0.008793011790697136,2.1577943044655547e-06,-0.5412069882093029,0.5412069882093029,-98.40127058350961,98.40127058350961
2023-08-25,2023-09-01,PUT,4413.905,4070.0,0.5,0.55,0.525,499,191,7,0.0191780821917808,1.084497542997543,ITM,17.2,0.0556,0.0001289926289926,0.007183662092845378,1.7650275412396505e-06,-0.5178163379071546,0.5178163379071546,-98.6316834108866,98.6316834108866
2023-08-25,2023-09-01,PUT,4413.905,4060.0,0.5,0.55,0.525,371,134,7,0.0191780821917808,1.087168719211823,ITM,17.2,0.0556,0.0001293103448275,0.004756796330091184,1.1716247118451192e-06,-0.5202432036699088,0.5202432036699088,-99.09394355617312,99.09394355617312
2023-08-25,2023-09-01,PUT,4413.905,4050.0,0.45,0.55,0.5,631,1666,7,0.0191780821917808,1.089853086419753,ITM,17.2,0.0556,0.0001234567901234,0.0031163359491575005,7.69465666458642e-07,-0.4968836640508425,0.4968836640508425,-99.3767328101685,99.3767328101685
2023-08-25,2023-09-01,PUT,4413.905,4040.0,0.45,0.5,0.475,333,530,7,0.0191780821917808,1.092550742574257,ITM,17.2,0.0556,0.0001175742574257,0.002019691601077067,4.999236636329374e-07,-0.4729803083989229,0.4729803083989229,-99.5748017681943,99.5748017681943
2023-08-25,2023-09-01,PUT,4413.905,4305.0,4.6,4.8,4.699999999999999,542,1338,7,0.0191780821917808,1.0252973286875726,ATM,17.2,0.0556,0.0010917537746806,7.211279612369935,0.0016750939866132255,2.511279612369936,2.511279612369936,53.43148111425396,53.43148111425396
2023-08-25,2023-09-01,PUT,4413.905,4030.0,0.45,0.5,0.475,803,1134,7,0.0191780821917808,1.095261786600496,ITM,17.2,0.0556,0.0001178660049627,0.001294753848684771,3.2127887064138235e-07,-0.4737052461513152,0.4737052461513152,-99.72742024238215,99.72742024238215
2023-08-25,2023-09-01,PUT,4413.905,4245.0,1.75,1.85,1.8,800,448,7,0.0191780821917808,1.0397891637220258,ITM,17.2,0.0556,0.0004240282685512,1.9647069582191534,0.00046282849428013037,0.16470695821915338,0.16470695821915338,9.150386567730743,9.150386567730743
2023-08-25,2023-09-01,PUT,4413.905,4255.0,2.0,2.1,2.05,677,2136,7,0.0191780821917808,1.0373454759106933,ITM,17.2,0.0556,0.00048178613396,2.489384377660201,0.0005850492074407054,0.43938437766020133,0.43938437766020133,21.433384276107383,21.433384276107383
2023-08-25,2023-09-05,PUT,4413.905,4400.0,27.2,27.6,27.4,495,2215,11,0.0301369863013698,1.0031602272727271,ATM,17.2,0.0556,0.0062272727272727,42.49938216627038,0.009658950492334176,15.09938216627038,15.09938216627038,55.10723418346855,55.10723418346855
2023-08-25,2023-09-05,PUT,4413.905,4455.0,54.5,54.9,54.7,87,107,11,0.0301369863013698,0.9907755331088663,ATM,17.2,0.0556,0.0122783389450056,71.29201346905984,0.016002696626051593,16.592013469059836,16.592013469059836,30.332748572321453,30.332748572321453
2023-08-25,2023-09-05,PUT,4413.905,4460.0,57.3,58.9,58.1,12,102,11,0.0301369863013698,0.989664798206278,ATM,17.2,0.0556,0.0130269058295964,74.35341287229585,0.0166711688054475,16.253412872295847,16.253412872295847,27.974893067634845,27.974893067634845
2023-08-25,2023-09-05,PUT,4413.905,4510.0,95.7,97.8,96.75,1,58,11,0.0301369863013698,0.9786929046563192,ATM,17.2,0.0556,0.0214523281596452,108.70876259049965,0.02410393849013296,11.958762590499646,11.958762590499646,12.360478129715396,12.360478129715396
2023-08-25,2023-09-05,PUT,4413.905,4500.0,87.2,88.6,87.9,2,1762,11,0.0301369863013698,0.9808677777777776,ATM,17.2,0.0556,0.0195333333333333,101.3229021083971,0.02251620046853269,13.422902108397096,13.422902108397096,15.270650862795332,15.270650862795332
2023-08-25,2023-09-05,PUT,4413.905,4490.0,79.1,81.0,80.05,3,178,11,0.0301369863013698,0.9830523385300668,ATM,17.2,0.0556,0.0178285077951002,94.18369800855862,0.020976324723509715,14.133698008558625,14.133698008558625,17.656087456038257,17.656087456038257
2023-08-25,2023-09-05,PUT,4413.905,4485.0,75.1,76.9,76.0,1,9,11,0.0301369863013698,0.9841482720178372,ATM,17.2,0.0556,0.0169453734671126,90.71013825235286,0.020225225920257047,14.710138252352863,14.710138252352863,19.355445068885345,19.355445068885345
2023-08-25,2023-09-05,PUT,4413.905,4480.0,71.2,73.2,72.2,2,79,11,0.0301369863013698,0.9852466517857142,ATM,17.2,0.0556,0.0161160714285714,87.30238446456087,0.01948713938941091,15.10238446456087,15.10238446456087,20.917430006316994,20.917430006316994
2023-08-25,2023-09-05,PUT,4413.905,4475.0,67.6,69.6,68.6,17,45,11,0.0301369863013698,0.9863474860335196,ATM,17.2,0.0556,0.0153296089385474,83.961689881226,0.018762388800273967,15.361689881225999,15.361689881225999,22.393133937647228,22.393133937647228
2023-08-25,2023-09-01,PUT,4413.905,4250.0,1.85,2.0,1.925,3118,4809,7,0.0191780821917808,1.0385658823529411,ITM,17.2,0.0556,0.0004529411764705,2.2138258219744387,0.0005209001934057503,0.2888258219744386,0.2888258219744386,15.00393880386694,15.00393880386694
2023-08-25,2023-09-05,PUT,4413.905,4470.0,64.1,65.4,64.75,24,67,11,0.0301369863013698,0.9874507829977628,ATM,17.2,0.0556,0.0144854586129753,80.68923760478947,0.018051283580489814,15.939237604789469,15.939237604789469,24.61658317342003,24.61658317342003
2023-08-25,2023-09-06,PUT,4413.905,4260.0,4.9,5.1,5.0,5,125,12,0.0328767123287671,1.0361279342723004,ITM,17.2,0.0556,0.0011737089201877,7.632323739994035,0.001791625291078412,2.6323237399940353,2.6323237399940353,52.64647479988071,52.64647479988071
2023-08-25,2023-09-01,PUT,4413.905,4600.0,180.8,184.8,182.8,13,880,7,0.0191780821917808,0.9595445652173912,OTM,17.2,0.0556,0.0397391304347826,183.20766416881816,0.03982775308017786,0.40766416881814393,0.40766416881814393,0.22301103327031943,0.22301103327031943
2023-08-25,2023-09-01,PUT,4413.905,4290.0,3.5,3.7,3.6,390,575,7,0.0191780821917808,1.0288822843822842,ATM,17.2,0.0556,0.0008391608391608,5.349161950484984,0.0012468908975489473,1.7491619504849836,1.7491619504849836,48.58783195791621,48.58783195791621
2023-08-25,2023-09-01,PUT,4413.905,4285.0,3.2,3.4,3.3,470,205,7,0.0191780821917808,1.0300828471411902,ITM,17.2,0.0556,0.0007701283547257,4.823824005482891,0.001125746559039181,1.5238240054828909,1.5238240054828909,46.176485014633066,46.176485014633066
2023-08-25,2023-09-01,PUT,4413.905,4280.0,3.0,3.1,3.05,1289,638,7,0.0191780821917808,1.0312862149532709,ITM,17.2,0.0556,0.0007126168224299,4.341671750101796,0.0010144092874069617,1.2916717501017958,1.2916717501017958,42.349893445960525,42.349893445960525
2023-08-25,2023-09-01,PUT,4413.905,4275.0,2.75,2.85,2.8,1167,3417,7,0.0191780821917808,1.032492397660819,ITM,17.2,0.0556,0.0006549707602339,3.9000841601776983,0.0009123003883456604,1.1000841601776985,1.1000841601776985,39.288720006346374,39.288720006346374
2023-08-25,2023-09-01,PUT,4413.905,4295.0,3.8,4.0,3.9,1608,551,7,0.0191780821917808,1.027684516880093,ATM,17.2,0.0556,0.0009080325960419,5.92036252582875,0.0013784313214967986,2.0203625258287503,2.0203625258287503,51.80416732894231,51.80416732894231
2023-08-25,2023-09-01,PUT,4413.905,4270.0,2.5,2.65,2.575,686,542,7,0.0191780821917808,1.0337014051522249,ITM,17.2,0.0556,0.0006030444964871,3.4965049497233167,0.0008188536182021819,0.9215049497233165,0.9215049497233165,35.78659998925501,35.78659998925501
2023-08-25,2023-09-01,PUT,4413.905,4260.0,2.15,2.25,2.2,685,619,7,0.0191780821917808,1.0361279342723004,ITM,17.2,0.0556,0.0005164319248826,2.793516488701755,0.0006557550442961866,0.5935164887017548,0.5935164887017548,26.978022213716127,26.978022213716127
2023-08-25,2023-09-05,PUT,4413.905,4465.0,60.5,62.2,61.35,6,65,11,0.0301369863013698,0.9885565509518476,ATM,17.2,0.0556,0.0137402015677491,77.48613576147545,0.017354117751730225,16.13613576147545,16.13613576147545,26.30176978235607,26.30176978235607
2023-08-25,2023-09-01,PUT,4413.905,4025.0,0.4,0.5,0.45,1142,394,7,0.0191780821917808,1.096622360248447,ITM,17.2,0.0556,0.000111801242236,0.0010323948358028634,2.564956113795934e-07,-0.44896760516419715,0.44896760516419715,-99.77057892537715,99.77057892537715
2023-08-25,2023-09-01,PUT,4413.905,4020.0,0.4,0.5,0.45,289,579,7,0.0191780821917808,1.09798631840796,ITM,17.2,0.0556,0.0001119402985074,0.0008209207521167605,2.042091423176021e-07,-0.44917907924788325,0.44917907924788325,-99.81757316619627,99.81757316619627
2023-08-25,2023-08-31,PUT,4413.905,4700.0,281.1,285.2,283.15,1,85,6,0.0164383561643835,0.9391287234042552,OTM,17.2,0.0556,0.0602446808510638,281.87606505172425,0.05997363086206899,-1.2739349482757234,1.2739349482757234,-0.4499152210050233,0.4499152210050233
2023-08-25,2023-09-01,PUT,4413.905,4515.0,99.3,101.0,100.15,2,138,7,0.0191780821917808,0.9776090808416388,ATM,17.2,0.0556,0.0221816168327796,106.84047662574449,0.0236634499724794,6.6904766257444805,6.6904766257444805,6.680455941831733,6.680455941831733
2023-08-25,2023-09-01,PUT,4413.905,4510.0,95.0,96.5,95.75,3,282,7,0.0191780821917808,0.9786929046563192,ATM,17.2,0.0556,0.021230598669623,102.77242566556015,0.02278767753116633,7.022425665560149,7.022425665560149,7.33412602147274,7.33412602147274
2023-08-25,2023-09-01,PUT,4413.905,4495.0,81.7,83.1,82.4,11,161,7,0.0191780821917808,0.9819588431590656,ATM,17.2,0.0556,0.0183314794215795,90.95942096134877,0.020235688756696055,8.559420961348764,8.559420961348764,10.387646797753353,10.387646797753353
2023-08-25,2023-09-01,PUT,4413.905,4490.0,77.7,79.2,78.45,13,552,7,0.0191780821917808,0.9830523385300668,ATM,17.2,0.0556,0.0174721603563474,87.16075818994841,0.019412195587961784,8.710758189948407,8.710758189948407,11.103579592031112,11.103579592031112
2023-08-25,2023-09-01,PUT,4413.905,4485.0,73.3,75.1,74.19999999999999,31,155,7,0.0191780821917808,0.9841482720178372,ATM,17.2,0.0556,0.0165440356744704,83.43577642705304,0.01860329463256478,9.235776427053054,9.235776427053054,12.44713804185048,12.44713804185048
2023-08-25,2023-09-01,PUT,4413.905,4480.0,69.5,70.8,70.15,110,477,7,0.0191780821917808,0.9852466517857142,ATM,17.2,0.0556,0.0156584821428571,79.78687453782823,0.017809570209336656,9.63687453782822,9.63687453782822,13.737526069605444,13.737526069605444
2023-08-25,2023-09-01,PUT,4413.905,4500.0,85.9,87.4,86.65,24,1458,7,0.0191780821917808,0.9808677777777776,ATM,17.2,0.0556,0.0192555555555555,94.82928839814394,0.021073175199587544,8.179288398143939,8.179288398143939,9.439455739346727,9.439455739346727
2023-08-25,2023-09-01,PUT,4413.905,4530.0,113.4,115.1,114.25,24,236,7,0.0191780821917808,0.9743719646799116,ATM,17.2,0.0556,0.0252207505518763,119.39872902604475,0.026357335325837693,5.148729026044748,5.148729026044748,4.506546193474615,4.506546193474615
2023-08-25,2023-09-01,PUT,4413.905,4535.0,118.2,119.7,118.95,1,180,7,0.0191780821917808,0.973297684674752,ATM,17.2,0.0556,0.0262293274531422,123.69397544044296,0.027275408035378822,4.743975440442952,4.743975440442952,3.9882097019276603,3.9882097019276603
2023-08-25,2023-09-01,PUT,4413.905,4520.0,103.9,105.6,104.75,37,316,7,0.0191780821917808,0.9765276548672566,ATM,17.2,0.0556,0.0231747787610619,110.96932056463356,0.024550734638193267,6.219320564633563,6.219320564633563,5.9372988683852626,5.9372988683852626
2023-08-25,2023-09-01,PUT,4413.905,4585.0,165.9,169.9,167.9,2,117,7,0.0191780821917808,0.9626837513631408,OTM,17.2,0.0556,0.0366194111232279,168.99438568721962,0.036858099386525546,1.0943856872196136,1.0943856872196136,0.6518080328883941,0.6518080328883941
2023-08-25,2023-09-01,PUT,4413.905,4560.0,142.2,144.0,143.1,44,382,7,0.0191780821917808,0.9679616228070176,OTM,17.2,0.0556,0.0313815789473684,145.87156078326734,0.03198937736475161,2.771560783267347,2.771560783267347,1.936799988307021,1.936799988307021
2023-08-25,2023-09-01,PUT,4413.905,4555.0,137.3,139.1,138.2,43,290,7,0.0191780821917808,0.9690241492864984,OTM,17.2,0.0556,0.0303402854006586,141.35096554241227,0.031032045124569103,3.1509655424122798,3.1509655424122798,2.2800040104285673,2.2800040104285673
2023-08-25,2023-09-01,PUT,4413.905,4550.0,132.4,134.2,133.3,18,653,7,0.0191780821917808,0.9700890109890108,ATM,17.2,0.0556,0.0292967032967032,136.87042955149354,0.03008141308824034,3.5704295514935325,3.5704295514935325,2.678491786566791,2.678491786566791
2023-08-25,2023-09-01,PUT,4413.905,4540.0,122.8,124.6,123.7,24,498,7,0.0191780821917808,0.97222577092511,ATM,17.2,0.0556,0.0272466960352422,128.03940061585536,0.028202511148866818,4.339400615855354,4.339400615855354,3.508003731491798,3.508003731491798
2023-08-25,2023-09-01,PUT,4413.905,4475.0,65.7,66.9,66.30000000000001,122,1051,7,0.0191780821917808,0.9863474860335196,ATM,17.2,0.0556,0.0148156424581005,76.21636035817983,0.017031588906855827,9.916360358179816,9.916360358179816,14.956802953514048,14.956802953514048
2023-08-25,2023-09-01,PUT,4413.905,4470.0,62.0,63.0,62.5,117,448,7,0.0191780821917808,0.9874507829977628,ATM,17.2,0.0556,0.0139821029082774,72.72643726052411,0.016269896478864454,10.226437260524108,10.226437260524108,16.362299616838573,16.362299616838573
2023-08-25,2023-09-01,PUT,4413.905,4410.0,28.0,28.2,28.1,454,1308,7,0.0191780821917808,1.0008854875283446,ATM,17.2,0.0556,0.0063718820861678,37.739656234720314,0.008557745177941114,9.639656234720313,9.639656234720313,34.304826458079404,34.304826458079404
2023-08-25,2023-09-01,PUT,4413.905,4405.0,25.9,26.2,26.05,326,406,7,0.0191780821917808,1.0020215664018162,ATM,17.2,0.0556,0.0059137343927355,35.428980581520364,0.008042901380594861,9.378980581520363,9.378980581520363,36.003764228485075,36.003764228485075
2023-08-25,2023-09-01,PUT,4413.905,4400.0,24.0,24.2,24.1,5223,5756,7,0.0191780821917808,1.0031602272727271,ATM,17.2,0.0556,0.0054772727272727,33.212585716403964,0.007548314935546355,9.112585716403963,9.112585716403963,37.81155898922806,37.81155898922806
2023-08-25,2023-09-01,PUT,4413.905,4570.0,151.1,155.1,153.1,8,188,7,0.0191780821917808,0.965843544857768,OTM,17.2,0.0556,0.0335010940919037,155.0234461393029,0.033921979461554244,1.9234461393029108,1.9234461393029108,1.2563332065988966,1.2563332065988966
2023-08-25,2023-09-01,PUT,4413.905,4525.0,108.7,110.4,109.55,238,1903,7,0.0191780821917808,0.9754486187845304,ATM,17.2,0.0556,0.0242099447513812,115.15629291998266,0.02544890451270335,5.606292919982664,5.606292919982664,5.1175654221658275,5.1175654221658275
2023-08-25,2023-09-01,PUT,4413.905,4100.0,0.55,0.65,0.6000000000000001,1478,5030,7,0.0191780821917808,1.076562195121951,ITM,17.2,0.0556,0.0001463414634146,0.023233281791581906,5.666654095507782e-06,-0.5767667182084182,0.5767667182084182,-96.12778636806968,96.12778636806968
2023-08-25,2023-09-01,PUT,4413.905,4110.0,0.6,0.65,0.625,305,1958,7,0.0191780821917808,1.073942822384428,ITM,17.2,0.0556,0.0001520681265206,0.03365830346601939,8.189368239907394e-06,-0.5913416965339806,0.5913416965339806,-94.6146714454369,94.6146714454369
2023-08-25,2023-08-31,PUT,4413.905,4675.0,256.2,260.2,258.2,4,13,6,0.0164383561643835,0.9441508021390372,OTM,17.2,0.0556,0.0552299465240641,256.98810963357846,0.0549707186381986,-1.2118903664215281,1.2118903664215281,-0.4693611024095771,0.4693611024095771
2023-08-25,2023-08-31,PUT,4413.905,4665.0,246.2,250.2,248.2,1,10,6,0.0164383561643835,0.9461747052518756,OTM,17.2,0.0556,0.0532047159699892,247.05486373860276,0.052959241958971656,-1.1451362613972265,1.1451362613972265,-0.461376414745055,0.461376414745055
2023-08-25,2023-08-31,PUT,4413.905,4655.0,236.2,240.2,238.2,1,44,6,0.0164383561643835,0.9482073039742211,OTM,17.2,0.0556,0.0511707841031149,237.13965142130837,0.050942997082987836,-1.0603485786916167,1.0603485786916167,-0.44515053681428074,0.44515053681428074
2023-08-25,2023-08-31,PUT,4413.905,4640.0,221.2,225.2,223.2,1,58,6,0.0164383561643835,0.9512726293103448,OTM,17.2,0.0556,0.048103448275862,222.31153960717438,0.04791196974292551,-0.888460392825607,0.888460392825607,-0.3980557315526913,0.3980557315526913
2023-08-25,2023-08-31,PUT,4413.905,4630.0,211.2,215.2,213.2,1,100,6,0.0164383561643835,0.953327213822894,OTM,17.2,0.0556,0.0460475161987041,212.46496250536165,0.045888760800294096,-0.735037494638334,0.735037494638334,-0.3447643033012824,0.3447643033012824
2023-08-25,2023-08-31,PUT,4413.905,4585.0,166.4,170.4,168.4,2,95,6,0.0164383561643835,0.9626837513631408,OTM,17.2,0.0556,0.0367284623773173,168.79576679508318,0.03681478010797888,0.39576679508317625,0.39576679508317625,0.2350159115695821,0.2350159115695821
2023-08-25,2023-09-01,PUT,4413.905,4090.0,0.55,0.6,0.575,416,1363,7,0.0191780821917808,1.0791943765281171,ITM,17.2,0.0556,0.000140586797066,0.015874246591264907,3.881233885394843e-06,-0.559125753408735,0.559125753408735,-97.23926146238871,97.23926146238871
2023-08-25,2023-09-01,PUT,4413.905,4355.0,11.3,11.5,11.4,630,297,7,0.0191780821917808,1.0135258323765786,ATM,17.2,0.0556,0.002617680826636,17.354076517156955,0.003984862575696201,5.954076517156954,5.954076517156954,52.22874137856978,52.22874137856978
2023-08-25,2023-09-01,PUT,4413.905,4220.0,1.3,1.4,1.35,741,616,7,0.0191780821917808,1.0459490521327013,ITM,17.2,0.0556,0.0003199052132701,1.0479477229890648,0.00024832884431020495,-0.3020522770109353,0.3020522770109353,-22.37424274155076,22.37424274155076
2023-08-25,2023-09-01,PUT,4413.905,4210.0,1.15,1.25,1.2,736,4166,7,0.0191780821917808,1.0484334916864608,ITM,17.2,0.0556,0.0002850356294536,0.8027984117130558,0.00019068845883920565,-0.3972015882869442,0.3972015882869442,-33.10013235724535,33.10013235724535
2023-08-25,2023-09-01,PUT,4413.905,4200.0,1.1,1.15,1.125,9438,4915,7,0.0191780821917808,1.050929761904762,ITM,17.2,0.0556,0.0002678571428571,0.6095942069146361,0.0001451414778368181,-0.5154057930853639,0.5154057930853639,-45.813848274254575,45.813848274254575
2023-08-25,2023-09-01,PUT,4413.905,4190.0,0.95,1.05,1.0,770,654,7,0.0191780821917808,1.0534379474940334,ITM,17.2,0.0556,0.0002386634844868,0.4587584092992216,0.00010948888050100755,-0.5412415907007784,0.5412415907007784,-54.12415907007784,54.12415907007784
2023-08-25,2023-09-01,PUT,4413.905,4180.0,0.9,1.0,0.95,396,499,7,0.0191780821917808,1.0559581339712918,ITM,17.2,0.0556,0.0002272727272727,0.3421199895138187,8.18468874434973e-05,-0.6078800104861812,0.6078800104861812,-63.98736952486118,63.98736952486118
2023-08-25,2023-09-01,PUT,4413.905,4175.0,0.85,0.95,0.8999999999999999,1294,2534,7,0.0191780821917808,1.057222754491018,ITM,17.2,0.0556,0.0002155688622754,0.29442661387274427,7.052134464017826e-05,-0.6055733861272556,0.6055733861272556,-67.2859317919173,67.2859317919173
2023-08-25,2023-09-01,PUT,4413.905,4170.0,0.85,0.9,0.875,140,427,7,0.0191780821917808,1.0584904076738608,ITM,17.2,0.0556,0.0002098321342925,0.25279427131166443,6.0622127412869165e-05,-0.6222057286883356,0.6222057286883356,-71.10922613580978,71.10922613580978
2023-08-25,2023-09-01,PUT,4413.905,4160.0,0.8,0.85,0.825,4685,296,7,0.0191780821917808,1.0610348557692306,ITM,17.2,0.0556,0.0001983173076923,0.1850522298867041,4.448370910738079e-05,-0.6399477701132958,0.6399477701132958,-77.5694266803995,77.5694266803995
2023-08-25,2023-09-01,PUT,4413.905,4150.0,0.75,0.8,0.775,3056,5949,7,0.0191780821917808,1.06359156626506,ITM,17.2,0.0556,0.0001867469879518,0.13418514120881753,3.233376896598013e-05,-0.6408148587911825,0.6408148587911825,-82.68578823112031,82.68578823112031
2023-08-25,2023-09-01,PUT,4413.905,4140.0,0.7,0.75,0.725,568,377,7,0.0191780821917808,1.0661606280193237,ITM,17.2,0.0556,0.0001751207729468,0.09637023803598588,2.3277835274392723e-05,-0.6286297619640141,0.6286297619640141,-86.70755337434677,86.70755337434677
2023-08-25,2023-09-01,PUT,4413.905,4130.0,0.65,0.7,0.675,376,303,7,0.0191780821917808,1.068742130750605,ITM,17.2,0.0556,0.0001634382566585,0.06854185830986026,1.6596091600450425e-05,-0.6064581416901398,0.6064581416901398,-89.84565062076145,89.84565062076145
2023-08-25,2023-09-01,PUT,4413.905,4125.0,0.65,0.7,0.675,648,3931,7,0.0191780821917808,1.0700375757575755,ITM,17.2,0.0556,0.0001636363636363,0.057591854756829264,1.3961661759231337e-05,-0.6174081452431708,0.6174081452431708,-91.46787336935863,91.46787336935863
2023-08-25,2023-09-01,PUT,4413.905,4120.0,0.6,0.7,0.6499999999999999,202,110,7,0.0191780821917808,1.0713361650485436,ITM,17.2,0.0556,0.0001577669902912,0.048271400855602664,1.171635943097152e-05,-0.6017285991443972,0.6017285991443972,-92.57363063759959,92.57363063759959
2023-08-25,2023-09-05,PUT,4413.905,4405.0,29.1,29.5,29.3,114,126,11,0.0301369863013698,1.0020215664018162,ATM,17.2,0.0556,0.0066515323496027,44.74133283597439,0.010156942755045265,15.44133283597439,15.44133283597439,52.700794662028635,52.700794662028635
2023-08-25,2023-09-01,PUT,4413.905,4395.0,22.2,22.4,22.3,765,356,7,0.0191780821917808,1.004301478953356,ATM,17.2,0.0556,0.0050739476678043,31.08994432841564,0.007073935000777165,8.78994432841564,8.78994432841564,39.416790710384035,39.416790710384035
2023-08-25,2023-09-05,PUT,4413.905,4410.0,31.1,31.5,31.3,146,187,11,0.0301369863013698,1.0008854875283446,ATM,17.2,0.0556,0.0070975056689342,47.05852795500368,0.010670868017007638,15.758527955003682,15.758527955003682,50.34673468052295,50.34673468052295
2023-08-25,2023-09-05,PUT,4413.905,4420.0,35.5,35.8,35.65,106,272,11,0.0301369863013698,0.9986210407239818,ATM,17.2,0.0556,0.0080656108597285,51.91922937971458,0.011746431986360764,16.26922937971458,16.26922937971458,45.6359870398726,45.6359870398726
2023-08-25,2023-09-05,PUT,4413.905,4100.0,1.0,1.1,1.05,129,147,11,0.0301369863013698,1.076562195121951,ITM,17.2,0.0556,0.0002560975609756,0.23399210975829732,5.707124628251154e-05,-0.8160078902417027,0.8160078902417027,-77.71503716587644,77.71503716587644
2023-08-25,2023-09-05,PUT,4413.905,4090.0,0.95,1.05,1.0,2,35,11,0.0301369863013698,1.0791943765281171,ITM,17.2,0.0556,0.0002444987775061,0.18053470423800277,4.414051448361926e-05,-0.8194652957619972,0.8194652957619972,-81.94652957619972,81.94652957619972
2023-08-25,2023-09-05,PUT,4413.905,4075.0,0.9,1.0,0.95,115,96,11,0.0301369863013698,1.083166871165644,ITM,17.2,0.0556,0.0002331288343558,0.12088406078835945,2.966480019346244e-05,-0.8291159392116405,0.8291159392116405,-87.27536202227796,87.27536202227796
2023-08-25,2023-09-05,PUT,4413.905,4050.0,0.8,0.9,0.8500000000000001,44,326,11,0.0301369863013698,1.089853086419753,ITM,17.2,0.0556,0.0002098765432098,0.05995508863520005,1.4803725588938283e-05,-0.7900449113648,0.7900449113648,-92.9464601605647,92.9464601605647
2023-08-25,2023-09-05,PUT,4413.905,4025.0,0.7,0.8,0.75,28,42,11,0.0301369863013698,1.096622360248447,ITM,17.2,0.0556,0.0001863354037267,0.028514202909527775,7.084274014789509e-06,-0.7214857970904722,0.7214857970904722,-96.19810627872964,96.19810627872964
2023-08-25,2023-09-01,PUT,4413.905,4700.0,280.5,284.5,282.5,8,282,7,0.0191780821917808,0.9391287234042552,OTM,17.2,0.0556,0.0601063829787234,281.2489439835881,0.05984020084757194,-1.2510560164118942,1.2510560164118942,-0.44285168722544926,0.44285168722544926
2023-08-25,2023-09-01,PUT,4413.905,4690.0,270.5,274.5,272.5,1,14,7,0.0191780821917808,0.941131130063966,OTM,17.2,0.0556,0.0581023454157782,271.3121504505589,0.0578490725907375,-1.1878495494411254,1.1878495494411254,-0.4359080915380277,0.4359080915380277
2023-08-25,2023-09-01,PUT,4413.905,4685.0,265.5,269.5,267.5,1,11,7,0.0191780821917808,0.9421355389541088,OTM,17.2,0.0556,0.0570971184631803,266.34922426272806,0.056851488636654866,-1.1507757372719425,1.1507757372719425,-0.4301965372979224,0.4301965372979224
2023-08-25,2023-09-01,PUT,4413.905,4680.0,260.5,264.5,262.5,1,12,7,0.0191780821917808,0.943142094017094,OTM,17.2,0.0556,0.0560897435897435,261.39053261165736,0.05585267790847379,-1.1094673883426367,1.1094673883426367,-0.4226542431781473,0.4226542431781473
2023-08-25,2023-09-05,PUT,4413.905,4110.0,1.05,1.15,1.1,24,77,11,0.0301369863013698,1.073942822384428,ITM,17.2,0.0556,0.0002676399026763,0.30136350432786685,7.33244536077535e-05,-0.7986364956721332,0.7986364956721332,-72.60331778837575,72.60331778837575
2023-08-25,2023-09-01,PUT,4413.905,4660.0,240.6,244.6,242.6,1,34,7,0.0191780821917808,0.94718991416309,OTM,17.2,0.0556,0.0520600858369098,241.608769606858,0.05184737545211545,-0.9912303931419899,0.9912303931419899,-0.4085863120948021,0.4085863120948021
2023-08-25,2023-09-01,PUT,4413.905,4615.0,195.7,199.7,197.7,39,47,7,0.0191780821917808,0.9564257854821234,OTM,17.2,0.0556,0.0428385698808234,197.61418382058127,0.04281997482569475,-0.085816179418714,0.085816179418714,-0.04340727335291553,0.04340727335291553
2023-08-25,2023-09-05,PUT,4413.905,4125.0,1.1,1.25,1.175,28,28,11,0.0301369863013698,1.0700375757575755,ITM,17.2,0.0556,0.0002848484848484,0.43535118423904606,0.00010553968102764753,-0.739648815760954,0.739648815760954,-62.94883538391097,62.94883538391097
2023-08-25,2023-09-05,PUT,4413.905,4395.0,25.4,25.8,25.6,248,81,11,0.0301369863013698,1.004301478953356,ATM,17.2,0.0556,0.0058248009101251,40.3323960840296,0.009176881930382162,14.732396084029595,14.732396084029595,57.5484222032406,57.5484222032406
2023-08-25,2023-09-05,PUT,4413.905,4130.0,1.15,1.25,1.2,29,37,11,0.0301369863013698,1.068742130750605,ITM,17.2,0.0556,0.0002905569007263,0.4906256226495316,0.00011879555027833694,-0.7093743773504684,0.7093743773504684,-59.11453144587237,59.11453144587237
2023-08-25,2023-09-05,PUT,4413.905,4150.0,1.3,1.4,1.35,2111,150,11,0.0301369863013698,1.06359156626506,ITM,17.2,0.0556,0.0003253012048192,0.7794879022195857,0.00018782841017339416,-0.5705120977804143,0.5705120977804143,-42.2601553911418,42.2601553911418
2023-08-25,2023-09-05,PUT,4413.905,4255.0,3.5,3.7,3.6,102,49,11,0.0301369863013698,1.0373454759106933,ITM,17.2,0.0556,0.0008460634547591,6.08848806562861,0.001430902013073704,2.48848806562861,2.48848806562861,69.12466848968361,69.12466848968361
2023-08-25,2023-09-05,PUT,4413.905,4250.0,3.3,3.4,3.35,102,358,11,0.0301369863013698,1.0385658823529411,ITM,17.2,0.0556,0.0007882352941176,5.59557539036382,0.0013166059742032517,2.2455753903638196,2.2455753903638196,67.03210120489014,67.03210120489014
2023-08-25,2023-09-05,PUT,4413.905,4245.0,3.1,3.2,3.1500000000000004,15,857,11,0.0301369863013698,1.0397891637220258,ITM,17.2,0.0556,0.0007420494699646,5.135997520515957,0.0012098934088376812,1.9859975205159568,1.9859975205159568,63.04754033383989,63.04754033383989
2023-08-25,2023-09-05,PUT,4413.905,4240.0,2.9,3.1,3.0,11,43,11,0.0301369863013698,1.041015330188679,ITM,17.2,0.0556,0.0007075471698113,4.7080915420106635,0.0011103989485874207,1.7080915420106635,1.7080915420106635,56.93638473368878,56.93638473368878
2023-08-25,2023-09-01,PUT,4413.905,4635.0,215.6,219.7,217.65,1,26,7,0.0191780821917808,0.9522988133764833,OTM,17.2,0.0556,0.046957928802589,217.0520908969229,0.04682893007484852,-0.5979091030771144,0.5979091030771144,-0.2747112809910932,0.2747112809910932
2023-08-25,2023-09-05,PUT,4413.905,4235.0,2.75,2.85,2.8,20,61,11,0.0301369863013698,1.0422443919716646,ITM,17.2,0.0556,0.0006611570247933,4.310228881503178,0.001017763608383277,1.5102288815031786,1.5102288815031786,53.93674576797067,53.93674576797067
2023-08-25,2023-09-05,PUT,4413.905,4120.0,1.1,1.2,1.15,5,36,11,0.0301369863013698,1.0713361650485436,ITM,17.2,0.0556,0.0002791262135922,0.3857113788833715,9.361926671926492e-05,-0.7642886211166284,0.7642886211166284,-66.45988009709812,66.45988009709812
2023-08-25,2023-09-05,PUT,4413.905,4265.0,4.0,4.2,4.1,126,37,11,0.0301369863013698,1.0349132473622509,ITM,17.2,0.0556,0.0009613130128956,7.181119803043714,0.0016837326619094288,3.0811198030437144,3.0811198030437144,75.1492634888711,75.1492634888711
2023-08-25,2023-09-05,PUT,4413.905,4335.0,10.8,11.1,10.95,99,76,11,0.0301369863013698,1.01820184544406,ATM,17.2,0.0556,0.0025259515570934,19.9334711896322,0.004598263250203506,8.983471189632201,8.983471189632201,82.04083278202924,82.04083278202924
2023-08-25,2023-09-05,PUT,4413.905,4305.0,6.9,7.2,7.050000000000001,47,53,11,0.0301369863013698,1.0252973286875726,ATM,17.2,0.0556,0.0016376306620209,13.23351408568567,0.0030739870117736747,6.183514085685669,6.183514085685669,87.70941965511585,87.70941965511585
2023-08-25,2023-09-05,PUT,4413.905,4295.0,6.0,6.2,6.1,3,216,11,0.0301369863013698,1.027684516880093,ATM,17.2,0.0556,0.0014202561117578,11.439668468427271,0.002663485091601227,5.339668468427272,5.339668468427272,87.53554866274216,87.53554866274216
2023-08-25,2023-09-05,PUT,4413.905,4290.0,5.6,5.8,5.699999999999999,43,138,11,0.0301369863013698,1.0288822843822842,ATM,17.2,0.0556,0.0013286713286713,10.617386788625595,0.0024749153353439616,4.9173867886255955,4.9173867886255955,86.26994366009818,86.26994366009818
2023-08-25,2023-09-05,PUT,4413.905,4285.0,5.2,5.4,5.300000000000001,53,74,11,0.0301369863013698,1.0300828471411902,ITM,17.2,0.0556,0.0012368728121353,9.842496768117599,0.0022969654067952388,4.542496768117598,4.542496768117598,85.70748619089807,85.70748619089807
2023-08-25,2023-09-05,PUT,4413.905,4280.0,4.8,5.1,4.949999999999999,61,104,11,0.0301369863013698,1.0312862149532709,ITM,17.2,0.0556,0.0011565420560747,9.113211313952775,0.002129254979895508,4.163211313952775,4.163211313952775,84.10527906975305,84.10527906975305
2023-08-25,2023-09-05,PUT,4413.905,4275.0,4.5,4.7,4.6,32,181,11,0.0301369863013698,1.032492397660819,ITM,17.2,0.0556,0.0010760233918128,8.427741768603823,0.00197140158329914,3.8277417686038238,3.8277417686038238,83.21177757834401,83.21177757834401
2023-08-25,2023-09-05,PUT,4413.905,4300.0,6.4,6.7,6.550000000000001,141,575,11,0.0301369863013698,1.0264895348837209,ATM,17.2,0.0556,0.0015232558139534,12.311121815940623,0.0028630515851024705,5.761121815940623,5.761121815940623,87.95605825863545,87.95605825863545
2023-08-25,2023-09-05,PUT,4413.905,4340.0,11.6,11.9,11.75,129,151,11,0.0301369863013698,1.017028801843318,ATM,17.2,0.0556,0.0027073732718894,21.259617089607673,0.0048985292833197405,9.509617089607673,9.509617089607673,80.93291140091637,80.93291140091637
2023-08-25,2023-09-05,PUT,4413.905,4260.0,3.7,3.9,3.8,99,283,11,0.0301369863013698,1.0361279342723004,ITM,17.2,0.0556,0.0008920187793427,6.61642928722938,0.0015531524148425775,2.81642928722938,2.81642928722938,74.11656019024684,74.11656019024684
2023-08-25,2023-09-05,PUT,4413.905,4345.0,12.5,12.8,12.65,90,103,11,0.0301369863013698,1.0158584579976984,ATM,17.2,0.0556,0.0029113924050632,22.649676339692633,0.0052128138871559565,9.999676339692632,9.999676339692632,79.0488248197046,79.0488248197046
2023-08-25,2023-09-05,PUT,4413.905,4385.0,22.2,22.5,22.35,36,239,11,0.0301369863013698,1.0065917901938426,ATM,17.2,0.0556,0.0050969213226909,36.22166252338775,0.008260356333725826,13.871662523387748,13.871662523387748,62.0656041314888,62.0656041314888
2023-08-25,2023-09-05,PUT,4413.905,4380.0,20.7,21.0,20.85,124,155,11,0.0301369863013698,1.0077408675799089,ATM,17.2,0.0556,0.0047602739726027,34.27682399804644,0.00782575890366357,13.426823998046437,13.426823998046437,64.39723740070232,64.39723740070232
2023-08-25,2023-09-05,PUT,4413.905,4375.0,19.3,19.6,19.450000000000003,472,1731,11,0.0301369863013698,1.0088925714285717,ATM,17.2,0.0556,0.0044457142857142,32.404771953742284,0.007406805017998236,12.95477195374228,12.95477195374228,66.60551133029449,66.60551133029449
2023-08-25,2023-09-05,PUT,4413.905,4370.0,17.9,18.3,18.1,161,62,11,0.0301369863013698,1.0100469107551486,ATM,17.2,0.0556,0.0041418764302059,30.604707144150552,0.007003365479210653,12.50470714415055,12.50470714415055,69.08677980193673,69.08677980193673
2023-08-25,2023-09-05,PUT,4413.905,4365.0,16.7,17.0,16.85,221,200,11,0.0301369863013698,1.0112038946162656,ATM,17.2,0.0556,0.0038602520045819,28.875733943912564,0.006615288417849385,12.025733943912563,12.025733943912563,71.36934091342766,71.36934091342766
2023-08-25,2023-09-05,PUT,4413.905,4360.0,15.5,15.8,15.65,242,158,11,0.0301369863013698,1.0123635321100917,ATM,17.2,0.0556,0.0035894495412844,27.21686382214989,0.00624239995920869,11.56686382214989,11.56686382214989,73.90967298498332,73.90967298498332
2023-08-25,2023-09-05,PUT,4413.905,4355.0,14.4,14.8,14.6,69,78,11,0.0301369863013698,1.0135258323765786,ATM,17.2,0.0556,0.0033524684270952,25.62701919322717,0.005884504981223231,11.02701919322717,11.02701919322717,75.52752872073404,75.52752872073404
2023-08-25,2023-09-05,PUT,4413.905,4350.0,13.4,13.7,13.55,1170,511,11,0.0301369863013698,1.014690804597701,ATM,17.2,0.0556,0.0031149425287356,24.10503761967334,0.005541387958545595,10.555037619673339,10.555037619673339,77.89695660275527,77.89695660275527
2023-08-25,2023-09-05,PUT,4413.905,4270.0,4.2,4.4,4.300000000000001,39,132,11,0.0301369863013698,1.0337014051522249,ITM,17.2,0.0556,0.0010070257611241,7.784303252466998,0.0018230218389852454,3.4843032524669972,3.4843032524669972,81.0303081969069,81.0303081969069
2023-08-25,2023-09-05,PUT,4413.905,4390.0,23.7,24.1,23.9,119,121,11,0.0301369863013698,1.0054453302961277,ATM,17.2,0.0556,0.0054441913439635,38.23998732328255,0.008710703262706732,14.33998732328255,14.33998732328255,59.99994695934122,59.99994695934122
2023-08-25,2023-09-05,PUT,4413.905,4230.0,2.6,2.7,2.6500000000000004,37,163,11,0.0301369863013698,1.0434763593380614,ITM,17.2,0.0556,0.0006264775413711,3.9408185065148587,0.0009316355807363732,1.2908185065148583,1.2908185065148583,48.710132321315406,48.710132321315406
2023-08-25,2023-09-05,PUT,4413.905,4225.0,2.45,2.55,2.5,180,230,11,0.0301369863013698,1.0447112426035503,ITM,17.2,0.0556,0.0005917159763313,3.5983098067308106,0.0008516709601729729,1.0983098067308106,1.0983098067308106,43.93239226923242,43.93239226923242
2023-08-25,2023-09-05,PUT,4413.905,4220.0,2.3,2.4,2.35,99,98,11,0.0301369863013698,1.0459490521327013,ITM,17.2,0.0556,0.0005568720379146,3.2811951540010966,0.0007775343966827243,0.9311951540010965,0.9311951540010965,39.625325702174315,39.625325702174315
2023-08-25,2023-09-06,PUT,4413.905,4210.0,2.85,3.0,2.925,35,66,12,0.0328767123287671,1.0484334916864608,ITM,17.2,0.0556,0.0006947743467933,3.30879925507665,0.0007859380653388717,0.38379925507665025,0.38379925507665025,13.121342053902572,13.121342053902572
2023-08-25,2023-09-06,PUT,4413.905,4205.0,2.75,2.85,2.8,24,55,12,0.0328767123287671,1.049680142687277,ITM,17.2,0.0556,0.0006658739595719,3.0232183639284926,0.0007189579937998793,0.2232183639284928,0.2232183639284928,7.972084426017601,7.972084426017601
2023-08-25,2023-09-06,PUT,4413.905,4200.0,2.6,2.7,2.6500000000000004,108,456,12,0.0328767123287671,1.050929761904762,ITM,17.2,0.0556,0.0006309523809523,2.758825806953837,0.0006568632873699612,0.10882580695383659,0.10882580695383659,4.106634224673078,4.106634224673078
2023-08-25,2023-09-06,PUT,4413.905,4190.0,2.4,2.5,2.45,23,49,12,0.0328767123287671,1.0534379474940334,ITM,17.2,0.0556,0.0005847255369928,2.2886764675498057,0.0005462235006085455,-0.16132353245019448,0.16132353245019448,-6.584633977558958,6.584633977558958
2023-08-25,2023-09-06,PUT,4413.905,4180.0,2.2,2.3,2.25,2,92,12,0.0328767123287671,1.0559581339712918,ITM,17.2,0.0556,0.0005382775119617,1.8889400246946195,0.0004518995274389042,-0.3610599753053805,0.3610599753053805,-16.047110013572464,16.047110013572464
2023-08-25,2023-09-06,PUT,4413.905,4175.0,2.1,2.2,2.1500000000000004,1,179,12,0.0328767123287671,1.057222754491018,ITM,17.2,0.0556,0.0005149700598802,1.7127344968487819,0.0004102358076284508,-0.4372655031512185,0.4372655031512185,-20.337930379126437,20.337930379126437
2023-08-25,2023-09-06,PUT,4413.905,4170.0,2.05,2.15,2.1,29,163,12,0.0328767123287671,1.0584904076738608,ITM,17.2,0.0556,0.0005035971223021,1.5509336477269784,0.00037192653422709314,-0.5490663522730217,0.5490663522730217,-26.146016774905792,26.146016774905792
2023-08-25,2023-09-06,PUT,4413.905,4160.0,1.9,2.0,1.95,5,35,12,0.0328767123287671,1.0610348557692306,ITM,17.2,0.0556,0.00046875,1.2667107386743197,0.0003044977737197884,-0.6832892613256802,0.6832892613256802,-35.04047493977848,35.04047493977848
2023-08-25,2023-09-06,PUT,4413.905,4150.0,1.75,1.85,1.8,85,346,12,0.0328767123287671,1.06359156626506,ITM,17.2,0.0556,0.000433734939759,1.0290560199853473,0.0002479653060205656,-0.7709439800146527,0.7709439800146527,-42.83022111192515,42.83022111192515
2023-08-25,2023-09-06,PUT,4413.905,4220.0,3.1,3.3,3.2,1,61,12,0.0328767123287671,1.0459490521327013,ITM,17.2,0.0556,0.0007582938388625,3.948714394363151,0.0009357143114604623,0.7487143943631507,0.7487143943631507,23.397324823848457,23.397324823848457
2023-08-25,2023-09-06,PUT,4413.905,4140.0,1.65,1.75,1.7,2,45,12,0.0328767123287671,1.0661606280193237,ITM,17.2,0.0556,0.0004106280193236,0.8314694448930453,0.00020083803016740224,-0.8685305551069546,0.8685305551069546,-51.09003265335028,51.09003265335028
2023-08-25,2023-09-06,PUT,4413.905,4120.0,1.45,1.55,1.5,51,29,12,0.0328767123287671,1.0713361650485436,ITM,17.2,0.0556,0.0003640776699029,0.5339155899334429,0.00012959116260520458,-0.9660844100665571,0.9660844100665571,-64.40562733777047,64.40562733777047
2023-08-25,2023-09-05,PUT,4413.905,4520.0,104.5,106.4,105.45,1,37,11,0.0301369863013698,0.9765276548672566,ATM,17.2,0.0556,0.0233296460176991,116.32925733815819,0.0257365613579996,10.879257338158183,10.879257338158183,10.316981828504678,10.316981828504678
2023-08-25,2023-09-05,PUT,4413.905,4515.0,100.1,101.9,101.0,10,13,11,0.0301369863013698,0.9776090808416388,ATM,17.2,0.0556,0.0223698781838316,112.490458104769,0.02491483014502082,11.490458104769004,11.490458104769004,11.376691192840598,11.376691192840598
2023-08-25,2023-09-05,PUT,4413.905,4450.0,51.4,51.8,51.6,204,1905,11,0.0301369863013698,0.9918887640449436,ATM,17.2,0.0556,0.0115955056179775,68.3027939856961,0.015348942468695753,16.702793985696097,16.702793985696097,32.369755786232744,32.369755786232744
2023-08-25,2023-09-05,PUT,4413.905,4445.0,48.4,48.8,48.6,1,84,11,0.0301369863013698,0.9930044994375704,ATM,17.2,0.0556,0.010933633295838,65.38651895398561,0.014710127998646932,16.786518953985613,16.786518953985613,34.54016245676052,34.54016245676052
2023-08-25,2023-09-05,PUT,4413.905,4440.0,45.6,46.0,45.8,10,139,11,0.0301369863013698,0.9941227477477476,ATM,17.2,0.0556,0.0103153153153153,62.54385753120414,0.014086454398919852,16.743857531204142,16.743857531204142,36.55864089782564,36.55864089782564
2023-08-25,2023-09-05,PUT,4413.905,4435.0,42.9,43.2,43.05,9,110,11,0.0301369863013698,0.9952435174746336,ATM,17.2,0.0556,0.0097068771138669,59.775380385344306,0.013478101552501535,16.72538038534431,16.72538038534431,38.85105780567784,38.85105780567784
2023-08-25,2023-09-05,PUT,4413.905,4430.0,40.3,40.6,40.45,10,291,11,0.0301369863013698,0.996366817155756,ATM,17.2,0.0556,0.0091309255079006,57.08155696150516,0.01288522730508017,16.631556961505154,16.631556961505154,41.11633365019816,41.11633365019816
2023-08-25,2023-09-05,PUT,4413.905,4425.0,37.8,38.2,38.0,19,375,11,0.0301369863013698,0.9974926553672316,ATM,17.2,0.0556,0.0085875706214689,54.462753150692606,0.012307966813715843,16.462753150692606,16.462753150692606,43.32303460708581,43.32303460708581
2023-08-25,2023-09-06,PUT,4413.905,4130.0,1.55,1.65,1.6,25,37,12,0.0328767123287671,1.068742130750605,ITM,17.2,0.0556,0.0003874092009685,0.6681406339235494,0.00016177739320182794,-0.9318593660764507,0.9318593660764507,-58.24121037977817,58.24121037977817
2023-08-25,2023-09-06,PUT,4413.905,4225.0,3.3,3.5,3.4,63,55,12,0.0328767123287671,1.0447112426035503,ITM,17.2,0.0556,0.0008047337278106,4.305746137792141,0.0010191115119034654,0.9057461377921414,0.9057461377921414,26.639592288004163,26.639592288004163
2023-08-25,2023-09-06,PUT,4413.905,4230.0,3.5,3.7,3.6,28,97,12,0.0328767123287671,1.0434763593380614,ITM,17.2,0.0556,0.0008510638297872,4.689357871457787,0.0011085952414793823,1.089357871457787,1.089357871457787,30.259940873827414,30.259940873827414
2023-08-25,2023-09-06,PUT,4413.905,4235.0,3.7,3.9,3.8,2,38,12,0.0328767123287671,1.0422443919716646,ITM,17.2,0.0556,0.0008972845336481,5.100993706529721,0.0012044849366067817,1.300993706529721,1.300993706529721,34.236676487624244,34.236676487624244
2023-08-25,2023-09-05,PUT,4413.905,4215.0,2.2,2.3,2.25,27,80,11,0.0301369863013698,1.0471897983392644,ITM,17.2,0.0556,0.0005338078291814,2.988012141070783,0.0007088996775968643,0.738012141070783,0.738012141070783,32.80053960314591,32.80053960314591
2023-08-25,2023-09-05,PUT,4413.905,4210.0,2.1,2.2,2.1500000000000004,53,54,11,0.0301369863013698,1.0484334916864608,ITM,17.2,0.0556,0.0005106888361045,2.7173455014913657,0.0006454502378839349,0.5673455014913653,0.5673455014913653,26.3881628600635,26.3881628600635
2023-08-25,2023-09-05,PUT,4413.905,4205.0,2.0,2.1,2.05,41,97,11,0.0301369863013698,1.049680142687277,ITM,17.2,0.0556,0.000487514863258,2.467828715426009,0.0005868795993878738,0.4178287154260092,0.4178287154260092,20.381888557366302,20.381888557366302
2023-08-25,2023-09-05,PUT,4413.905,4200.0,1.9,2.05,1.975,2186,777,11,0.0301369863013698,1.050929761904762,ITM,17.2,0.0556,0.000470238095238,2.238145308180293,0.000532891740042927,0.263145308180293,0.263145308180293,13.3238130724199,13.3238130724199
2023-08-25,2023-09-05,PUT,4413.905,4195.0,1.8,1.95,1.875,17,33,11,0.0301369863013698,1.052182359952324,ITM,17.2,0.0556,0.0004469606674612,2.0270298502539674,0.000483201394577823,0.15202985025396742,0.15202985025396742,8.108258680211597,8.108258680211597
2023-08-25,2023-09-05,PUT,4413.905,4190.0,1.75,1.85,1.8,18,55,11,0.0301369863013698,1.0534379474940334,ITM,17.2,0.0556,0.0004295942720763,1.833268669473398,0.0004375342886571355,0.033268669473397905,0.033268669473397905,1.8482594151887723,1.8482594151887723
2023-08-25,2023-09-05,PUT,4413.905,4185.0,1.65,1.8,1.725,68,40,11,0.0301369863013698,1.0546965352449222,ITM,17.2,0.0556,0.0004121863799283,1.6557002873657893,0.0003956273088090297,-0.06929971263421075,0.06929971263421075,-4.0173746454614925,4.0173746454614925
2023-08-25,2023-09-05,PUT,4413.905,4180.0,1.6,1.7,1.65,6,66,11,0.0301369863013698,1.0559581339712918,ITM,17.2,0.0556,0.0003947368421052,1.4932155933162505,0.00035722861084120825,-0.15678440668374938,0.15678440668374938,-9.502085253560569,9.502085253560569
2023-08-25,2023-09-05,PUT,4413.905,4175.0,1.55,1.65,1.6,24,327,11,0.0301369863013698,1.057222754491018,ITM,17.2,0.0556,0.0003832335329341,1.3447577712573775,0.00032209766976224613,-0.2552422287426226,0.2552422287426226,-15.95263929641391,15.95263929641391
2023-08-25,2023-09-05,PUT,4413.905,4170.0,1.5,1.6,1.55,124,126,11,0.0301369863013698,1.0584904076738608,ITM,17.2,0.0556,0.0003717026378896,1.2093219946169853,0.0002900052744884857,-0.34067800538301474,0.34067800538301474,-21.979226153742886,21.979226153742886
2023-08-25,2023-09-05,PUT,4413.905,4160.0,1.4,1.5,1.45,51,145,11,0.0301369863013698,1.0610348557692306,ITM,17.2,0.0556,0.0003485576923076,0.9737538991114718,0.00023407545651718073,-0.47624610088852815,0.47624610088852815,-32.844558681967456,32.844558681967456
2023-08-25,2023-09-05,PUT,4413.905,4140.0,1.2,1.3,1.25,65,101,11,0.0301369863013698,1.0661606280193237,ITM,17.2,0.0556,0.0003019323671497,0.6202800819191623,0.000149826106743759,-0.6297199180808377,0.6297199180808377,-50.37759344646702,50.37759344646702
2023-08-25,2023-09-05,PUT,4413.905,4600.0,180.0,185.1,182.55,2,125,11,0.0301369863013698,0.9595445652173912,OTM,17.2,0.0556,0.0396847826086956,184.1715057746478,0.04003728386405387,1.621505774647801,1.621505774647801,0.88825295790074,0.88825295790074
2023-08-25,2023-09-05,PUT,4413.905,4540.0,122.9,124.7,123.8,1,6,11,0.0301369863013698,0.97222577092511,ATM,17.2,0.0556,0.0272687224669603,132.22316159990214,0.02912404440526479,8.423161599902144,8.423161599902144,6.803846203475076,6.803846203475076
2023-08-25,2023-09-05,PUT,4413.905,4530.0,113.6,115.6,114.6,10,21,11,0.0301369863013698,0.9743719646799116,ATM,17.2,0.0556,0.0252980132450331,124.17174974844147,0.027410982284424165,9.571749748441476,9.571749748441476,8.352312171414901,8.352312171414901
2023-08-25,2023-09-06,PUT,4413.905,4050.0,1.05,1.15,1.1,3,399,12,0.0328767123287671,1.089853086419753,ITM,17.2,0.0556,0.0002716049382716,0.0945043798903562,2.3334414787742274e-05,-1.0054956201096439,1.0054956201096439,-91.40869273724034,91.40869273724034
2023-08-25,2023-09-06,PUT,4413.905,4075.0,1.15,1.25,1.2,74,99,12,0.0328767123287671,1.083166871165644,ITM,17.2,0.0556,0.0002944785276073,0.1813252742574072,4.449699981776864e-05,-1.0186747257425928,1.0186747257425928,-84.8895604785494,84.8895604785494
2023-08-25,2023-09-06,PUT,4413.905,4100.0,1.3,1.4,1.35,97,542,12,0.0328767123287671,1.076562195121951,ITM,17.2,0.0556,0.0003292682926829,0.3352028069616466,8.175678218576747e-05,-1.0147971930383535,1.0147971930383535,-75.17016244728543,75.17016244728543
2023-08-25,2023-09-06,PUT,4413.905,4255.0,4.6,4.8,4.699999999999999,3,127,12,0.0328767123287671,1.0373454759106933,ITM,17.2,0.0556,0.0011045828437132,7.057802797322154,0.0016587080604752418,2.3578027973221545,2.3578027973221545,50.166016964301164,50.166016964301164
2023-08-25,2023-09-06,PUT,4413.905,4250.0,4.4,4.6,4.5,56,363,12,0.0328767123287671,1.0385658823529411,ITM,17.2,0.0556,0.0010588235294117,6.51898481073988,0.0015338787789976188,2.0189848107398802,2.0189848107398802,44.866329127552895,44.866329127552895
2023-08-25,2023-09-06,PUT,4413.905,4245.0,4.1,4.3,4.199999999999999,20,54,12,0.0328767123287671,1.0397891637220258,ITM,17.2,0.0556,0.0009893992932862,6.014282744127115,0.0014167921658721119,1.8142827441271159,1.8142827441271159,43.19720819350276,43.19720819350276
2023-08-25,2023-09-05,PUT,4413.905,4415.0,33.2,33.6,33.400000000000006,25,62,11,0.0301369863013698,0.9997519818799546,ATM,17.2,0.0556,0.0075651189127972,49.45113913810155,0.011200711016557544,16.051139138101547,16.051139138101547,48.05730280868726,48.05730280868726
2023-08-25,2023-09-01,PUT,4413.905,4390.0,20.5,20.7,20.6,493,534,7,0.0191780821917808,1.0054453302961277,ATM,17.2,0.0556,0.0046924829157175,29.06031947508791,0.0066196627505895,8.460319475087907,8.460319475087907,41.06951201498984,41.06951201498984
2023-08-25,2023-09-01,PUT,4413.905,4385.0,18.9,19.1,19.0,1138,424,7,0.0191780821917808,1.0065917901938426,ATM,17.2,0.0556,0.0043329532497149,27.122768861079066,0.006185352077783139,8.122768861079066,8.122768861079066,42.751415058310876,42.751415058310876
2023-08-25,2023-09-01,PUT,4413.905,4380.0,17.4,17.7,17.549999999999997,886,1825,7,0.0191780821917808,1.0077408675799089,ATM,17.2,0.0556,0.0040068493150684,25.276150497758863,0.005770810615926681,7.726150497758866,7.726150497758866,44.02364955987958,44.02364955987958
2023-08-25,2023-09-06,PUT,4413.905,4510.0,96.5,98.5,97.5,1,14,12,0.0328767123287671,0.9786929046563192,ATM,17.2,0.0556,0.0216186252771618,110.11016184631808,0.024414670032443034,12.610161846318078,12.610161846318078,12.933499329557003,12.933499329557003
2023-08-25,2023-09-06,PUT,4413.905,4500.0,88.2,89.7,88.95,10,11,12,0.0328767123287671,0.9808677777777776,ATM,17.2,0.0556,0.0197666666666666,102.82661821730107,0.022850359603844683,13.876618217301072,13.876618217301072,15.60047017122099,15.60047017122099
2023-08-25,2023-09-06,PUT,4413.905,4490.0,80.3,82.2,81.25,1,92,12,0.0328767123287671,0.9830523385300668,ATM,17.2,0.0556,0.0180957683741648,95.7833313539204,0.021332590501986725,14.533331353920403,14.533331353920403,17.887177050978956,17.887177050978956
2023-08-25,2023-09-06,PUT,4413.905,4485.0,76.3,78.2,77.25,1,7,12,0.0328767123287671,0.9841482720178372,ATM,17.2,0.0556,0.0172240802675585,92.35494076469467,0.02059196003672122,15.104940764694675,15.104940764694675,19.553321378245535,19.553321378245535
2023-08-25,2023-09-06,PUT,4413.905,4475.0,69.0,71.0,70.0,10,39,12,0.0328767123287671,0.9863474860335196,ATM,17.2,0.0556,0.0156424581005586,85.69050831417326,0.019148716941714695,15.690508314173258,15.690508314173258,22.415011877390366,22.415011877390366
2023-08-25,2023-09-06,PUT,4413.905,4470.0,65.5,67.3,66.4,1,53,12,0.0328767123287671,0.9874507829977628,ATM,17.2,0.0556,0.0148545861297539,82.45662196236526,0.018446671579947487,16.056621962365256,16.056621962365256,24.181659581875383,24.181659581875383
2023-08-25,2023-09-06,PUT,4413.905,4410.0,33.3,33.9,33.599999999999994,46,70,12,0.0328767123287671,1.0008854875283446,ATM,17.2,0.0556,0.0076190476190476,49.068164743478974,0.011126567969042852,15.46816474347898,15.46816474347898,46.036204593687444,46.036204593687444
2023-08-25,2023-09-06,PUT,4413.905,4405.0,31.5,31.8,31.65,20,24,12,0.0328767123287671,1.0020215664018162,ATM,17.2,0.0556,0.0071850170261066,46.7508493640637,0.010613132659265312,15.100849364063698,15.100849364063698,47.712004309837916,47.712004309837916
2023-08-25,2023-09-06,PUT,4413.905,4335.0,12.9,13.1,13.0,45,170,12,0.0328767123287671,1.01820184544406,ATM,17.2,0.0556,0.0029988465974625,21.63566641260536,0.004990926508098122,8.63566641260536,8.63566641260536,66.42820317388738,66.42820317388738
2023-08-25,2023-09-06,PUT,4413.905,4525.0,109.5,111.3,110.4,11,356,12,0.0328767123287671,0.9754486187845304,ATM,17.2,0.0556,0.0243977900552486,121.46229391335146,0.026842495892453362,11.062293913351454,11.062293913351454,10.020193762093708,10.020193762093708
2023-08-25,2023-09-06,PUT,4413.905,4330.0,12.0,12.3,12.15,63,95,12,0.0328767123287671,1.019377598152425,ATM,17.2,0.0556,0.0028060046189376,20.332408644162115,0.0046957063843330515,8.182408644162114,8.182408644162114,67.34492711244539,67.34492711244539
2023-08-25,2023-09-06,PUT,4413.905,4320.0,10.6,10.8,10.7,118,158,12,0.0328767123287671,1.0217372685185184,ATM,17.2,0.0556,0.0024768518518518,17.902544030488116,0.004144107414464842,7.2025440304881165,7.2025440304881165,67.31349561203848,67.31349561203848
2023-08-25,2023-09-06,PUT,4413.905,4315.0,9.9,10.1,10.0,28,226,12,0.0328767123287671,1.0229212050984935,ATM,17.2,0.0556,0.0023174971031286,16.77308557986248,0.0038871577241859747,6.773085579862482,6.773085579862482,67.73085579862482,67.73085579862482
2023-08-25,2023-09-06,PUT,4413.905,4310.0,9.3,9.5,9.4,38,216,12,0.0328767123287671,1.0241078886310904,ATM,17.2,0.0556,0.0021809744779582,15.698636646169348,0.003642375091918642,6.2986366461693475,6.2986366461693475,67.0067728315888,67.0067728315888
2023-08-25,2023-09-06,PUT,4413.905,4305.0,8.7,8.9,8.8,5,52,12,0.0328767123287671,1.0252973286875726,ATM,17.2,0.0556,0.0020441347270615,14.677670862438049,0.0034094473548055863,5.877670862438048,5.877670862438048,66.7917143458869,66.7917143458869
2023-08-25,2023-09-06,PUT,4413.905,4300.0,8.1,8.4,8.25,16,447,12,0.0328767123287671,1.0264895348837209,ATM,17.2,0.0556,0.0019186046511627,13.708630593440375,0.003188053626381483,5.458630593440375,5.458630593440375,66.1652193144288,66.1652193144288
2023-08-25,2023-09-06,PUT,4413.905,4295.0,7.6,7.9,7.75,4,74,12,0.0328767123287671,1.027684516880093,ATM,17.2,0.0556,0.0018044237485448,12.789931946060506,0.002977865412354018,5.039931946060506,5.039931946060506,65.03137994916781,65.03137994916781
2023-08-25,2023-09-06,PUT,4413.905,4290.0,7.2,7.4,7.300000000000001,22,232,12,0.0328767123287671,1.0288822843822842,ATM,17.2,0.0556,0.0017016317016317,11.919969762257324,0.0027785477301299124,4.619969762257323,4.619969762257323,63.2872570172236,63.2872570172236
2023-08-25,2023-09-06,PUT,4413.905,4285.0,6.7,6.9,6.800000000000001,6,196,12,0.0328767123287671,1.0300828471411902,ITM,17.2,0.0556,0.0015869311551925,11.09712256797684,0.0025897602258989124,4.297122567976839,4.297122567976839,63.19297894083586,63.19297894083586
2023-08-25,2023-09-06,PUT,4413.905,4280.0,6.3,6.5,6.4,30,42,12,0.0328767123287671,1.0312862149532709,ITM,17.2,0.0556,0.0014953271028037,10.319757452294766,0.0024111582832464407,3.919757452294766,3.919757452294766,61.24621019210571,61.24621019210571
2023-08-25,2023-09-06,PUT,4413.905,4325.0,11.3,11.5,11.4,109,968,12,0.0328767123287671,1.0205560693641618,ATM,17.2,0.0556,0.002635838150289,19.08850209630691,0.004413526496255933,7.688502096306911,7.688502096306911,67.44300084479747,67.44300084479747
2023-08-25,2023-09-06,PUT,4413.905,4340.0,13.7,14.0,13.85,170,160,12,0.0328767123287671,1.017028801843318,ATM,17.2,0.0556,0.0031912442396313,22.99962720898111,0.005299453273958781,9.14962720898111,9.14962720898111,66.06229031755315,66.06229031755315
2023-08-25,2023-09-06,PUT,4413.905,4465.0,62.2,63.9,63.05,9,23,12,0.0328767123287671,0.9885565509518476,ATM,17.2,0.0556,0.014120940649496,79.2896154027203,0.017758032564998947,16.239615402720304,16.239615402720304,25.75672546030183,25.75672546030183
2023-08-25,2023-09-06,PUT,4413.905,4415.0,35.5,35.9,35.7,26,41,12,0.0328767123287671,0.9997519818799546,ATM,17.2,0.0556,0.0080860702151755,51.457672306779386,0.01165519191546532,15.757672306779384,15.757672306779384,44.13913811422796,44.13913811422796
2023-08-25,2023-09-08,PUT,4413.905,4350.0,19.5,19.8,19.65,684,1271,14,0.0383561643835616,1.014690804597701,ATM,17.2,0.0556,0.0045172413793103,29.3335708849022,0.006743349628713149,9.683570884902203,9.683570884902203,49.280258956245305,49.280258956245305
2023-08-25,2023-09-08,PUT,4413.905,4355.0,20.6,20.9,20.75,267,1022,14,0.0383561643835616,1.0135258323765786,ATM,17.2,0.0556,0.0047646383467278,30.939753329690575,0.007104420971226309,10.189753329690575,10.189753329690575,49.10724496236421,49.10724496236421
2023-08-25,2023-09-08,PUT,4413.905,4400.0,33.6,34.0,33.8,895,2969,14,0.0383561643835616,1.0031602272727271,ATM,17.2,0.0556,0.0076818181818181,48.24584894022473,0.010964965668232894,14.445848940224735,14.445848940224735,42.73919804800218,42.73919804800218
2023-08-25,2023-09-08,PUT,4413.905,4395.0,31.9,32.2,32.05,73,187,14,0.0383561643835616,1.004301478953356,ATM,17.2,0.0556,0.007292377701934,46.062396368958616,0.010480636261424031,14.012396368958619,14.012396368958619,43.72042548817042,43.72042548817042
2023-08-25,2023-09-08,PUT,4413.905,4390.0,30.2,30.5,30.35,498,416,14,0.0383561643835616,1.0054453302961277,ATM,17.2,0.0556,0.0069134396355353,43.94515211554835,0.010010285219942678,13.595152115548352,13.595152115548352,44.79457039719391,44.79457039719391
2023-08-25,2023-09-08,PUT,4413.905,4385.0,28.6,28.9,28.75,191,124,14,0.0383561643835616,1.0065917901938426,ATM,17.2,0.0556,0.0065564424173318,41.89376568390094,0.009553880429623931,13.143765683900938,13.143765683900938,45.71744585704674,45.71744585704674
2023-08-25,2023-09-08,PUT,4413.905,4380.0,27.1,27.4,27.25,1692,1064,14,0.0383561643835616,1.0077408675799089,ATM,17.2,0.0556,0.0062214611872146,39.90781316272114,0.009111372868201174,12.65781316272114,12.65781316272114,46.45069050539868,46.45069050539868
2023-08-25,2023-09-08,PUT,4413.905,4375.0,25.7,26.0,25.85,840,1282,14,0.0383561643835616,1.0088925714285717,ATM,17.2,0.0556,0.0059085714285714,37.98679841405624,0.008682696780355713,12.136798414056237,12.136798414056237,46.95086427101058,46.95086427101058
2023-08-25,2023-09-08,PUT,4413.905,4370.0,24.3,24.6,24.450000000000003,455,771,14,0.0383561643835616,1.0100469107551486,ATM,17.2,0.0556,0.0055949656750572,36.13015450676539,0.008267769910014964,11.68015450676539,11.68015450676539,47.77159307470507,47.77159307470507
2023-08-25,2023-09-06,PUT,4413.905,4435.0,45.0,45.3,45.15,27,53,12,0.0328767123287671,0.9952435174746336,ATM,17.2,0.0556,0.0101803833145434,61.73735638628068,0.013920486220130932,16.587356386280682,16.587356386280682,36.73833086662388,36.73833086662388
2023-08-25,2023-09-08,PUT,4413.905,4365.0,23.0,23.3,23.15,495,233,14,0.0383561643835616,1.0112038946162656,ATM,17.2,0.0556,0.005303550973654,34.33724538817137,0.007866493788813602,11.18724538817137,11.18724538817137,48.32503407417439,48.32503407417439
2023-08-25,2023-09-07,PUT,4413.905,4420.0,39.5,39.9,39.7,179,279,13,0.0356164383561643,0.9986210407239818,ATM,17.2,0.0556,0.0089819004524886,55.824813643592734,0.012630048335654464,16.12481364359273,16.12481364359273,40.616659051870855,40.616659051870855
2023-08-25,2023-09-06,PUT,4413.905,4455.0,55.7,57.5,56.6,5,32,12,0.0328767123287671,0.9907755331088663,ATM,17.2,0.0556,0.0127048260381593,73.15979155485957,0.016421950966298445,16.559791554859565,16.559791554859565,29.257582252402056,29.257582252402056
2023-08-25,2023-09-06,PUT,4413.905,4450.0,53.3,53.7,53.5,14,66,12,0.0328767123287671,0.9918887640449436,ATM,17.2,0.0556,0.0120224719101123,70.19855776511486,0.015774956801149407,16.698557765114856,16.698557765114856,31.21225750488758,31.21225750488758
2023-08-25,2023-09-06,PUT,4413.905,4445.0,50.4,50.8,50.6,7,57,12,0.0328767123287671,0.9930044994375704,ATM,17.2,0.0556,0.0113835770528683,67.3073643144835,0.01514226418773532,16.707364314483492,16.707364314483492,33.01850655036263,33.01850655036263
2023-08-25,2023-09-06,PUT,4413.905,4440.0,47.6,48.0,47.8,73,224,12,0.0328767123287671,0.9941227477477476,ATM,17.2,0.0556,0.0107657657657657,64.48679745361096,0.014524053480543008,16.686797453610964,16.686797453610964,34.90961810378863,34.90961810378863
2023-08-25,2023-09-06,PUT,4413.905,4460.0,59.0,60.6,59.8,18,51,12,0.0328767123287671,0.989664798206278,ATM,17.2,0.0556,0.0134080717488789,76.19039491873991,0.017083048188058277,16.390394918739915,16.390394918739915,27.40868715508347,27.40868715508347
2023-08-25,2023-09-06,PUT,4413.905,4430.0,42.5,42.8,42.65,129,109,12,0.0328767123287671,0.996366817155756,ATM,17.2,0.0556,0.009627539503386,59.05945104738248,0.013331704525368505,16.409451047382483,16.409451047382483,38.47468006420278,38.47468006420278
2023-08-25,2023-09-06,PUT,4413.905,4425.0,40.0,40.4,40.2,120,88,12,0.0328767123287671,0.9974926553672316,ATM,17.2,0.0556,0.0090847457627118,56.4534002073824,0.012757830555340655,16.2534002073824,16.2534002073824,40.4313437994587,40.4313437994587
2023-08-25,2023-09-06,PUT,4413.905,4420.0,37.7,38.1,37.900000000000006,37,67,12,0.0328767123287671,0.9986210407239818,ATM,17.2,0.0556,0.0085746606334841,53.91942991737733,0.012198966044655504,16.019429917377323,16.019429917377323,42.267625111813516,42.267625111813516
2023-08-25,2023-09-08,PUT,4413.905,4360.0,21.8,22.1,21.950000000000003,1094,513,14,0.0383561643835616,1.0123635321100917,ATM,17.2,0.0556,0.0050344036697247,32.60736778578621,0.007478754079308763,10.657367785786207,10.657367785786207,48.552928409048775,48.552928409048775
2023-08-25,2023-09-06,PUT,4413.905,4350.0,15.7,15.9,15.8,82,1191,12,0.0328767123287671,1.014690804597701,ATM,17.2,0.0556,0.0036321839080459,25.914782522156884,0.005957421269461353,10.114782522156883,10.114782522156883,64.0176108997271,64.0176108997271
2023-08-25,2023-09-06,PUT,4413.905,4400.0,29.5,29.9,29.7,54,629,12,0.0328767123287671,1.0031602272727271,ATM,17.2,0.0556,0.00675,44.50557297928185,0.010114902949836784,14.805572979281852,14.805572979281852,49.85041407165607,49.85041407165607
2023-08-25,2023-09-06,PUT,4413.905,4395.0,27.8,28.1,27.950000000000003,22,169,12,0.0328767123287671,1.004301478953356,ATM,17.2,0.0556,0.0063594994311717,42.332087357510545,0.009631874256543924,14.382087357510542,14.382087357510542,51.45648428447421,51.45648428447421
2023-08-25,2023-09-07,PUT,4413.905,4275.0,7.2,7.5,7.35,4,279,13,0.0356164383561643,1.032492397660819,ITM,17.2,0.0556,0.001719298245614,10.74124812885293,0.0025125726617199837,3.391248128852931,3.391248128852931,46.13943032452968,46.13943032452968
2023-08-25,2023-09-07,PUT,4413.905,4360.0,19.8,20.2,20.0,14,23,13,0.0356164383561643,1.0123635321100917,ATM,17.2,0.0556,0.0045871559633027,30.88188520163908,0.007083001193036486,10.88188520163908,10.88188520163908,54.409426008195396,54.409426008195396
2023-08-25,2023-09-07,PUT,4413.905,4365.0,21.0,21.4,21.2,27,63,13,0.0356164383561643,1.0112038946162656,ATM,17.2,0.0556,0.004856815578465,32.59101103109174,0.007466440098760994,11.39101103109174,11.39101103109174,53.7311841089233,53.7311841089233
2023-08-25,2023-09-07,PUT,4413.905,4415.0,37.4,37.8,37.6,13,30,13,0.0356164383561643,0.9997519818799546,ATM,17.2,0.0556,0.0085164212910532,53.36896558378385,0.012088100924979354,15.768965583783846,15.768965583783846,41.938738254744266,41.938738254744266
2023-08-25,2023-09-07,PUT,4413.905,4410.0,35.2,35.8,35.5,23,35,13,0.0356164383561643,1.0008854875283446,ATM,17.2,0.0556,0.0080498866213151,50.982517954585546,0.011560661667706473,15.482517954585546,15.482517954585546,43.61272663263534,43.61272663263534
2023-08-25,2023-09-07,PUT,4413.905,4405.0,33.4,33.8,33.599999999999994,86,12,13,0.0356164383561643,1.0020215664018162,ATM,17.2,0.0556,0.007627695800227,48.66541715494304,0.011047767799079011,15.065417154943049,15.065417154943049,44.837551056378125,44.837551056378125
2023-08-25,2023-09-07,PUT,4413.905,4400.0,31.6,32.0,31.8,24,109,13,0.0356164383561643,1.0031602272727271,ATM,17.2,0.0556,0.0072272727272727,46.41752504839974,0.01054943751099994,14.617525048399738,14.617525048399738,45.96705990062811,45.96705990062811
2023-08-25,2023-09-07,PUT,4413.905,4395.0,29.8,30.2,30.0,20,95,13,0.0356164383561643,1.004301478953356,ATM,17.2,0.0556,0.0068259385665529,44.238619181432796,0.010065669893386302,14.238619181432796,14.238619181432796,47.46206393810932,47.46206393810932
2023-08-25,2023-09-07,PUT,4413.905,4390.0,28.0,28.5,28.25,447,677,13,0.0356164383561643,1.0054453302961277,ATM,17.2,0.0556,0.0064350797266514,42.12839331162081,0.009596444945699502,13.878393311620812,13.878393311620812,49.12705597033916,49.12705597033916
2023-08-25,2023-09-07,PUT,4413.905,4280.0,7.7,7.9,7.800000000000001,22,28,13,0.0356164383561643,1.0312862149532709,ITM,17.2,0.0556,0.001822429906542,11.518814714858195,0.0026913118492659332,3.718814714858194,3.718814714858194,47.6771117289512,47.6771117289512
2023-08-25,2023-09-07,PUT,4413.905,4385.0,26.6,27.0,26.8,31,50,13,0.0356164383561643,1.0065917901938426,ATM,17.2,0.0556,0.0061117445838084,40.086458244196365,0.009141723658881724,13.286458244196364,13.286458244196364,49.57633673207599,49.57633673207599
2023-08-25,2023-09-07,PUT,4413.905,4375.0,23.6,24.0,23.8,117,255,13,0.0356164383561643,1.0088925714285717,ATM,17.2,0.0556,0.00544,36.20549612467357,0.00827554197135396,12.405496124673572,12.405496124673572,52.12393329694778,52.12393329694778
2023-08-25,2023-09-07,PUT,4413.905,4370.0,22.3,22.6,22.450000000000003,29,92,13,0.0356164383561643,1.0100469107551486,ATM,17.2,0.0556,0.005137299771167,34.36528768675066,0.007863910225801067,11.91528768675066,11.91528768675066,53.07477811470226,53.07477811470226
2023-08-25,2023-09-07,PUT,4413.905,4270.0,6.8,7.1,6.949999999999999,25,100,13,0.0356164383561643,1.0337014051522249,ITM,17.2,0.0556,0.0016276346604215,10.005889755795351,0.0023432997086171785,3.055889755795352,3.055889755795352,43.969636774033845,43.969636774033845
2023-08-25,2023-09-07,PUT,4413.905,4260.0,6.1,6.3,6.199999999999999,69,39,13,0.0356164383561643,1.0361279342723004,ITM,17.2,0.0556,0.0014553990610328,8.65573185774258,0.0020318619384372253,2.455731857742581,2.455731857742581,39.60857835068679,39.60857835068679
2023-08-25,2023-09-06,PUT,4413.905,4600.0,179.6,184.7,182.15,2,6,12,0.0328767123287671,0.9595445652173912,OTM,17.2,0.0556,0.0395978260869565,184.56838573201503,0.04012356211565544,2.4183857320150253,2.4183857320150253,1.327689119964329,1.327689119964329
2023-08-25,2023-09-06,PUT,4413.905,4570.0,151.6,153.3,152.45,1,1,12,0.0328767123287671,0.965843544857768,OTM,17.2,0.0556,0.0333588621444201,158.22130158089203,0.03462172901113611,5.771301580892043,5.771301580892043,3.7857012665739873,3.7857012665739873
2023-08-25,2023-09-06,PUT,4413.905,4560.0,141.7,143.7,142.7,4,28,12,0.0328767123287671,0.9679616228070176,OTM,17.2,0.0556,0.0312938596491228,149.73778946061202,0.03283723453083597,7.037789460612032,7.037789460612032,4.9318776878850965,4.9318776878850965
2023-08-25,2023-09-06,PUT,4413.905,4550.0,132.5,134.2,133.35,2,8,12,0.0328767123287671,0.9700890109890108,ATM,17.2,0.0556,0.0293076923076923,141.42393417052836,0.031082183334182056,8.07393417052836,8.07393417052836,6.054693791172374,6.054693791172374
2023-08-25,2023-09-07,PUT,4413.905,4265.0,6.4,6.7,6.550000000000001,37,85,13,0.0356164383561643,1.0349132473622509,ITM,17.2,0.0556,0.0015357561547479,9.311222697424341,0.002183170620732554,2.7612226974243406,2.7612226974243406,42.156071716402145,42.156071716402145
2023-08-25,2023-09-07,PUT,4413.905,4380.0,25.0,25.4,25.2,32,170,13,0.0356164383561643,1.0077408675799089,ATM,17.2,0.0556,0.0057534246575342,38.11234297358192,0.008701448167484456,12.912342973581918,12.912342973581918,51.23945624437269,51.23945624437269
2023-08-25,2023-09-07,PUT,4413.905,4285.0,8.1,8.4,8.25,4,28,13,0.0356164383561643,1.0300828471411902,ITM,17.2,0.0556,0.0019253208868144,12.340104332731471,0.0028798376505791063,4.090104332731471,4.090104332731471,49.57702221492692,49.57702221492692
2023-08-25,2023-09-07,PUT,4413.905,4290.0,8.6,8.9,8.75,106,24,13,0.0356164383561643,1.0288822843822842,ATM,17.2,0.0556,0.002039627039627,13.20662572763365,0.0030784675355789394,4.45662572763365,4.45662572763365,50.932865458670285,50.932865458670285
2023-08-25,2023-09-07,PUT,4413.905,4295.0,9.1,9.4,9.25,21,52,13,0.0356164383561643,1.027684516880093,ATM,17.2,0.0556,0.0021536670547147,14.119877481198046,0.0032875151294989627,4.869877481198046,4.869877481198046,52.64732412105995,52.64732412105995
2023-08-25,2023-09-06,PUT,4413.905,4390.0,26.1,26.5,26.3,53,129,12,0.0328767123287671,1.0054453302961277,ATM,17.2,0.0556,0.0059908883826879,40.23004988648995,0.009164020475282449,13.93004988648995,13.93004988648995,52.965969150151906,52.965969150151906
2023-08-25,2023-09-06,PUT,4413.905,4385.0,24.5,24.8,24.65,76,178,12,0.0328767123287671,1.0065917901938426,ATM,17.2,0.0556,0.0056214367160775,38.19902461109086,0.008711294096029843,13.549024611090864,13.549024611090864,54.965617083532926,54.965617083532926
2023-08-25,2023-09-06,PUT,4413.905,4380.0,23.0,23.3,23.15,80,137,12,0.0328767123287671,1.0077408675799089,ATM,17.2,0.0556,0.0052853881278538,36.23848364236005,0.008273626402365309,13.088483642360053,13.088483642360053,56.53772631689009,56.53772631689009
2023-08-25,2023-09-06,PUT,4413.905,4375.0,21.5,21.9,21.7,62,778,12,0.0328767123287671,1.0088925714285717,ATM,17.2,0.0556,0.00496,34.347808930614974,0.007850927755569137,12.647808930614975,12.647808930614975,58.284833781635825,58.284833781635825
2023-08-25,2023-09-06,PUT,4413.905,4370.0,20.3,20.6,20.450000000000003,81,137,12,0.0328767123287671,1.0100469107551486,ATM,17.2,0.0556,0.0046796338672768,32.52629439292491,0.007443087961767714,12.076294392924908,12.076294392924908,59.052784317481205,59.052784317481205
2023-08-25,2023-09-06,PUT,4413.905,4365.0,19.0,19.3,19.15,48,52,12,0.0328767123287671,1.0112038946162656,ATM,17.2,0.0556,0.0043871706758304,30.77314838293455,0.007049976720030825,11.623148382934552,11.623148382934552,60.695291816890624,60.695291816890624
2023-08-25,2023-09-06,PUT,4413.905,4360.0,17.8,18.1,17.950000000000003,91,121,12,0.0328767123287671,1.0123635321100917,ATM,17.2,0.0556,0.0041169724770642,29.087496488737997,0.006671444148793119,11.137496488737995,11.137496488737995,62.047334199097456,62.047334199097456
2023-08-25,2023-09-06,PUT,4413.905,4355.0,16.7,17.0,16.85,56,42,12,0.0328767123287671,1.0135258323765786,ATM,17.2,0.0556,0.0038691159586681,27.468384642329966,0.0063073213874466055,10.618384642329964,10.618384642329964,63.01711953905022,63.01711953905022
2023-08-25,2023-09-06,PUT,4413.905,4345.0,14.7,14.9,14.8,20,119,12,0.0328767123287671,1.0158584579976984,ATM,17.2,0.0556,0.0034062140391254,24.425587228405675,0.005621539062924206,9.625587228405674,9.625587228405674,65.03775154328157,65.03775154328157
2023-08-25,2023-09-06,PUT,4413.905,4540.0,123.1,125.1,124.1,3,4,12,0.0328767123287671,0.97222577092511,ATM,17.2,0.0556,0.0273348017621145,133.29206102697708,0.029359484807704204,9.192061026977086,9.192061026977086,7.406979070892092,7.406979070892092
2023-08-25,2023-09-07,PUT,4413.905,4355.0,18.6,19.0,18.8,5,13,13,0.0356164383561643,1.0135258323765786,ATM,17.2,0.0556,0.004316877152698,29.237057466364604,0.006713446031312194,10.437057466364603,10.437057466364603,55.51626311896066,55.51626311896066
2023-08-25,2023-09-07,PUT,4413.905,4350.0,17.6,18.0,17.8,44,265,13,0.0356164383561643,1.014690804597701,ATM,17.2,0.0556,0.0040919540229885,27.65560611544288,0.006357610601251237,9.855606115442878,9.855606115442878,55.36857368226335,55.36857368226335
2023-08-25,2023-09-07,PUT,4413.905,4345.0,16.6,16.9,16.75,56,92,13,0.0356164383561643,1.0158584579976984,ATM,17.2,0.0556,0.0038550057537399,26.136543490839586,0.0060153149576155545,9.386543490839586,9.386543490839586,56.03906561695275,56.03906561695275
2023-08-25,2023-09-07,PUT,4413.905,4340.0,15.6,16.0,15.8,60,564,13,0.0356164383561643,1.017028801843318,ATM,17.2,0.0556,0.0036405529953917,24.678819230591444,0.0056863638780164615,8.878819230591443,8.878819230591443,56.19505842146482,56.19505842146482
2023-08-25,2023-09-07,PUT,4413.905,4330.0,13.8,14.2,14.0,18,47,13,0.0356164383561643,1.019377598152425,ATM,17.2,0.0556,0.0032332563510392,21.942891659421548,0.005067642415570796,7.942891659421548,7.942891659421548,56.73494042443963,56.73494042443963
2023-08-25,2023-09-07,PUT,4413.905,4325.0,13.0,13.3,13.15,163,369,13,0.0356164383561643,1.0205560693641618,ATM,17.2,0.0556,0.0030404624277456,20.662305942554895,0.0047774117786254094,7.512305942554894,7.512305942554894,57.12780184452391,57.12780184452391
2023-08-25,2023-09-07,PUT,4413.905,4320.0,12.3,12.6,12.45,103,52,13,0.0356164383561643,1.0217372685185184,ATM,17.2,0.0556,0.0028819444444444,19.438301468023155,0.004499606821301657,6.988301468023156,6.988301468023156,56.13093548612977,56.13093548612977
2023-08-25,2023-09-07,PUT,4413.905,4315.0,11.6,11.9,11.75,24,43,13,0.0356164383561643,1.0229212050984935,ATM,17.2,0.0556,0.0027230590961761,18.269569219352434,0.004233967374125709,6.519569219352434,6.519569219352434,55.4856954838505,55.4856954838505
2023-08-25,2023-09-07,PUT,4413.905,4310.0,10.9,11.2,11.05,40,30,13,0.0356164383561643,1.0241078886310904,ATM,17.2,0.0556,0.0025638051044083,17.15476037766564,0.003980222825444464,6.104760377665638,6.104760377665638,55.24670025036776,55.24670025036776
2023-08-25,2023-09-07,PUT,4413.905,4305.0,10.3,10.5,10.4,11,70,13,0.0356164383561643,1.0252973286875726,ATM,17.2,0.0556,0.0024157955865272,16.092490516295697,0.0037380930351441806,5.692490516295697,5.692490516295697,54.73548573361247,54.73548573361247
2023-08-25,2023-09-07,PUT,4413.905,4300.0,9.7,10.0,9.85,21,170,13,0.0356164383561643,1.0264895348837209,ATM,17.2,0.0556,0.0022906976744186,15.08134384493735,0.0035072892662645003,5.231343844937351,5.231343844937351,53.110089796318285,53.110089796318285
2023-08-25,2023-09-08,PUT,4413.905,4290.0,10.1,10.3,10.2,3042,286,14,0.0383561643835616,1.0288822843822842,ATM,17.2,0.0556,0.0023776223776223,14.47523794711367,0.0033741813396535357,4.27523794711367,4.27523794711367,41.91409752072226,41.91409752072226
2023-08-25,2023-09-08,PUT,4413.905,4300.0,11.3,11.5,11.4,547,3060,14,0.0383561643835616,1.0264895348837209,ATM,17.2,0.0556,0.0026511627906976,16.428352384851337,0.003820547066244497,5.0283523848513365,5.0283523848513365,44.1083542530819,44.1083542530819
2023-08-25,2023-09-08,PUT,4413.905,4305.0,11.9,12.2,12.05,111,107,14,0.0383561643835616,1.0252973286875726,ATM,17.2,0.0556,0.0027990708478513,17.47771305011156,0.004059863658562499,5.42771305011156,5.42771305011156,45.04326182665194,45.04326182665194
2023-08-25,2023-09-08,PUT,4413.905,4310.0,12.6,12.8,12.7,723,2382,14,0.0383561643835616,1.0241078886310904,ATM,17.2,0.0556,0.0029466357308584,18.577378926512324,0.004310296734689635,5.877378926512325,5.877378926512325,46.2785742245065,46.2785742245065
2023-08-25,2023-09-08,PUT,4413.905,4160.0,2.95,3.1,3.0250000000000004,75,511,14,0.0383561643835616,1.0610348557692306,ITM,17.2,0.0556,0.0007271634615384,1.9466740174452184,0.00046795048496279287,-1.078325982554782,1.078325982554782,-35.64713991916634,35.64713991916634
2023-08-25,2023-09-08,PUT,4413.905,4150.0,2.75,2.9,2.825,214,997,14,0.0383561643835616,1.06359156626506,ITM,17.2,0.0556,0.0006807228915662,1.618922383213686,0.0003901017790876352,-1.206077616786314,1.206077616786314,-42.693012983586335,42.693012983586335
2023-08-25,2023-09-08,PUT,4413.905,4140.0,2.6,2.7,2.6500000000000004,69,190,14,0.0383561643835616,1.0661606280193237,ITM,17.2,0.0556,0.0006400966183574,1.340166751738721,0.00032371177578229975,-1.3098332482612793,1.3098332482612793,-49.42766974570865,49.42766974570865
2023-08-25,2023-09-08,PUT,4413.905,4130.0,2.4,2.55,2.475,34,258,14,0.0383561643835616,1.068742130750605,ITM,17.2,0.0556,0.0005992736077481,1.1042437676743049,0.0002673713723182336,-1.3707562323256952,1.3707562323256952,-55.38409019497758,55.38409019497758
2023-08-25,2023-09-08,PUT,4413.905,4125.0,2.35,2.45,2.4000000000000004,58,594,14,0.0383561643835616,1.0700375757575755,ITM,17.2,0.0556,0.0005818181818181,1.0005751150443132,0.00024256366425316682,-1.3994248849556872,1.3994248849556872,-58.30937020648695,58.30937020648695
2023-08-25,2023-09-08,PUT,4413.905,4120.0,2.25,2.4,2.325,24,158,14,0.0383561643835616,1.0713361650485436,ITM,17.2,0.0556,0.0005643203883495,0.9055612129998991,0.00021979641092230562,-1.419438787000101,1.419438787000101,-61.05113062366026,61.05113062366026
2023-08-25,2023-09-08,PUT,4413.905,4110.0,2.15,2.25,2.2,3,249,14,0.0383561643835616,1.073942822384428,ITM,17.2,0.0556,0.0005352798053527,0.7390791893185238,0.0001798246202721469,-1.4609208106814764,1.4609208106814764,-66.40549139461257,66.40549139461257
2023-08-25,2023-09-08,PUT,4413.905,4100.0,2.0,2.15,2.075,70,502,14,0.0383561643835616,1.076562195121951,ITM,17.2,0.0556,0.0005060975609756,0.6002858887058196,0.00014641119236727306,-1.4747141112941806,1.4747141112941806,-71.07055958044243,71.07055958044243
2023-08-25,2023-09-08,PUT,4413.905,4155.0,2.85,3.0,2.925,411,37,14,0.0383561643835616,1.0623116726835138,ITM,17.2,0.0556,0.0007039711191335,1.776265794774929,0.00042750079296628853,-1.1487342052250709,1.1487342052250709,-39.27296428119901,39.27296428119901
2023-08-25,2023-09-08,PUT,4413.905,4165.0,3.1,3.2,3.1500000000000004,3,27,14,0.0383561643835616,1.0597611044417767,ITM,17.2,0.0556,0.0007563025210084,2.1310087295821916,0.0005116467538012465,-1.0189912704178088,1.0189912704178088,-32.34892921961297,32.34892921961297
2023-08-25,2023-09-08,PUT,4413.905,4200.0,4.1,4.3,4.199999999999999,816,1134,14,0.0383561643835616,1.050929761904762,ITM,17.2,0.0556,0.0009999999999999,3.891363980867766,0.0009265152335399443,-0.3086360191322335,0.3086360191322335,-7.348476646005561,7.348476646005561
2023-08-25,2023-09-08,PUT,4413.905,4275.0,8.6,8.8,8.7,951,1382,14,0.0383561643835616,1.032492397660819,ITM,17.2,0.0556,0.0020350877192982,11.889133917788286,0.0027810839573773768,3.1891339177882863,3.1891339177882863,36.65671169871594,36.65671169871594
2023-08-25,2023-09-08,PUT,4413.905,4270.0,8.2,8.4,8.3,88,409,14,0.0383561643835616,1.0337014051522249,ITM,17.2,0.0556,0.001943793911007,11.113160634624933,0.0026026137317622794,2.813160634624932,2.813160634624932,33.893501621987134,33.893501621987134
2023-08-25,2023-09-08,PUT,4413.905,4265.0,7.8,8.0,7.9,57,179,14,0.0383561643835616,1.0349132473622509,ITM,17.2,0.0556,0.0018522860492379,10.377876534562347,0.002433265307048616,2.4778765345623466,2.4778765345623466,31.365525753953754,31.365525753953754
2023-08-25,2023-09-08,PUT,4413.905,4260.0,7.4,7.6,7.5,786,3898,14,0.0383561643835616,1.0361279342723004,ITM,17.2,0.0556,0.0017605633802816,9.681871651233905,0.002272739824233311,2.181871651233905,2.181871651233905,29.091622016452067,29.091622016452067
2023-08-25,2023-09-08,PUT,4413.905,4255.0,7.0,7.2,7.1,47,136,14,0.0383561643835616,1.0373454759106933,ITM,17.2,0.0556,0.001668625146886,9.02373739552388,0.0021207373432488557,1.9237373955238812,1.9237373955238812,27.094892894702554,27.094892894702554
2023-08-25,2023-09-08,PUT,4413.905,4250.0,6.6,6.8,6.699999999999999,537,992,14,0.0383561643835616,1.0385658823529411,ITM,17.2,0.0556,0.0015764705882352,8.402069811428987,0.0019769576026891734,1.7020698114289878,1.7020698114289878,25.40402703625355,25.40402703625355
2023-08-25,2023-09-08,PUT,4413.905,4245.0,6.3,6.5,6.4,20,86,14,0.0383561643835616,1.0397891637220258,ITM,17.2,0.0556,0.0015076560659599,7.815472713461645,0.0018411007569992097,1.4154727134616447,1.4154727134616447,22.116761147838197,22.116761147838197
2023-08-25,2023-09-08,PUT,4413.905,4240.0,6.0,6.2,6.1,109,287,14,0.0383561643835616,1.041015330188679,ITM,17.2,0.0556,0.001438679245283,7.262560694451963,0.0017128680883141422,1.1625606944519635,1.1625606944519635,19.058372040196122,19.058372040196122
2023-08-25,2023-09-08,PUT,4413.905,4235.0,5.7,5.9,5.800000000000001,23,59,14,0.0383561643835616,1.0422443919716646,ITM,17.2,0.0556,0.0013695395513577,6.741961993652126,0.0015919626903546933,0.9419619936521251,0.9419619936521251,16.240724028484912,16.240724028484912
2023-08-25,2023-09-08,PUT,4413.905,4205.0,4.3,4.5,4.4,5,107,14,0.0383561643835616,1.049680142687277,ITM,17.2,0.0556,0.0010463733650416,4.2225020337934325,0.0010041621959080696,-0.17749796620656788,0.17749796620656788,-4.034044686512906,4.034044686512906
2023-08-25,2023-09-08,PUT,4413.905,4170.0,3.2,3.4,3.3,178,222,14,0.0383561643835616,1.0584904076738608,ITM,17.2,0.0556,0.0007913669064748,2.330168432565472,0.0005587933891044297,-0.9698315674345279,0.9698315674345279,-29.38883537680388,29.38883537680388
2023-08-25,2023-09-08,PUT,4413.905,4175.0,3.3,3.5,3.4,200,1063,14,0.0383561643835616,1.057222754491018,ITM,17.2,0.0556,0.000814371257485,2.545088401381662,0.0006096020123069849,-0.854911598618338,0.854911598618338,-25.144458782892293,25.144458782892293
2023-08-25,2023-09-08,PUT,4413.905,4180.0,3.4,3.6,3.5,109,1964,14,0.0383561643835616,1.0559581339712918,ITM,17.2,0.0556,0.0008373205741626,2.776740492373307,0.0006642919838213652,-0.7232595076266932,0.7232595076266932,-20.664557360762664,20.664557360762664
2023-08-25,2023-09-01,PUT,4413.905,4375.0,16.0,16.2,16.1,1010,2300,7,0.0191780821917808,1.0088925714285717,ATM,17.2,0.0556,0.00368,23.519129687685563,0.005375801071470986,7.419129687685562,7.419129687685562,46.081550855189825,46.081550855189825
2023-08-25,2023-09-01,PUT,4413.905,4370.0,14.7,14.9,14.8,1882,643,7,0.0191780821917808,1.0100469107551486,ATM,17.2,0.0556,0.0033867276887871,21.85018726302701,0.005000042851951261,7.050187263027009,7.050187263027009,47.63640042585816,47.63640042585816
2023-08-25,2023-09-01,PUT,4413.905,4365.0,13.5,13.7,13.6,944,681,7,0.0191780821917808,1.0112038946162656,ATM,17.2,0.0556,0.0031156930126002,20.267628993068,0.004643213973211455,6.667628993068002,6.667628993068002,49.02668377255883,49.02668377255883
2023-08-25,2023-09-01,PUT,4413.905,4360.0,12.4,12.6,12.5,1506,1808,7,0.0191780821917808,1.0123635321100917,ATM,17.2,0.0556,0.0028669724770642,18.76959606328046,0.0043049532255230415,6.26959606328046,6.26959606328046,50.15676850624368,50.15676850624368
2023-08-25,2023-09-01,PUT,4413.905,4415.0,30.1,30.4,30.25,383,291,7,0.0191780821917808,0.9997519818799546,ATM,17.2,0.0556,0.0068516421291053,40.14492749813371,0.009092848810449312,9.894927498133711,9.894927498133711,32.710504126061856,32.710504126061856
2023-08-25,2023-09-01,PUT,4413.905,4420.0,32.4,32.7,32.55,1176,702,7,0.0191780821917808,0.9986210407239818,ATM,17.2,0.0556,0.0073642533936651,42.644895293287846,0.009648166355947476,10.094895293287848,10.094895293287848,31.013503205185405,31.013503205185405
2023-08-25,2023-09-01,PUT,4413.905,4465.0,58.5,60.3,59.4,7,225,7,0.0191780821917808,0.9885565509518476,ATM,17.2,0.0556,0.0133034714445688,69.31919096178854,0.01552501477307694,9.919190961788537,9.919190961788537,16.698974683145686,16.698974683145686
2023-08-25,2023-09-01,PUT,4413.905,4460.0,54.9,56.1,55.5,127,1205,7,0.0191780821917808,0.989664798206278,ATM,17.2,0.0556,0.0124439461883408,65.99657670078886,0.01479743872214997,10.496576700788864,10.496576700788864,18.912750812232186,18.912750812232186
2023-08-25,2023-09-01,PUT,4413.905,4455.0,51.7,52.6,52.150000000000006,38,254,7,0.0191780821917808,0.9907755331088663,ATM,17.2,0.0556,0.011705948372615,62.7604069125091,0.014087633425927969,10.610406912509092,10.610406912509092,20.345938470774865,20.345938470774865
2023-08-25,2023-09-01,PUT,4413.905,4450.0,48.9,49.2,49.05,2415,2643,7,0.0191780821917808,0.9918887640449436,ATM,17.2,0.0556,0.0110224719101123,59.61233952544853,0.013396031354033378,10.562339525448536,10.562339525448536,21.53382166248427,21.53382166248427
2023-08-25,2023-09-01,PUT,4413.905,4445.0,45.7,46.3,46.0,13,541,7,0.0191780821917808,0.9930044994375704,ATM,17.2,0.0556,0.0103487064116985,56.553867005125994,0.01272302969744117,10.553867005125994,10.553867005125994,22.943189141578248,22.943189141578248
2023-08-25,2023-09-01,PUT,4413.905,4440.0,42.9,43.2,43.05,87,488,7,0.0191780821917808,0.9941227477477476,ATM,17.2,0.0556,0.0096959459459459,53.586306261956906,0.01206898789683714,10.53630626195691,10.53630626195691,24.474579005707106,24.474579005707106
2023-08-25,2023-09-01,PUT,4413.905,4435.0,40.1,40.4,40.25,42,190,7,0.0191780821917808,0.9952435174746336,ATM,17.2,0.0556,0.009075535512965,50.710789535112326,0.011434225374320706,10.460789535112326,10.460789535112326,25.989539217670377,25.989539217670377
2023-08-25,2023-09-01,PUT,4413.905,4430.0,37.3,37.7,37.5,568,528,7,0.0191780821917808,0.996366817155756,ATM,17.2,0.0556,0.0084650112866817,47.928256355694884,0.01081901949338485,10.428256355694884,10.428256355694884,27.808683615186357,27.808683615186357
2023-08-25,2023-09-01,PUT,4413.905,4425.0,34.9,35.1,35.0,211,2043,7,0.0191780821917808,0.9974926553672316,ATM,17.2,0.0556,0.007909604519774,45.23944668262857,0.010223603770085552,10.239446682628568,10.239446682628568,29.255561950367337,29.255561950367337
2023-08-25,2023-09-06,PUT,4413.905,4265.0,5.2,5.4,5.300000000000001,7,39,12,0.0328767123287671,1.0349132473622509,ITM,17.2,0.0556,0.001242672919109,8.244153547558426,0.001932978557458013,2.9441535475584253,2.9441535475584253,55.55006693506462,55.55006693506462
2023-08-25,2023-09-06,PUT,4413.905,4270.0,5.6,5.8,5.699999999999999,9,85,12,0.0328767123287671,1.0337014051522249,ITM,17.2,0.0556,0.0013348946135831,8.894913219296654,0.0020831178499523782,3.194913219296655,3.194913219296655,56.05110911046764,56.05110911046764
2023-08-25,2023-09-06,PUT,4413.905,4275.0,5.9,6.1,6.0,2,43,12,0.0328767123287671,1.032492397660819,ITM,17.2,0.0556,0.0014035087719298,9.58623485214946,0.002242394117461862,3.5862348521494596,3.5862348521494596,59.77058086915766,59.77058086915766
2023-08-25,2023-09-08,PUT,4413.905,4195.0,3.9,4.1,4.0,14,39,14,0.0383561643835616,1.052182359952324,ITM,17.2,0.0556,0.000953516090584,3.582348500540604,0.0008539567343362585,-0.41765149945939584,0.41765149945939584,-10.441287486484896,10.441287486484896
2023-08-25,2023-09-08,PUT,4413.905,4190.0,3.8,4.0,3.9,91,212,14,0.0383561643835616,1.0534379474940334,ITM,17.2,0.0556,0.0009307875894988,3.29430916464338,0.0007862313042108305,-0.6056908353566199,0.6056908353566199,-15.530534239913333,15.530534239913333
2023-08-25,2023-09-08,PUT,4413.905,4185.0,3.6,3.8,3.7,31,70,14,0.0383561643835616,1.0546965352449222,ITM,17.2,0.0556,0.0008841099163679,3.0261328012003332,0.000723090275077738,-0.6738671987996669,0.6738671987996669,-18.21262699458559,18.21262699458559
2023-08-25,2023-09-08,PUT,4413.905,4230.0,5.4,5.7,5.550000000000001,44,468,14,0.0383561643835616,1.0434763593380614,ITM,17.2,0.0556,0.0013120567375886,6.252321216201665,0.0014780901220334906,0.7023212162016641,0.7023212162016641,12.65443632795791,12.65443632795791
2023-08-25,2023-09-05,PUT,4413.905,4310.0,7.4,7.7,7.550000000000001,222,446,11,0.0301369863013698,1.0241078886310904,ATM,17.2,0.0556,0.0017517401392111,14.208593989513929,0.003296657538170285,6.658593989513928,6.658593989513928,88.19329787435666,88.19329787435666
2023-08-25,2023-09-08,PUT,4413.905,4225.0,5.2,5.4,5.300000000000001,144,2091,14,0.0383561643835616,1.0447112426035503,ITM,17.2,0.0556,0.0012544378698224,5.792301896161462,0.001370959028677269,0.4923018961614609,0.4923018961614609,9.288715021914356,9.288715021914356
2023-08-25,2023-09-08,PUT,4413.905,4215.0,4.7,4.9,4.800000000000001,237,57,14,0.0383561643835616,1.0471897983392644,ITM,17.2,0.0556,0.0011387900355871,4.955890640677637,0.0011757747664715627,0.15589064067763658,0.15589064067763658,3.247721680784095,3.247721680784095
2023-08-25,2023-09-08,PUT,4413.905,4435.0,48.5,48.9,48.7,123,115,14,0.0383561643835616,0.9952435174746336,ATM,17.2,0.0556,0.0109808342728297,65.39755880898429,0.014745785526264777,16.697558808984283,16.697558808984283,34.286568396271626,34.286568396271626
2023-08-25,2023-09-08,PUT,4413.905,4465.0,64.9,66.4,65.65,5,199,14,0.0383561643835616,0.9885565509518476,ATM,17.2,0.0556,0.0147032474804031,82.67890062086781,0.018517111001314177,17.0289006208678,17.0289006208678,25.938919452959333,25.938919452959333
2023-08-25,2023-09-08,PUT,4413.905,4515.0,101.4,103.7,102.55,1,102,14,0.0383561643835616,0.9776090808416388,ATM,17.2,0.0556,0.0227131782945736,116.44583782458722,0.02579088323911123,13.895837824587218,13.895837824587218,13.550305045916351,13.550305045916351
2023-08-25,2023-09-08,PUT,4413.905,4510.0,97.4,99.4,98.4,2,188,14,0.0383561643835616,0.9786929046563192,ATM,17.2,0.0556,0.0218181818181818,112.80938546532298,0.02501316750894079,14.40938546532297,14.40938546532297,14.643684415978628,14.643684415978628
2023-08-25,2023-09-08,PUT,4413.905,4505.0,93.1,95.2,94.15,1,25,14,0.0383561643835616,0.9797791342952274,ATM,17.2,0.0556,0.0208990011098779,109.2278803065119,0.02424592237658422,15.0778803065119,15.0778803065119,16.014742757845884,16.014742757845884
2023-08-25,2023-09-08,PUT,4413.905,4500.0,89.5,91.0,90.25,31,1859,14,0.0383561643835616,0.9808677777777776,ATM,17.2,0.0556,0.0200555555555555,105.7024372396454,0.023489430497698978,15.452437239645405,15.452437239645405,17.12181411595059,17.12181411595059
2023-08-25,2023-09-08,PUT,4413.905,4495.0,85.5,87.4,86.45,1,69,14,0.0383561643835616,0.9819588431590656,ATM,17.2,0.0556,0.0192324805339265,102.23413296744229,0.02274396728975357,15.78413296744229,15.78413296744229,18.25810638223515,18.25810638223515
2023-08-25,2023-09-08,PUT,4413.905,4485.0,78.2,80.0,79.1,5,415,14,0.0383561643835616,0.9841482720178372,ATM,17.2,0.0556,0.0176365663322185,95.47303721966682,0.02128718778587889,16.373037219666827,16.373037219666827,20.69916209818815,20.69916209818815
2023-08-25,2023-09-08,PUT,4413.905,4480.0,74.8,76.3,75.55,7,694,14,0.0383561643835616,0.9852466517857142,ATM,17.2,0.0556,0.0168638392857142,92.18217925296767,0.020576379297537428,16.632179252967674,16.632179252967674,22.01479715813061,22.01479715813061
2023-08-25,2023-09-08,PUT,4413.905,4415.0,39.4,39.8,39.6,145,285,14,0.0383561643835616,0.9997519818799546,ATM,17.2,0.0556,0.008969422423556,55.19584237146819,0.012501889551861425,15.595842371468187,15.595842371468187,39.383440331990364,39.383440331990364
2023-08-25,2023-09-08,PUT,4413.905,4475.0,71.2,72.9,72.05000000000001,10,326,14,0.0383561643835616,0.9863474860335196,ATM,17.2,0.0556,0.0161005586592178,88.95232096093332,0.019877613622554934,16.90232096093331,16.90232096093331,23.45915469942166,23.45915469942166
2023-08-25,2023-09-08,PUT,4413.905,4410.0,37.4,37.8,37.6,513,682,14,0.0383561643835616,1.0008854875283446,ATM,17.2,0.0556,0.0085260770975056,52.81240856909585,0.011975602850135113,15.21240856909585,15.21240856909585,40.4585334284464,40.4585334284464
2023-08-25,2023-09-08,PUT,4413.905,4405.0,35.5,35.8,35.65,262,328,14,0.0383561643835616,1.0020215664018162,ATM,17.2,0.0556,0.0080930760499432,50.49578597194659,0.011463288529386285,14.84578597194659,14.84578597194659,41.6431584065823,41.6431584065823
2023-08-25,2023-09-08,PUT,4413.905,4345.0,18.5,18.8,18.65,273,136,14,0.0383561643835616,1.0158584579976984,ATM,17.2,0.0556,0.0042922899884925,27.787929081890525,0.006395380686280904,9.137929081890526,9.137929081890526,48.996938776892904,48.996938776892904
2023-08-25,2023-09-08,PUT,4413.905,4340.0,17.5,17.8,17.65,579,2030,14,0.0383561643835616,1.017028801843318,ATM,17.2,0.0556,0.0040668202764976,26.301879032308534,0.006060340790854501,8.651879032308535,8.651879032308535,49.019144658971875,49.019144658971875
2023-08-25,2023-09-08,PUT,4413.905,4335.0,16.6,16.8,16.700000000000003,511,295,14,0.0383561643835616,1.01820184544406,ATM,17.2,0.0556,0.0038523644752018,24.87441721602113,0.005738043187086765,8.174417216021126,8.174417216021126,48.948606083958836,48.948606083958836
2023-08-25,2023-09-08,PUT,4413.905,4330.0,15.7,15.9,15.8,1076,526,14,0.0383561643835616,1.019377598152425,ATM,17.2,0.0556,0.00364896073903,23.504488524603403,0.005428288342864527,7.704488524603402,7.704488524603402,48.762585598755706,48.762585598755706
2023-08-25,2023-09-08,PUT,4413.905,4325.0,14.8,15.1,14.95,1252,1170,14,0.0383561643835616,1.0205560693641618,ATM,17.2,0.0556,0.0034566473988439,22.19098944570578,0.0051308646117238805,7.240989445705782,7.240989445705782,48.43471201140992,48.43471201140992
2023-08-25,2023-09-08,PUT,4413.905,4320.0,14.0,14.3,14.15,282,339,14,0.0383561643835616,1.0217372685185184,ATM,17.2,0.0556,0.0032754629629629,20.932771371997433,0.004845548928703109,6.782771371997432,6.782771371997432,47.93478001411613,47.93478001411613
2023-08-25,2023-09-08,PUT,4413.905,4315.0,13.3,13.5,13.4,1224,152,14,0.0383561643835616,1.0229212050984935,ATM,17.2,0.0556,0.0031054461181923,19.728644017853753,0.004572107536003187,6.328644017853753,6.328644017853753,47.22868670040114,47.22868670040114
2023-08-25,2023-09-08,PUT,4413.905,4470.0,67.8,69.7,68.75,2,1652,14,0.0383561643835616,0.9874507829977628,ATM,17.2,0.0556,0.0153803131991051,85.7843007678116,0.019191118740002594,17.0343007678116,17.0343007678116,24.77716475318051,24.77716475318051
2023-08-25,2023-09-08,PUT,4413.905,4420.0,41.6,41.9,41.75,159,297,14,0.0383561643835616,0.9986210407239818,ATM,17.2,0.0556,0.009445701357466,57.64613738368553,0.013042112530245594,15.896137383685527,15.896137383685527,38.07458055972582,38.07458055972582
2023-08-25,2023-09-08,PUT,4413.905,4425.0,43.8,44.1,43.95,617,1598,14,0.0383561643835616,0.9974926553672316,ATM,17.2,0.0556,0.0099322033898305,60.163268062267434,0.013596218771133883,16.21326806226743,16.21326806226743,36.89025725203056,36.89025725203056
2023-08-25,2023-09-08,PUT,4413.905,4430.0,46.1,46.5,46.3,310,449,14,0.0383561643835616,0.996366817155756,ATM,17.2,0.0556,0.010451467268623,62.747133657821905,0.014164138523210362,16.447133657821908,16.447133657821908,35.52296686354624,35.52296686354624
2023-08-25,2023-09-08,PUT,4413.905,4210.0,4.5,4.7,4.6,270,195,14,0.0383561643835616,1.0484334916864608,ITM,17.2,0.0556,0.0010926365795724,4.576941171395106,0.0010871594231342293,-0.023058828604893833,0.023058828604893833,-0.5012788827150834,0.5012788827150834
2023-08-25,2023-09-08,PUT,4413.905,4090.0,1.9,2.05,1.975,5,264,14,0.0383561643835616,1.0791943765281171,ITM,17.2,0.0556,0.0004828850855745,0.48516906946071003,0.00011862324436692176,-1.48983093053929,1.48983093053929,-75.43447749566025,75.43447749566025
2023-08-25,2023-09-08,PUT,4413.905,4080.0,1.8,1.95,1.875,131,142,14,0.0383561643835616,1.0818394607843136,ITM,17.2,0.0556,0.0004595588235294,0.39018431778227125,9.563341122114492e-05,-1.4848156822177287,1.4848156822177287,-79.19016971827887,79.19016971827887
2023-08-25,2023-09-08,PUT,4413.905,4075.0,1.8,1.9,1.85,67,192,14,0.0383561643835616,1.083166871165644,ITM,17.2,0.0556,0.0004539877300613,0.3492534386129087,8.570636530378128e-05,-1.5007465613870914,1.5007465613870914,-81.12143575065359,81.12143575065359
2023-08-25,2023-09-07,PUT,4413.905,4505.0,92.5,94.4,93.45,6,6,13,0.0356164383561643,0.9797791342952274,ATM,17.2,0.0556,0.0207436182019977,107.8525580873602,0.023940634425607146,14.402558087360191,14.402558087360191,15.41204717748549,15.41204717748549
2023-08-25,2023-09-07,PUT,4413.905,4440.0,49.2,49.6,49.400000000000006,2,97,13,0.0356164383561643,0.9941227477477476,ATM,17.2,0.0556,0.0111261261261261,66.34033713678491,0.014941517373149754,16.940337136784905,16.940337136784905,34.292180438835835,34.292180438835835
2023-08-25,2023-09-08,PUT,4413.905,4280.0,9.1,9.3,9.2,346,295,14,0.0383561643835616,1.0312862149532709,ITM,17.2,0.0556,0.0021495327102803,12.707204365582015,0.0029689729826126205,3.507204365582016,3.507204365582016,38.12178658241322,38.12178658241322
2023-08-25,2023-09-08,PUT,4413.905,4070.0,1.75,1.85,1.8,1,693,14,0.0383561643835616,1.084497542997543,ITM,17.2,0.0556,0.0004422604422604,0.3122211149022327,7.671280464428322e-05,-1.4877788850977673,1.4877788850977673,-82.65438250543153,82.65438250543153
2023-08-25,2023-09-08,PUT,4413.905,4060.0,1.65,1.75,1.7,5,86,14,0.0383561643835616,1.087168719211823,ITM,17.2,0.0556,0.0004187192118226,0.24856764671144305,6.12235583033111e-05,-1.451432353288557,1.451432353288557,-85.3783737228563,85.3783737228563
2023-08-25,2023-09-08,PUT,4413.905,4050.0,1.6,1.7,1.65,91,622,14,0.0383561643835616,1.089853086419753,ITM,17.2,0.0556,0.0004074074074074,0.19687519477352922,4.8611159203340546e-05,-1.4531248052264707,1.4531248052264707,-88.06817001372549,88.06817001372549
2023-08-25,2023-09-08,PUT,4413.905,4030.0,1.45,1.55,1.5,7,140,14,0.0383561643835616,1.095261786600496,ITM,17.2,0.0556,0.0003722084367245,0.12158308901251047,3.0169500995660165e-05,-1.3784169109874895,1.3784169109874895,-91.8944607324993,91.8944607324993
2023-08-25,2023-09-08,PUT,4413.905,4025.0,1.4,1.5,1.45,4,100,14,0.0383561643835616,1.096622360248447,ITM,17.2,0.0556,0.0003602484472049,0.10742519276581675,2.6689488885917204e-05,-1.3425748072341832,1.3425748072341832,-92.59136601615057,92.59136601615057
2023-08-25,2023-09-08,PUT,4413.905,4020.0,1.4,1.5,1.45,3,196,14,0.0383561643835616,1.09798631840796,ITM,17.2,0.0556,0.0003606965174129,0.09478894398423243,2.3579339299560306e-05,-1.3552110560157675,1.3552110560157675,-93.46283144936328,93.46283144936328
2023-08-25,2023-09-07,PUT,4413.905,4425.0,41.8,42.2,42.0,11,7,13,0.0356164383561643,0.9974926553672316,ATM,17.2,0.0556,0.0094915254237288,58.35003129075949,0.013186447749324178,16.35003129075949,16.35003129075949,38.92864593037974,38.92864593037974
2023-08-25,2023-09-08,PUT,4413.905,4285.0,9.6,9.8,9.7,59,500,14,0.0383561643835616,1.0300828471411902,ITM,17.2,0.0556,0.0022637106184364,13.5687745195454,0.0031665751504189963,3.8687745195454006,3.8687745195454006,39.88427339737527,39.88427339737527
2023-08-25,2023-09-08,PUT,4413.905,4295.0,10.7,10.9,10.8,314,171,14,0.0383561643835616,1.027684516880093,ATM,17.2,0.0556,0.0025145518044237,15.427975643445848,0.0035920781474844815,4.627975643445847,4.627975643445847,42.851626328202286,42.851626328202286
2023-08-25,2023-09-08,PUT,4413.905,4455.0,59.3,59.7,59.5,46,110,14,0.0383561643835616,0.9907755331088663,ATM,17.2,0.0556,0.0133557800224466,76.65879010344634,0.017207360292580548,17.158790103446336,17.158790103446336,28.838302694867792,28.838302694867792
2023-08-25,2023-09-08,PUT,4413.905,4450.0,56.5,56.8,56.65,177,3405,14,0.0383561643835616,0.9918887640449436,ATM,17.2,0.0556,0.0127303370786516,73.74533814233246,0.01657198609940055,17.09533814233246,17.09533814233246,30.177119403940793,30.177119403940793
2023-08-25,2023-09-08,PUT,4413.905,4445.0,53.6,54.2,53.900000000000006,35,198,14,0.0383561643835616,0.9930044994375704,ATM,17.2,0.0556,0.0121259842519685,70.89701855954672,0.015949835446467206,16.997018559546717,16.997018559546717,31.534357253333425,31.534357253333425
2023-08-25,2023-09-08,PUT,4413.905,4440.0,51.1,51.4,51.25,178,223,14,0.0383561643835616,0.9941227477477476,ATM,17.2,0.0556,0.0115427927927927,68.11429438338746,0.015341057293555733,16.86429438338746,16.86429438338746,32.90594026026822,32.90594026026822
2023-08-25,2023-09-08,PUT,4413.905,4460.0,62.2,62.8,62.5,56,224,14,0.0383561643835616,0.989664798206278,ATM,17.2,0.0556,0.0140134529147982,79.63684333720403,0.017855794470225117,17.136843337204027,17.136843337204027,27.418949339526442,27.418949339526442
2023-08-25,2023-09-08,PUT,4413.905,4220.0,4.9,5.1,5.0,194,253,14,0.0383561643835616,1.0459490521327013,ITM,17.2,0.0556,0.0011848341232227,5.360588896509967,0.0012702817290307978,0.3605888965099666,0.3605888965099666,7.211777930199332,7.211777930199332
2023-08-25,2023-09-05,PUT,4413.905,4315.0,8.0,8.3,8.15,40,129,11,0.0301369863013698,1.0229212050984935,ATM,17.2,0.0556,0.0018887601390498,15.238085820147262,0.00353142197454166,7.088085820147262,7.088085820147262,86.97037816131609,86.97037816131609
2023-08-25,2023-09-05,PUT,4413.905,4320.0,8.6,8.9,8.75,147,108,11,0.0301369863013698,1.0217372685185184,ATM,17.2,0.0556,0.0020254629629629,16.323683520282657,0.0037786304445098745,7.573683520282657,7.573683520282657,86.55638308894466,86.55638308894466
2023-08-25,2023-09-05,PUT,4413.905,4325.0,9.3,9.6,9.45,207,844,11,0.0301369863013698,1.0205560693641618,ATM,17.2,0.0556,0.0021849710982658,17.46704473170496,0.0040386230593537475,8.01704473170496,8.01704473170496,84.83645218735408,84.83645218735408
2023-08-25,2023-09-11,PUT,4413.905,4360.0,24.1,24.4,24.25,11,23,17,0.0465753424657534,1.0123635321100917,ATM,17.2,0.0556,0.0055619266055045,37.428706139101905,0.008584565628234382,13.178706139101905,13.178706139101905,54.3451799550594,54.3451799550594
2023-08-25,2023-09-11,PUT,4413.905,4355.0,22.9,23.2,23.05,4,7,17,0.0465753424657534,1.0135258323765786,ATM,17.2,0.0556,0.0052927669345579,35.70598648155783,0.008198848790254381,12.655986481557829,12.655986481557829,54.90666586359145,54.90666586359145
2023-08-25,2023-09-11,PUT,4413.905,4350.0,21.7,22.1,21.9,265,699,17,0.0465753424657534,1.014690804597701,ATM,17.2,0.0556,0.0050344827586206,34.03976524586756,0.007825233389854611,12.139765245867558,12.139765245867558,55.432718017660086,55.432718017660086
2023-08-25,2023-09-11,PUT,4413.905,4345.0,20.7,21.0,20.85,8,41,17,0.0465753424657534,1.0158584579976984,ATM,17.2,0.0556,0.0047986191024165,32.42936213074972,0.007463604633083941,11.579362130749722,11.579362130749722,55.536509020382354,55.536509020382354
2023-08-25,2023-09-11,PUT,4413.905,4340.0,19.6,20.0,19.8,20,983,17,0.0465753424657534,1.017028801843318,ATM,17.2,0.0556,0.0045622119815668,30.874051386259453,0.007113836724944574,11.074051386259452,11.074051386259452,55.92955245585582,55.92955245585582
2023-08-25,2023-09-11,PUT,4413.905,4335.0,18.7,19.0,18.85,31,130,17,0.0465753424657534,1.01820184544406,ATM,17.2,0.0556,0.0043483275663206,29.373063625691657,0.006775793223919644,10.523063625691655,10.523063625691655,55.8252712238284,55.8252712238284
2023-08-25,2023-09-11,PUT,4413.905,4330.0,17.7,18.0,17.85,6,323,17,0.0465753424657534,1.019377598152425,ATM,17.2,0.0556,0.004122401847575,27.92558774664053,0.006449327424166405,10.07558774664053,10.07558774664053,56.445869729078595,56.445869729078595
2023-08-25,2023-09-11,PUT,4413.905,4325.0,16.8,17.2,17.0,12,660,17,0.0465753424657534,1.0205560693641618,ATM,17.2,0.0556,0.0039306358381502,26.530772953130736,0.00613428276372965,9.530772953130736,9.530772953130736,56.06337031253374,56.06337031253374
2023-08-25,2023-09-11,PUT,4413.905,4320.0,16.0,16.3,16.15,1,50,17,0.0465753424657534,1.0217372685185184,ATM,17.2,0.0556,0.0037384259259259,25.18773087029399,0.005830493257012498,9.037730870293991,9.037730870293991,55.96118185940552,55.96118185940552
2023-08-25,2023-09-11,PUT,4413.905,4290.0,11.8,12.1,11.95,247,40,17,0.0465753424657534,1.0288822843822842,ATM,17.2,0.0556,0.0027855477855477,18.162789813023323,0.0042337505391662755,6.212789813023324,6.212789813023324,51.989872912329076,51.989872912329076
2023-08-25,2023-09-11,PUT,4413.905,4315.0,15.2,15.5,15.35,1,53,17,0.0465753424657534,1.0229212050984935,ATM,17.2,0.0556,0.0035573580533024,23.89553774268211,0.005537783949636642,8.545537742682109,8.545537742682109,55.67125565265218,55.67125565265218
2023-08-25,2023-09-11,PUT,4413.905,4300.0,13.1,13.4,13.25,1125,368,17,0.0465753424657534,1.0264895348837209,ATM,17.2,0.0556,0.0030813953488372,20.314331999577803,0.004724263255715768,7.064331999577803,7.064331999577803,53.315713204360776,53.315713204360776
2023-08-25,2023-09-11,PUT,4413.905,4295.0,12.4,12.7,12.55,20,27,17,0.0465753424657534,1.027684516880093,ATM,17.2,0.0556,0.0029220023282887,19.215670366267204,0.004473962832658255,6.665670366267204,6.665670366267204,53.11291128499763,53.11291128499763
2023-08-25,2023-09-11,PUT,4413.905,4170.0,4.0,4.2,4.1,21,2,17,0.0465753424657534,1.0584904076738608,ITM,17.2,0.0556,0.0009832134292565,3.686338508620338,0.0008840140308442058,-0.4136614913796617,0.4136614913796617,-10.089304667796627,10.089304667796627
2023-08-25,2023-09-11,PUT,4413.905,4165.0,3.8,4.0,3.9,1,2,17,0.0465753424657534,1.0597611044417767,ITM,17.2,0.0556,0.0009363745498199,3.4123014269546275,0.0008192800544909069,-0.48769857304537245,0.48769857304537245,-12.505091616548013,12.505091616548013
2023-08-25,2023-09-11,PUT,4413.905,4155.0,3.6,3.8,3.7,2,1,17,0.0465753424657534,1.0623116726835138,ITM,17.2,0.0556,0.0008904933814681,2.9157568069040565,0.0007017465239239607,-0.7842431930959437,0.7842431930959437,-21.195761975566043,21.195761975566043
2023-08-25,2023-09-11,PUT,4413.905,4150.0,3.4,3.6,3.5,40,86,17,0.0465753424657534,1.06359156626506,ITM,17.2,0.0556,0.0008433734939759,2.691519778812676,0.000648558982846428,-0.8084802211873239,0.8084802211873239,-23.099434891066398,23.099434891066398
2023-08-25,2023-09-08,PUT,4413.905,4600.0,179.0,181.4,180.2,15,273,14,0.0383561643835616,0.9595445652173912,OTM,17.2,0.0556,0.0391739130434782,185.4741502647339,0.040320467448855195,5.274150264733919,5.274150264733919,2.9268314454683235,2.9268314454683235
2023-08-25,2023-09-08,PUT,4413.905,4550.0,131.9,133.8,132.85000000000002,18,244,14,0.0383561643835616,0.9700890109890108,ATM,17.2,0.0556,0.0291978021978022,143.33938781581492,0.03150316215732196,10.489387815814894,10.489387815814894,7.895662638927281,7.895662638927281
2023-08-25,2023-09-08,PUT,4413.905,4540.0,122.9,124.6,123.75,9,68,14,0.0383561643835616,0.97222577092511,ATM,17.2,0.0556,0.0272577092511013,135.41103069066685,0.029826218213803272,11.661030690666848,11.661030690666848,9.42305510356917,9.42305510356917
2023-08-25,2023-09-11,PUT,4413.905,4310.0,14.5,14.8,14.65,48,33,17,0.0465753424657534,1.0241078886310904,ATM,17.2,0.0556,0.003399071925754,22.653236706987855,0.005255971393732681,8.003236706987854,8.003236706987854,54.62960209548024,54.62960209548024
2023-08-25,2023-09-08,PUT,4413.905,4535.0,118.5,120.3,119.4,5,43,14,0.0383561643835616,0.973297684674752,ATM,17.2,0.0556,0.0263285556780595,131.51767021795285,0.029000588802194676,12.117670217952849,12.117670217952849,10.148802527598702,10.148802527598702
2023-08-25,2023-09-11,PUT,4413.905,4285.0,11.3,11.6,11.45,5,36,17,0.0465753424657534,1.0300828471411902,ITM,17.2,0.0556,0.0026721120186697,17.154603955559992,0.004003408157656941,5.704603955559993,5.704603955559993,49.82186860751086,49.82186860751086
2023-08-25,2023-09-11,PUT,4413.905,4175.0,4.1,4.4,4.25,100,103,17,0.0465753424657534,1.057222754491018,ITM,17.2,0.0556,0.0010179640718562,3.9787489791664257,0.0009529937674650122,-0.27125102083357433,0.27125102083357433,-6.382376960789984,6.382376960789984
2023-08-25,2023-09-13,PUT,4413.905,4355.0,27.4,27.8,27.6,18,42,19,0.0520547945205479,1.0135258323765786,ATM,17.2,0.0556,0.0063375430539609,38.64121322560595,0.008872838857774042,11.04121322560595,11.04121322560595,40.00439574494909,40.00439574494909
2023-08-25,2023-09-14,PUT,4413.905,4210.0,9.0,9.3,9.15,2,2,20,0.0547945205479452,1.0484334916864608,ITM,17.2,0.0556,0.0021733966745843,8.757997076451034,0.0020802843411997706,-0.3920029235489668,0.3920029235489668,-4.28418495681931,4.28418495681931
2023-08-25,2023-09-12,PUT,4413.905,4225.0,7.4,7.7,7.550000000000001,9,3,18,0.0493150684931506,1.0447112426035503,ITM,17.2,0.0556,0.0017869822485207,8.92351791378627,0.002112075245866573,1.3735179137862694,1.3735179137862694,18.19229024882476,18.19229024882476
2023-08-25,2023-09-12,PUT,4413.905,4210.0,6.5,6.8,6.65,1,3,18,0.0493150684931506,1.0484334916864608,ITM,17.2,0.0556,0.0015795724465558,7.3264536361027695,0.00174025026985814,0.6764536361027691,0.6764536361027691,10.17223512936495,10.17223512936495
2023-08-25,2023-09-11,PUT,4413.905,4275.0,10.2,10.5,10.35,39,56,17,0.0465753424657534,1.032492397660819,ITM,17.2,0.0556,0.0024210526315789,15.267881040782072,0.0035714341615864496,4.917881040782072,4.917881040782072,47.51575884813597,47.51575884813597
2023-08-25,2023-09-11,PUT,4413.905,4270.0,9.7,10.0,9.85,14,72,17,0.0465753424657534,1.0337014051522249,ITM,17.2,0.0556,0.0023067915690866,14.387089017514654,0.0033693416902844625,4.5370890175146545,4.5370890175146545,46.061817436697005,46.061817436697005
2023-08-25,2023-09-11,PUT,4413.905,4265.0,9.3,9.5,9.4,9,4,17,0.0465753424657534,1.0349132473622509,ITM,17.2,0.0556,0.0022039859320046,13.54648677302714,0.0031761985399829168,4.14648677302714,4.14648677302714,44.111561415182344,44.111561415182344
2023-08-25,2023-09-11,PUT,4413.905,4260.0,8.8,9.1,8.95,2,30,17,0.0465753424657534,1.0361279342723004,ITM,17.2,0.0556,0.0021009389671361,12.74492075136095,0.0029917654345917727,3.7949207513609515,3.7949207513609515,42.401349177217334,42.401349177217334
2023-08-25,2023-09-11,PUT,4413.905,4255.0,8.4,8.7,8.55,2,2,17,0.0465753424657534,1.0373454759106933,ITM,17.2,0.0556,0.0020094007050528,11.981231397710303,0.002815800563504184,3.4312313977103024,3.4312313977103024,40.131361376728684,40.131361376728684
2023-08-25,2023-09-11,PUT,4413.905,4235.0,7.0,7.2,7.1,2,2,17,0.0465753424657534,1.0422443919716646,ITM,17.2,0.0556,0.0016765053128689,9.28197270500533,0.002191729092090987,2.1819727050053306,2.1819727050053306,30.732009929652545,30.732009929652545
2023-08-25,2023-09-11,PUT,4413.905,4250.0,8.0,8.2,8.1,11,73,17,0.0465753424657534,1.0385658823529411,ITM,17.2,0.0556,0.0019058823529411,11.254255561190575,0.0026480601320448415,3.154255561190576,3.154255561190576,38.94142668136514,38.94142668136514
2023-08-25,2023-09-11,PUT,4413.905,4280.0,10.7,11.0,10.85,7,35,17,0.0465753424657534,1.0312862149532709,ITM,17.2,0.0556,0.0025350467289719,16.190007955767783,0.0037827121391980803,5.340007955767783,5.340007955767783,49.21666318679984,49.21666318679984
2023-08-25,2023-09-11,PUT,4413.905,4240.0,7.3,7.6,7.449999999999999,67,340,17,0.0465753424657534,1.041015330188679,ITM,17.2,0.0556,0.0017570754716981,9.905787915678047,0.002336270734829728,2.455787915678048,2.455787915678048,32.963596183597964,32.963596183597964
2023-08-25,2023-09-11,PUT,4413.905,4230.0,6.6,6.9,6.75,30,312,17,0.0465753424657534,1.0434763593380614,ITM,17.2,0.0556,0.001595744680851,8.69022859579735,0.0020544275640182862,1.9402285957973504,1.9402285957973504,28.74412734514593,28.74412734514593
2023-08-25,2023-09-11,PUT,4413.905,4225.0,6.3,6.6,6.449999999999999,69,26,17,0.0465753424657534,1.0447112426035503,ITM,17.2,0.0556,0.0015266272189349,8.12940848686668,0.0019241203519211078,1.6794084868666808,1.6794084868666808,26.037340881653964,26.037340881653964
2023-08-25,2023-09-11,PUT,4413.905,4220.0,6.1,6.3,6.199999999999999,2,7,17,0.0465753424657534,1.0459490521327013,ITM,17.2,0.0556,0.0014691943127962,7.59837479018222,0.0018005627464886776,1.3983747901822206,1.3983747901822206,22.554432099713235,22.554432099713235
2023-08-25,2023-09-11,PUT,4413.905,4210.0,5.6,5.8,5.699999999999999,1,13,17,0.0465753424657534,1.0484334916864608,ITM,17.2,0.0556,0.0013539192399049,6.62117517851209,0.0015727256956085723,0.9211751785120903,0.9211751785120903,16.160968044071762,16.160968044071762
2023-08-25,2023-09-11,PUT,4413.905,4205.0,5.3,5.5,5.4,31,15,17,0.0465753424657534,1.049680142687277,ITM,17.2,0.0556,0.0012841854934601,6.172798314370084,0.0014679663054387834,0.7727983143700836,0.7727983143700836,14.31107989574229,14.31107989574229
2023-08-25,2023-09-11,PUT,4413.905,4200.0,5.1,5.3,5.199999999999999,89,2250,17,0.0465753424657534,1.050929761904762,ITM,17.2,0.0556,0.0012380952380952,5.749789282991571,0.0013689974483313265,0.549789282991572,0.549789282991572,10.572870826761003,10.572870826761003
2023-08-25,2023-09-11,PUT,4413.905,4195.0,4.9,5.1,5.0,46,2,17,0.0465753424657534,1.052182359952324,ITM,17.2,0.0556,0.00119189511323,5.351084673251648,0.0012755863345057564,0.3510846732516484,0.3510846732516484,7.021693465032968,7.021693465032968
2023-08-25,2023-09-11,PUT,4413.905,4245.0,7.6,7.9,7.75,4,18,17,0.0465753424657534,1.0397891637220258,ITM,17.2,0.0556,0.0018256772673733,10.562828847807168,0.0024882989040770714,2.812828847807168,2.812828847807168,36.29456577815701,36.29456577815701
2023-08-25,2023-09-08,PUT,4413.905,4530.0,114.1,116.5,115.3,4,240,14,0.0383561643835616,0.9743719646799116,ATM,17.2,0.0556,0.0254525386313465,127.673225805318,0.02818393505636159,12.373225805318,12.373225805318,10.731332008081527,10.731332008081527
2023-08-25,2023-09-11,PUT,4413.905,4140.0,3.2,3.4,3.3,61,21,17,0.0465753424657534,1.0661606280193237,ITM,17.2,0.0556,0.0007971014492753,2.286994762340413,0.0005524141938020321,-1.0130052376595868,1.0130052376595868,-30.697128413926876,30.697128413926876
2023-08-25,2023-09-11,PUT,4413.905,4120.0,2.85,2.95,2.9000000000000004,2,10,17,0.0465753424657534,1.0713361650485436,ITM,17.2,0.0556,0.0007038834951456,1.6323927385341932,0.000396211829741309,-1.2676072614658072,1.2676072614658072,-43.71059522295886,43.71059522295886
2023-08-25,2023-09-11,PUT,4413.905,4405.0,37.8,38.2,38.0,53,59,17,0.0465753424657534,1.0020215664018162,ATM,17.2,0.0556,0.0086265607264472,55.56340593597861,0.012613713038814667,17.563405935978608,17.563405935978608,46.219489305206864,46.219489305206864
2023-08-25,2023-09-11,PUT,4413.905,4400.0,35.9,36.3,36.1,55,666,17,0.0465753424657534,1.0031602272727271,ATM,17.2,0.0556,0.0082045454545454,53.309821429407066,0.012115868506683425,17.209821429407064,17.209821429407064,47.67263553852372,47.67263553852372
2023-08-25,2023-09-11,PUT,4413.905,4395.0,34.2,34.6,34.400000000000006,15,82,17,0.0465753424657534,1.004301478953356,ATM,17.2,0.0556,0.0078270762229806,51.116576759803365,0.01163062042316345,16.71657675980336,16.71657675980336,48.594699883149296,48.594699883149296
2023-08-25,2023-09-11,PUT,4413.905,4390.0,32.5,32.9,32.7,150,167,17,0.0465753424657534,1.0054453302961277,ATM,17.2,0.0556,0.0074487471526195,48.98346087397772,0.011157963752614514,16.283460873977717,16.283460873977717,49.796516434182614,49.796516434182614
2023-08-25,2023-09-11,PUT,4413.905,4385.0,30.9,31.3,31.1,4,128,17,0.0465753424657534,1.0065917901938426,ATM,17.2,0.0556,0.0070923603192702,46.91020693944779,0.010697880715951605,15.810206939447788,15.810206939447788,50.836678261889986,50.836678261889986
2023-08-25,2023-09-11,PUT,4413.905,4380.0,29.4,29.8,29.6,57,58,17,0.0465753424657534,1.0077408675799089,ATM,17.2,0.0556,0.0067579908675799,44.89649290243028,0.010250340845303718,15.29649290243028,15.29649290243028,51.67734088658878,51.67734088658878
2023-08-25,2023-09-11,PUT,4413.905,4375.0,28.0,28.3,28.15,11,620,17,0.0465753424657534,1.0088925714285717,ATM,17.2,0.0556,0.0064342857142857,42.9419422015294,0.009815301074635291,14.791942201529402,14.791942201529402,52.546863948594684,52.546863948594684
2023-08-25,2023-09-11,PUT,4413.905,4420.0,43.8,44.2,44.0,27,180,17,0.0465753424657534,0.9986210407239818,ATM,17.2,0.0556,0.0099547511312217,62.68746501708392,0.014182684393005412,18.687465017083923,18.687465017083923,42.47151140246346,42.47151140246346
2023-08-25,2023-09-11,PUT,4413.905,4475.0,72.9,74.6,73.75,1,44,17,0.0465753424657534,0.9863474860335196,ATM,17.2,0.0556,0.0164804469273743,93.43419106958208,0.020879148842364713,19.684191069582084,19.684191069582084,26.69042856892486,26.69042856892486
2023-08-25,2023-09-11,PUT,4413.905,4410.0,39.7,40.1,39.900000000000006,9,34,17,0.0465753424657534,1.0008854875283446,ATM,17.2,0.0556,0.009047619047619,57.87748515284807,0.013124146293162827,17.97748515284806,17.97748515284806,45.05635376653649,45.05635376653649
2023-08-25,2023-09-11,PUT,4413.905,4470.0,69.6,71.2,70.4,6,42,17,0.0465753424657534,0.9874507829977628,ATM,17.2,0.0556,0.0157494407158836,90.34490903416372,0.02021138904567421,19.944909034163715,19.944909034163715,28.330836696255275,28.330836696255275
2023-08-25,2023-09-11,PUT,4413.905,4455.0,61.2,61.6,61.400000000000006,50,62,17,0.0465753424657534,0.9907755331088663,ATM,17.2,0.0556,0.0137822671156004,81.42416387281082,0.018277028927679198,20.024163872810817,20.024163872810817,32.61264474399156,32.61264474399156
2023-08-25,2023-09-11,PUT,4413.905,4450.0,58.4,58.8,58.6,150,1114,17,0.0465753424657534,0.9918887640449436,ATM,17.2,0.0556,0.0131685393258426,78.56792791922999,0.017655714139152807,19.967927919229986,19.967927919229986,34.07496231950509,34.07496231950509
2023-08-25,2023-09-11,PUT,4413.905,4445.0,55.7,56.1,55.900000000000006,2,10,17,0.0465753424657534,0.9930044994375704,ATM,17.2,0.0556,0.0125759280089988,75.77106426537193,0.017046358664875576,19.871064265371928,19.871064265371928,35.54752104717697,35.54752104717697
2023-08-25,2023-09-11,PUT,4413.905,4440.0,53.1,53.5,53.3,52,56,17,0.0465753424657534,0.9941227477477476,ATM,17.2,0.0556,0.0120045045045045,73.03391580598145,0.01644908013648231,19.733915805981454,19.733915805981454,37.02423228139109,37.02423228139109
2023-08-25,2023-09-11,PUT,4413.905,4435.0,50.6,51.1,50.85,23,75,17,0.0465753424657534,0.9952435174746336,ATM,17.2,0.0556,0.0114656144306651,70.35677265447202,0.015863984814988054,19.506772654472023,19.506772654472023,38.36140148372079,38.36140148372079
2023-08-25,2023-09-11,PUT,4413.905,4430.0,48.3,48.7,48.5,27,36,17,0.0465753424657534,0.996366817155756,ATM,17.2,0.0556,0.0109480812641083,67.73987117000252,0.01529116730699831,19.239871170002516,19.239871170002516,39.66983746392271,39.66983746392271
2023-08-25,2023-09-11,PUT,4413.905,4425.0,46.0,46.4,46.2,71,438,17,0.0465753424657534,0.9974926553672316,ATM,17.2,0.0556,0.0104406779661016,65.18339312490889,0.014730710310713874,18.983393124908886,18.983393124908886,41.08959550846079,41.08959550846079
2023-08-25,2023-09-14,PUT,4413.905,4225.0,10.1,10.4,10.25,2,5,20,0.0547945205479452,1.0447112426035503,ITM,17.2,0.0556,0.0024260355029585,10.520713287765489,0.0024901096539089915,0.27071328776548853,0.27071328776548853,2.641105246492571,2.641105246492571
2023-08-25,2023-09-14,PUT,4413.905,4240.0,11.3,11.7,11.5,6,15,20,0.0547945205479452,1.041015330188679,ITM,17.2,0.0556,0.0027122641509433,12.557544066472474,0.0029616849213378476,1.0575440664724738,1.0575440664724738,9.196035360630207,9.196035360630207
2023-08-25,2023-09-11,PUT,4413.905,4465.0,67.2,67.6,67.4,1,17,17,0.0465753424657534,0.9885565509518476,ATM,17.2,0.0556,0.0150951847704367,87.31312397149122,0.019555010967859176,19.913123971491217,19.913123971491217,29.544694319719905,29.544694319719905
2023-08-25,2023-09-11,PUT,4413.905,4415.0,41.7,42.1,41.900000000000006,7,16,17,0.0465753424657534,0.9997519818799546,ATM,17.2,0.0556,0.0094903737259343,60.25215753130851,0.013647147798710875,18.352157531308507,18.352157531308507,43.79989864274106,43.79989864274106
2023-08-25,2023-09-11,PUT,4413.905,4480.0,76.2,77.6,76.9,5,39,17,0.0465753424657534,0.9852466517857142,ATM,17.2,0.0556,0.0171651785714285,96.58038238984182,0.02155812106916112,19.68038238984181,19.68038238984181,25.592174759222118,25.592174759222118
2023-08-25,2023-09-11,PUT,4413.905,4575.0,155.1,156.9,156.0,1,28,17,0.0465753424657534,0.9647879781420764,OTM,17.2,0.0556,0.0340983606557377,166.1168251015406,0.03630968854678483,10.116825101540599,10.116825101540599,6.485144295859358,6.485144295859358
2023-08-25,2023-09-11,PUT,4413.905,4100.0,2.5,2.65,2.575,1,165,17,0.0465753424657534,1.076562195121951,ITM,17.2,0.0556,0.0006280487804878,1.1471126470823378,0.0002797835724591068,-1.4278873529176623,1.4278873529176623,-55.451936035637374,55.451936035637374
2023-08-25,2023-09-11,PUT,4413.905,4025.0,1.75,1.85,1.8,1,62,17,0.0465753424657534,1.096622360248447,ITM,17.2,0.0556,0.000447204968944,0.26408928021479383,6.56122435316258e-05,-1.5359107197852062,1.5359107197852062,-85.32837332140035,85.32837332140035
2023-08-25,2023-09-08,PUT,4413.905,4700.0,277.1,281.8,279.45000000000005,2,12,14,0.0383561643835616,0.9391287234042552,OTM,17.2,0.0556,0.0594574468085106,278.2643150295162,0.059205173410535356,-1.1856849704838623,1.1856849704838623,-0.42429234943061805,0.42429234943061805
2023-08-25,2023-09-12,PUT,4413.905,4215.0,6.8,7.0,6.9,5,1,18,0.0493150684931506,1.0471897983392644,ITM,17.2,0.0556,0.0016370106761565,7.830516299712656,0.0018577737365866325,0.9305162997126555,0.9305162997126555,13.485743474096457,13.485743474096457
2023-08-25,2023-09-11,PUT,4413.905,4365.0,25.3,25.7,25.5,13,47,17,0.0465753424657534,1.0112038946162656,ATM,17.2,0.0556,0.0058419243986254,39.20855737599368,0.008982487371361668,13.708557375993678,13.708557375993678,53.759048533308544,53.759048533308544
2023-08-25,2023-09-11,PUT,4413.905,4370.0,26.6,27.0,26.8,106,106,17,0.0465753424657534,1.0100469107551486,ATM,17.2,0.0556,0.0061327231121281,41.046124634655826,0.009392705866053964,14.246124634655825,14.246124634655825,53.15718147259636,53.15718147259636
2023-08-25,2023-09-11,PUT,4413.905,4550.0,132.0,133.9,132.95,17,166,17,0.0465753424657534,0.9700890109890108,ATM,17.2,0.0556,0.0292197802197802,146.17986880449962,0.03212744369329662,13.229868804499631,13.229868804499631,9.951010759307733,9.951010759307733
2023-08-25,2023-09-11,PUT,4413.905,4530.0,114.5,116.6,115.55,2,19,17,0.0465753424657534,0.9743719646799116,ATM,17.2,0.0556,0.0255077262693156,131.01375076298837,0.028921357784324142,15.463750762988369,15.463750762988369,13.382735407172971,13.382735407172971
2023-08-25,2023-09-11,PUT,4413.905,4510.0,98.2,100.1,99.15,1,12,17,0.0465753424657534,0.9786929046563192,ATM,17.2,0.0556,0.0219844789356984,116.61436156363561,0.02585684291876621,17.464361563635606,17.464361563635606,17.614081254297133,17.614081254297133
2023-08-25,2023-09-11,PUT,4413.905,4505.0,94.1,96.1,95.1,1,20,17,0.0465753424657534,0.9797791342952274,ATM,17.2,0.0556,0.0211098779134295,113.14140872783992,0.02511463012826635,18.041408727839922,18.041408727839922,18.970987095520425,18.970987095520425
2023-08-25,2023-09-11,PUT,4413.905,4500.0,90.4,92.3,91.35,4,278,17,0.0465753424657534,0.9808677777777776,ATM,17.2,0.0556,0.0203,109.72097347898261,0.024382438550885024,18.37097347898262,18.37097347898262,20.110534733423776,20.110534733423776
2023-08-25,2023-09-11,PUT,4413.905,4495.0,86.6,88.5,87.55,1,19,17,0.0465753424657534,0.9819588431590656,ATM,17.2,0.0556,0.0194771968854282,106.35388111584325,0.023660485231555783,18.803881115843254,18.803881115843254,21.477876774235583,21.477876774235583
2023-08-25,2023-09-11,PUT,4413.905,4515.0,102.1,104.4,103.25,1,19,17,0.0465753424657534,0.9776090808416388,ATM,17.2,0.0556,0.0228682170542635,120.13897417800081,0.026608853638538384,16.888974178000808,16.888974178000808,16.357359978693278,16.357359978693278
2023-08-25,2023-09-12,PUT,4413.905,4200.0,6.0,6.2,6.1,16,221,18,0.0493150684931506,1.050929761904762,ITM,17.2,0.0556,0.0014523809523809,6.397938456288784,0.001523318680068758,0.2979384562887848,0.2979384562887848,4.884236988340734,4.884236988340734
2023-08-25,2023-09-12,PUT,4413.905,4175.0,4.9,5.1,5.0,10,12,18,0.0493150684931506,1.057222754491018,ITM,17.2,0.0556,0.0011976047904191,4.493633080124596,0.0010763193006286457,-0.5063669198754042,0.5063669198754042,-10.127338397508083,10.127338397508083
2023-08-25,2023-09-12,PUT,4413.905,4150.0,4.1,4.3,4.199999999999999,4,234,18,0.0493150684931506,1.06359156626506,ITM,17.2,0.0556,0.001012048192771,3.089477100045059,0.0007444523132638696,-1.1105228999549404,1.1105228999549404,-26.441021427498583,26.441021427498583
2023-08-25,2023-09-12,PUT,4413.905,4125.0,3.5,3.7,3.6,9,64,18,0.0493150684931506,1.0700375757575755,ITM,17.2,0.0556,0.0008727272727272,2.0776931804120125,0.000503683195251397,-1.5223068195879876,1.5223068195879876,-42.286300544110766,42.286300544110766
2023-08-25,2023-09-12,PUT,4413.905,4100.0,3.0,3.2,3.1,1,76,18,0.0493150684931506,1.076562195121951,ITM,17.2,0.0556,0.0007560975609756,1.3657425390681084,0.0003331079363580752,-1.7342574609318917,1.7342574609318917,-55.943789062319084,55.943789062319084
2023-08-25,2023-09-12,PUT,4413.905,4075.0,2.6,2.75,2.675,1,10,18,0.0493150684931506,1.083166871165644,ITM,17.2,0.0556,0.0006564417177914,0.8768624817733155,0.000215180977122286,-1.7981375182266843,1.7981375182266843,-67.22009413931531,67.22009413931531
2023-08-25,2023-09-12,PUT,4413.905,4050.0,2.3,2.45,2.375,1,92,18,0.0493150684931506,1.089853086419753,ITM,17.2,0.0556,0.0005864197530864,0.5494845767290997,0.0001356752041306419,-1.8255154232709003,1.8255154232709003,-76.86380729561685,76.86380729561685
2023-08-25,2023-09-11,PUT,4413.905,4600.0,178.9,180.9,179.9,6,179,17,0.0465753424657534,0.9595445652173912,OTM,17.2,0.0556,0.0391086956521739,187.0176467234828,0.04065601015727887,7.117646723482807,7.117646723482807,3.9564462053823273,3.9564462053823273
2023-08-25,2023-09-13,PUT,4413.905,4365.0,29.9,30.2,30.05,2,33,19,0.0520547945205479,1.0112038946162656,ATM,17.2,0.0556,0.0068843069873997,42.198230697441204,0.009667406803537504,12.148230697441203,12.148230697441203,40.42672445071948,40.42672445071948
2023-08-25,2023-09-13,PUT,4413.905,4370.0,31.2,31.6,31.4,1064,6,19,0.0520547945205479,1.0100469107551486,ATM,17.2,0.0556,0.0071853546910755,44.05873255134043,0.01008208982868202,12.658732551340428,12.658732551340428,40.31443487688035,40.31443487688035
2023-08-25,2023-09-13,PUT,4413.905,4375.0,32.6,33.0,32.8,5,177,19,0.0520547945205479,1.0088925714285717,ATM,17.2,0.0556,0.0074971428571428,45.97451943548049,0.010508461585252683,13.17451943548049,13.17451943548049,40.16621779109906,40.16621779109906
2023-08-25,2023-09-13,PUT,4413.905,4380.0,34.1,34.6,34.35,86,30,19,0.0520547945205479,1.0077408675799089,ATM,17.2,0.0556,0.0078424657534246,47.94600373223193,0.0109465761945735,13.596003732231928,13.596003732231928,39.58079689150488,39.58079689150488
2023-08-25,2023-09-12,PUT,4413.905,4325.0,18.5,18.9,18.7,6,112,18,0.0493150684931506,1.0205560693641618,ATM,17.2,0.0556,0.0043236994219653,27.90280463523527,0.00645151552259775,9.202804635235271,9.202804635235271,49.21285901195333,49.21285901195333
2023-08-25,2023-09-12,PUT,4413.905,4315.0,16.9,17.2,17.049999999999997,6,8,18,0.0493150684931506,1.0229212050984935,ATM,17.2,0.0556,0.0039513325608342,25.219377880634966,0.005844583518107756,8.169377880634968,8.169377880634968,47.91423976912005,47.91423976912005
2023-08-25,2023-09-12,PUT,4413.905,4310.0,16.1,16.4,16.25,3,4,18,0.0493150684931506,1.0241078886310904,ATM,17.2,0.0556,0.0037703016241299,23.951578240417575,0.005557210728635169,7.701578240417575,7.701578240417575,47.394327633338925,47.394327633338925
2023-08-25,2023-09-12,PUT,4413.905,4305.0,15.3,15.6,15.45,3,3,18,0.0493150684931506,1.0252973286875726,ATM,17.2,0.0556,0.003588850174216,22.73184104631082,0.005280334737819006,7.28184104631082,7.28184104631082,47.131657257675215,47.131657257675215
2023-08-25,2023-09-12,PUT,4413.905,4300.0,14.7,14.9,14.8,4,53,18,0.0493150684931506,1.0264895348837209,ATM,17.2,0.0556,0.0034418604651162,21.55922154410439,0.0050137724521173,6.759221544104388,6.759221544104388,45.67041583854316,45.67041583854316
2023-08-25,2023-09-12,PUT,4413.905,4295.0,14.0,14.3,14.15,4,4,18,0.0493150684931506,1.027684516880093,ATM,17.2,0.0556,0.0032945285215366,20.432749778903485,0.004757334057951918,6.282749778903485,6.282749778903485,44.401058508151834,44.401058508151834
2023-08-25,2023-09-12,PUT,4413.905,4290.0,13.3,13.6,13.45,4,48,18,0.0493150684931506,1.0288822843822842,ATM,17.2,0.0556,0.0031351981351981,19.351432785069846,0.004510823493023274,5.901432785069847,5.901432785069847,43.87682368081671,43.87682368081671
2023-08-25,2023-09-12,PUT,4413.905,4280.0,12.1,12.4,12.25,2,4,18,0.0493150684931506,1.0312862149532709,ITM,17.2,0.0556,0.0028621495327102,17.320189520908343,0.004046773252548678,5.070189520908343,5.070189520908343,41.38930221149668,41.38930221149668
2023-08-25,2023-09-12,PUT,4413.905,4275.0,11.6,11.9,11.75,5,17,18,0.0493150684931506,1.032492397660819,ITM,17.2,0.0556,0.0027485380116959,16.368182313234456,0.0038288145761951943,4.618182313234456,4.618182313234456,39.30367926156984,39.30367926156984
2023-08-25,2023-09-12,PUT,4413.905,4340.0,21.4,21.8,21.6,18,3,18,0.0493150684931506,1.017028801843318,ATM,17.2,0.0556,0.0049769585253456,32.31034780123696,0.007444780599363355,10.710347801236956,10.710347801236956,49.58494352424516,49.58494352424516
2023-08-25,2023-09-12,PUT,4413.905,4255.0,9.7,9.9,9.8,5,9,18,0.0493150684931506,1.0373454759106933,ITM,17.2,0.0556,0.0023031727379553,12.959336794246951,0.0030456725720909403,3.1593367942469506,3.1593367942469506,32.23813055354031,32.23813055354031
2023-08-25,2023-09-12,PUT,4413.905,4240.0,8.4,8.7,8.55,3,4,18,0.0493150684931506,1.041015330188679,ITM,17.2,0.0556,0.0020165094339622,10.791339335734165,0.0025451272018240955,2.241339335734164,2.241339335734164,26.214495154785542,26.214495154785542
2023-08-25,2023-09-13,PUT,4413.905,4260.0,11.9,12.2,12.05,12,10,19,0.0520547945205479,1.0361279342723004,ITM,17.2,0.0556,0.0028286384976525,14.754443653343628,0.0034634844256675183,2.7044436533436276,2.7044436533436276,22.4435157953828,22.4435157953828
2023-08-25,2023-09-12,PUT,4413.905,4355.0,24.7,25.1,24.9,276,320,18,0.0493150684931506,1.0135258323765786,ATM,17.2,0.0556,0.0057175660160734,37.19541930556329,0.008540854031128196,12.295419305563293,12.295419305563293,49.37919399824616,49.37919399824616
2023-08-25,2023-09-12,PUT,4413.905,4360.0,25.9,26.3,26.1,18,9,18,0.0493150684931506,1.0123635321100917,ATM,17.2,0.0556,0.00598623853211,38.93311354170578,0.00892961319763894,12.833113541705778,12.833113541705778,49.16901740117156,49.16901740117156
2023-08-25,2023-09-12,PUT,4413.905,4430.0,50.0,50.5,50.25,161,36,18,0.0493150684931506,0.996366817155756,ATM,17.2,0.0556,0.0113431151241534,69.28631755884544,0.01564025227061974,19.03631755884544,19.03631755884544,37.88321902257799,37.88321902257799
2023-08-25,2023-09-12,PUT,4413.905,4420.0,45.7,46.1,45.900000000000006,1,34,18,0.0493150684931506,0.9986210407239818,ATM,17.2,0.0556,0.0103846153846153,64.24816329839678,0.01453578355167348,18.34816329839677,18.34816329839677,39.97421197907793,39.97421197907793
2023-08-25,2023-09-12,PUT,4413.905,4415.0,43.6,44.0,43.8,9,14,18,0.0493150684931506,0.9997519818799546,ATM,17.2,0.0556,0.009920724801812,61.81740691538289,0.0140016776705284,18.017406915382892,18.017406915382892,41.135632226901585,41.135632226901585
2023-08-25,2023-09-12,PUT,4413.905,4410.0,41.4,42.0,41.7,507,20,18,0.0493150684931506,1.0008854875283446,ATM,17.2,0.0556,0.0094557823129251,59.44556407304708,0.01347971974445512,17.745564073047078,17.745564073047078,42.55530952769083,42.55530952769083
2023-08-25,2023-09-12,PUT,4413.905,4405.0,39.6,40.1,39.85,3,16,18,0.0493150684931506,1.0020215664018162,ATM,17.2,0.0556,0.0090465380249716,57.13259487374398,0.012969942082575252,17.28259487374398,17.28259487374398,43.36912138957084,43.36912138957084
2023-08-25,2023-09-12,PUT,4413.905,4250.0,9.2,9.5,9.35,3,495,18,0.0493150684931506,1.0385658823529411,ITM,17.2,0.0556,0.0022,12.201486818077115,0.002870938074841674,2.851486818077115,2.851486818077115,30.497185220076098,30.497185220076098
2023-08-25,2023-09-12,PUT,4413.905,4345.0,22.5,22.8,22.65,18,16,18,0.0493150684931506,1.0158584579976984,ATM,17.2,0.0556,0.0052128883774453,33.88468566322763,0.0077985467579350124,11.23468566322763,11.23468566322763,49.60126120630301,49.60126120630301
2023-08-25,2023-09-12,PUT,4413.905,4435.0,52.5,52.9,52.7,5,2,18,0.0493150684931506,0.9952435174746336,ATM,17.2,0.0556,0.0118827508455467,71.89353726768559,0.01621049318324365,19.193537267685585,19.193537267685585,36.42037432198403,36.42037432198403
2023-08-25,2023-09-12,PUT,4413.905,4440.0,54.8,55.3,55.05,284,360,18,0.0493150684931506,0.9941227477477476,ATM,17.2,0.0556,0.0123986486486486,74.55931499397184,0.01679263851215582,19.50931499397184,19.50931499397184,35.43926429422678,35.43926429422678
2023-08-25,2023-09-12,PUT,4413.905,4465.0,68.7,69.1,68.9,1,7,18,0.0493150684931506,0.9885565509518476,ATM,17.2,0.0556,0.0154311310190369,88.75731534451052,0.019878458083876935,19.85731534451051,19.85731534451051,28.820486711916562,28.820486711916562
2023-08-25,2023-09-12,PUT,4413.905,4460.0,65.7,66.2,65.95,5,14,18,0.0493150684931506,0.989664798206278,ATM,17.2,0.0556,0.014786995515695,85.80295719554215,0.019238331209762812,19.852957195542146,19.852957195542146,30.10304351105708,30.10304351105708
2023-08-25,2023-09-12,PUT,4413.905,4455.0,62.9,63.3,63.1,19,32,18,0.0493150684931506,0.9907755331088663,ATM,17.2,0.0556,0.0141638608305274,82.90559366398247,0.018609560867336134,19.80559366398247,19.80559366398247,31.387628627547496,31.387628627547496
2023-08-25,2023-09-12,PUT,4413.905,4450.0,60.1,60.5,60.3,8,37,18,0.0493150684931506,0.9918887640449436,ATM,17.2,0.0556,0.0135505617977528,80.06563254731509,0.01799227697692474,19.765632547315093,19.765632547315093,32.77882677830032,32.77882677830032
2023-08-25,2023-09-12,PUT,4413.905,4445.0,57.5,57.9,57.7,10,2,18,0.0493150684931506,0.9930044994375704,ATM,17.2,0.0556,0.0129808773903262,77.283435108297,0.01738659957442002,19.583435108296996,19.583435108296996,33.94009550831368,33.94009550831368
2023-08-25,2023-09-13,PUT,4413.905,4255.0,11.4,11.7,11.55,2,2,19,0.0520547945205479,1.0373454759106933,ITM,17.2,0.0556,0.0027144535840188,13.93099772842811,0.0032740300184319884,2.3809977284281096,2.3809977284281096,20.61469894742952,20.61469894742952
2023-08-25,2023-09-13,PUT,4413.905,4250.0,10.9,11.2,11.05,44,187,19,0.0520547945205479,1.0385658823529411,ITM,17.2,0.0556,0.0026,13.144092096270015,0.003092727552063533,2.094092096270014,2.094092096270014,18.951059694751258,18.951059694751258
2023-08-25,2023-09-13,PUT,4413.905,4240.0,10.1,10.3,10.2,2,49,19,0.0520547945205479,1.041015330188679,ITM,17.2,0.0556,0.0024056603773584,11.675737772318143,0.002753711738754279,1.4757377723181442,1.4757377723181442,14.46801737566808,14.46801737566808
2023-08-25,2023-09-13,PUT,4413.905,4230.0,9.3,9.5,9.4,8,38,19,0.0520547945205479,1.0434763593380614,ITM,17.2,0.0556,0.0022222222222222,10.341038575828975,0.002444689970645148,0.9410385758289745,0.9410385758289745,10.011048679031644,10.011048679031644
2023-08-25,2023-09-13,PUT,4413.905,4225.0,8.9,9.2,9.05,4,39,19,0.0520547945205479,1.0447112426035503,ITM,17.2,0.0556,0.0021420118343195,9.721206200513109,0.0023008772072220375,0.6712062005131081,0.6712062005131081,7.416643099592354,7.416643099592354
2023-08-25,2023-09-13,PUT,4413.905,4215.0,8.2,8.5,8.35,4,6,19,0.0520547945205479,1.0471897983392644,ITM,17.2,0.0556,0.0019810201660735,8.571403897904872,0.002033547781234845,0.2214038979048727,0.2214038979048727,2.6515436874835054,2.6515436874835054
2023-08-25,2023-09-13,PUT,4413.905,4210.0,7.9,8.1,8.0,28,30,19,0.0520547945205479,1.0484334916864608,ITM,17.2,0.0556,0.0019002375296912,8.039385210434318,0.0019095926865639711,0.039385210434318196,0.039385210434318196,0.49231513042897745,0.49231513042897745
2023-08-25,2023-09-13,PUT,4413.905,4205.0,7.6,7.8,7.699999999999999,23,12,19,0.0520547945205479,1.049680142687277,ITM,17.2,0.0556,0.0018311533888228,7.534603824892656,0.0017918201723882655,-0.16539617510734317,0.16539617510734317,-2.1480022741213403,2.1480022741213403
2023-08-25,2023-09-13,PUT,4413.905,4200.0,7.3,7.5,7.4,3,172,19,0.0520547945205479,1.050929761904762,ITM,17.2,0.0556,0.0017619047619047,7.056059849931842,0.0016800142499837718,-0.3439401500681587,0.3439401500681587,-4.647839865785929,4.647839865785929
2023-08-25,2023-09-13,PUT,4413.905,4190.0,6.7,7.0,6.85,6,5,19,0.0520547945205479,1.0534379474940334,ITM,17.2,0.0556,0.001634844868735,6.173747781215184,0.0014734481578079198,-0.6762522187848159,0.6762522187848159,-9.872295164741839,9.872295164741839
2023-08-25,2023-09-13,PUT,4413.905,4170.0,5.8,6.0,5.9,3,3,19,0.0520547945205479,1.0584904076738608,ITM,17.2,0.0556,0.0014148681055155,4.681506722757888,0.0011226634826757525,-1.2184932772421124,1.2184932772421124,-20.65242842783241,20.65242842783241
2023-08-25,2023-09-13,PUT,4413.905,4160.0,5.4,5.6,5.5,1,50,19,0.0520547945205479,1.0610348557692306,ITM,17.2,0.0556,0.0013221153846153,4.056924243261847,0.0009752221738610208,-1.4430757567381534,1.4430757567381534,-26.237741031602788,26.237741031602788
2023-08-25,2023-09-13,PUT,4413.905,4150.0,5.0,5.2,5.1,7,194,19,0.0520547945205479,1.06359156626506,ITM,17.2,0.0556,0.0012289156626506,3.5041086300098527,0.000844363525303579,-1.595891369990147,1.595891369990147,-31.29198764686563,31.29198764686563
2023-08-25,2023-09-13,PUT,4413.905,4140.0,4.7,4.9,4.800000000000001,49,43,19,0.0520547945205479,1.0661606280193237,ITM,17.2,0.0556,0.001159420289855,3.0165348456802974,0.0007286316052367868,-1.7834651543197033,1.7834651543197033,-37.155524048327145,37.155524048327145
2023-08-25,2023-09-13,PUT,4413.905,4100.0,3.7,3.8,3.75,7,277,19,0.0520547945205479,1.076562195121951,ITM,17.2,0.0556,0.0009146341463414,1.600842915508096,0.0003904494915873405,-2.149157084491904,2.149157084491904,-57.31085558645077,57.31085558645077
2023-08-25,2023-09-13,PUT,4413.905,4050.0,2.8,2.95,2.875,6,330,19,0.0520547945205479,1.089853086419753,ITM,17.2,0.0556,0.0007098765432098,0.6690868126236609,0.00016520662040090393,-2.205913187376339,2.205913187376339,-76.72741521309005,76.72741521309005
2023-08-25,2023-09-12,PUT,4413.905,4400.0,37.8,38.2,38.0,573,676,18,0.0493150684931506,1.0031602272727271,ATM,17.2,0.0556,0.0086363636363636,54.87840756414175,0.012472365355486762,16.878407564141753,16.878407564141753,44.41686201089935,44.41686201089935
2023-08-25,2023-09-15,PUT,4413.905,4555.0,138.0,140.1,139.05,1,146,21,0.0575342465753424,0.9690241492864984,OTM,17.2,0.0556,0.0305268935236004,153.60301914739466,0.03372184833093187,14.55301914739465,14.55301914739465,10.4660331876265,10.4660331876265
2023-08-25,2023-09-12,PUT,4413.905,4390.0,34.4,34.9,34.65,27,26,18,0.0493150684931506,1.0054453302961277,ATM,17.2,0.0556,0.0078929384965831,50.54575285772103,0.011513838919754221,15.895752857721028,15.895752857721028,45.875188622571514,45.875188622571514
2023-08-25,2023-09-12,PUT,4413.905,4380.0,31.3,31.8,31.55,9,19,18,0.0493150684931506,1.0077408675799089,ATM,17.2,0.0556,0.0072031963470319,46.44583477012725,0.010604071865325856,14.895834770127248,14.895834770127248,47.213422409278124,47.213422409278124
2023-08-25,2023-09-13,PUT,4413.905,4325.0,21.0,21.4,21.2,101,756,19,0.0520547945205479,1.0205560693641618,ATM,17.2,0.0556,0.0049017341040462,29.240952959508377,0.006760913979077081,8.040952959508378,8.040952959508378,37.92902339390744,37.92902339390744
2023-08-25,2023-09-13,PUT,4413.905,4320.0,20.1,20.4,20.25,418,87,19,0.0520547945205479,1.0217372685185184,ATM,17.2,0.0556,0.0046875,27.852560748020778,0.00644735202500481,7.602560748020778,7.602560748020778,37.54350986676928,37.54350986676928
2023-08-25,2023-09-13,PUT,4413.905,4315.0,19.2,19.6,19.4,1,18,19,0.0520547945205479,1.0229212050984935,ATM,17.2,0.0556,0.0044959443800695,26.51310168078703,0.006144403634017852,7.113101680787032,7.113101680787032,36.665472581376456,36.665472581376456
2023-08-25,2023-09-13,PUT,4413.905,4310.0,18.4,18.8,18.6,12,44,19,0.0520547945205479,1.0241078886310904,ATM,17.2,0.0556,0.0043155452436194,25.22174881278329,0.005851913877675937,6.621748812783288,6.621748812783288,35.60080006872735,35.60080006872735
2023-08-25,2023-09-13,PUT,4413.905,4305.0,17.6,18.0,17.8,5,29,19,0.0520547945205479,1.0252973286875726,ATM,17.2,0.0556,0.0041347270615563,23.97764700636435,0.005569720558969651,6.177647006364349,6.177647006364349,34.70588205822668,34.70588205822668
2023-08-25,2023-09-13,PUT,4413.905,4300.0,16.9,17.2,17.049999999999997,29,61,19,0.0520547945205479,1.0264895348837209,ATM,17.2,0.0556,0.0039651162790697,22.779914800821416,0.00529765460484219,5.729914800821419,5.729914800821419,33.606538421239996,33.606538421239996
2023-08-25,2023-09-13,PUT,4413.905,4295.0,16.1,16.4,16.25,28,40,19,0.0520547945205479,1.027684516880093,ATM,17.2,0.0556,0.0037834691501746,21.62764632524909,0.005035540471536458,5.3776463252490885,5.3776463252490885,33.093208155379,33.093208155379
2023-08-25,2023-09-13,PUT,4413.905,4290.0,15.4,15.7,15.55,7,130,19,0.0520547945205479,1.0288822843822842,ATM,17.2,0.0556,0.0036247086247086,20.519913247627414,0.004783196561218512,4.969913247627414,4.969913247627414,31.96085689792549,31.96085689792549
2023-08-25,2023-09-13,PUT,4413.905,4285.0,14.8,15.1,14.95,1,28,19,0.0520547945205479,1.0300828471411902,ITM,17.2,0.0556,0.0034889148191365,19.455766752951376,0.004540435648296704,4.505766752951377,4.505766752951377,30.138908046497505,30.138908046497505
2023-08-25,2023-09-13,PUT,4413.905,4330.0,21.9,22.3,22.1,8,18,19,0.0520547945205479,1.019377598152425,ATM,17.2,0.0556,0.0051039260969976,30.679075248378012,0.0070852367779164005,8.579075248378011,8.579075248378011,38.819345015285116,38.819345015285116
2023-08-25,2023-09-13,PUT,4413.905,4280.0,14.1,14.4,14.25,9,14,19,0.0520547945205479,1.0312862149532709,ITM,17.2,0.0556,0.0033294392523364,18.434239543187346,0.004307065313828819,4.184239543187346,4.184239543187346,29.363084513595407,29.363084513595407
2023-08-25,2023-09-13,PUT,4413.905,4270.0,13.0,13.2,13.1,9,10,19,0.0520547945205479,1.0337014051522249,ITM,17.2,0.0556,0.0030679156908665,16.5150934659614,0.003867703387812974,3.4150934659614,3.4150934659614,26.06941577069771,26.06941577069771
2023-08-25,2023-09-13,PUT,4413.905,4360.0,28.6,29.0,28.8,22,36,19,0.0520547945205479,1.0123635321100917,ATM,17.2,0.0556,0.0066055045871559,40.39255742947216,0.009264348034282607,11.592557429472162,11.592557429472162,40.25193551900056,40.25193551900056
2023-08-25,2023-09-13,PUT,4413.905,4420.0,48.4,48.8,48.6,4,125,19,0.0520547945205479,0.9986210407239818,ATM,17.2,0.0556,0.0109954751131221,65.75734290007358,0.014877226900469135,17.15734290007358,17.15734290007358,35.30317469150942,35.30317469150942
2023-08-25,2023-09-13,PUT,4413.905,4415.0,46.3,46.7,46.5,399,40,19,0.0520547945205479,0.9997519818799546,ATM,17.2,0.0556,0.0105322763306908,63.33095683794045,0.014344497585037475,16.830956837940448,16.830956837940448,36.19560610309774,36.19560610309774
2023-08-25,2023-09-13,PUT,4413.905,4410.0,44.3,44.8,44.55,1,26,19,0.0520547945205479,1.0008854875283446,ATM,17.2,0.0556,0.0101020408163265,60.96190013515843,0.013823560121351119,16.411900135158433,16.411900135158433,36.839282009334305,36.839282009334305
2023-08-25,2023-09-13,PUT,4413.905,4400.0,40.6,41.1,40.85,69,392,19,0.0520547945205479,1.0031602272727271,ATM,17.2,0.0556,0.0092840909090909,56.39557468448061,0.012817176064654684,15.545574684480606,15.545574684480606,38.05526238550944,38.05526238550944
2023-08-25,2023-09-13,PUT,4413.905,4395.0,38.9,39.4,39.15,25,2,19,0.0520547945205479,1.004301478953356,ATM,17.2,0.0556,0.0089078498293515,54.19808640449605,0.012331760274060535,15.048086404496054,15.048086404496054,38.437002310334755,38.437002310334755
2023-08-25,2023-09-13,PUT,4413.905,4390.0,37.2,37.6,37.400000000000006,15,50,19,0.0520547945205479,1.0054453302961277,ATM,17.2,0.0556,0.0085193621867881,52.05748864505881,0.011858197869033898,14.657488645058805,14.657488645058805,39.1911461097829,39.1911461097829
2023-08-25,2023-09-13,PUT,4413.905,4385.0,35.6,36.0,35.8,4,15,19,0.0520547945205479,1.0065917901938426,ATM,17.2,0.0556,0.008164196123147,49.9735528869187,0.011396477283219771,14.1735528869187,14.1735528869187,39.59092985172821,39.59092985172821
2023-08-25,2023-09-13,PUT,4413.905,4350.0,26.2,26.6,26.4,114,253,19,0.0520547945205479,1.014690804597701,ATM,17.2,0.0556,0.0060689655172413,36.94365657675985,0.008492794615347092,10.543656576759851,10.543656576759851,39.938093093787316,39.938093093787316
2023-08-25,2023-09-13,PUT,4413.905,4335.0,22.9,23.3,23.1,2,32,19,0.0520547945205479,1.01820184544406,ATM,17.2,0.0556,0.0053287197231833,32.16769277368053,0.0074204596940439516,9.067692773680527,9.067692773680527,39.25408127134427,39.25408127134427
2023-08-25,2023-09-13,PUT,4413.905,4340.0,23.9,24.4,24.15,22,3,19,0.0520547945205479,1.017028801843318,ATM,17.2,0.0556,0.0055645161290322,33.70753722192717,0.007766713645605338,9.55753722192717,9.55753722192717,39.57572348624087,39.57572348624087
2023-08-25,2023-09-13,PUT,4413.905,4425.0,50.6,50.9,50.75,12,80,19,0.0520547945205479,0.9974926553672316,ATM,17.2,0.0556,0.0114689265536723,68.24104865785876,0.01542170591138051,17.491048657858755,17.491048657858755,34.46512050809607,34.46512050809607
2023-08-25,2023-09-12,PUT,4413.905,4375.0,29.8,30.3,30.05,1,4,18,0.0493150684931506,1.0088925714285717,ATM,17.2,0.0556,0.0068685714285714,44.48237799559547,0.010167400684707536,14.43237799559547,14.43237799559547,48.027880185009884,48.027880185009884
2023-08-25,2023-09-12,PUT,4413.905,4370.0,28.5,29.0,28.75,1,1,18,0.0493150684931506,1.0100469107551486,ATM,17.2,0.0556,0.006578947368421,42.576076938222286,0.009742809368014253,13.826076938222286,13.826076938222286,48.09070239381665,48.09070239381665
2023-08-25,2023-09-12,PUT,4413.905,4230.0,7.7,8.0,7.85,2,1,18,0.0493150684931506,1.0434763593380614,ITM,17.2,0.0556,0.0018557919621749,9.514598307443293,0.0022493140206721733,1.6645983074432937,1.6645983074432937,21.205073980169345,21.205073980169345
2023-08-25,2023-09-13,PUT,4413.905,4265.0,12.4,12.7,12.55,4,57,19,0.0520547945205479,1.0349132473622509,ITM,17.2,0.0556,0.0029425556858147,15.615465748384509,0.0036613049820362273,3.065465748384508,3.065465748384508,24.42602189947815,24.42602189947815
2023-08-25,2023-09-13,PUT,4413.905,4275.0,13.5,13.8,13.65,34,410,19,0.0520547945205479,1.032492397660819,ITM,17.2,0.0556,0.0031929824561403,17.45434785184557,0.0040828883863966246,3.8043478518455682,3.8043478518455682,27.870680233300863,27.870680233300863
2023-08-25,2023-09-13,PUT,4413.905,4460.0,68.1,68.5,68.3,21,82,19,0.0520547945205479,0.989664798206278,ATM,17.2,0.0556,0.0153139013452914,87.2212421556078,0.019556332321885157,18.9212421556078,18.9212421556078,27.7031363918123,27.7031363918123
2023-08-25,2023-09-13,PUT,4413.905,4455.0,65.3,65.7,65.5,2,15,19,0.0520547945205479,0.9907755331088663,ATM,17.2,0.0556,0.014702581369248,84.34051133494222,0.018931652375969072,18.84051133494222,18.84051133494222,28.76413944265988,28.76413944265988
2023-08-25,2023-09-13,PUT,4413.905,4450.0,62.6,63.0,62.8,6,58,19,0.0520547945205479,0.9918887640449436,ATM,17.2,0.0556,0.0141123595505617,81.51572589019361,0.018318140649481708,18.71572589019361,18.71572589019361,29.802111290117214,29.802111290117214
2023-08-25,2023-09-13,PUT,4413.905,4520.0,107.1,110.5,108.8,1,2,19,0.0520547945205479,0.9765276548672566,ATM,17.2,0.0556,0.0240707964601769,125.97752846602953,0.027871134616378215,17.17752846602953,17.17752846602953,15.788169545983022,15.788169545983022
2023-08-25,2023-09-14,PUT,4413.905,4200.0,8.3,8.6,8.45,31,82,20,0.0547945205479452,1.050929761904762,ITM,17.2,0.0556,0.0020119047619047,7.72209833259285,0.0018385948410935358,-0.7279016674071492,0.7279016674071492,-8.614220916060939,8.614220916060939
2023-08-25,2023-09-14,PUT,4413.905,4190.0,7.7,8.0,7.85,15,25,20,0.0547945205479452,1.0534379474940334,ITM,17.2,0.0556,0.0018735083532219,6.788652458393017,0.0016202034506904576,-1.0613475416069829,1.0613475416069829,-13.520350848496598,13.520350848496598
2023-08-25,2023-09-14,PUT,4413.905,4180.0,7.2,7.4,7.300000000000001,2,12,20,0.0547945205479452,1.0559581339712918,ITM,17.2,0.0556,0.0017464114832535,5.950193682764223,0.0014234913116660819,-1.3498063172357782,1.3498063172357782,-18.49049749638052,18.49049749638052
2023-08-25,2023-09-14,PUT,4413.905,4175.0,7.0,7.2,7.1,4,13,20,0.0547945205479452,1.057222754491018,ITM,17.2,0.0556,0.0017005988023952,5.564310394407698,0.0013327689567443589,-1.5356896055923013,1.5356896055923013,-21.6294310646803,21.6294310646803
2023-08-25,2023-09-14,PUT,4413.905,4170.0,6.7,6.9,6.800000000000001,7,4,20,0.0547945205479452,1.0584904076738608,ITM,17.2,0.0556,0.001630695443645,5.199475350992316,0.0012468765829717783,-1.600524649007685,1.600524649007685,-23.537127191289482,23.537127191289482
2023-08-25,2023-09-14,PUT,4413.905,4160.0,6.3,6.5,6.4,7,24,20,0.0547945205479452,1.0610348557692306,ITM,17.2,0.0556,0.0015384615384615,4.52950253350707,0.001088822724400738,-1.87049746649293,1.87049746649293,-29.226522913952028,29.226522913952028
2023-08-25,2023-09-14,PUT,4413.905,4125.0,4.9,5.2,5.050000000000001,2,19,20,0.0547945205479452,1.0700375757575755,ITM,17.2,0.0556,0.0012242424242424,2.726296548837581,0.0006609203754757773,-2.3237034511624195,2.3237034511624195,-46.0139297259885,46.0139297259885
2023-08-25,2023-09-14,PUT,4413.905,4100.0,4.2,4.4,4.300000000000001,6,90,20,0.0547945205479452,1.076562195121951,ITM,17.2,0.0556,0.0010487804878048,1.8513544722853936,0.00045154987128912037,-2.448645527714607,2.448645527714607,-56.94524483057224,56.94524483057224
2023-08-25,2023-09-14,PUT,4413.905,4075.0,3.7,3.9,3.8,4,34,20,0.0547945205479452,1.083166871165644,ITM,17.2,0.0556,0.0009325153374233,1.2309855953940456,0.0003020823546979253,-2.569014404605954,2.569014404605954,-67.60564222647248,67.60564222647248
2023-08-25,2023-09-14,PUT,4413.905,4050.0,3.2,3.4,3.3,1,150,20,0.0547945205479452,1.089853086419753,ITM,17.2,0.0556,0.0008148148148148,0.8009071810580153,0.0001977548595204976,-2.4990928189419845,2.4990928189419845,-75.73008542248438,75.73008542248438
2023-08-25,2023-09-13,PUT,4413.905,4435.0,55.0,55.6,55.3,30,65,19,0.0520547945205479,0.9952435174746336,ATM,17.2,0.0556,0.0124689966178128,73.38014312680707,0.016545691798603622,18.080143126807073,18.080143126807073,32.694653032200854,32.694653032200854
2023-08-25,2023-09-13,PUT,4413.905,4430.0,52.8,53.2,53.0,1,46,19,0.0520547945205479,0.996366817155756,ATM,17.2,0.0556,0.0119638826185101,70.78201689122216,0.015977881916754436,17.782016891222156,17.782016891222156,33.550975266456895,33.550975266456895
2023-08-25,2023-09-12,PUT,4413.905,4385.0,32.8,33.3,33.05,2,23,18,0.0493150684931506,1.0065917901938426,ATM,17.2,0.0556,0.0075370581527936,48.46684396019464,0.011052872054776428,15.41684396019464,15.41684396019464,46.64703164960557,46.64703164960557
2023-08-25,2023-09-07,PUT,4413.905,4025.0,1.15,1.25,1.2,1,76,13,0.0356164383561643,1.096622360248447,ITM,17.2,0.0556,0.0002981366459627,0.07340364196460758,1.8236929680647847e-05,-1.1265963580353924,1.1265963580353924,-93.8830298362827,93.8830298362827
2023-08-25,2023-09-15,PUT,4413.905,4550.0,133.7,135.3,134.5,7,992,21,0.0575342465753424,0.9700890109890108,ATM,17.2,0.0556,0.0295604395604395,149.83672415419142,0.03293114816575635,15.336724154191415,15.336724154191415,11.40276888787466,11.40276888787466
2023-08-25,2023-09-15,PUT,4413.905,4535.0,121.4,123.5,122.45,5,168,21,0.0575342465753424,0.973297684674752,ATM,17.2,0.0556,0.0270011025358324,138.7933353255503,0.03060492509934957,16.343335325550285,16.343335325550285,13.346945957983083,13.346945957983083
2023-08-25,2023-09-14,PUT,4413.905,4380.0,36.0,36.5,36.25,7,22,20,0.0547945205479452,1.0077408675799089,ATM,17.2,0.0556,0.0082762557077625,49.400699034639956,0.01127869840973515,13.150699034639956,13.150699034639956,36.277790440386084,36.277790440386084
2023-08-25,2023-09-14,PUT,4413.905,4375.0,34.6,35.0,34.8,7,86,20,0.0547945205479452,1.0088925714285717,ATM,17.2,0.0556,0.0079542857142857,47.421952300145676,0.01083930338289044,12.62195230014568,12.62195230014568,36.26997787398184,36.26997787398184
2023-08-25,2023-09-14,PUT,4413.905,4365.0,31.8,32.2,32.0,1,1,20,0.0547945205479452,1.0112038946162656,ATM,17.2,0.0556,0.0073310423825887,43.62710718129051,0.009994755367993245,11.627107181290512,11.627107181290512,36.33470994153285,36.33470994153285
2023-08-25,2023-09-14,PUT,4413.905,4360.0,30.5,30.9,30.7,3,6,20,0.0547945205479452,1.0123635321100917,ATM,17.2,0.0556,0.0070412844036697,41.81020082355212,0.009589495601732138,11.110200823552123,11.110200823552123,36.18957922981147,36.18957922981147
2023-08-25,2023-09-14,PUT,4413.905,4355.0,29.2,29.6,29.4,1,3,20,0.0547945205479452,1.0135258323765786,ATM,17.2,0.0556,0.0067508610792192,40.04636581726663,0.009195491576869491,10.646365817266634,10.646365817266634,36.212128630158624,36.212128630158624
2023-08-25,2023-09-14,PUT,4413.905,4350.0,28.1,28.4,28.25,16,119,20,0.0547945205479452,1.014690804597701,ATM,17.2,0.0556,0.0064942528735632,38.3350983645455,0.008812666290700115,10.085098364545502,10.085098364545502,35.69946323732921,35.69946323732921
2023-08-25,2023-09-14,PUT,4413.905,4340.0,25.8,26.2,26.0,14,14,20,0.0547945205479452,1.017028801843318,ATM,17.2,0.0556,0.0059907834101382,35.068061423715335,0.008080198484727037,9.068061423715335,9.068061423715335,34.877159321982056,34.877159321982056
2023-08-25,2023-09-14,PUT,4413.905,4335.0,24.7,25.1,24.9,7,6,20,0.0547945205479452,1.01820184544406,ATM,17.2,0.0556,0.0057439446366782,33.511098326525826,0.007730357168748749,8.611098326525827,8.611098326525827,34.58272420291497,34.58272420291497
2023-08-25,2023-09-15,PUT,4413.905,4385.0,39.3,39.7,39.5,197,404,21,0.0575342465753424,1.0065917901938426,ATM,17.2,0.0556,0.0090079817559863,52.85192038894024,0.012052889484364936,13.351920388940243,13.351920388940243,33.80233009858289,33.80233009858289
2023-08-25,2023-09-14,PUT,4413.905,4400.0,42.6,43.0,42.8,16,670,20,0.0547945205479452,1.0031602272727271,ATM,17.2,0.0556,0.0097272727272727,57.865320071306314,0.01315120910711507,15.065320071306317,15.065320071306317,35.19934596099607,35.19934596099607
2023-08-25,2023-09-15,PUT,4413.905,4105.0,4.9,5.1,5.0,47,317,21,0.0575342465753424,1.0752509135200974,ITM,17.2,0.0556,0.0012180267965895,2.2837367265779847,0.0005563305058655261,-2.7162632734220153,2.7162632734220153,-54.32526546844031,54.32526546844031
2023-08-25,2023-09-15,PUT,4413.905,4315.0,22.5,22.7,22.6,89,377,21,0.0575342465753424,1.0229212050984935,ATM,17.2,0.0556,0.0052375434530706,29.01567425906819,0.006724374104071423,6.41567425906819,6.41567425906819,28.38793919941677,28.38793919941677
2023-08-25,2023-09-15,PUT,4413.905,4310.0,21.6,21.9,21.75,91,933,21,0.0575342465753424,1.0241078886310904,ATM,17.2,0.0556,0.0050464037122969,27.682204639900192,0.006422785299280787,5.932204639900192,5.932204639900192,27.274504091495135,27.274504091495135
2023-08-25,2023-09-15,PUT,4413.905,4305.0,20.7,21.1,20.9,101,1393,21,0.0575342465753424,1.0252973286875726,ATM,17.2,0.0556,0.0048548199767711,26.394454484886182,0.006131116024363805,5.494454484886184,5.494454484886184,26.289255908546334,26.289255908546334
2023-08-25,2023-09-15,PUT,4413.905,4325.0,24.4,24.6,24.5,812,2857,21,0.0575342465753424,1.0205560693641618,ATM,17.2,0.0556,0.005664739884393,31.822745818814155,0.007357860304928129,7.322745818814155,7.322745818814155,29.88875844413941,29.88875844413941
2023-08-25,2023-09-15,PUT,4413.905,4295.0,19.1,19.5,19.3,101,524,21,0.0575342465753424,1.027684516880093,ATM,17.2,0.0556,0.0044935972060535,23.95299279473295,0.005576948264198591,4.652992794732949,4.652992794732949,24.10877095716554,24.10877095716554
2023-08-25,2023-09-15,PUT,4413.905,4290.0,18.4,18.7,18.55,458,1040,21,0.0575342465753424,1.0288822843822842,ATM,17.2,0.0556,0.0043240093240093,22.797665981937826,0.005314141254530962,4.247665981937825,4.247665981937825,22.898468905325203,22.898468905325203
2023-08-25,2023-09-15,PUT,4413.905,4285.0,17.7,18.1,17.9,79,1008,21,0.0575342465753424,1.0300828471411902,ITM,17.2,0.0556,0.0041773628938156,21.684831238488414,0.005060637395213166,3.7848312384884153,3.7848312384884153,21.144308594907347,21.144308594907347
2023-08-25,2023-09-15,PUT,4413.905,4280.0,17.0,17.3,17.15,157,1694,21,0.0575342465753424,1.0312862149532709,ITM,17.2,0.0556,0.0040070093457943,20.613632691227053,0.004816269320380153,3.4636326912270547,3.4636326912270547,20.196108986746676,20.196108986746676
2023-08-25,2023-09-15,PUT,4413.905,4275.0,16.4,16.6,16.5,390,2247,21,0.0575342465753424,1.032492397660819,ITM,17.2,0.0556,0.003859649122807,19.583198100949517,0.004580865052853688,3.0831981009495166,3.0831981009495166,18.686049096663737,18.686049096663737
2023-08-25,2023-09-15,PUT,4413.905,4320.0,23.4,23.7,23.55,230,684,21,0.0575342465753424,1.0217372685185184,ATM,17.2,0.0556,0.0054513888888888,30.395613275948563,0.00703602159165476,6.845613275948562,6.845613275948562,29.068421553921706,29.068421553921706
2023-08-25,2023-09-15,PUT,4413.905,4300.0,19.9,20.3,20.1,607,4400,21,0.0575342465753424,1.0264895348837209,ATM,17.2,0.0556,0.0046744186046511,25.151649546577573,0.0058492208247854826,5.051649546577572,5.051649546577572,25.132584808843642,25.132584808843642
2023-08-25,2023-09-14,PUT,4413.905,4330.0,23.7,24.1,23.9,2,12,20,0.0547945205479452,1.019377598152425,ATM,17.2,0.0556,0.0055196304849884,32.004318082106465,0.007391297478546528,8.104318082106467,8.104318082106467,33.90928067826974,33.90928067826974
2023-08-25,2023-09-14,PUT,4413.905,4325.0,22.8,23.1,22.950000000000003,3,7,20,0.0547945205479452,1.0205560693641618,ATM,17.2,0.0556,0.0053063583815028,30.547038422458627,0.0070628990572158675,7.597038422458624,7.597038422458624,33.10256393228158,33.10256393228158
2023-08-25,2023-09-15,PUT,4413.905,4025.0,3.2,3.4,3.3,14,830,21,0.0575342465753424,1.096622360248447,ITM,17.2,0.0556,0.0008198757763975,0.611479344305998,0.00015192033398906784,-2.688520655694002,2.688520655694002,-81.47032289981824,81.47032289981824
2023-08-25,2023-09-15,PUT,4413.905,4015.0,3.1,3.2,3.1500000000000004,34,108,21,0.0575342465753424,1.0993536737235368,ITM,17.2,0.0556,0.0007845579078455,0.5107291389327244,0.00012720526498947058,-2.639270861067276,2.639270861067276,-83.78637654181827,83.78637654181827
2023-08-25,2023-09-14,PUT,4413.905,4800.0,373.8,378.8,376.3,10,10,20,0.0547945205479452,0.9195635416666668,OTM,17.2,0.0556,0.0783958333333333,373.0349972465283,0.07771562442636006,-3.2650027534717196,3.2650027534717196,-0.8676595146084825,0.8676595146084825
2023-08-25,2023-09-14,PUT,4413.905,4415.0,48.2,48.7,48.45,7,9,20,0.0547945205479452,0.9997519818799546,ATM,17.2,0.0556,0.010973952434881,64.79685208649153,0.014676523688899552,16.346852086491523,16.346852086491523,33.73963278945619,33.73963278945619
2023-08-25,2023-09-14,PUT,4413.905,4405.0,44.4,44.8,44.6,19,11,20,0.0547945205479452,1.0020215664018162,ATM,17.2,0.0556,0.0101248581157775,60.12005582531242,0.013648139801433012,15.520055825312419,15.520055825312419,34.79833144688883,34.79833144688883
2023-08-25,2023-09-14,PUT,4413.905,4320.0,21.8,22.2,22.0,6,20,20,0.0547945205479452,1.0217372685185184,ATM,17.2,0.0556,0.0050925925925925,29.138545419178854,0.006745033661846957,7.138545419178854,7.138545419178854,32.447933723540245,32.447933723540245
2023-08-25,2023-09-14,PUT,4413.905,4315.0,20.9,21.3,21.1,4,38,20,0.0547945205479452,1.0229212050984935,ATM,17.2,0.0556,0.0048899188876013,27.77809498960596,0.006437565466884348,6.67809498960596,6.67809498960596,31.649739287232034,31.649739287232034
2023-08-25,2023-09-14,PUT,4413.905,4310.0,20.1,20.4,20.25,11,20,20,0.0547945205479452,1.0241078886310904,ATM,17.2,0.0556,0.0046983758700696,26.46491446184723,0.006140351383259218,6.214914461847229,6.214914461847229,30.69093561406039,30.69093561406039
2023-08-25,2023-09-14,PUT,4413.905,4305.0,19.3,19.6,19.450000000000003,5,12,20,0.0547945205479452,1.0252973286875726,ATM,17.2,0.0556,0.0045180023228803,25.198204193096444,0.005853241392124609,5.748204193096441,5.748204193096441,29.553749064763192,29.553749064763192
2023-08-25,2023-09-15,PUT,4413.905,4095.0,4.7,4.8,4.75,2,1638,21,0.0575342465753424,1.0778766788766787,ITM,17.2,0.0556,0.0011599511599511,1.9594420457986956,0.00047849622608026754,-2.7905579542013044,2.7905579542013044,-58.74858850950115,58.74858850950115
2023-08-25,2023-09-14,PUT,4413.905,4300.0,18.5,18.8,18.65,142,631,20,0.0547945205479452,1.0264895348837209,ATM,17.2,0.0556,0.0043372093023255,23.977139235474738,0.0055760788919708695,5.327139235474739,5.327139235474739,28.563749251875276,28.563749251875276
2023-08-25,2023-09-14,PUT,4413.905,4290.0,17.0,17.3,17.15,6,2,20,0.0547945205479452,1.0288822843822842,ATM,17.2,0.0556,0.0039976689976689,21.668529216966363,0.00505093921141407,4.518529216966364,4.518529216966364,26.34710913683011,26.34710913683011
2023-08-25,2023-09-14,PUT,4413.905,4285.0,16.3,16.7,16.5,23,15,20,0.0547945205479452,1.0300828471411902,ITM,17.2,0.0556,0.0038506417736289,20.579223273662592,0.004802619200388003,4.079223273662592,4.079223273662592,24.7225652949248,24.7225652949248
2023-08-25,2023-09-14,PUT,4413.905,4280.0,15.7,16.0,15.85,1,4,20,0.0547945205479452,1.0312862149532709,ITM,17.2,0.0556,0.0037032710280373,19.532044444829808,0.004563561786175189,3.682044444829808,3.682044444829808,23.230564320692796,23.230564320692796
2023-08-25,2023-09-14,PUT,4413.905,4275.0,15.1,15.4,15.25,6,13,20,0.0547945205479452,1.032492397660819,ITM,17.2,0.0556,0.0035672514619883,18.526067488069316,0.0043335830381448694,3.276067488069316,3.276067488069316,21.48240975783158,21.48240975783158
2023-08-25,2023-09-14,PUT,4413.905,4270.0,14.5,14.8,14.65,42,1,20,0.0547945205479452,1.0337014051522249,ITM,17.2,0.0556,0.0034309133489461,17.560352510947382,0.004112494733242947,2.910352510947382,2.910352510947382,19.865887446739805,19.865887446739805
2023-08-25,2023-09-14,PUT,4413.905,4265.0,13.9,14.2,14.05,27,16,20,0.0547945205479452,1.0349132473622509,ITM,17.2,0.0556,0.0032942555685814,16.633946799319347,0.0039001047595121564,2.583946799319346,2.583946799319346,18.39108042220175,18.39108042220175
2023-08-25,2023-09-14,PUT,4413.905,4260.0,13.3,13.6,13.45,11,21,20,0.0547945205479452,1.0361279342723004,ITM,17.2,0.0556,0.0031572769953051,15.74588664424084,0.003696217522122263,2.2958866442408414,2.2958866442408414,17.069789176511833,17.069789176511833
2023-08-25,2023-09-14,PUT,4413.905,4255.0,12.8,13.1,12.95,1,18,20,0.0547945205479452,1.0373454759106933,ITM,17.2,0.0556,0.0030434782608695,14.89519916146537,0.003500634350520651,1.9451991614653714,1.9451991614653714,15.020842945678544,15.020842945678544
2023-08-25,2023-09-14,PUT,4413.905,4250.0,12.3,12.6,12.45,20,248,20,0.0547945205479452,1.0385658823529411,ITM,17.2,0.0556,0.0029294117647058,14.080904097647817,0.0033131539053288983,1.630904097647818,1.630904097647818,13.099631306408176,13.099631306408176
2023-08-25,2023-09-14,PUT,4413.905,4295.0,17.7,18.1,17.9,8,2,20,0.0547945205479452,1.027684516880093,ATM,17.2,0.0556,0.0041676367869615,22.800871043474103,0.0053087010578519445,4.900871043474105,4.900871043474105,27.379167840637457,27.379167840637457
2023-08-25,2023-09-15,PUT,4413.905,4330.0,25.4,25.6,25.5,309,1082,21,0.0575342465753424,1.019377598152425,ATM,17.2,0.0556,0.0058891454965357,33.2977687640082,0.007690015880833302,7.797768764008197,7.797768764008197,30.57948534905175,30.57948534905175
2023-08-25,2023-09-15,PUT,4413.905,4380.0,37.8,38.1,37.95,134,633,21,0.0575342465753424,1.0077408675799089,ATM,17.2,0.0556,0.0086643835616438,50.81317970625628,0.01160118258133705,12.863179706256275,12.863179706256275,33.89507168973986,33.89507168973986
2023-08-25,2023-09-15,PUT,4413.905,4375.0,36.3,36.6,36.45,832,1659,21,0.0575342465753424,1.0088925714285717,ATM,17.2,0.0556,0.0083314285714285,48.82784130360028,0.011160649440822921,12.377841303600277,12.377841303600277,33.95841235555631,33.95841235555631
2023-08-25,2023-09-15,PUT,4413.905,4100.0,4.8,5.0,4.9,96,2385,21,0.0575342465753424,1.076562195121951,ITM,17.2,0.0556,0.0011951219512195,2.1162314198332126,0.0005161540048373689,-2.7837685801667877,2.7837685801667877,-56.81160367687322,56.81160367687322
2023-08-25,2023-09-15,PUT,4413.905,4185.0,8.3,8.5,8.4,124,330,21,0.0575342465753424,1.0546965352449222,ITM,17.2,0.0556,0.0020071684587813,6.956884271313925,0.0016623379381873178,-1.4431157286860756,1.4431157286860756,-17.179949151024708,17.179949151024708
2023-08-25,2023-09-15,PUT,4413.905,4260.0,14.6,14.8,14.7,116,631,21,0.0575342465753424,1.0361279342723004,ITM,17.2,0.0556,0.0034507042253521,16.72754490181262,0.003926653732819864,2.0275449018126217,2.0275449018126217,13.792822461310351,13.792822461310351
2023-08-25,2023-09-15,PUT,4413.905,4255.0,14.0,14.2,14.1,16,399,21,0.0575342465753424,1.0373454759106933,ITM,17.2,0.0556,0.0033137485311398,15.851174325566717,0.003725305364410509,1.7511743255667174,1.7511743255667174,12.419676067849059,12.419676067849059
2023-08-25,2023-09-15,PUT,4413.905,4250.0,13.5,13.7,13.6,1796,2820,21,0.0575342465753424,1.0385658823529411,ITM,17.2,0.0556,0.0031999999999999,15.01101895428394,0.0035320044598315154,1.411018954283941,1.411018954283941,10.37513936973486,10.37513936973486
2023-08-25,2023-09-15,PUT,4413.905,4245.0,13.0,13.2,13.1,21,830,21,0.0575342465753424,1.0397891637220258,ITM,17.2,0.0556,0.0030859835100117,14.206143105000933,0.003346559035335909,1.1061431050009336,1.1061431050009336,8.443840496190333,8.443840496190333
2023-08-25,2023-09-15,PUT,4413.905,4240.0,12.5,12.7,12.6,91,2479,21,0.0575342465753424,1.041015330188679,ITM,17.2,0.0556,0.0029716981132075,13.43560626400756,0.003168775062265934,0.835606264007561,0.835606264007561,6.631795746091753,6.631795746091753
2023-08-25,2023-09-15,PUT,4413.905,4235.0,12.0,12.3,12.15,53,189,21,0.0575342465753424,1.0422443919716646,ITM,17.2,0.0556,0.0028689492325855,12.6984646835366,0.0029984568320039194,0.5484646835365989,0.5484646835365989,4.514112621700403,4.514112621700403
2023-08-25,2023-09-15,PUT,4413.905,4230.0,11.6,11.8,11.7,69,765,21,0.0575342465753424,1.0434763593380614,ITM,17.2,0.0556,0.0027659574468085,11.993772951143683,0.0028354073170552443,0.2937729511436835,0.2937729511436835,2.5108799243049873,2.5108799243049873
2023-08-25,2023-09-15,PUT,4413.905,4110.0,5.1,5.3,5.199999999999999,53,571,21,0.0575342465753424,1.073942822384428,ITM,17.2,0.0556,0.001265206812652,2.46253945055588,0.0005991580171668808,-2.737460549444119,2.737460549444119,-52.64347210469461,52.64347210469461
2023-08-25,2023-09-15,PUT,4413.905,4225.0,11.2,11.4,11.3,840,1284,21,0.0575342465753424,1.0447112426035503,ITM,17.2,0.0556,0.0026745562130177,11.320585527362937,0.002679428527186494,0.020585527362936062,0.020585527362936062,0.18217280852155807,0.18217280852155807
2023-08-25,2023-09-15,PUT,4413.905,4215.0,10.4,10.6,10.5,29,539,21,0.0575342465753424,1.0471897983392644,ITM,17.2,0.0556,0.0024911032028469,10.064949783163229,0.0023878884420316083,-0.43505021683677114,0.43505021683677114,-4.14333539844544,4.14333539844544
2023-08-25,2023-09-15,PUT,4413.905,4210.0,10.0,10.2,10.1,47,2159,21,0.0575342465753424,1.0484334916864608,ITM,17.2,0.0556,0.0023990498812351,9.480623061062772,0.0022519294681859316,-0.6193769389372275,0.6193769389372275,-6.132444939972549,6.132444939972549
2023-08-25,2023-09-15,PUT,4413.905,4205.0,9.6,9.8,9.7,49,271,21,0.0575342465753424,1.049680142687277,ITM,17.2,0.0556,0.0023067776456599,8.924046633503167,0.002122246524019778,-0.7759533664968323,0.7759533664968323,-7.999519242235386,7.999519242235386
2023-08-25,2023-09-15,PUT,4413.905,4200.0,9.3,9.5,9.4,815,3923,21,0.0575342465753424,1.050929761904762,ITM,17.2,0.0556,0.0022380952380952,8.39429599945305,0.0019986419046316784,-1.0057040005469506,1.0057040005469506,-10.698978729222878,10.698978729222878
2023-08-25,2023-09-15,PUT,4413.905,4195.0,9.0,9.2,9.1,17,1249,21,0.0575342465753424,1.052182359952324,ITM,17.2,0.0556,0.0021692491060786,7.890454872005705,0.0018809189206211454,-1.2095451279942946,1.2095451279942946,-13.291704703234007,13.291704703234007
2023-08-25,2023-09-15,PUT,4413.905,4190.0,8.6,8.8,8.7,34,560,21,0.0575342465753424,1.0534379474940334,ITM,17.2,0.0556,0.0020763723150357,7.411616389987785,0.001768882193314507,-1.2883836100122146,1.2883836100122146,-14.809007011634653,14.809007011634653
2023-08-25,2023-09-08,PUT,4413.905,4525.0,109.8,112.0,110.9,3,596,14,0.0383561643835616,0.9754486187845304,ATM,17.2,0.0556,0.0245082872928176,123.87895345111974,0.02737656429859,12.978953451119736,12.978953451119736,11.703294365301836,11.703294365301836
2023-08-25,2023-09-08,PUT,4413.905,4520.0,105.6,107.6,106.6,1,309,14,0.0383561643835616,0.9765276548672566,ATM,17.2,0.0556,0.0235840707964601,120.13608760182115,0.026578780442880784,13.536087601821151,13.536087601821151,12.698018388199953,12.698018388199953
2023-08-25,2023-09-05,PUT,4413.905,4330.0,10.0,10.3,10.15,98,144,11,0.0301369863013698,1.019377598152425,ATM,17.2,0.0556,0.0023441108545034,18.669784859816218,0.004311728605038387,8.519784859816218,8.519784859816218,83.9387670917854,83.9387670917854
2023-08-25,2023-09-15,PUT,4413.905,4220.0,10.8,11.0,10.9,44,924,21,0.0575342465753424,1.0459490521327013,ITM,17.2,0.0556,0.0025829383886255,10.677958247440301,0.0025303218595830097,-0.22204175255969893,0.22204175255969893,-2.037080298712834,2.037080298712834
2023-08-25,2023-09-15,PUT,4413.905,4115.0,5.2,5.4,5.300000000000001,22,251,21,0.0575342465753424,1.0726379100850547,ITM,17.2,0.0556,0.0012879708383961,2.653241495576708,0.0006447731459481672,-2.6467585044232926,2.6467585044232926,-49.93883970609985,49.93883970609985
2023-08-25,2023-09-15,PUT,4413.905,4120.0,5.4,5.6,5.5,17,1314,21,0.0575342465753424,1.0713361650485436,ITM,17.2,0.0556,0.0013349514563106,2.856465159028744,0.0006933167861720252,-2.643534840971256,2.643534840971256,-48.06426983584102,48.06426983584102
2023-08-25,2023-09-15,PUT,4413.905,4125.0,5.6,5.8,5.699999999999999,38,529,21,0.0575342465753424,1.0700375757575755,ITM,17.2,0.0556,0.0013818181818181,3.072853052417372,0.0007449340733133023,-2.6271469475826272,2.6271469475826272,-46.09029732601101,46.09029732601101
2023-08-25,2023-09-15,PUT,4413.905,4370.0,34.9,35.2,35.05,696,941,21,0.0575342465753424,1.0100469107551486,ATM,17.2,0.0556,0.008020594965675,46.89558622494678,0.010731255429049607,11.845586224946786,11.845586224946786,33.796251711688406,33.796251711688406
2023-08-25,2023-09-15,PUT,4413.905,4365.0,33.5,33.9,33.7,53,323,21,0.0575342465753424,1.0112038946162656,ATM,17.2,0.0556,0.0077205040091638,45.0160565649669,0.010312956830462062,11.3160565649669,11.3160565649669,33.57880286340326,33.57880286340326
2023-08-25,2023-09-15,PUT,4413.905,4360.0,32.2,32.5,32.35,144,933,21,0.0575342465753424,1.0123635321100917,ATM,17.2,0.0556,0.0074197247706422,43.1888561452065,0.009905700950735436,10.838856145206499,10.838856145206499,33.50496490017465,33.50496490017465
2023-08-25,2023-09-15,PUT,4413.905,4355.0,31.0,31.2,31.1,115,583,21,0.0575342465753424,1.0135258323765786,ATM,17.2,0.0556,0.0071412169919632,41.413551276722956,0.009509426240349703,10.313551276722954,10.313551276722954,33.162544298144546,33.162544298144546
2023-08-25,2023-09-15,PUT,4413.905,4350.0,29.8,30.0,29.9,359,2623,21,0.0575342465753424,1.014690804597701,ATM,17.2,0.0556,0.0068735632183908,39.68967160680472,0.009124062438345914,9.789671606804724,9.789671606804724,32.74137661138704,32.74137661138704
2023-08-25,2023-09-15,PUT,4413.905,4345.0,28.5,28.9,28.7,73,328,21,0.0575342465753424,1.0158584579976984,ATM,17.2,0.0556,0.0066052934407364,38.01671104703087,0.008749530735795366,9.316711047030868,9.316711047030868,32.46240782937585,32.46240782937585
2023-08-25,2023-09-15,PUT,4413.905,4340.0,27.5,27.7,27.6,107,688,21,0.0575342465753424,1.017028801843318,ATM,17.2,0.0556,0.0063594470046082,36.394128779655375,0.008385743958445938,8.794128779655374,8.794128779655374,31.86278543353396,31.86278543353396
2023-08-25,2023-09-15,PUT,4413.905,4335.0,26.3,26.7,26.5,132,497,21,0.0575342465753424,1.01820184544406,ATM,17.2,0.0556,0.0061130334486735,34.82135033896384,0.008032606767927069,8.321350338963839,8.321350338963839,31.401322033825807,31.401322033825807
2023-08-25,2023-09-15,PUT,4413.905,4270.0,15.8,16.0,15.9,39,586,21,0.0575342465753424,1.0337014051522249,ITM,17.2,0.0556,0.0037236533957845,18.592640513022502,0.004354248363705504,2.6926405130225017,2.6926405130225017,16.93484599385221,16.93484599385221
2023-08-25,2023-09-15,PUT,4413.905,4265.0,15.2,15.4,15.3,31,1114,21,0.0575342465753424,1.0349132473622509,ITM,17.2,0.0556,0.0035873388042203,17.641059915843016,0.00413623913618828,2.341059915843015,2.341059915843015,15.301045201588336,15.301045201588336
2023-08-25,2023-09-15,PUT,4413.905,4180.0,8.0,8.2,8.1,196,2163,21,0.0575342465753424,1.0559581339712918,ITM,17.2,0.0556,0.0019377990430622,6.525373906009293,0.0015610942358873906,-1.574626093990707,1.574626093990707,-19.43982832087293,19.43982832087293
2023-08-25,2023-09-15,PUT,4413.905,4175.0,7.8,8.0,7.9,61,756,21,0.0575342465753424,1.057222754491018,ITM,17.2,0.0556,0.0018922155688622,6.11621338713951,0.0014649612903328167,-1.7837866128604905,1.7837866128604905,-22.57957737798089,22.57957737798089
2023-08-25,2023-09-15,PUT,4413.905,4170.0,7.5,7.7,7.6,25,396,21,0.0575342465753424,1.0584904076738608,ITM,17.2,0.0556,0.0018225419664268,5.728544478179458,0.0013737516734243305,-1.8714555218205415,1.8714555218205415,-24.6244147607966,24.6244147607966
2023-08-25,2023-09-15,PUT,4413.905,4165.0,7.3,7.4,7.35,3,422,21,0.0575342465753424,1.0597611044417767,ITM,17.2,0.0556,0.0017647058823529,5.361523515656188,0.0012872805559798772,-1.9884764843438116,1.9884764843438116,-27.054101827806964,27.054101827806964
2023-08-25,2023-09-15,PUT,4413.905,4160.0,7.0,7.2,7.1,7,506,21,0.0575342465753424,1.0610348557692306,ITM,17.2,0.0556,0.0017067307692307,5.014322246178949,0.0012053659245622474,-2.0856777538210505,2.0856777538210505,-29.375743011564094,29.375743011564094
2023-08-25,2023-09-15,PUT,4413.905,4155.0,6.8,7.0,6.9,23,343,21,0.0575342465753424,1.0623116726835138,ITM,17.2,0.0556,0.0016606498194945,4.686128597289155,0.0011278287839444417,-2.2138714027108453,2.2138714027108453,-32.0850927929108,32.0850927929108
2023-08-25,2023-09-15,PUT,4413.905,4150.0,6.6,6.7,6.65,351,2193,21,0.0575342465753424,1.06359156626506,ITM,17.2,0.0556,0.0016024096385542,4.376147381824438,0.0010544933450179368,-2.273852618175562,2.273852618175562,-34.19327245376785,34.19327245376785
2023-08-25,2023-09-15,PUT,4413.905,4145.0,6.3,6.5,6.4,44,497,21,0.0575342465753424,1.0648745476477683,ITM,17.2,0.0556,0.0015440289505428,4.083600935780879,0.0009851871980171,-2.3163990642191212,2.3163990642191212,-36.19373537842377,36.19373537842377
2023-08-25,2023-09-15,PUT,4413.905,4140.0,6.1,6.3,6.199999999999999,238,710,21,0.0575342465753424,1.0661606280193237,ITM,17.2,0.0556,0.0014975845410628,3.8077296899259636,0.0009197414709966096,-2.3922703100740357,2.3922703100740357,-38.58500500119413,38.58500500119413
2023-08-25,2023-09-15,PUT,4413.905,4135.0,5.9,6.1,6.0,87,417,21,0.0575342465753424,1.0674498186215235,ITM,17.2,0.0556,0.0014510278113663,3.5477926756798297,0.0008579909735622321,-2.4522073243201703,2.4522073243201703,-40.870122072002836,40.870122072002836
2023-08-25,2023-09-15,PUT,4413.905,4130.0,5.8,5.9,5.85,375,216,21,0.0575342465753424,1.068742130750605,ITM,17.2,0.0556,0.0014164648910411,3.303067966019711,0.0007997743259127629,-2.546932033980289,2.546932033980289,-43.537299726158786,43.537299726158786
2023-08-25,2023-09-15,PUT,4413.905,4035.0,3.4,3.5,3.45,40,215,21,0.0575342465753424,1.09390458488228,ITM,17.2,0.0556,0.0008550185873605,0.7295475647631235,0.00018080484876409504,-2.7204524352368766,2.7204524352368766,-78.85369377498192,78.85369377498192
2023-08-25,2023-09-15,PUT,4413.905,4040.0,3.5,3.6,3.55,25,726,21,0.0575342465753424,1.092550742574257,ITM,17.2,0.0556,0.0008787128712871,0.7958387723365092,0.00019698979513279932,-2.7541612276634906,2.7541612276634906,-77.58200641305608,77.58200641305608
2023-08-25,2023-09-15,PUT,4413.905,4045.0,3.6,3.7,3.65,52,1203,21,0.0575342465753424,1.0912002472187885,ITM,17.2,0.0556,0.0009023485784919,0.8674074088788686,0.00021443940886993042,-2.7825925911211313,2.7825925911211313,-76.23541345537346,76.23541345537346
2023-08-25,2023-09-15,PUT,4413.905,4050.0,3.6,3.8,3.7,64,1796,21,0.0575342465753424,1.089853086419753,ITM,17.2,0.0556,0.0009135802469135,0.9446041340947744,0.00023323558866537639,-2.755395865905226,2.755395865905226,-74.47015853797906,74.47015853797906
2023-08-25,2023-09-15,PUT,4413.905,4475.0,79.7,80.0,79.85,168,777,21,0.0575342465753424,0.9863474860335196,ATM,17.2,0.0556,0.0178435754189944,98.80292035627053,0.0220788648840828,18.95292035627054,18.95292035627054,23.735654798084582,23.735654798084582
2023-08-25,2023-09-15,PUT,4413.905,4470.0,76.8,77.2,77.0,51,378,21,0.0575342465753424,0.9874507829977628,ATM,17.2,0.0556,0.0172259507829977,95.79444661336493,0.02143052496943287,18.794446613364926,18.794446613364926,24.408372225149254,24.408372225149254
2023-08-25,2023-09-15,PUT,4413.905,4465.0,73.9,74.2,74.05000000000001,21,506,21,0.0575342465753424,0.9885565509518476,ATM,17.2,0.0556,0.0165845464725643,92.83823095461776,0.02079243694392335,18.788230954617745,18.788230954617745,25.372357805020584,25.372357805020584
2023-08-25,2023-09-15,PUT,4413.905,4460.0,71.0,71.4,71.2,56,610,21,0.0575342465753424,0.989664798206278,ATM,17.2,0.0556,0.0159641255605381,89.93466732280149,0.02016472361497791,18.734667322801485,18.734667322801485,26.31273500393467,26.31273500393467
2023-08-25,2023-09-15,PUT,4413.905,4455.0,67.9,69.0,68.45,120,455,21,0.0575342465753424,0.9907755331088663,ATM,17.2,0.0556,0.015364758698092,87.08411399027909,0.019547500334518315,18.63411399027909,18.63411399027909,27.222956888647317,27.222956888647317
2023-08-25,2023-09-15,PUT,4413.905,4450.0,65.8,66.1,65.94999999999999,729,2935,21,0.0575342465753424,0.9918887640449436,ATM,17.2,0.0556,0.0148202247191011,84.28689266131187,0.018940874755350983,18.33689266131188,18.33689266131188,27.804234512982383,27.804234512982383
2023-08-25,2023-09-15,PUT,4413.905,4445.0,63.2,63.6,63.400000000000006,115,448,21,0.0575342465753424,0.9930044994375704,ATM,17.2,0.0556,0.0142632170978627,81.54328764597767,0.018344946602019723,18.143287645977665,18.143287645977665,28.617172943182435,28.617172943182435
2023-08-25,2023-09-15,PUT,4413.905,4390.0,40.9,41.2,41.05,146,753,21,0.0575342465753424,1.0054453302961277,ATM,17.2,0.0556,0.0093507972665148,54.94434277073765,0.012515795619758007,13.894342770737651,13.894342770737651,33.847363631516814,33.847363631516814
2023-08-25,2023-09-18,PUT,4413.905,4380.0,39.5,40.2,39.85,52,27,24,0.0657534246575342,1.0077408675799089,ATM,17.2,0.0556,0.0090981735159817,54.82469730325215,0.012517054178824693,14.97469730325215,14.97469730325215,37.57765948118481,37.57765948118481
2023-08-25,2023-09-15,PUT,4413.905,4480.0,82.2,83.4,82.80000000000001,114,829,21,0.0575342465753424,0.9852466517857142,ATM,17.2,0.0556,0.0184821428571428,101.863223535815,0.02273732668210156,19.063223535814984,19.063223535814984,23.023216830694423,23.023216830694423
2023-08-25,2023-09-18,PUT,4413.905,4375.0,38.1,38.7,38.400000000000006,1,87,24,0.0657534246575342,1.0088925714285717,ATM,17.2,0.0556,0.0087771428571428,52.82287621981618,0.012073800278815126,14.422876219816175,14.422876219816175,37.55957348910462,37.55957348910462
2023-08-25,2023-09-18,PUT,4413.905,4360.0,34.0,34.4,34.2,1,41,24,0.0657534246575342,1.0123635321100917,ATM,17.2,0.0556,0.0078440366972477,47.11478043007469,0.010806142300475847,12.914780430074686,12.914780430074686,37.76251587741136,37.76251587741136
2023-08-25,2023-09-18,PUT,4413.905,4355.0,32.7,33.4,33.05,5,29,24,0.0657534246575342,1.0135258323765786,ATM,17.2,0.0556,0.0075889781859931,45.31011131552145,0.010404158740647866,12.260111315521456,12.260111315521456,37.095646945601985,37.095646945601985
2023-08-25,2023-09-18,PUT,4413.905,4350.0,31.5,32.0,31.75,28,130,24,0.0657534246575342,1.014690804597701,ATM,17.2,0.0556,0.0072988505747126,43.55383295608203,0.010012375392202765,11.803832956082033,11.803832956082033,37.17742663332924,37.17742663332924
2023-08-25,2023-09-18,PUT,4413.905,4345.0,30.4,30.8,30.6,31,47,24,0.0657534246575342,1.0158584579976984,ATM,17.2,0.0556,0.007042577675489,41.84552577701152,0.009630730903800119,11.245525777011515,11.245525777011515,36.75008423859972,36.75008423859972
2023-08-25,2023-09-18,PUT,4413.905,4340.0,29.2,29.7,29.45,2,22,24,0.0657534246575342,1.017028801843318,ATM,17.2,0.0556,0.0067857142857142,40.184741063124875,0.009259156926987299,10.734741063124876,10.734741063124876,36.45073366086545,36.45073366086545
2023-08-25,2023-09-18,PUT,4413.905,4335.0,28.2,28.6,28.4,2,57,24,0.0657534246575342,1.01820184544406,ATM,17.2,0.0556,0.0065513264129181,38.5710017355475,0.008897578255028257,10.171001735547499,10.171001735547499,35.813386392772884,35.813386392772884
2023-08-25,2023-09-18,PUT,4413.905,4330.0,27.1,27.5,27.3,2,20,24,0.0657534246575342,1.019377598152425,ATM,17.2,0.0556,0.0063048498845265,37.003803182308275,0.008545912975128932,9.703803182308274,9.703803182308274,35.545066601861805,35.545066601861805
2023-08-25,2023-09-18,PUT,4413.905,4325.0,26.1,26.5,26.3,7,787,24,0.0657534246575342,1.0205560693641618,ATM,17.2,0.0556,0.0060809248554913,35.48261414035301,0.008204072633607631,9.182614140353007,9.182614140353007,34.914882662939185,34.914882662939185
2023-08-25,2023-09-18,PUT,4413.905,4320.0,25.1,25.5,25.3,3,11,24,0.0657534246575342,1.0217372685185184,ATM,17.2,0.0556,0.0058564814814814,34.006877626394726,0.007871962413517298,8.706877626394725,8.706877626394725,34.41453607270642,34.41453607270642
2023-08-25,2023-09-18,PUT,4413.905,4365.0,35.3,35.8,35.55,6,51,24,0.0657534246575342,1.0112038946162656,ATM,17.2,0.0556,0.0081443298969072,48.96823001337066,0.011218380300886748,13.41823001337066,13.41823001337066,37.74466951721705,37.74466951721705
2023-08-25,2023-09-15,PUT,4413.905,4485.0,85.3,87.3,86.3,6,317,21,0.0575342465753424,0.9841482720178372,ATM,17.2,0.0556,0.019241917502787,104.97489382958884,0.0234057734291168,18.67489382958884,18.67489382958884,21.63950617565335,21.63950617565335
2023-08-25,2023-09-15,PUT,4413.905,4490.0,88.6,90.4,89.5,13,512,21,0.0575342465753424,0.9830523385300668,ATM,17.2,0.0556,0.0199331848552338,108.13743633034164,0.024084061543505935,18.637436330341643,18.637436330341643,20.823951207085635,20.823951207085635
2023-08-25,2023-09-15,PUT,4413.905,4495.0,91.9,93.9,92.9,9,506,21,0.0575342465753424,0.9819588431590656,ATM,17.2,0.0556,0.0206674082313681,111.35032469212138,0.02477204108834736,18.45032469212137,18.45032469212137,19.860414092703305,19.860414092703305
2023-08-25,2023-09-15,PUT,4413.905,4525.0,113.2,115.8,114.5,3,501,21,0.0575342465753424,0.9754486187845304,ATM,17.2,0.0556,0.0253038674033149,131.6517925966309,0.029094318805885283,17.151792596630912,17.151792596630912,14.979731525441844,14.979731525441844
2023-08-25,2023-09-15,PUT,4413.905,4520.0,109.8,111.9,110.85,1,275,21,0.0575342465753424,0.9765276548672566,ATM,17.2,0.0556,0.0245243362831858,128.14948636180543,0.028351656274735716,17.299486361805435,17.299486361805435,15.606212324587673,15.606212324587673
2023-08-25,2023-09-15,PUT,4413.905,4510.0,101.9,104.5,103.2,2,250,21,0.0575342465753424,0.9786929046563192,ATM,17.2,0.0556,0.0228824833702882,121.28535538772257,0.026892539997277733,18.085355387722572,18.085355387722572,17.52456917414978,17.52456917414978
2023-08-25,2023-09-15,PUT,4413.905,4530.0,117.5,119.5,118.5,11,877,21,0.0575342465753424,0.9743719646799116,ATM,17.2,0.0556,0.0261589403973509,135.19998602285204,0.029845471528223408,16.699986022852045,16.699986022852045,14.092815209157843,14.092815209157843
2023-08-25,2023-09-15,PUT,4413.905,4560.0,142.3,143.9,143.10000000000002,1,298,21,0.0575342465753424,0.9679616228070176,OTM,17.2,0.0556,0.0313815789473684,157.41055277165833,0.03451985806396016,14.310552771658308,14.310552771658308,10.0003862834789,10.0003862834789
2023-08-25,2023-09-15,PUT,4413.905,4650.0,226.0,228.4,227.2,104,245,21,0.0575342465753424,0.94922688172043,OTM,17.2,0.0556,0.0488602150537634,232.02731206161343,0.04989834667991687,4.827312061613441,4.827312061613441,2.1246972102171835,2.1246972102171835
2023-08-25,2023-09-15,PUT,4413.905,4630.0,206.7,208.7,207.7,1,257,21,0.0575342465753424,0.953327213822894,OTM,17.2,0.0556,0.0448596112311015,214.57079106019637,0.04634358338233183,6.870791060196382,6.870791060196382,3.3080361387560817,3.3080361387560817
2023-08-25,2023-09-15,PUT,4413.905,4600.0,177.7,180.8,179.25,5,824,21,0.0575342465753424,0.9595445652173912,OTM,17.2,0.0556,0.0389673913043478,189.2545159774795,0.04114228608206076,10.004515977479514,10.004515977479514,5.581319931648264,5.581319931648264
2023-08-25,2023-09-15,PUT,4413.905,4575.0,155.4,157.4,156.4,10,706,21,0.0575342465753424,0.9647879781420764,OTM,17.2,0.0556,0.0341857923497267,169.0722809054446,0.03695568981539772,12.67228090544458,12.67228090544458,8.102481397343082,8.102481397343082
2023-08-25,2023-09-15,PUT,4413.905,4505.0,98.8,100.7,99.75,3,277,21,0.0575342465753424,0.9797791342952274,ATM,17.2,0.0556,0.0221420643729189,117.9248836564584,0.026176444762809857,18.174883656458405,18.174883656458405,18.220434743316698,18.220434743316698
2023-08-25,2023-09-15,PUT,4413.905,4500.0,95.3,96.6,95.95,49,2037,21,0.0575342465753424,0.9808677777777776,ATM,17.2,0.0556,0.0213222222222222,114.61300232819895,0.025469556072933098,18.663002328198942,18.663002328198942,19.450758028346996,19.450758028346996
2023-08-25,2023-09-15,PUT,4413.905,4435.0,58.5,58.9,58.7,195,267,21,0.0575342465753424,0.9952435174746336,ATM,17.2,0.0556,0.0132356257046223,76.21787239710193,0.017185540563044402,17.517872397101925,17.517872397101925,29.843053487396805,29.843053487396805
2023-08-25,2023-09-15,PUT,4413.905,4430.0,56.3,56.6,56.45,172,567,21,0.0575342465753424,0.996366817155756,ATM,17.2,0.0556,0.0127426636568848,73.63643744649244,0.016622220642549083,17.186437446492434,17.186437446492434,30.44541620282096,30.44541620282096
2023-08-25,2023-09-15,PUT,4413.905,4425.0,54.1,54.5,54.3,201,998,21,0.0575342465753424,0.9974926553672316,ATM,17.2,0.0556,0.0122711864406779,71.10936827528303,0.01606991373452724,16.809368275283035,16.809368275283035,30.956479328329713,30.956479328329713
2023-08-25,2023-09-15,PUT,4413.905,4420.0,51.9,52.3,52.1,92,1182,21,0.0575342465753424,0.9986210407239818,ATM,17.2,0.0556,0.011787330316742,68.63675256104352,0.015528677050009846,16.53675256104352,16.53675256104352,31.74040798664783,31.74040798664783
2023-08-25,2023-09-15,PUT,4413.905,4415.0,49.9,50.3,50.1,53,341,21,0.0575342465753424,0.9997519818799546,ATM,17.2,0.0556,0.0113476783691959,66.21863730683845,0.014998558846396023,16.118637306838444,16.118637306838444,32.17292875616456,32.17292875616456
2023-08-25,2023-09-15,PUT,4413.905,4410.0,48.0,48.3,48.15,268,729,21,0.0575342465753424,1.0008854875283446,ATM,17.2,0.0556,0.0109183673469387,63.8550285970839,0.014479598321334218,15.705028597083903,15.705028597083903,32.61688182156574,32.61688182156574
2023-08-25,2023-09-15,PUT,4413.905,4405.0,46.1,46.5,46.3,65,578,21,0.0575342465753424,1.0020215664018162,ATM,17.2,0.0556,0.010510783200908,61.545891444684,0.013971825526602498,15.245891444684005,15.245891444684005,32.928491241218154,32.928491241218154
2023-08-25,2023-09-15,PUT,4413.905,4400.0,44.3,44.6,44.45,567,3559,21,0.0575342465753424,1.0031602272727271,ATM,17.2,0.0556,0.0101022727272727,59.291149730574716,0.013475261302403344,14.841149730574713,14.841149730574713,33.38841334212534,33.38841334212534
2023-08-25,2023-09-15,PUT,4413.905,4395.0,42.5,42.9,42.7,301,692,21,0.0575342465753424,1.004301478953356,ATM,17.2,0.0556,0.0097155858930602,57.0906862363986,0.012989917232400136,14.390686236398594,14.390686236398594,33.7018413030412,33.7018413030412
2023-08-25,2023-09-15,PUT,4413.905,4440.0,60.9,61.2,61.05,181,1089,21,0.0575342465753424,0.9941227477477476,ATM,17.2,0.0556,0.01375,78.853545109062,0.017759807456995947,17.803545109062,17.803545109062,29.162236050879606,29.162236050879606
2023-08-25,2023-09-18,PUT,4413.905,4300.0,21.6,22.1,21.85,36,694,24,0.0657534246575342,1.0264895348837209,ATM,17.2,0.0556,0.0050813953488372,28.546472870441676,0.006638714621032948,6.696472870441674,6.696472870441674,30.647473091266242,30.647473091266242
2023-08-25,2023-09-15,PUT,4413.905,4545.0,129.6,132.0,130.8,1,335,21,0.0575342465753424,0.971156215621562,ATM,17.2,0.0556,0.0287788778877887,146.11248110788165,0.03214796063979794,15.312481107881638,15.312481107881638,11.706789837829998,11.706789837829998
2023-08-25,2023-09-18,PUT,4413.905,4385.0,41.1,41.8,41.45,2,29,24,0.0657534246575342,1.0065917901938426,ATM,17.2,0.0556,0.0094526795895096,56.87654675718318,0.012970706216005285,15.426546757183175,15.426546757183175,37.21724187498956,37.21724187498956
2023-08-25,2023-09-18,PUT,4413.905,4460.0,72.5,72.9,72.7,49,74,24,0.0657534246575342,0.989664798206278,ATM,17.2,0.0556,0.0163004484304932,93.73600534789693,0.021017041557824426,21.036005347896932,21.036005347896932,28.935358112650523,28.935358112650523
2023-08-25,2023-09-18,PUT,4413.905,4150.0,7.4,7.7,7.550000000000001,21,215,24,0.0657534246575342,1.06359156626506,ITM,17.2,0.0556,0.0018192771084337,5.768215528935912,0.0013899314527556414,-1.781784471064089,1.781784471064089,-23.599794318729653,23.599794318729653
2023-08-25,2023-09-18,PUT,4413.905,4130.0,6.5,6.8,6.65,2,11,24,0.0657534246575342,1.068742130750605,ITM,17.2,0.0556,0.0016101694915254,4.469257985305745,0.0010821447906309311,-2.180742014694255,2.180742014694255,-32.793113002921125,32.793113002921125
2023-08-25,2023-09-18,PUT,4413.905,4125.0,6.3,6.6,6.449999999999999,21,9,24,0.0657534246575342,1.0700375757575755,ITM,17.2,0.0556,0.0015636363636363,4.186105683336592,0.001014813498990689,-2.263894316663407,2.263894316663407,-35.09913669245593,35.09913669245593
2023-08-25,2023-09-18,PUT,4413.905,4120.0,6.1,6.4,6.25,1,37,24,0.0657534246575342,1.0713361650485436,ITM,17.2,0.0556,0.0015169902912621,3.9182464470729883,0.0009510306910371331,-2.3317535529270117,2.3317535529270117,-37.30805684683219,37.30805684683219
2023-08-25,2023-09-18,PUT,4413.905,4100.0,5.4,5.7,5.550000000000001,8,132,24,0.0657534246575342,1.076562195121951,ITM,17.2,0.0556,0.0013536585365853,2.987093667273342,0.0007285594310422785,-2.5629063327266586,2.5629063327266586,-46.178492481561406,46.178492481561406
2023-08-25,2023-09-18,PUT,4413.905,4050.0,4.1,4.3,4.199999999999999,11,85,24,0.0657534246575342,1.089853086419753,ITM,17.2,0.0556,0.001037037037037,1.4428086169798604,0.00035624904122959515,-2.757191383020139,2.757191383020139,-65.64741388143189,65.64741388143189
2023-08-25,2023-09-14,PUT,4413.905,4230.0,10.5,10.8,10.65,31,52,20,0.0547945205479452,1.0434763593380614,ITM,17.2,0.0556,0.0025177304964539,11.167884397577723,0.002640161796117665,0.5178843975777223,0.5178843975777223,4.862764296504435,4.862764296504435
2023-08-25,2023-09-14,PUT,4413.905,4500.0,93.3,96.4,94.85,2,5,20,0.0547945205479452,0.9808677777777776,ATM,17.2,0.0556,0.0210777777777777,113.43461079111967,0.025207691286915482,18.584610791119673,18.584610791119673,19.593685599493593,19.593685599493593
2023-08-25,2023-09-14,PUT,4413.905,4430.0,54.6,55.0,54.8,2,16,20,0.0547945205479452,0.996366817155756,ATM,17.2,0.0556,0.0123702031602708,72.23090561868366,0.016304944834917307,17.430905618683667,17.430905618683667,31.8082219319045,31.8082219319045
2023-08-25,2023-09-18,PUT,4413.905,4175.0,8.8,9.1,8.95,10,336,24,0.0657534246575342,1.057222754491018,ITM,17.2,0.0556,0.0021437125748502,7.819428487799314,0.001872917003065704,-1.1305715122006852,1.1305715122006852,-12.632083935203188,12.632083935203188
2023-08-25,2023-09-14,PUT,4413.905,4425.0,52.4,52.8,52.6,42,20,20,0.0547945205479452,0.9974926553672316,ATM,17.2,0.0556,0.0118870056497175,69.6970648617239,0.015750749121293536,17.0970648617239,17.0970648617239,32.503925592630985,32.503925592630985
2023-08-25,2023-09-14,PUT,4413.905,4455.0,66.9,67.4,67.15,3,2,20,0.0547945205479452,0.9907755331088663,ATM,17.2,0.0556,0.0150729517396184,85.73234250410951,0.01924407239149484,18.582342504109505,18.582342504109505,27.672885337467616,27.672885337467616
2023-08-25,2023-09-15,PUT,4413.905,4090.0,4.5,4.7,4.6,91,924,21,0.0575342465753424,1.0791943765281171,ITM,17.2,0.0556,0.0011246943765281,1.8128075134536061,0.00044322922089330225,-2.7871924865463935,2.7871924865463935,-60.59114101187812,60.59114101187812
2023-08-25,2023-09-15,PUT,4413.905,4085.0,4.4,4.6,4.5,1,208,21,0.0575342465753424,1.0805152998776009,ITM,17.2,0.0556,0.0011015911872705,1.6757870503807908,0.0004102293880981128,-2.824212949619209,2.824212949619209,-62.76028776931576,62.76028776931576
2023-08-25,2023-09-15,PUT,4413.905,4080.0,4.3,4.4,4.35,63,549,21,0.0575342465753424,1.0818394607843136,ITM,17.2,0.0556,0.0010661764705882,1.5478600812304393,0.00037937747088981355,-2.8021399187695604,2.8021399187695604,-64.41700962688644,64.41700962688644
2023-08-25,2023-09-15,PUT,4413.905,4075.0,4.2,4.3,4.25,22,1072,21,0.0575342465753424,1.083166871165644,ITM,17.2,0.0556,0.001042944785276,1.4285260621077924,0.00035055854284853804,-2.8214739378922076,2.8214739378922076,-66.38762206805194,66.38762206805194
2023-08-25,2023-09-15,PUT,4413.905,4070.0,4.0,4.2,4.1,16,1260,21,0.0575342465753424,1.084497542997543,ITM,17.2,0.0556,0.001007371007371,1.3173042735130167,0.00032366198366413185,-2.782695726486983,2.782695726486983,-67.87062747529227,67.87062747529227
2023-08-25,2023-09-15,PUT,4413.905,4065.0,3.9,4.1,4.0,72,99,21,0.0575342465753424,1.0858314883148832,ITM,17.2,0.0556,0.0009840098400984,1.2137335745110107,0.00029858144514416005,-2.7862664254889893,2.7862664254889893,-69.65666063722473,69.65666063722473
2023-08-25,2023-09-15,PUT,4413.905,4060.0,3.8,4.0,3.9,6,655,21,0.0575342465753424,1.087168719211823,ITM,17.2,0.0556,0.0009605911330049,1.117372120846312,0.00027521480809022464,-2.782627879153688,2.782627879153688,-71.34943279881251,71.34943279881251
2023-08-25,2023-09-15,PUT,4413.905,4055.0,3.7,3.9,3.8,26,238,21,0.0575342465753424,1.08850924784217,ITM,17.2,0.0556,0.0009371146732429,1.027797049738183,0.00025346413063826953,-2.772202950261817,2.772202950261817,-72.95270921741624,72.95270921741624
2023-08-25,2023-09-14,PUT,4413.905,4420.0,50.3,50.7,50.5,1,58,20,0.0547945205479452,0.9986210407239818,ATM,17.2,0.0556,0.0114253393665158,67.219029758548,0.015207925284739368,16.719029758548004,16.719029758548004,33.106989620887134,33.106989620887134
2023-08-25,2023-09-18,PUT,4413.905,4200.0,10.4,10.7,10.55,143,740,24,0.0657534246575342,1.050929761904762,ITM,17.2,0.0556,0.0025119047619047,10.433827752848458,0.0024842447030591565,-0.11617224715154251,0.11617224715154251,-1.1011587407729146,1.1011587407729146
2023-08-25,2023-09-18,PUT,4413.905,4205.0,10.8,11.1,10.95,4,20,24,0.0657534246575342,1.049680142687277,ITM,17.2,0.0556,0.0026040428061831,11.03301346407568,0.0026237844147623496,0.08301346407568033,0.08301346407568033,0.7581138271751628,0.7581138271751628
2023-08-25,2023-09-18,PUT,4413.905,4210.0,11.2,11.5,11.35,4,8,24,0.0657534246575342,1.0484334916864608,ITM,17.2,0.0556,0.0026959619952494,11.659535543073048,0.0027694858772145006,0.3095355430730482,0.3095355430730482,2.727185401524654,2.727185401524654
2023-08-25,2023-09-18,PUT,4413.905,4450.0,67.3,67.7,67.5,1,121,24,0.0657534246575342,0.9918887640449436,ATM,17.2,0.0556,0.0151685393258426,88.16316050287605,0.019811946180421584,20.663160502876053,20.663160502876053,30.61208963389045,30.61208963389045
2023-08-25,2023-09-18,PUT,4413.905,4435.0,60.1,60.5,60.3,16,19,24,0.0657534246575342,0.9952435174746336,ATM,17.2,0.0556,0.0135963923337091,80.18112340651851,0.018079171004851975,19.881123406518512,19.881123406518512,32.9703539079909,32.9703539079909
2023-08-25,2023-09-18,PUT,4413.905,4430.0,57.8,58.6,58.2,1,45,24,0.0657534246575342,0.996366817155756,ATM,17.2,0.0556,0.01313769751693,77.6217390385118,0.017521837254743072,19.421739038511802,19.421739038511802,33.37068563318179,33.37068563318179
2023-08-25,2023-09-18,PUT,4413.905,4415.0,51.6,52.1,51.85,1,40,24,0.0657534246575342,0.9997519818799546,ATM,17.2,0.0556,0.0117440543601359,70.24889664219495,0.015911414867994324,18.39889664219495,18.39889664219495,35.48485369757945,35.48485369757945
2023-08-25,2023-09-18,PUT,4413.905,4410.0,49.7,50.4,50.05,1,31,24,0.0657534246575342,1.0008854875283446,ATM,17.2,0.0556,0.0113492063492063,67.89317163288115,0.015395277014258763,17.843171632881152,17.843171632881152,35.65069257318912,35.65069257318912
2023-08-25,2023-09-18,PUT,4413.905,4405.0,47.8,48.3,48.05,1,4,24,0.0657534246575342,1.0020215664018162,ATM,17.2,0.0556,0.0109080590238365,65.58836690478506,0.014889527106648141,17.538366904785065,17.538366904785065,36.500243298199926,36.500243298199926
2023-08-25,2023-09-18,PUT,4413.905,4400.0,46.0,46.6,46.3,126,67,24,0.0657534246575342,1.0031602272727271,ATM,17.2,0.0556,0.0105227272727272,63.334417453805145,0.014394185784955715,17.034417453805148,17.034417453805148,36.79139838834805,36.79139838834805
2023-08-25,2023-09-18,PUT,4413.905,4395.0,44.3,45.0,44.65,3,22,24,0.0657534246575342,1.004301478953356,ATM,17.2,0.0556,0.0101592718998862,61.131224641078916,0.01390926612993832,16.481224641078917,16.481224641078917,36.91203727005357,36.91203727005357
2023-08-25,2023-09-18,PUT,4413.905,4290.0,20.0,20.4,20.2,6,43,24,0.0657534246575342,1.0288822843822842,ATM,17.2,0.0556,0.0047086247086247,26.072784708382414,0.0060775721930961335,5.872784708382415,5.872784708382415,29.073191625655525,29.073191625655525
2023-08-25,2023-09-18,PUT,4413.905,4285.0,19.3,19.7,19.5,5,100,24,0.0657534246575342,1.0300828471411902,ITM,17.2,0.0556,0.0045507584597432,24.897675251322198,0.005810425962969008,5.397675251322198,5.397675251322198,27.6803859042164,27.6803859042164
2023-08-25,2023-09-18,PUT,4413.905,4280.0,18.6,19.1,18.85,18,237,24,0.0657534246575342,1.0312862149532709,ITM,17.2,0.0556,0.0044042056074766,23.76276204392036,0.005552047206523449,4.91276204392036,4.91276204392036,26.06239811098334,26.06239811098334
2023-08-25,2023-09-18,PUT,4413.905,4275.0,17.9,18.3,18.1,4,33,24,0.0657534246575342,1.032492397660819,ITM,17.2,0.0556,0.0042339181286549,22.66730510227194,0.0053022935911747225,4.567305102271938,4.567305102271938,25.233729846806284,25.233729846806284
2023-08-25,2023-09-15,PUT,4413.905,4700.0,273.6,278.8,276.20000000000005,3,45,21,0.0575342465753424,0.9391287234042552,OTM,17.2,0.0556,0.0587659574468085,277.312580031793,0.05900267660250915,1.1125800317929588,1.1125800317929588,0.40281681093155636,0.40281681093155636
2023-08-25,2023-09-15,PUT,4413.905,4660.0,235.8,239.1,237.45,1,31,21,0.0575342465753424,0.94718991416309,OTM,17.2,0.0556,0.0509549356223175,240.90912763246615,0.05169723768937042,3.4591276324661635,3.4591276324661635,1.4567814834559545,1.4567814834559545
2023-08-25,2023-09-18,PUT,4413.905,4265.0,16.6,17.0,16.8,100,102,24,0.0657534246575342,1.0349132473622509,ITM,17.2,0.0556,0.0039390386869871,20.591729376629132,0.0048280725384827975,3.7917293766291316,3.7917293766291316,22.569817718030546,22.569817718030546
2023-08-25,2023-09-18,PUT,4413.905,4260.0,16.0,16.4,16.2,3,84,24,0.0657534246575342,1.0361279342723004,ITM,17.2,0.0556,0.0038028169014084,19.610063712020747,0.004603301340849941,3.4100637120207473,3.4100637120207473,21.04977600012807,21.04977600012807
2023-08-25,2023-09-18,PUT,4413.905,4255.0,15.5,15.8,15.65,1,10,24,0.0657534246575342,1.0373454759106933,ITM,17.2,0.0556,0.0036780258519388,18.664763096891534,0.004386548318893428,3.0147630968915333,3.0147630968915333,19.263661960968264,19.263661960968264
2023-08-25,2023-09-18,PUT,4413.905,4250.0,14.9,15.3,15.1,91,124,24,0.0657534246575342,1.0385658823529411,ITM,17.2,0.0556,0.0035529411764705,17.755028262174505,0.004177653708746942,2.655028262174506,2.655028262174506,17.582968623672226,17.582968623672226
2023-08-25,2023-09-18,PUT,4413.905,4245.0,14.4,14.7,14.55,22,11,24,0.0657534246575342,1.0397891637220258,ITM,17.2,0.0556,0.0034275618374558,16.880051903861045,0.003976455101027337,2.330051903861044,2.330051903861044,16.014102432034665,16.014102432034665
2023-08-25,2023-09-18,PUT,4413.905,4230.0,12.9,13.2,13.05,1,34,24,0.0657534246575342,1.0434763593380614,ITM,17.2,0.0556,0.0030851063829787,14.455506730792536,0.0034173774777287317,1.4055067307925349,1.4055067307925349,10.770166519483027,10.770166519483027
2023-08-25,2023-09-18,PUT,4413.905,4225.0,12.4,12.8,12.6,52,159,24,0.0657534246575342,1.0447112426035503,ITM,17.2,0.0556,0.00298224852071,13.711374786634224,0.0032452958074873904,1.111374786634224,1.111374786634224,8.820434814557334,8.820434814557334
2023-08-25,2023-09-18,PUT,4413.905,4390.0,42.6,43.4,43.0,2,27,24,0.0657534246575342,1.0054453302961277,ATM,17.2,0.0556,0.0097949886104783,58.978656274477544,0.013434773638833154,15.978656274477544,15.978656274477544,37.15966575459894,37.15966575459894
2023-08-25,2023-09-07,PUT,4413.905,4075.0,1.45,1.55,1.5,12,102,13,0.0356164383561643,1.083166871165644,ITM,17.2,0.0556,0.0003680981595092,0.2572818922227498,6.313666066815945e-05,-1.2427181077772502,1.2427181077772502,-82.84787385181669,82.84787385181669
2023-08-25,2023-09-07,PUT,4413.905,4250.0,5.5,5.7,5.6,42,287,13,0.0356164383561643,1.0385658823529411,ITM,17.2,0.0556,0.0013176470588235,7.456249832910828,0.001754411725390783,1.8562498329108283,1.8562498329108283,33.14731844483622,33.14731844483622
2023-08-25,2023-09-07,PUT,4413.905,4245.0,5.2,5.4,5.300000000000001,3,15,13,0.0356164383561643,1.0397891637220258,ITM,17.2,0.0556,0.001248527679623,6.909270505835707,0.001627625560856468,1.6092705058357062,1.6092705058357062,30.363594449730304,30.363594449730304
2023-08-25,2023-09-18,PUT,4413.905,4490.0,89.6,91.4,90.5,2,27,24,0.0657534246575342,0.9830523385300668,ATM,17.2,0.0556,0.0201559020044543,111.63808252619492,0.02486371548467593,21.13808252619492,21.13808252619492,23.356997266513726,23.356997266513726
2023-08-25,2023-09-18,PUT,4413.905,4485.0,86.5,88.6,87.55,2,9,24,0.0657534246575342,0.9841482720178372,ATM,17.2,0.0556,0.0195206243032329,108.53311444153451,0.02419913365474571,20.98311444153451,20.98311444153451,23.96700678644719,23.96700678644719
2023-08-25,2023-09-18,PUT,4413.905,4480.0,83.9,84.5,84.2,2,17,24,0.0657534246575342,0.9852466517857142,ATM,17.2,0.0556,0.0187946428571428,105.4761483896009,0.023543783122678772,21.27614838960089,21.27614838960089,25.268584785749272,25.268584785749272
2023-08-25,2023-09-19,PUT,4413.905,4350.0,33.1,33.5,33.3,1,116,25,0.0684931506849315,1.014690804597701,ATM,17.2,0.0556,0.0076551724137931,44.781591618647326,0.010294618762907432,11.481591618647329,11.481591618647329,34.47925411005204,34.47925411005204
2023-08-25,2023-09-19,PUT,4413.905,4300.0,23.0,23.4,23.2,7,302,25,0.0684931506849315,1.0264895348837209,ATM,17.2,0.0556,0.0053953488372093,29.637639314046737,0.006892474259080636,6.437639314046738,6.437639314046738,27.748445319166976,27.748445319166976
2023-08-25,2023-09-19,PUT,4413.905,4295.0,22.2,22.6,22.4,1,5,25,0.0684931506849315,1.027684516880093,ATM,17.2,0.0556,0.0052153667054714,28.362627378640127,0.0066036385049220315,5.9626273786401285,5.9626273786401285,26.618872226072003,26.618872226072003
2023-08-25,2023-09-19,PUT,4413.905,4280.0,19.9,20.3,20.1,1,50,25,0.0684931506849315,1.0312862149532709,ITM,17.2,0.0556,0.0046962616822429,24.781438830965044,0.005790055801627347,4.6814388309650425,4.6814388309650425,23.2907404525624,23.2907404525624
2023-08-25,2023-09-19,PUT,4413.905,4275.0,19.2,19.6,19.4,2,5,25,0.0684931506849315,1.032492397660819,ITM,17.2,0.0556,0.0045380116959064,23.666700140479747,0.005536070208299356,4.266700140479749,4.266700140479749,21.993299693194583,21.993299693194583
2023-08-25,2023-09-19,PUT,4413.905,4270.0,18.5,18.9,18.7,7,1,25,0.0684931506849315,1.0337014051522249,ITM,17.2,0.0556,0.0043793911007025,22.590273334086078,0.005290462139130229,3.8902733340860784,3.8902733340860784,20.803600717037853,20.803600717037853
2023-08-25,2023-09-18,PUT,4413.905,4500.0,96.3,98.2,97.25,7,127,24,0.0657534246575342,0.9808677777777776,ATM,17.2,0.0556,0.0216111111111111,117.9902697635548,0.026220059947456624,20.740269763554807,20.740269763554807,21.326755540930392,21.326755540930392
2023-08-25,2023-09-19,PUT,4413.905,4250.0,16.1,16.5,16.3,1,109,25,0.0684931506849315,1.0385658823529411,ITM,17.2,0.0556,0.003835294117647,18.652907226956927,0.004388919347519277,2.3529072269569262,2.3529072269569262,14.43501366231243,14.43501366231243
2023-08-25,2023-09-19,PUT,4413.905,4175.0,9.6,9.9,9.75,1,10,25,0.0684931506849315,1.057222754491018,ITM,17.2,0.0556,0.0023353293413173,8.398832827555793,0.0020116964856421063,-1.3511671724442067,1.3511671724442067,-13.858124845581607,13.858124845581607
2023-08-25,2023-09-19,PUT,4413.905,4170.0,9.3,9.6,9.45,2,10,25,0.0684931506849315,1.0584904076738608,ITM,17.2,0.0556,0.0022661870503597,7.926437998894187,0.0019008244601664717,-1.5235620011058124,1.5235620011058124,-16.12234921805093,16.12234921805093
2023-08-25,2023-09-19,PUT,4413.905,4150.0,8.2,8.4,8.3,5,243,25,0.0684931506849315,1.06359156626506,ITM,17.2,0.0556,0.002,6.249523887875114,0.0015059093705723165,-2.050476112124887,2.050476112124887,-24.704531471384175,24.704531471384175
2023-08-25,2023-09-19,PUT,4413.905,4100.0,6.0,6.3,6.15,1,7,25,0.0684931506849315,1.076562195121951,ITM,17.2,0.0556,0.0015,3.2996917299212214,0.0008048028609563954,-2.850308270078779,2.850308270078779,-46.34647593624031,46.34647593624031
2023-08-25,2023-09-20,PUT,4413.905,4375.0,42.9,43.3,43.1,12,14,26,0.0712328767123287,1.0088925714285717,ATM,17.2,0.0556,0.0098514285714285,55.32276398952581,0.0126452031976059,12.22276398952581,12.22276398952581,28.35908118219445,28.35908118219445
2023-08-25,2023-09-20,PUT,4413.905,4380.0,44.3,44.8,44.55,48,54,26,0.0712328767123287,1.0077408675799089,ATM,17.2,0.0556,0.0101712328767123,57.3333854170462,0.013089814022156667,12.783385417046205,12.783385417046205,28.69446782726421,28.69446782726421
2023-08-25,2023-09-22,PUT,4413.905,4175.0,13.2,13.5,13.35,32,626,28,0.0767123287671232,1.057222754491018,ITM,17.2,0.0556,0.0031976047904191,10.158379855127805,0.002433144875479714,-3.1916201448721946,3.1916201448721946,-23.907267002787975,23.907267002787975
2023-08-25,2023-09-22,PUT,4413.905,4170.0,12.8,13.1,12.95,17,83,28,0.0767123287671232,1.0584904076738608,ITM,17.2,0.0556,0.0031055155875299,9.629028224615752,0.0023091194783251205,-3.3209717753842476,3.3209717753842476,-25.644569694086858,25.644569694086858
2023-08-25,2023-09-22,PUT,4413.905,4165.0,12.4,12.7,12.55,1,76,28,0.0767123287671232,1.0597611044417767,ITM,17.2,0.0556,0.0030132052821128,9.122309957542598,0.0021902304820030248,-3.427690042457403,3.427690042457403,-27.31227125464066,27.31227125464066
2023-08-25,2023-09-19,PUT,4413.905,4180.0,9.9,10.2,10.05,1,1,25,0.0684931506849315,1.0559581339712918,ITM,17.2,0.0556,0.0024043062200956,8.893989288942066,0.0021277486337181978,-1.1560107110579345,1.1560107110579345,-11.502594139879944,11.502594139879944
2023-08-25,2023-09-22,PUT,4413.905,4160.0,12.1,12.4,12.25,4,144,28,0.0767123287671232,1.0610348557692306,ITM,17.2,0.0556,0.0029447115384615,8.63753813792573,0.0020763312831552235,-3.6124618620742694,3.6124618620742694,-29.489484588361382,29.489484588361382
2023-08-25,2023-09-18,PUT,4413.905,4505.0,99.7,101.7,100.7,2,11,24,0.0657534246575342,0.9797791342952274,ATM,17.2,0.0556,0.0223529411764705,121.23654818175919,0.026911553425473737,20.536548181759187,20.536548181759187,20.393791640277243,20.393791640277243
2023-08-25,2023-09-18,PUT,4413.905,4550.0,134.1,136.2,135.14999999999998,6,147,24,0.0657534246575342,0.9700890109890108,ATM,17.2,0.0556,0.0297032967032967,152.46073029917898,0.03350785281300637,17.310730299179,17.310730299179,12.80853148292934,12.80853148292934
2023-08-25,2023-09-20,PUT,4413.905,4180.0,11.6,11.9,11.75,1,35,26,0.0712328767123287,1.0559581339712918,ITM,17.2,0.0556,0.0028110047846889,9.497305702142569,0.0022720827038618585,-2.252694297857431,2.252694297857431,-19.171866364744094,19.171866364744094
2023-08-25,2023-09-20,PUT,4413.905,4370.0,41.4,41.8,41.6,3,13,26,0.0712328767123287,1.0100469107551486,ATM,17.2,0.0556,0.0095194508009153,53.36000675596961,0.012210527861777943,11.760006755969606,11.760006755969606,28.26924700954232,28.26924700954232
2023-08-25,2023-09-20,PUT,4413.905,4365.0,40.0,40.5,40.25,1,67,26,0.0712328767123287,1.0112038946162656,ATM,17.2,0.0556,0.0092210767468499,51.44484891404272,0.011785761492335102,11.194848914042723,11.194848914042723,27.813289227435337,27.813289227435337
2023-08-25,2023-09-20,PUT,4413.905,4355.0,37.4,37.8,37.6,1,7,26,0.0712328767123287,1.0135258323765786,ATM,17.2,0.0556,0.008633754305396,47.756131406568784,0.010965816626077792,10.156131406568782,10.156131406568782,27.010987783427613,27.010987783427613
2023-08-25,2023-09-20,PUT,4413.905,4350.0,36.1,36.5,36.3,5,39,26,0.0712328767123287,1.014690804597701,ATM,17.2,0.0556,0.0083448275862068,45.98190271688236,0.010570552348708588,9.681902716882362,9.681902716882362,26.671908310970696,26.671908310970696
2023-08-25,2023-09-20,PUT,4413.905,4325.0,30.5,30.9,30.7,60,1010,26,0.0712328767123287,1.0205560693641618,ATM,17.2,0.0556,0.0070982658959537,37.79629313979535,0.008739027315559618,7.096293139795353,7.096293139795353,23.114961367411578,23.114961367411578
2023-08-25,2023-09-20,PUT,4413.905,4320.0,29.5,29.9,29.7,11,31,26,0.0712328767123287,1.0217372685185184,ATM,17.2,0.0556,0.006875,36.2931212023459,0.008401185463505996,6.593121202345902,6.593121202345902,22.199061287359942,22.199061287359942
2023-08-25,2023-09-20,PUT,4413.905,4310.0,27.5,27.9,27.7,11,108,26,0.0712328767123287,1.0241078886310904,ATM,17.2,0.0556,0.0064269141531322,33.4166937493535,0.0077532932133070765,5.7166937493534995,5.7166937493534995,20.637883571673285,20.637883571673285
2023-08-25,2023-09-20,PUT,4413.905,4300.0,25.7,26.1,25.9,2,511,26,0.0712328767123287,1.0264895348837209,ATM,17.2,0.0556,0.0060232558139534,30.70976234723571,0.0071418051970315605,4.809762347235711,4.809762347235711,18.570510993188076,18.570510993188076
2023-08-25,2023-09-18,PUT,4413.905,4525.0,114.1,116.3,115.2,1,48,24,0.0657534246575342,0.9754486187845304,ATM,17.2,0.0556,0.0254585635359116,134.6774848833852,0.029762980084726012,19.477484883385202,19.477484883385202,16.907538961271875,16.907538961271875
2023-08-25,2023-09-20,PUT,4413.905,4290.0,24.0,24.4,24.2,2,847,26,0.0712328767123287,1.0288822843822842,ATM,17.2,0.0556,0.0056410256410256,28.16757956452716,0.0065658693623606434,3.96757956452716,3.96757956452716,16.394956878211403,16.394956878211403
2023-08-25,2023-09-20,PUT,4413.905,4275.0,21.7,22.1,21.9,1,391,26,0.0712328767123287,1.032492397660819,ITM,17.2,0.0556,0.0051228070175438,24.65212237427943,0.005766578333164778,2.7521223742794305,2.7521223742794305,12.566768832326167,12.566768832326167
2023-08-25,2023-09-20,PUT,4413.905,4270.0,21.0,21.3,21.15,24,19,26,0.0712328767123287,1.0337014051522249,ITM,17.2,0.0556,0.0049531615925058,23.557060609400423,0.005516876020936867,2.4070606094004248,2.4070606094004248,11.380901226479551,11.380901226479551
2023-08-25,2023-09-20,PUT,4413.905,4260.0,19.6,20.0,19.8,2,12,26,0.0712328767123287,1.0361279342723004,ITM,17.2,0.0556,0.0046478873239436,21.4779175344612,0.005041764679450986,1.6779175344611978,1.6779175344611978,8.474330982127261,8.474330982127261
2023-08-25,2023-09-20,PUT,4413.905,4250.0,18.4,18.7,18.55,1,208,26,0.0712328767123287,1.0385658823529411,ITM,17.2,0.0556,0.0043647058823529,19.54197678760704,0.004598112185319304,0.9919767876070402,0.9919767876070402,5.347583760684853,5.347583760684853
2023-08-25,2023-09-20,PUT,4413.905,4225.0,15.5,15.9,15.7,750,147,26,0.0712328767123287,1.0447112426035503,ITM,17.2,0.0556,0.0037159763313609,15.289909524139489,0.003618913496837749,-0.4100904758605104,0.4100904758605104,-2.6120412475191745,2.6120412475191745
2023-08-25,2023-09-20,PUT,4413.905,4210.0,14.1,14.4,14.25,2,10,26,0.0712328767123287,1.0484334916864608,ITM,17.2,0.0556,0.0033847980997624,13.111503819898303,0.003114371453657554,-1.138496180101697,1.138496180101697,-7.989446877906646,7.989446877906646
2023-08-25,2023-09-20,PUT,4413.905,4200.0,13.2,13.6,13.4,4,230,26,0.0712328767123287,1.050929761904762,ITM,17.2,0.0556,0.0031904761904761,11.801842586387238,0.00280996252056839,-1.5981574136127623,1.5981574136127623,-11.926547862781808,11.926547862781808
2023-08-25,2023-09-19,PUT,4413.905,4375.0,39.7,40.1,39.900000000000006,13,33,25,0.0684931506849315,1.0088925714285717,ATM,17.2,0.0556,0.00912,54.08787804207009,0.012362943552473162,14.187878042070082,14.187878042070082,35.55859158413554,35.55859158413554
2023-08-25,2023-09-19,PUT,4413.905,4370.0,38.3,38.7,38.5,2,33,25,0.0684931506849315,1.0100469107551486,ATM,17.2,0.0556,0.0088100686498855,52.130255317435285,0.011929120209939425,13.630255317435285,13.630255317435285,35.403260564766974,35.403260564766974
2023-08-25,2023-09-20,PUT,4413.905,4280.0,22.4,22.8,22.6,4,11,26,0.0712328767123287,1.0312862149532709,ITM,17.2,0.0556,0.0052803738317757,25.785109648959065,0.006024558329196043,3.185109648959063,3.185109648959063,14.093405526367537,14.093405526367537
2023-08-25,2023-09-22,PUT,4413.905,4155.0,11.7,12.0,11.85,29,46,28,0.0767123287671232,1.0623116726835138,ITM,17.2,0.0556,0.0028519855595667,8.174032394631013,0.001967276147925635,-3.675967605368987,3.675967605368987,-31.02082367399989,31.02082367399989
2023-08-25,2023-09-22,PUT,4413.905,4150.0,11.4,11.7,11.55,111,562,28,0.0767123287671232,1.06359156626506,ITM,17.2,0.0556,0.0027831325301204,7.731119549837274,0.0018629203734547648,-3.8188804501627267,3.8188804501627267,-33.06390000140889,33.06390000140889
2023-08-25,2023-09-22,PUT,4413.905,4140.0,10.7,11.0,10.85,20,229,28,0.0767123287671232,1.0661606280193237,ITM,17.2,0.0556,0.0026207729468599,6.904419490410987,0.0016677341764277747,-3.9455805095890124,3.9455805095890124,-36.364797323401035,36.364797323401035
2023-08-25,2023-09-22,PUT,4413.905,4215.0,16.8,17.2,17.0,108,296,28,0.0767123287671232,1.0471897983392644,ITM,17.2,0.0556,0.0040332147093712,15.292021845275599,0.0036280004377878053,-1.707978154724401,1.707978154724401,-10.046930321908242,10.046930321908242
2023-08-25,2023-09-22,PUT,4413.905,4210.0,16.3,16.7,16.5,12,180,28,0.0767123287671232,1.0484334916864608,ITM,17.2,0.0556,0.0039192399049881,14.556325070078401,0.0034575593990685037,-1.943674929921599,1.943674929921599,-11.779848060130902,11.779848060130902
2023-08-25,2023-09-22,PUT,4413.905,4200.0,15.4,15.7,15.55,672,1763,28,0.0767123287671232,1.050929761904762,ITM,17.2,0.0556,0.0037023809523809,13.16905094253741,0.0031354883196517643,-2.3809490574625904,2.3809490574625904,-15.31156950136714,15.31156950136714
2023-08-25,2023-09-22,PUT,4413.905,4050.0,6.5,6.7,6.6,90,557,28,0.0767123287671232,1.089853086419753,ITM,17.2,0.0556,0.0016296296296296,2.2463568881132545,0.0005546560217563591,-4.353643111886745,4.353643111886745,-65.96428957404159,65.96428957404159
2023-08-25,2023-09-22,PUT,4413.905,4040.0,6.2,6.4,6.300000000000001,57,248,28,0.0767123287671232,1.092550742574257,ITM,17.2,0.0556,0.001559405940594,1.9588334565572012,0.00048485976647455475,-4.3411665434427995,4.3411665434427995,-68.907405451473,68.907405451473
2023-08-25,2023-09-22,PUT,4413.905,4030.0,5.9,6.1,6.0,100,116,28,0.0767123287671232,1.095261786600496,ITM,17.2,0.0556,0.0014888337468982,1.7037682220683052,0.00042277127098469113,-4.296231777931695,4.296231777931695,-71.60386296552825,71.60386296552825
2023-08-25,2023-09-22,PUT,4413.905,4025.0,5.8,6.0,5.9,109,1006,28,0.0767123287671232,1.096622360248447,ITM,17.2,0.0556,0.0014658385093167,1.5874439881047238,0.00039439602188937235,-4.312556011895277,4.312556011895277,-73.09416969314029,73.09416969314029
2023-08-25,2023-09-20,PUT,4413.905,4450.0,71.6,72.1,71.85,7,95,26,0.0712328767123287,0.9918887640449436,ATM,17.2,0.0556,0.0161460674157303,90.58657068292814,0.02035653273773666,18.736570682928146,18.736570682928146,26.077342634555528,26.077342634555528
2023-08-25,2023-09-20,PUT,4413.905,4430.0,62.5,62.9,62.7,40,10,26,0.0712328767123287,0.996366817155756,ATM,17.2,0.0556,0.0141534988713318,80.10957675058307,0.018083425903066157,17.40957675058307,17.40957675058307,27.766470096623717,27.766470096623717
2023-08-25,2023-09-22,PUT,4413.905,4220.0,17.4,17.7,17.549999999999997,9,191,28,0.0767123287671232,1.0459490521327013,ITM,17.2,0.0556,0.0041587677725118,16.05670817926091,0.0038049071514836275,-1.4932918207390884,1.4932918207390884,-8.50878530335663,8.50878530335663
2023-08-25,2023-09-20,PUT,4413.905,4420.0,58.3,58.8,58.55,21,8,26,0.0712328767123287,0.9986210407239818,ATM,17.2,0.0556,0.0132466063348416,75.16366565024009,0.017005354219511333,16.613665650240094,16.613665650240094,28.375176174620144,28.375176174620144
2023-08-25,2023-09-20,PUT,4413.905,4410.0,54.5,54.9,54.7,1,65,26,0.0712328767123287,1.0008854875283446,ATM,17.2,0.0556,0.0124036281179138,70.41344560708444,0.015966767711357015,15.713445607084438,15.713445607084438,28.72659160344504,28.72659160344504
2023-08-25,2023-09-20,PUT,4413.905,4405.0,52.6,53.1,52.85,2,1,26,0.0712328767123287,1.0020215664018162,ATM,17.2,0.0556,0.0119977298524404,68.11170200765741,0.015462361409229833,15.261702007657412,15.261702007657412,28.87739263511336,28.87739263511336
2023-08-25,2023-09-20,PUT,4413.905,4400.0,50.9,51.3,51.1,46,345,26,0.0712328767123287,1.0031602272727271,ATM,17.2,0.0556,0.0116136363636363,65.85880030739918,0.01496790916077254,14.758800307399177,14.758800307399177,28.882192382385863,28.882192382385863
2023-08-25,2023-09-20,PUT,4413.905,4390.0,47.5,47.9,47.7,19,81,26,0.0712328767123287,1.0054453302961277,ATM,17.2,0.0556,0.0108656036446469,61.49913656314175,0.014008914934656435,13.799136563141744,13.799136563141744,28.929007469898835,28.929007469898835
2023-08-25,2023-09-20,PUT,4413.905,4385.0,45.9,46.3,46.1,38,2,26,0.0712328767123287,1.0065917901938426,ATM,17.2,0.0556,0.0105131128848346,59.39210720770939,0.01354438020700328,13.292107207709385,13.292107207709385,28.83320435511797,28.83320435511797
2023-08-25,2023-09-22,PUT,4413.905,4020.0,5.6,5.8,5.699999999999999,104,147,28,0.0767123287671232,1.09798631840796,ITM,17.2,0.0556,0.0014179104477611,1.4781044756809791,0.0003676876805176565,-4.22189552431902,4.22189552431902,-74.06834253191265,74.06834253191265
2023-08-25,2023-09-21,PUT,4413.905,4500.0,98.0,103.2,100.6,1,9,27,0.073972602739726,0.9808677777777776,ATM,17.2,0.0556,0.0223555555555555,121.15620568797294,0.026923601263993988,20.55620568797295,20.55620568797295,20.4336040635914,20.4336040635914
2023-08-25,2023-09-21,PUT,4413.905,4425.0,61.3,62.1,61.7,32,5,27,0.073972602739726,0.9974926553672316,ATM,17.2,0.0556,0.0139435028248587,78.81655356999727,0.017811650524293166,17.116553569997265,17.116553569997265,27.74157790923382,27.74157790923382
2023-08-25,2023-09-21,PUT,4413.905,4420.0,59.3,60.1,59.7,2,1,27,0.073972602739726,0.9986210407239818,ATM,17.2,0.0556,0.0135067873303167,76.37238987653336,0.017278821239034698,16.67238987653336,16.67238987653336,27.9269512169738,27.9269512169738
2023-08-25,2023-09-20,PUT,4413.905,4415.0,56.4,56.8,56.6,4,1,26,0.0712328767123287,0.9997519818799546,ATM,17.2,0.0556,0.0128199320498301,72.76409035035499,0.016481107667124573,16.16409035035499,16.16409035035499,28.55846351652825,28.55846351652825
2023-08-25,2023-09-22,PUT,4413.905,4225.0,17.9,18.2,18.05,141,382,28,0.0767123287671232,1.0447112426035503,ITM,17.2,0.0556,0.0042721893491124,16.85109492242873,0.003988424833710941,-1.198905077571272,1.198905077571272,-6.642133393746659,6.642133393746659
2023-08-25,2023-09-22,PUT,4413.905,4230.0,18.5,18.8,18.65,36,504,28,0.0767123287671232,1.0434763593380614,ITM,17.2,0.0556,0.0044089834515366,17.675890680328166,0.004178697560361269,-0.9741093196718325,0.9741093196718325,-5.223106271698834,5.223106271698834
2023-08-25,2023-09-22,PUT,4413.905,4235.0,19.1,19.4,19.25,123,74,28,0.0767123287671232,1.0422443919716646,ITM,17.2,0.0556,0.0045454545454545,18.531800903111048,0.004375867981844403,-0.7181990968889522,0.7181990968889522,-3.7309043994231286,3.7309043994231286
2023-08-25,2023-09-22,PUT,4413.905,4180.0,13.6,13.9,13.75,6,266,28,0.0767123287671232,1.0559581339712918,ITM,17.2,0.0556,0.0032894736842105,10.711057632241591,0.0025624539790051653,-3.038942367758409,3.038942367758409,-22.101399038242974,22.101399038242974
2023-08-25,2023-09-22,PUT,4413.905,4130.0,10.1,10.4,10.25,42,121,28,0.0767123287671232,1.068742130750605,ITM,17.2,0.0556,0.0024818401937046,6.1522191247906335,0.0014896414345740032,-4.0977808752093665,4.0977808752093665,-39.9783500020426,39.9783500020426
2023-08-25,2023-09-22,PUT,4413.905,4120.0,9.6,9.8,9.7,31,580,28,0.0767123287671232,1.0713361650485436,ITM,17.2,0.0556,0.0023543689320388,5.469451023953184,0.0013275366562993164,-4.230548976046816,4.230548976046816,-43.613906969554805,43.613906969554805
2023-08-25,2023-09-22,PUT,4413.905,4110.0,9.0,9.3,9.15,3,38,28,0.0767123287671232,1.073942822384428,ITM,17.2,0.0556,0.0022262773722627,4.851214360696332,0.001180344126690105,-4.298785639303668,4.298785639303668,-46.98126381752643,46.98126381752643
2023-08-25,2023-09-22,PUT,4413.905,4100.0,8.6,8.8,8.7,432,1320,28,0.0767123287671232,1.076562195121951,ITM,17.2,0.0556,0.0021219512195121,4.292787996351535,0.0010470214625247648,-4.407212003648464,4.407212003648464,-50.657609237338676,50.657609237338676
2023-08-25,2023-09-22,PUT,4413.905,4090.0,8.1,8.3,8.2,42,152,28,0.0767123287671232,1.0791943765281171,ITM,17.2,0.0556,0.0020048899755501,3.789641451197923,0.0009265627020043822,-4.410358548802076,4.410358548802076,-53.78486035124484,53.78486035124484
2023-08-25,2023-09-22,PUT,4413.905,4080.0,7.7,7.9,7.800000000000001,67,109,28,0.0767123287671232,1.0818394607843136,ITM,17.2,0.0556,0.0019117647058823,3.3374437777303,0.0008180009259142893,-4.462556222269701,4.462556222269701,-57.21225925986795,57.21225925986795
2023-08-25,2023-09-22,PUT,4413.905,4075.0,7.5,7.7,7.6,48,274,28,0.0767123287671232,1.083166871165644,ITM,17.2,0.0556,0.0018650306748466,3.1291536257987786,0.0007678904603187187,-4.470846374201221,4.470846374201221,-58.82692597633186,58.82692597633186
2023-08-25,2023-09-22,PUT,4413.905,4070.0,7.3,7.5,7.4,184,59,28,0.0767123287671232,1.084497542997543,ITM,17.2,0.0556,0.0018181818181818,2.9320703804896198,0.0007204104128967125,-4.467929619510381,4.467929619510381,-60.37742729068082,60.37742729068082
2023-08-25,2023-09-22,PUT,4413.905,4060.0,6.9,7.1,7.0,200,118,28,0.0767123287671232,1.087168719211823,ITM,17.2,0.0556,0.0017241379310344,2.56960784868744,0.000632908337115133,-4.43039215131256,4.43039215131256,-63.29131644732229,63.29131644732229
2023-08-25,2023-09-22,PUT,4413.905,4125.0,9.8,10.1,9.95,36,189,28,0.0767123287671232,1.0700375757575755,ITM,17.2,0.0556,0.0024121212121212,5.802466411409284,0.0014066585239780084,-4.147533588590715,4.147533588590715,-41.68375465920317,41.68375465920317
2023-08-25,2023-09-22,PUT,4413.905,4185.0,14.0,14.3,14.15,35,56,28,0.0767123287671232,1.0546965352449222,ITM,17.2,0.0556,0.0033811230585424,11.287759500414097,0.002697194623754862,-2.862240499585903,2.862240499585903,-20.227848053610625,20.227848053610625
2023-08-25,2023-09-22,PUT,4413.905,4190.0,14.5,14.8,14.65,10,145,28,0.0767123287671232,1.0534379474940334,ITM,17.2,0.0556,0.0034964200477326,11.889187832409505,0.002837514995801791,-2.7608121675904957,2.7608121675904957,-18.845134249764477,18.845134249764477
2023-08-25,2023-09-22,PUT,4413.905,4195.0,14.9,15.2,15.05,5,15,28,0.0767123287671232,1.052182359952324,ITM,17.2,0.0556,0.0035876042908224,12.516048670406462,0.00298356344944135,-2.5339513295935383,2.5339513295935383,-16.83688591092052,16.83688591092052
2023-08-25,2023-09-22,PUT,4413.905,4270.0,23.6,24.0,23.8,70,1521,28,0.0767123287671232,1.0337014051522249,ITM,17.2,0.0556,0.0055737704918032,25.45254375367142,0.005960783080485111,1.65254375367142,1.65254375367142,6.943461149879917,6.943461149879917
2023-08-25,2023-09-22,PUT,4413.905,4265.0,22.9,23.3,23.1,212,135,28,0.0767123287671232,1.0349132473622509,ITM,17.2,0.0556,0.0054161781946072,24.359539915801747,0.005711498221758909,1.2595399158017457,1.2595399158017457,5.452553748059505,5.452553748059505
2023-08-25,2023-09-22,PUT,4413.905,4260.0,22.2,22.6,22.4,260,337,28,0.0767123287671232,1.0361279342723004,ITM,17.2,0.0556,0.0052582159624413,23.302422140023964,0.005470052145545532,0.9024221400239654,0.9024221400239654,4.028670267964132,4.028670267964132
2023-08-25,2023-09-22,PUT,4413.905,4255.0,21.5,21.9,21.7,131,53,28,0.0767123287671232,1.0373454759106933,ITM,17.2,0.0556,0.0050998824911868,22.280533191681343,0.005236318023896908,0.5805331916813437,0.5805331916813437,2.6752681644301552,2.6752681644301552
2023-08-25,2023-09-22,PUT,4413.905,4250.0,20.9,21.2,21.05,250,857,28,0.0767123287671232,1.0385658823529411,ITM,17.2,0.0556,0.0049529411764705,21.29320612646461,0.0050101661474034375,0.24320612646461015,0.24320612646461015,1.155373522397198,1.155373522397198
2023-08-25,2023-09-22,PUT,4413.905,4245.0,20.3,20.6,20.450000000000003,101,80,28,0.0767123287671232,1.0397891637220258,ITM,17.2,0.0556,0.0048174322732626,20.339765230736703,0.004791464129737739,-0.11023476926330034,0.11023476926330034,-0.5390453264709062,0.5390453264709062
2023-08-25,2023-09-22,PUT,4413.905,4240.0,19.7,20.0,19.85,681,503,28,0.0767123287671232,1.041015330188679,ITM,17.2,0.0556,0.0046816037735849,19.419526964269835,0.004580077114214584,-0.4304730357301665,0.4304730357301665,-2.1686299029227527,2.1686299029227527
2023-08-25,2023-09-20,PUT,4413.905,4150.0,9.6,9.9,9.75,1,289,26,0.0712328767123287,1.06359156626506,ITM,17.2,0.0556,0.0023493975903614,6.737701029110667,0.0016235424166531729,-3.012298970889333,3.012298970889333,-30.895374060403412,30.895374060403412
2023-08-25,2023-09-20,PUT,4413.905,4100.0,7.2,7.4,7.300000000000001,776,31,26,0.0712328767123287,1.076562195121951,ITM,17.2,0.0556,0.001780487804878,3.622018442096504,0.0008834191322186595,-3.6779815579034967,3.6779815579034967,-50.38330901237666,50.38330901237666
2023-08-25,2023-09-19,PUT,4413.905,4380.0,41.2,41.6,41.400000000000006,4,23,25,0.0684931506849315,1.0077408675799089,ATM,17.2,0.0556,0.0094520547945205,56.094287660939926,0.012806914991082176,14.69428766093992,14.69428766093992,35.49344845637662,35.49344845637662
2023-08-25,2023-09-19,PUT,4413.905,4390.0,44.3,44.7,44.5,6,69,25,0.0684931506849315,1.0054453302961277,ATM,17.2,0.0556,0.010136674259681,60.25443500341407,0.013725383827656965,15.754435003414073,15.754435003414073,35.403224726773196,35.403224726773196
2023-08-25,2023-09-22,PUT,4413.905,4310.0,30.4,30.7,30.55,110,493,28,0.0767123287671232,1.0241078886310904,ATM,17.2,0.0556,0.0070881670533642,35.56340393241294,0.008251369821905554,5.013403932412938,5.013403932412938,16.41048750380667,16.41048750380667
2023-08-25,2023-09-22,PUT,4413.905,4305.0,29.4,29.9,29.65,36,125,28,0.0767123287671232,1.0252973286875726,ATM,17.2,0.0556,0.0068873403019744,34.16112077259049,0.00793521969165865,4.511120772590495,4.511120772590495,15.214572588838093,15.214572588838093
2023-08-25,2023-09-22,PUT,4413.905,4300.0,28.5,28.9,28.7,89,1437,28,0.0767123287671232,1.0264895348837209,ATM,17.2,0.0556,0.0066744186046511,32.7995217765656,0.007627795761992,4.099521776565599,4.099521776565599,14.284048001970726,14.284048001970726
2023-08-25,2023-09-22,PUT,4413.905,4295.0,27.6,28.2,27.9,15,375,28,0.0767123287671232,1.027684516880093,ATM,17.2,0.0556,0.0064959254947613,31.478060193186593,0.00732900120912377,3.5780601931865945,3.5780601931865945,12.824588506045142,12.824588506045142
2023-08-25,2023-09-22,PUT,4413.905,4290.0,26.8,27.2,27.0,86,250,28,0.0767123287671232,1.0288822843822842,ATM,17.2,0.0556,0.0062937062937062,30.19617240051889,0.007038734825295778,3.19617240051889,3.19617240051889,11.83767555747737,11.83767555747737
2023-08-25,2023-09-22,PUT,4413.905,4285.0,26.0,26.3,26.15,33,194,28,0.0767123287671232,1.0300828471411902,ITM,17.2,0.0556,0.0061026837806301,28.953278744689783,0.006756891188959109,2.803278744689784,2.803278744689784,10.719995199578523,10.719995199578523
2023-08-25,2023-09-22,PUT,4413.905,4550.0,135.7,138.0,136.85,4,367,28,0.0767123287671232,0.9700890109890108,ATM,17.2,0.0556,0.030076923076923,155.79721914987067,0.03424114706590564,18.947219149870676,18.947219149870676,13.845245999174772,13.845245999174772
2023-08-25,2023-09-22,PUT,4413.905,4360.0,41.6,42.0,41.8,134,213,28,0.0767123287671232,1.0123635321100917,ATM,17.2,0.0556,0.0095871559633027,51.93053417040187,0.011910672974862814,10.130534170401873,10.130534170401873,24.235727680387257,24.235727680387257
2023-08-25,2023-09-22,PUT,4413.905,4365.0,42.9,43.4,43.15,12,229,28,0.0767123287671232,1.0112038946162656,ATM,17.2,0.0556,0.009885452462772,53.810841982970715,0.012327798850623302,10.660841982970716,10.660841982970716,24.70647041244662,24.70647041244662
2023-08-25,2023-09-22,PUT,4413.905,4315.0,31.3,31.8,31.55,23,152,28,0.0767123287671232,1.0229212050984935,ATM,17.2,0.0556,0.0073117033603707,37.00690032021703,0.00857633842878726,5.456900320217027,5.456900320217027,17.29603904981625,17.29603904981625
2023-08-25,2023-09-22,PUT,4413.905,4410.0,57.0,57.6,57.3,158,206,28,0.0767123287671232,1.0008854875283446,ATM,17.2,0.0556,0.0129931972789115,72.81462314638588,0.016511252414146457,15.514623146385887,15.514623146385887,27.076131145525107,27.076131145525107
2023-08-25,2023-09-22,PUT,4413.905,4400.0,53.8,54.0,53.9,802,11560,28,0.0767123287671232,1.0031602272727271,ATM,17.2,0.0556,0.01225,68.26448777502128,0.015514656312504836,14.364487775021281,14.364487775021281,26.650255612284383,26.650255612284383
2023-08-25,2023-09-22,PUT,4413.905,4395.0,51.8,52.5,52.15,36,165,28,0.0767123287671232,1.004301478953356,ATM,17.2,0.0556,0.0118657565415244,66.05990956289338,0.015030696146278357,13.909909562893382,13.909909562893382,26.672885067868425,26.672885067868425
2023-08-25,2023-09-22,PUT,4413.905,4390.0,50.2,50.9,50.55,187,429,28,0.0767123287671232,1.0054453302961277,ATM,17.2,0.0556,0.0115148063781321,63.90218953943281,0.014556307412171484,13.352189539432814,13.352189539432814,26.413826982062936,26.413826982062936
2023-08-25,2023-09-22,PUT,4413.905,4385.0,48.6,49.2,48.900000000000006,1942,196,28,0.0767123287671232,1.0065917901938426,ATM,17.2,0.0556,0.01115165336374,61.79119340901207,0.01409149222554437,12.891193409012061,12.891193409012061,26.362358709636116,26.362358709636116
2023-08-25,2023-09-22,PUT,4413.905,4380.0,47.1,47.7,47.400000000000006,254,331,28,0.0767123287671232,1.0077408675799089,ATM,17.2,0.0556,0.0108219178082191,59.72676047297591,0.013636246683327833,12.326760472975906,12.326760472975906,26.00582378264959,26.00582378264959
2023-08-25,2023-09-22,PUT,4413.905,4375.0,45.7,46.1,45.900000000000006,129,393,28,0.0767123287671232,1.0088925714285717,ATM,17.2,0.0556,0.0104914285714285,57.708703813802,0.013190560871726173,11.808703813801998,11.808703813801998,25.727023559481477,25.727023559481477
2023-08-25,2023-09-22,PUT,4413.905,4370.0,44.2,44.8,44.5,158,245,28,0.0767123287671232,1.0100469107551486,ATM,17.2,0.0556,0.010183066361556,55.736810524519115,0.012754418884329316,11.236810524519115,11.236810524519115,25.25125960566093,25.25125960566093
2023-08-25,2023-09-25,PUT,4413.905,4290.0,28.2,28.9,28.55,1,4,31,0.084931506849315,1.0288822843822842,ATM,17.2,0.0555899999999999,0.0066550116550116,33.12433007182358,0.007721289061031137,4.574330071823578,4.574330071823578,16.022171880292742,16.022171880292742
2023-08-25,2023-09-25,PUT,4413.905,4280.0,26.6,27.0,26.8,87,2,31,0.084931506849315,1.0312862149532709,ITM,17.2,0.0555899999999999,0.0062616822429906,30.591223998994337,0.007147482242755686,3.7912239989943366,3.7912239989943366,14.146358205202748,14.146358205202748
2023-08-25,2023-09-22,PUT,4413.905,4405.0,55.2,56.0,55.6,22,148,28,0.0767123287671232,1.0020215664018162,ATM,17.2,0.0556,0.012622020431328,70.51603192976177,0.016008179779741605,14.916031929761765,14.916031929761765,26.827395557125474,26.827395557125474
2023-08-25,2023-09-22,PUT,4413.905,4320.0,32.3,32.8,32.55,156,252,28,0.0767123287671232,1.0217372685185184,ATM,17.2,0.0556,0.0075347222222222,38.49212052177904,0.008910213083745148,5.942120521779046,5.942120521779046,18.25536258611074,18.25536258611074
2023-08-25,2023-09-22,PUT,4413.905,4325.0,33.4,33.8,33.599999999999994,638,903,28,0.0767123287671232,1.0205560693641618,ATM,17.2,0.0556,0.0077687861271676,40.01955587978409,0.009253076503996323,6.419555879784099,6.419555879784099,19.10582107078601,19.10582107078601
2023-08-25,2023-09-22,PUT,4413.905,4330.0,34.4,34.8,34.599999999999994,99,711,28,0.0767123287671232,1.019377598152425,ATM,17.2,0.0556,0.0079907621247113,41.58967775784026,0.009605006410586666,6.989677757840269,6.989677757840269,20.20138080300656,20.20138080300656
2023-08-25,2023-09-22,PUT,4413.905,4460.0,78.6,79.0,78.8,560,125,28,0.0767123287671232,0.989664798206278,ATM,17.2,0.0556,0.0176681614349775,98.38696689141625,0.022059858047402747,19.586966891416253,19.586966891416253,24.85655696880235,24.85655696880235
2023-08-25,2023-09-22,PUT,4413.905,4450.0,73.6,74.2,73.9,104,554,28,0.0767123287671232,0.9918887640449436,ATM,17.2,0.0556,0.0166067415730337,92.89799629669324,0.020875954223976007,18.99799629669323,18.99799629669323,25.707708114605182,25.707708114605182
2023-08-25,2023-09-22,PUT,4413.905,4475.0,86.5,86.9,86.7,6,226,28,0.0767123287671232,0.9863474860335196,ATM,17.2,0.0556,0.0193743016759776,106.96628845069199,0.02390308121803173,20.266288450691988,20.266288450691988,23.375188524442894,23.375188524442894
2023-08-25,2023-09-22,PUT,4413.905,4440.0,69.2,69.6,69.4,18,213,28,0.0767123287671232,0.9941227477477476,ATM,17.2,0.0556,0.0156306306306306,87.59534305270836,0.019728680867727107,18.195343052708353,18.195343052708353,26.218073562980333,26.218073562980333
2023-08-25,2023-09-22,PUT,4413.905,4435.0,67.0,67.4,67.2,332,185,28,0.0767123287671232,0.9952435174746336,ATM,17.2,0.0556,0.0151521984216459,85.01425775496364,0.019168941996609613,17.814257754963634,17.814257754963634,26.50931213536255,26.50931213536255
2023-08-25,2023-09-22,PUT,4413.905,4430.0,64.8,65.4,65.1,369,299,28,0.0767123287671232,0.996366817155756,ATM,17.2,0.0556,0.0146952595936794,82.48014742534724,0.018618543436872966,17.380147425347246,17.380147425347246,26.697615092699305,26.697615092699305
2023-08-25,2023-09-22,PUT,4413.905,4425.0,62.8,63.4,63.1,801,323,28,0.0767123287671232,0.9974926553672316,ATM,17.2,0.0556,0.0142598870056497,79.99309016451161,0.0180775345004546,16.893090164511612,16.893090164511612,26.771933699701442,26.771933699701442
2023-08-25,2023-09-22,PUT,4413.905,4445.0,71.4,72.0,71.7,7,56,28,0.0767123287671232,0.9930044994375704,ATM,17.2,0.0556,0.0161304836895388,90.22329919491676,0.02029770510571806,18.52329919491676,18.52329919491676,25.834447970595203,25.834447970595203
2023-08-25,2023-09-22,PUT,4413.905,4480.0,89.2,89.7,89.45,135,215,28,0.0767123287671232,0.9852466517857142,ATM,17.2,0.0556,0.0199665178571428,109.91730423518038,0.02453511255249562,20.46730423518038,20.46730423518038,22.88127918969299,22.88127918969299
2023-08-25,2023-09-22,PUT,4413.905,4540.0,128.1,129.8,128.95,1,69,28,0.0767123287671232,0.97222577092511,ATM,17.2,0.0556,0.0284030837004405,148.74374748624496,0.032762939974943825,19.793747486244968,19.793747486244968,15.349939888518781,15.349939888518781
2023-08-25,2023-09-22,PUT,4413.905,4535.0,124.2,126.3,125.25,1,62,28,0.0767123287671232,0.973297684674752,ATM,17.2,0.0556,0.0276185226019845,145.27673378044756,0.032034560921818646,20.026733780447557,20.026733780447557,15.989408207942162,15.989408207942162
2023-08-25,2023-09-22,PUT,4413.905,4530.0,120.8,122.5,121.65,5,95,28,0.0767123287671232,0.9743719646799116,ATM,17.2,0.0556,0.0268543046357615,141.8502366043649,0.03131351801420859,20.200236604364903,20.200236604364903,16.605208881516567,16.605208881516567
2023-08-25,2023-09-22,PUT,4413.905,4510.0,107.1,108.6,107.85,22,218,28,0.0767123287671232,0.9786929046563192,ATM,17.2,0.0556,0.0239135254988913,128.55934477061555,0.028505397953573295,20.70934477061556,20.70934477061556,19.201988660746924,19.201988660746924
2023-08-25,2023-09-22,PUT,4413.905,4500.0,100.6,102.1,101.35,12,443,28,0.0767123287671232,0.9808677777777776,ATM,17.2,0.0556,0.0225222222222222,122.16944906003027,0.027148766457784506,20.81944906003028,20.81944906003028,20.542130300967223,20.542130300967223
2023-08-25,2023-09-22,PUT,4413.905,4490.0,95.0,95.5,95.25,32,293,28,0.0767123287671232,0.9830523385300668,ATM,17.2,0.0556,0.0212138084632516,115.9544363765026,0.025825041509243342,20.7044363765026,20.7044363765026,21.736941077693018,21.736941077693018
2023-08-25,2023-09-22,PUT,4413.905,4420.0,60.8,61.4,61.1,167,217,28,0.0767123287671232,0.9986210407239818,ATM,17.2,0.0556,0.0138235294117647,77.55313783049223,0.017545958785179238,16.45313783049223,16.45313783049223,26.928212488530654,26.928212488530654
2023-08-25,2023-09-22,PUT,4413.905,4415.0,58.9,59.5,59.2,111,10757,28,0.0767123287671232,0.9997519818799546,ATM,17.2,0.0556,0.0134088335220838,75.16031586214945,0.017023854102412105,15.960315862149443,15.960315862149443,26.95999301038757,26.95999301038757
2023-08-25,2023-09-22,PUT,4413.905,4355.0,40.3,40.8,40.55,1,193,28,0.0767123287671232,1.0135258323765786,ATM,17.2,0.0556,0.0093111366245694,50.09559803370871,0.011503007585237361,9.545598033708714,9.545598033708714,23.540315742808172,23.540315742808172
2023-08-25,2023-09-22,PUT,4413.905,4350.0,39.0,39.4,39.2,181,1243,28,0.0767123287671232,1.014690804597701,ATM,17.2,0.0556,0.0090114942528735,48.30571989056489,0.011104763193233308,9.105719890564885,9.105719890564885,23.228877271849196,23.228877271849196
2023-08-25,2023-09-22,PUT,4413.905,4340.0,36.6,37.2,36.900000000000006,8,238,28,0.0767123287671232,1.017028801843318,ATM,17.2,0.0556,0.0085023041474654,44.85976243297387,0.010336350791007804,7.959762432973861,7.959762432973861,21.57117190507821,21.57117190507821
2023-08-25,2023-09-22,PUT,4413.905,4335.0,35.5,36.0,35.75,63,154,28,0.0767123287671232,1.01820184544406,ATM,17.2,0.0556,0.0082468281430219,43.202936835057244,0.009966075394476873,7.452936835057244,7.452936835057244,20.847375762397885,20.847375762397885
2023-08-25,2023-09-25,PUT,4413.905,4275.0,25.8,26.4,26.1,1,7,31,0.084931506849315,1.032492397660819,ITM,17.2,0.0555899999999999,0.0061052631578947,29.379874940725017,0.006872485366251466,3.2798749407250156,3.2798749407250156,12.566570654118834,12.566570654118834
2023-08-25,2023-09-21,PUT,4413.905,4410.0,55.5,56.3,55.9,1,6,27,0.073972602739726,1.0008854875283446,ATM,17.2,0.0556,0.0126757369614512,71.62807827464417,0.01624219462010072,15.728078274644169,15.728078274644169,28.13609709238671,28.13609709238671
2023-08-25,2023-09-25,PUT,4413.905,4270.0,25.0,25.4,25.2,1,4,31,0.084931506849315,1.0337014051522249,ITM,17.2,0.0555899999999999,0.0059016393442622,28.204603499308405,0.006605293559557003,3.0046034993084056,3.0046034993084056,11.92302975916034,11.92302975916034
2023-08-25,2023-09-25,PUT,4413.905,4260.0,23.6,24.1,23.85,5,34,31,0.084931506849315,1.0361279342723004,ITM,17.2,0.0555899999999999,0.0055985915492957,25.960047507242052,0.006093907865549778,2.110047507242051,2.110047507242051,8.847159359505454,8.847159359505454
2023-08-25,2023-09-25,PUT,4413.905,4180.0,14.6,15.1,14.85,75,177,31,0.084931506849315,1.0559581339712918,ITM,17.2,0.0555899999999999,0.0035526315789473,12.54018085340789,0.003000043266365524,-2.30981914659211,2.30981914659211,-15.554337687488957,15.554337687488957
2023-08-25,2023-09-25,PUT,4413.905,4175.0,14.2,14.6,14.4,16,340,31,0.084931506849315,1.057222754491018,ITM,17.2,0.0555899999999999,0.0034491017964071,11.935289293143455,0.0028587519265014264,-2.464710706856545,2.464710706856545,-17.116046575392673,17.116046575392673
2023-08-25,2023-09-25,PUT,4413.905,4170.0,13.8,14.2,14.0,173,5,31,0.084931506849315,1.0584904076738608,ITM,17.2,0.0555899999999999,0.003357314148681,11.354063430036206,0.002722796985620193,-2.6459365699637942,2.6459365699637942,-18.899546928312816,18.899546928312816
2023-08-25,2023-09-25,PUT,4413.905,4160.0,13.0,13.4,13.2,15,110,31,0.084931506849315,1.0610348557692306,ITM,17.2,0.0555899999999999,0.0031730769230769,10.260065246510521,0.0024663618381034905,-2.939934753489478,2.939934753489478,-22.272232980980895,22.272232980980895
2023-08-25,2023-09-25,PUT,4413.905,4150.0,12.3,12.7,12.5,17,28,31,0.084931506849315,1.06359156626506,ITM,17.2,0.0555899999999999,0.003012048192771,9.253138611351403,0.0022296719545425066,-3.246861388648597,3.246861388648597,-25.974891109188775,25.974891109188775
2023-08-25,2023-09-25,PUT,4413.905,4140.0,11.6,12.0,11.8,2,9,31,0.084931506849315,1.0661606280193237,ITM,17.2,0.0555899999999999,0.0028502415458937,8.328312092357521,0.0020116695875259712,-3.4716879076424796,3.4716879076424796,-29.421083963071858,29.421083963071858
2023-08-25,2023-09-25,PUT,4413.905,4130.0,11.0,11.3,11.15,2,11,31,0.084931506849315,1.068742130750605,ITM,17.2,0.0555899999999999,0.0026997578692493,7.4807083375287675,0.0018113095248253675,-3.669291662471233,3.669291662471233,-32.908445403329445,32.908445403329445
2023-08-25,2023-09-25,PUT,4413.905,4125.0,10.7,11.0,10.85,9,3,31,0.084931506849315,1.0700375757575755,ITM,17.2,0.0555899999999999,0.002630303030303,7.0843706039657945,0.0017174231767189804,-3.765629396034205,3.765629396034205,-34.70626171460097,34.70626171460097
