date,expiration,option_type,S,strike,bid,ask,market_price,volume,open_interest,days_to_expiration,T,moneyness,moneyness_category
2023-08-25,2023-08-28,CALL,440.78999999999996,402.0,38.75,38.96,38.855000000000004,1,2,3,0.00821917808219178,1.0964925373134327,ITM
2023-08-25,2023-08-28,CALL,440.78999999999996,410.0,30.75,30.97,30.86,1,33,3,0.00821917808219178,1.0750975609756097,ITM
2023-08-25,2023-08-28,CALL,440.78999999999996,412.0,28.75,28.97,28.86,2,3,3,0.00821917808219178,1.069878640776699,ITM
2023-08-25,2023-08-28,CALL,440.78999999999996,413.0,27.76,27.97,27.865000000000002,1,17,3,0.00821917808219178,1.0672881355932202,ITM
2023-08-25,2023-08-28,CALL,440.78999999999996,417.0,23.76,23.98,23.87,5,7,3,0.00821917808219178,1.05705035971223,ITM
2023-08-25,2023-08-28,CALL,440.78999999999996,419.0,21.76,21.98,21.87,2,8,3,0.00821917808219178,1.0520047732696896,ITM
2023-08-25,2023-08-28,CALL,440.78999999999996,420.0,20.76,20.98,20.87,66,58,3,0.00821917808219178,1.0494999999999999,ITM
2023-08-25,2023-08-28,CALL,440.78999999999996,423.0,17.77,17.98,17.875,24,15,3,0.00821917808219178,1.0420567375886525,ITM
2023-08-25,2023-08-28,CALL,440.78999999999996,424.0,16.77,16.98,16.875,41,11,3,0.00821917808219178,1.0395990566037736,ITM
2023-08-25,2023-08-28,CALL,440.78999999999996,425.0,15.77,15.99,15.879999999999999,76,61,3,0.00821917808219178,1.0371529411764706,ITM
2023-08-25,2023-08-28,CALL,440.78999999999996,426.0,14.77,14.99,14.879999999999999,75,36,3,0.00821917808219178,1.0347183098591548,ITM
2023-08-25,2023-08-28,CALL,440.78999999999996,427.0,13.78,13.99,13.885,72,131,3,0.00821917808219178,1.032295081967213,ITM
2023-08-25,2023-08-28,CALL,440.78999999999996,428.0,12.78,13.0,12.89,16,84,3,0.00821917808219178,1.0298831775700934,ATM
2023-08-25,2023-08-28,CALL,440.78999999999996,429.0,11.79,12.0,11.895,67,173,3,0.00821917808219178,1.0274825174825173,ATM
2023-08-25,2023-08-28,CALL,440.78999999999996,430.0,10.79,11.01,10.899999999999999,464,1228,3,0.00821917808219178,1.025093023255814,ATM
2023-08-25,2023-08-28,CALL,440.78999999999996,431.0,9.81,10.02,9.915,382,653,3,0.00821917808219178,1.0227146171693735,ATM
2023-08-25,2023-08-28,CALL,440.78999999999996,432.0,8.82,9.03,8.925,672,666,3,0.00821917808219178,1.020347222222222,ATM
2023-08-25,2023-08-28,CALL,440.78999999999996,433.0,7.85,8.05,7.95,617,270,3,0.00821917808219178,1.0179907621247113,ATM
2023-08-25,2023-08-28,CALL,440.78999999999996,434.0,6.89,7.08,6.984999999999999,1434,902,3,0.00821917808219178,1.0156451612903226,ATM
2023-08-25,2023-08-28,PUT,440.78999999999996,434.0,0.12,0.13,0.125,39571,5389,3,0.00821917808219178,1.0156451612903226,ATM
2023-08-25,2023-08-28,CALL,440.78999999999996,435.0,5.95,6.12,6.035,8767,2553,3,0.00821917808219178,1.0133103448275862,ATM
2023-08-25,2023-08-28,PUT,440.78999999999996,435.0,0.18,0.19,0.185,100456,5526,3,0.00821917808219178,1.0133103448275862,ATM
2023-08-25,2023-08-28,CALL,440.78999999999996,436.0,5.05,5.2,5.125,15804,1799,3,0.00821917808219178,1.01098623853211,ATM
2023-08-25,2023-08-28,PUT,440.78999999999996,436.0,0.26,0.27,0.265,94890,3603,3,0.00821917808219178,1.01098623853211,ATM
2023-08-25,2023-08-28,CALL,440.78999999999996,437.0,4.22,4.31,4.265,34872,1478,3,0.00821917808219178,1.0086727688787185,ATM
2023-08-25,2023-08-28,PUT,440.78999999999996,437.0,0.39,0.4,0.395,110778,5117,3,0.00821917808219178,1.0086727688787185,ATM
2023-08-25,2023-08-28,CALL,440.78999999999996,438.0,3.39,3.46,3.425,65807,3687,3,0.00821917808219178,1.0063698630136986,ATM
2023-08-25,2023-08-28,PUT,440.78999999999996,438.0,0.56,0.57,0.565,120179,4835,3,0.00821917808219178,1.0063698630136986,ATM
2023-08-25,2023-08-28,CALL,440.78999999999996,439.0,2.65,2.69,2.67,79074,4035,3,0.00821917808219178,1.0040774487471524,ATM
2023-08-25,2023-08-28,PUT,440.78999999999996,439.0,0.81,0.82,0.815,94229,3329,3,0.00821917808219178,1.0040774487471524,ATM
2023-08-25,2023-08-28,CALL,440.78999999999996,440.0,2.0,2.02,2.01,128228,4661,3,0.00821917808219178,1.0017954545454544,ATM
2023-08-25,2023-08-28,PUT,440.78999999999996,440.0,1.15,1.16,1.1549999999999998,88030,5102,3,0.00821917808219178,1.0017954545454544,ATM
2023-08-25,2023-08-28,CALL,440.78999999999996,441.0,1.45,1.46,1.455,80998,3114,3,0.00821917808219178,0.9995238095238095,ATM
2023-08-25,2023-08-28,PUT,440.78999999999996,441.0,1.59,1.6,1.5950000000000002,32870,3931,3,0.00821917808219178,0.9995238095238095,ATM
2023-08-25,2023-08-28,CALL,440.78999999999996,442.0,1.0,1.01,1.005,58390,3173,3,0.00821917808219178,0.9972624434389139,ATM
2023-08-25,2023-08-28,PUT,440.78999999999996,442.0,2.14,2.16,2.1500000000000004,8850,2069,3,0.00821917808219178,0.9972624434389139,ATM
2023-08-25,2023-08-28,CALL,440.78999999999996,443.0,0.66,0.67,0.665,31439,4727,3,0.00821917808219178,0.9950112866817155,ATM
2023-08-25,2023-08-28,PUT,440.78999999999996,443.0,2.78,2.83,2.8049999999999997,2554,1453,3,0.00821917808219178,0.9950112866817155,ATM
2023-08-25,2023-08-28,CALL,440.78999999999996,444.0,0.41,0.42,0.415,32685,6090,3,0.00821917808219178,0.9927702702702702,ATM
2023-08-25,2023-08-28,PUT,440.78999999999996,444.0,3.51,3.59,3.55,1928,1961,3,0.00821917808219178,0.9927702702702702,ATM
2023-08-25,2023-08-28,CALL,440.78999999999996,445.0,0.24,0.25,0.245,37569,8554,3,0.00821917808219178,0.9905393258426965,ATM
2023-08-25,2023-08-28,PUT,440.78999999999996,445.0,4.32,4.46,4.390000000000001,3001,3263,3,0.00821917808219178,0.9905393258426965,ATM
2023-08-25,2023-08-28,CALL,440.78999999999996,446.0,0.13,0.14,0.135,23694,8116,3,0.00821917808219178,0.9883183856502241,ATM
2023-08-25,2023-08-28,PUT,440.78999999999996,446.0,5.2,5.37,5.285,1343,1432,3,0.00821917808219178,0.9883183856502241,ATM
2023-08-25,2023-08-28,PUT,440.78999999999996,447.0,6.14,6.33,6.234999999999999,649,842,3,0.00821917808219178,0.9861073825503355,ATM
2023-08-25,2023-08-28,PUT,440.78999999999996,448.0,7.1,7.32,7.21,81,101,3,0.00821917808219178,0.9839062499999999,ATM
2023-08-25,2023-08-28,PUT,440.78999999999996,449.0,8.1,8.31,8.205,75,19,3,0.00821917808219178,0.9817149220489977,ATM
2023-08-25,2023-08-28,PUT,440.78999999999996,450.0,9.1,9.31,9.205,1809,30,3,0.00821917808219178,0.9795333333333333,ATM
2023-08-25,2023-08-28,PUT,440.78999999999996,451.0,10.1,10.31,10.205,35,22,3,0.00821917808219178,0.9773614190687361,ATM
2023-08-25,2023-08-28,PUT,440.78999999999996,452.0,11.15,11.31,11.23,40,11,3,0.00821917808219178,0.9751991150442477,ATM
2023-08-25,2023-08-28,PUT,440.78999999999996,453.0,12.1,12.31,12.205,86,10,3,0.00821917808219178,0.973046357615894,ATM
2023-08-25,2023-08-28,PUT,440.78999999999996,454.0,13.1,13.31,13.205,40,12,3,0.00821917808219178,0.9709030837004404,ATM
2023-08-25,2023-08-28,PUT,440.78999999999996,455.0,14.1,14.31,14.205,20,29,3,0.00821917808219178,0.9687692307692307,OTM
2023-08-25,2023-08-28,PUT,440.78999999999996,457.0,16.08,16.31,16.195,5,5,3,0.00821917808219178,0.9645295404814004,OTM
2023-08-25,2023-08-28,PUT,440.78999999999996,464.0,23.08,23.31,23.195,2,1,3,0.00821917808219178,0.949978448275862,OTM
2023-08-25,2023-08-28,PUT,440.78999999999996,470.0,29.08,29.31,29.195,1,2,3,0.00821917808219178,0.9378510638297871,OTM
2023-08-25,2023-08-28,PUT,440.78999999999996,480.0,39.08,39.31,39.195,4,4,3,0.00821917808219178,0.9183125,OTM
2023-08-25,2023-08-29,CALL,440.78999999999996,408.0,32.82,33.04,32.93,4,3,4,0.010958904109589041,1.0803676470588235,ITM
2023-08-25,2023-08-29,CALL,440.78999999999996,415.0,25.83,26.05,25.939999999999998,1,3,4,0.010958904109589041,1.0621445783132528,ITM
2023-08-25,2023-08-29,CALL,440.78999999999996,420.0,20.84,21.06,20.95,1,110,4,0.010958904109589041,1.0494999999999999,ITM
2023-08-25,2023-08-29,CALL,440.78999999999996,421.0,19.84,20.06,19.95,51,1,4,0.010958904109589041,1.0470071258907363,ITM
2023-08-25,2023-08-29,CALL,440.78999999999996,425.0,15.86,16.07,15.965,8,10,4,0.010958904109589041,1.0371529411764706,ITM
2023-08-25,2023-08-29,CALL,440.78999999999996,426.0,14.86,15.08,14.969999999999999,2,4,4,0.010958904109589041,1.0347183098591548,ITM
2023-08-25,2023-08-29,CALL,440.78999999999996,427.0,13.87,14.09,13.98,4,42,4,0.010958904109589041,1.032295081967213,ITM
2023-08-25,2023-08-29,CALL,440.78999999999996,428.0,12.89,13.1,12.995000000000001,11,11,4,0.010958904109589041,1.0298831775700934,ATM
2023-08-25,2023-08-29,CALL,440.78999999999996,429.0,11.91,12.12,12.015,2,26,4,0.010958904109589041,1.0274825174825173,ATM
2023-08-25,2023-08-29,CALL,440.78999999999996,430.0,10.93,11.14,11.035,2237,2063,4,0.010958904109589041,1.025093023255814,ATM
2023-08-25,2023-08-29,CALL,440.78999999999996,431.0,9.96,10.17,10.065000000000001,18,46,4,0.010958904109589041,1.0227146171693735,ATM
2023-08-25,2023-08-29,PUT,440.78999999999996,431.0,0.14,0.15,0.14500000000000002,3832,3059,4,0.010958904109589041,1.0227146171693735,ATM
2023-08-25,2023-08-29,CALL,440.78999999999996,432.0,9.01,9.2,9.105,203,86,4,0.010958904109589041,1.020347222222222,ATM
2023-08-25,2023-08-29,PUT,440.78999999999996,432.0,0.18,0.19,0.185,6753,1958,4,0.010958904109589041,1.020347222222222,ATM
2023-08-25,2023-08-29,CALL,440.78999999999996,433.0,8.07,8.26,8.165,183,97,4,0.010958904109589041,1.0179907621247113,ATM
2023-08-25,2023-08-29,PUT,440.78999999999996,433.0,0.24,0.25,0.245,9511,2722,4,0.010958904109589041,1.0179907621247113,ATM
2023-08-25,2023-08-29,CALL,440.78999999999996,434.0,7.16,7.33,7.245,648,222,4,0.010958904109589041,1.0156451612903226,ATM
2023-08-25,2023-08-29,PUT,440.78999999999996,434.0,0.32,0.33,0.325,6652,2019,4,0.010958904109589041,1.0156451612903226,ATM
2023-08-25,2023-08-29,CALL,440.78999999999996,435.0,6.27,6.43,6.35,7554,519,4,0.010958904109589041,1.0133103448275862,ATM
2023-08-25,2023-08-29,PUT,440.78999999999996,435.0,0.43,0.44,0.435,16164,2023,4,0.010958904109589041,1.0133103448275862,ATM
2023-08-25,2023-08-29,CALL,440.78999999999996,436.0,5.41,5.57,5.49,3016,994,4,0.010958904109589041,1.01098623853211,ATM
2023-08-25,2023-08-29,PUT,440.78999999999996,436.0,0.57,0.58,0.575,18309,9264,4,0.010958904109589041,1.01098623853211,ATM
2023-08-25,2023-08-29,CALL,440.78999999999996,437.0,4.64,4.72,4.68,6308,2353,4,0.010958904109589041,1.0086727688787185,ATM
2023-08-25,2023-08-29,PUT,440.78999999999996,437.0,0.76,0.77,0.765,22075,4195,4,0.010958904109589041,1.0086727688787185,ATM
2023-08-25,2023-08-29,CALL,440.78999999999996,438.0,3.89,3.94,3.915,9332,1763,4,0.010958904109589041,1.0063698630136986,ATM
2023-08-25,2023-08-29,PUT,440.78999999999996,438.0,0.99,1.0,0.995,19749,2552,4,0.010958904109589041,1.0063698630136986,ATM
2023-08-25,2023-08-29,CALL,440.78999999999996,439.0,3.19,3.22,3.205,19647,2816,4,0.010958904109589041,1.0040774487471524,ATM
2023-08-25,2023-08-29,PUT,440.78999999999996,439.0,1.28,1.3,1.29,17323,2568,4,0.010958904109589041,1.0040774487471524,ATM
2023-08-25,2023-08-29,CALL,440.78999999999996,440.0,2.56,2.58,2.5700000000000003,26162,3328,4,0.010958904109589041,1.0017954545454544,ATM
2023-08-25,2023-08-29,PUT,440.78999999999996,440.0,1.65,1.66,1.6549999999999998,21336,4302,4,0.010958904109589041,1.0017954545454544,ATM
2023-08-25,2023-08-29,CALL,440.78999999999996,441.0,2.0,2.01,2.005,11194,2120,4,0.010958904109589041,0.9995238095238095,ATM
2023-08-25,2023-08-29,PUT,440.78999999999996,441.0,2.08,2.1,2.09,9689,3058,4,0.010958904109589041,0.9995238095238095,ATM
2023-08-25,2023-08-29,CALL,440.78999999999996,442.0,1.52,1.53,1.525,6938,1928,4,0.010958904109589041,0.9972624434389139,ATM
2023-08-25,2023-08-29,PUT,440.78999999999996,442.0,2.6,2.62,2.6100000000000003,3292,1867,4,0.010958904109589041,0.9972624434389139,ATM
2023-08-25,2023-08-29,CALL,440.78999999999996,443.0,1.12,1.13,1.125,7008,2267,4,0.010958904109589041,0.9950112866817155,ATM
2023-08-25,2023-08-29,PUT,440.78999999999996,443.0,3.2,3.23,3.215,859,1526,4,0.010958904109589041,0.9950112866817155,ATM
2023-08-25,2023-08-29,CALL,440.78999999999996,444.0,0.8,0.81,0.805,4863,1546,4,0.010958904109589041,0.9927702702702702,ATM
2023-08-25,2023-08-29,PUT,440.78999999999996,444.0,3.86,3.93,3.895,763,1667,4,0.010958904109589041,0.9927702702702702,ATM
2023-08-25,2023-08-29,CALL,440.78999999999996,445.0,0.55,0.56,0.555,8559,3674,4,0.010958904109589041,0.9905393258426965,ATM
2023-08-25,2023-08-29,PUT,440.78999999999996,445.0,4.57,4.71,4.640000000000001,320,1399,4,0.010958904109589041,0.9905393258426965,ATM
2023-08-25,2023-08-29,CALL,440.78999999999996,446.0,0.37,0.38,0.375,2940,2243,4,0.010958904109589041,0.9883183856502241,ATM
2023-08-25,2023-08-29,PUT,440.78999999999996,446.0,5.38,5.54,5.46,78,951,4,0.010958904109589041,0.9883183856502241,ATM
2023-08-25,2023-08-29,CALL,440.78999999999996,447.0,0.24,0.25,0.245,3186,2697,4,0.010958904109589041,0.9861073825503355,ATM
2023-08-25,2023-08-29,PUT,440.78999999999996,447.0,6.25,6.43,6.34,31,380,4,0.010958904109589041,0.9861073825503355,ATM
2023-08-25,2023-08-29,CALL,440.78999999999996,448.0,0.15,0.16,0.155,1767,3455,4,0.010958904109589041,0.9839062499999999,ATM
2023-08-25,2023-08-29,PUT,440.78999999999996,448.0,7.16,7.36,7.26,14,56,4,0.010958904109589041,0.9839062499999999,ATM
2023-08-25,2023-08-29,PUT,440.78999999999996,449.0,8.11,8.32,8.215,6,7,4,0.010958904109589041,0.9817149220489977,ATM
2023-08-25,2023-08-29,PUT,440.78999999999996,450.0,9.1,9.32,9.21,20,24,4,0.010958904109589041,0.9795333333333333,ATM
2023-08-25,2023-08-29,PUT,440.78999999999996,451.0,10.1,10.32,10.21,11,4,4,0.010958904109589041,0.9773614190687361,ATM
2023-08-25,2023-08-29,PUT,440.78999999999996,452.0,11.1,11.32,11.21,1,10,4,0.010958904109589041,0.9751991150442477,ATM
2023-08-25,2023-08-29,PUT,440.78999999999996,453.0,12.09,12.32,12.205,12,11,4,0.010958904109589041,0.973046357615894,ATM
2023-08-25,2023-08-29,PUT,440.78999999999996,454.0,13.09,13.32,13.205,42,17,4,0.010958904109589041,0.9709030837004404,ATM
2023-08-25,2023-08-29,PUT,440.78999999999996,484.0,43.08,43.31,43.195,1,1,4,0.010958904109589041,0.9107231404958677,OTM
2023-08-25,2023-08-30,CALL,440.78999999999996,405.0,35.88,36.11,35.995000000000005,1,1,5,0.0136986301369863,1.0883703703703702,ITM
2023-08-25,2023-08-30,CALL,440.78999999999996,408.0,32.89,33.11,33.0,6,3,5,0.0136986301369863,1.0803676470588235,ITM
2023-08-25,2023-08-30,CALL,440.78999999999996,420.0,20.91,21.14,21.025,16,134,5,0.0136986301369863,1.0494999999999999,ITM
2023-08-25,2023-08-30,CALL,440.78999999999996,422.0,18.93,19.15,19.04,2,1,5,0.0136986301369863,1.0445260663507108,ITM
2023-08-25,2023-08-30,CALL,440.78999999999996,424.0,16.94,17.17,17.055,6,5,5,0.0136986301369863,1.0395990566037736,ITM
2023-08-25,2023-08-30,CALL,440.78999999999996,425.0,15.96,16.18,16.07,22,15,5,0.0136986301369863,1.0371529411764706,ITM
2023-08-25,2023-08-30,CALL,440.78999999999996,426.0,14.97,15.19,15.08,4,64,5,0.0136986301369863,1.0347183098591548,ITM
2023-08-25,2023-08-30,PUT,440.78999999999996,427.0,0.12,0.13,0.125,3440,4989,5,0.0136986301369863,1.032295081967213,ITM
2023-08-25,2023-08-30,CALL,440.78999999999996,428.0,13.02,13.23,13.125,1,21,5,0.0136986301369863,1.0298831775700934,ATM
2023-08-25,2023-08-30,PUT,440.78999999999996,428.0,0.14,0.15,0.14500000000000002,3681,996,5,0.0136986301369863,1.0298831775700934,ATM
2023-08-25,2023-08-30,CALL,440.78999999999996,429.0,12.05,12.26,12.155000000000001,10,18,5,0.0136986301369863,1.0274825174825173,ATM
2023-08-25,2023-08-30,PUT,440.78999999999996,429.0,0.17,0.18,0.175,3547,1054,5,0.0136986301369863,1.0274825174825173,ATM
2023-08-25,2023-08-30,CALL,440.78999999999996,430.0,11.09,11.29,11.19,36,2815,5,0.0136986301369863,1.025093023255814,ATM
2023-08-25,2023-08-30,PUT,440.78999999999996,430.0,0.21,0.22,0.215,12903,12367,5,0.0136986301369863,1.025093023255814,ATM
2023-08-25,2023-08-30,CALL,440.78999999999996,431.0,10.15,10.34,10.245000000000001,8,366,5,0.0136986301369863,1.0227146171693735,ATM
2023-08-25,2023-08-30,PUT,440.78999999999996,431.0,0.26,0.27,0.265,3410,2630,5,0.0136986301369863,1.0227146171693735,ATM
2023-08-25,2023-08-30,CALL,440.78999999999996,432.0,9.22,9.41,9.315000000000001,30,240,5,0.0136986301369863,1.020347222222222,ATM
2023-08-25,2023-08-30,PUT,440.78999999999996,432.0,0.33,0.34,0.335,5670,1476,5,0.0136986301369863,1.020347222222222,ATM
2023-08-25,2023-08-30,CALL,440.78999999999996,433.0,8.32,8.49,8.405000000000001,600,297,5,0.0136986301369863,1.0179907621247113,ATM
2023-08-25,2023-08-30,PUT,440.78999999999996,433.0,0.42,0.43,0.425,5156,1985,5,0.0136986301369863,1.0179907621247113,ATM
2023-08-25,2023-08-30,CALL,440.78999999999996,434.0,7.44,7.6,7.52,899,1475,5,0.0136986301369863,1.0156451612903226,ATM
2023-08-25,2023-08-30,PUT,440.78999999999996,434.0,0.53,0.54,0.535,3884,4372,5,0.0136986301369863,1.0156451612903226,ATM
2023-08-25,2023-08-30,CALL,440.78999999999996,435.0,6.59,6.73,6.66,2237,1161,5,0.0136986301369863,1.0133103448275862,ATM
2023-08-25,2023-08-30,PUT,440.78999999999996,435.0,0.67,0.68,0.675,19891,7153,5,0.0136986301369863,1.0133103448275862,ATM
2023-08-25,2023-08-30,CALL,440.78999999999996,436.0,5.79,5.89,5.84,5090,957,5,0.0136986301369863,1.01098623853211,ATM
2023-08-25,2023-08-30,PUT,440.78999999999996,436.0,0.85,0.86,0.855,10152,10747,5,0.0136986301369863,1.01098623853211,ATM
2023-08-25,2023-08-30,CALL,440.78999999999996,437.0,5.03,5.09,5.0600000000000005,5887,976,5,0.0136986301369863,1.0086727688787185,ATM
2023-08-25,2023-08-30,PUT,440.78999999999996,437.0,1.07,1.08,1.0750000000000002,11665,3605,5,0.0136986301369863,1.0086727688787185,ATM
2023-08-25,2023-08-30,CALL,440.78999999999996,438.0,4.3,4.34,4.32,7708,1890,5,0.0136986301369863,1.0063698630136986,ATM
2023-08-25,2023-08-30,PUT,440.78999999999996,438.0,1.34,1.35,1.3450000000000002,16983,2778,5,0.0136986301369863,1.0063698630136986,ATM
2023-08-25,2023-08-30,CALL,440.78999999999996,439.0,3.63,3.65,3.6399999999999997,8235,2683,5,0.0136986301369863,1.0040774487471524,ATM
2023-08-25,2023-08-30,PUT,440.78999999999996,439.0,1.65,1.67,1.66,11694,2626,5,0.0136986301369863,1.0040774487471524,ATM
2023-08-25,2023-08-30,CALL,440.78999999999996,440.0,3.01,3.02,3.0149999999999997,13708,1922,5,0.0136986301369863,1.0017954545454544,ATM
2023-08-25,2023-08-30,PUT,440.78999999999996,440.0,2.03,2.04,2.035,8570,3298,5,0.0136986301369863,1.0017954545454544,ATM
2023-08-25,2023-08-30,CALL,440.78999999999996,441.0,2.44,2.46,2.45,8354,2214,5,0.0136986301369863,0.9995238095238095,ATM
2023-08-25,2023-08-30,PUT,440.78999999999996,441.0,2.47,2.48,2.475,5847,1379,5,0.0136986301369863,0.9995238095238095,ATM
2023-08-25,2023-08-30,CALL,440.78999999999996,442.0,1.94,1.96,1.95,7988,2703,5,0.0136986301369863,0.9972624434389139,ATM
2023-08-25,2023-08-30,PUT,440.78999999999996,442.0,2.97,2.98,2.975,2237,1052,5,0.0136986301369863,0.9972624434389139,ATM
2023-08-25,2023-08-30,CALL,440.78999999999996,443.0,1.51,1.52,1.5150000000000001,3435,3984,5,0.0136986301369863,0.9950112866817155,ATM
2023-08-25,2023-08-30,PUT,440.78999999999996,443.0,3.53,3.56,3.545,615,1561,5,0.0136986301369863,0.9950112866817155,ATM
2023-08-25,2023-08-30,CALL,440.78999999999996,444.0,1.15,1.16,1.1549999999999998,5792,1857,5,0.0136986301369863,0.9927702702702702,ATM
2023-08-25,2023-08-30,PUT,440.78999999999996,444.0,4.16,4.21,4.1850000000000005,102,1051,5,0.0136986301369863,0.9927702702702702,ATM
2023-08-25,2023-08-30,CALL,440.78999999999996,445.0,0.85,0.86,0.855,6283,2146,5,0.0136986301369863,0.9905393258426965,ATM
2023-08-25,2023-08-30,PUT,440.78999999999996,445.0,4.85,4.93,4.89,144,1619,5,0.0136986301369863,0.9905393258426965,ATM
2023-08-25,2023-08-30,CALL,440.78999999999996,446.0,0.61,0.62,0.615,3092,1662,5,0.0136986301369863,0.9883183856502241,ATM
2023-08-25,2023-08-30,PUT,440.78999999999996,446.0,5.58,5.73,5.655,189,746,5,0.0136986301369863,0.9883183856502241,ATM
2023-08-25,2023-08-30,CALL,440.78999999999996,447.0,0.43,0.44,0.435,2031,2443,5,0.0136986301369863,0.9861073825503355,ATM
2023-08-25,2023-08-30,PUT,440.78999999999996,447.0,6.4,6.58,6.49,147,671,5,0.0136986301369863,0.9861073825503355,ATM
2023-08-25,2023-08-30,CALL,440.78999999999996,448.0,0.3,0.31,0.305,2384,3516,5,0.0136986301369863,0.9839062499999999,ATM
2023-08-25,2023-08-30,PUT,440.78999999999996,448.0,7.27,7.45,7.359999999999999,556,692,5,0.0136986301369863,0.9839062499999999,ATM
2023-08-25,2023-08-30,CALL,440.78999999999996,449.0,0.2,0.21,0.20500000000000002,1966,6802,5,0.0136986301369863,0.9817149220489977,ATM
2023-08-25,2023-08-30,PUT,440.78999999999996,449.0,8.18,8.38,8.280000000000001,24,43,5,0.0136986301369863,0.9817149220489977,ATM
2023-08-25,2023-08-30,CALL,440.78999999999996,450.0,0.13,0.14,0.135,1750,1765,5,0.0136986301369863,0.9795333333333333,ATM
2023-08-25,2023-08-30,PUT,440.78999999999996,450.0,9.12,9.33,9.225,50,515,5,0.0136986301369863,0.9795333333333333,ATM
2023-08-25,2023-08-30,PUT,440.78999999999996,451.0,10.1,10.32,10.21,12,13,5,0.0136986301369863,0.9773614190687361,ATM
2023-08-25,2023-08-30,PUT,440.78999999999996,452.0,11.09,11.32,11.205,1,6,5,0.0136986301369863,0.9751991150442477,ATM
2023-08-25,2023-08-30,PUT,440.78999999999996,465.0,24.08,24.32,24.2,3,1,5,0.0136986301369863,0.9479354838709677,OTM
2023-08-25,2023-08-30,PUT,440.78999999999996,480.0,39.07,39.31,39.19,24,7,5,0.0136986301369863,0.9183125,OTM
2023-08-25,2023-08-31,CALL,440.78999999999996,420.0,21.19,21.42,21.305,12,26,6,0.01643835616438356,1.0494999999999999,ITM
2023-08-25,2023-08-31,CALL,440.78999999999996,421.0,20.2,20.43,20.314999999999998,6,12,6,0.01643835616438356,1.0470071258907363,ITM
2023-08-25,2023-08-31,PUT,440.78999999999996,424.0,0.12,0.13,0.125,641,1636,6,0.01643835616438356,1.0395990566037736,ITM
2023-08-25,2023-08-31,CALL,440.78999999999996,425.0,16.26,16.48,16.37,602,10214,6,0.01643835616438356,1.0371529411764706,ITM
2023-08-25,2023-08-31,PUT,440.78999999999996,425.0,0.14,0.15,0.14500000000000002,4460,17392,6,0.01643835616438356,1.0371529411764706,ITM
2023-08-25,2023-08-31,CALL,440.78999999999996,426.0,15.28,15.5,15.39,40,161,6,0.01643835616438356,1.0347183098591548,ITM
2023-08-25,2023-08-31,PUT,440.78999999999996,426.0,0.16,0.17,0.165,4531,5576,6,0.01643835616438356,1.0347183098591548,ITM
2023-08-25,2023-08-31,CALL,440.78999999999996,427.0,14.31,14.53,14.42,15,280,6,0.01643835616438356,1.032295081967213,ITM
2023-08-25,2023-08-31,PUT,440.78999999999996,427.0,0.18,0.19,0.185,1602,2755,6,0.01643835616438356,1.032295081967213,ITM
2023-08-25,2023-08-31,CALL,440.78999999999996,428.0,13.35,13.56,13.455,1,16,6,0.01643835616438356,1.0298831775700934,ATM
2023-08-25,2023-08-31,PUT,440.78999999999996,428.0,0.22,0.23,0.225,2980,1271,6,0.01643835616438356,1.0298831775700934,ATM
2023-08-25,2023-08-31,CALL,440.78999999999996,429.0,12.39,12.6,12.495000000000001,3,158,6,0.01643835616438356,1.0274825174825173,ATM
2023-08-25,2023-08-31,PUT,440.78999999999996,429.0,0.26,0.27,0.265,1722,1666,6,0.01643835616438356,1.0274825174825173,ATM
2023-08-25,2023-08-31,CALL,440.78999999999996,430.0,11.45,11.65,11.55,57,1955,6,0.01643835616438356,1.025093023255814,ATM
2023-08-25,2023-08-31,PUT,440.78999999999996,430.0,0.32,0.33,0.325,8235,6898,6,0.01643835616438356,1.025093023255814,ATM
2023-08-25,2023-08-31,CALL,440.78999999999996,431.0,10.53,10.72,10.625,36,976,6,0.01643835616438356,1.0227146171693735,ATM
2023-08-25,2023-08-31,PUT,440.78999999999996,431.0,0.38,0.4,0.39,35901,6162,6,0.01643835616438356,1.0227146171693735,ATM
2023-08-25,2023-08-31,CALL,440.78999999999996,432.0,9.62,9.8,9.71,98,1328,6,0.01643835616438356,1.020347222222222,ATM
2023-08-25,2023-08-31,PUT,440.78999999999996,432.0,0.47,0.48,0.475,25535,7083,6,0.01643835616438356,1.020347222222222,ATM
2023-08-25,2023-08-31,CALL,440.78999999999996,433.0,8.74,8.9,8.82,191,3119,6,0.01643835616438356,1.0179907621247113,ATM
2023-08-25,2023-08-31,PUT,440.78999999999996,433.0,0.58,0.59,0.585,14319,1940,6,0.01643835616438356,1.0179907621247113,ATM
2023-08-25,2023-08-31,CALL,440.78999999999996,434.0,7.88,8.03,7.955,624,2411,6,0.01643835616438356,1.0156451612903226,ATM
2023-08-25,2023-08-31,PUT,440.78999999999996,434.0,0.71,0.72,0.715,5553,3434,6,0.01643835616438356,1.0156451612903226,ATM
2023-08-25,2023-08-31,CALL,440.78999999999996,435.0,7.06,7.17,7.115,2367,3622,6,0.01643835616438356,1.0133103448275862,ATM
2023-08-25,2023-08-31,PUT,440.78999999999996,435.0,0.88,0.89,0.885,7852,5032,6,0.01643835616438356,1.0133103448275862,ATM
2023-08-25,2023-08-31,CALL,440.78999999999996,436.0,6.26,6.36,6.3100000000000005,3247,2566,6,0.01643835616438356,1.01098623853211,ATM
2023-08-25,2023-08-31,PUT,440.78999999999996,436.0,1.08,1.09,1.085,6658,935,6,0.01643835616438356,1.01098623853211,ATM
2023-08-25,2023-08-31,CALL,440.78999999999996,437.0,5.53,5.58,5.555,7094,1755,6,0.01643835616438356,1.0086727688787185,ATM
2023-08-25,2023-08-31,PUT,440.78999999999996,437.0,1.31,1.32,1.315,11905,5670,6,0.01643835616438356,1.0086727688787185,ATM
2023-08-25,2023-08-31,CALL,440.78999999999996,438.0,4.81,4.84,4.824999999999999,8049,2439,6,0.01643835616438356,1.0063698630136986,ATM
2023-08-25,2023-08-31,PUT,440.78999999999996,438.0,1.59,1.6,1.5950000000000002,10411,1525,6,0.01643835616438356,1.0063698630136986,ATM
2023-08-25,2023-08-31,CALL,440.78999999999996,439.0,4.13,4.15,4.140000000000001,8272,3134,6,0.01643835616438356,1.0040774487471524,ATM
2023-08-25,2023-08-31,PUT,440.78999999999996,439.0,1.92,1.93,1.9249999999999998,9304,3915,6,0.01643835616438356,1.0040774487471524,ATM
2023-08-25,2023-08-31,CALL,440.78999999999996,440.0,3.5,3.52,3.51,11965,3696,6,0.01643835616438356,1.0017954545454544,ATM
2023-08-25,2023-08-31,PUT,440.78999999999996,440.0,2.29,2.31,2.3,14487,3504,6,0.01643835616438356,1.0017954545454544,ATM
2023-08-25,2023-08-31,CALL,440.78999999999996,441.0,2.92,2.94,2.9299999999999997,6771,3722,6,0.01643835616438356,0.9995238095238095,ATM
2023-08-25,2023-08-31,PUT,440.78999999999996,441.0,2.72,2.74,2.7300000000000004,6404,1388,6,0.01643835616438356,0.9995238095238095,ATM
2023-08-25,2023-08-31,CALL,440.78999999999996,442.0,2.4,2.42,2.41,5340,4007,6,0.01643835616438356,0.9972624434389139,ATM
2023-08-25,2023-08-31,PUT,440.78999999999996,442.0,3.21,3.23,3.2199999999999998,4677,4011,6,0.01643835616438356,0.9972624434389139,ATM
2023-08-25,2023-08-31,CALL,440.78999999999996,443.0,1.94,1.95,1.9449999999999998,3431,1749,6,0.01643835616438356,0.9950112866817155,ATM
2023-08-25,2023-08-31,PUT,440.78999999999996,443.0,3.76,3.78,3.7699999999999996,1600,2140,6,0.01643835616438356,0.9950112866817155,ATM
2023-08-25,2023-08-31,CALL,440.78999999999996,444.0,1.53,1.54,1.5350000000000001,2908,2062,6,0.01643835616438356,0.9927702702702702,ATM
2023-08-25,2023-08-31,PUT,440.78999999999996,444.0,4.37,4.41,4.390000000000001,304,3424,6,0.01643835616438356,0.9927702702702702,ATM
2023-08-25,2023-08-31,CALL,440.78999999999996,445.0,1.18,1.2,1.19,7008,3333,6,0.01643835616438356,0.9905393258426965,ATM
2023-08-25,2023-08-31,PUT,440.78999999999996,445.0,5.04,5.1,5.07,135,2926,6,0.01643835616438356,0.9905393258426965,ATM
2023-08-25,2023-08-31,CALL,440.78999999999996,446.0,0.9,0.91,0.905,4833,1781,6,0.01643835616438356,0.9883183856502241,ATM
2023-08-25,2023-08-31,PUT,440.78999999999996,446.0,5.74,5.85,5.795,36,932,6,0.01643835616438356,0.9883183856502241,ATM
2023-08-25,2023-08-31,CALL,440.78999999999996,447.0,0.67,0.68,0.675,1933,1787,6,0.01643835616438356,0.9861073825503355,ATM
2023-08-25,2023-08-31,PUT,440.78999999999996,447.0,6.5,6.66,6.58,502,112,6,0.01643835616438356,0.9861073825503355,ATM
2023-08-25,2023-08-31,CALL,440.78999999999996,448.0,0.49,0.5,0.495,1206,2181,6,0.01643835616438356,0.9839062499999999,ATM
2023-08-25,2023-08-31,PUT,440.78999999999996,448.0,7.34,7.52,7.43,87,423,6,0.01643835616438356,0.9839062499999999,ATM
2023-08-25,2023-08-31,CALL,440.78999999999996,449.0,0.35,0.36,0.355,953,2551,6,0.01643835616438356,0.9817149220489977,ATM
2023-08-25,2023-08-31,PUT,440.78999999999996,449.0,8.22,8.42,8.32,20,128,6,0.01643835616438356,0.9817149220489977,ATM
2023-08-25,2023-08-31,CALL,440.78999999999996,450.0,0.25,0.26,0.255,3442,5248,6,0.01643835616438356,0.9795333333333333,ATM
2023-08-25,2023-08-31,PUT,440.78999999999996,450.0,9.15,9.36,9.254999999999999,16,13,6,0.01643835616438356,0.9795333333333333,ATM
2023-08-25,2023-08-31,CALL,440.78999999999996,451.0,0.17,0.18,0.175,1274,1460,6,0.01643835616438356,0.9773614190687361,ATM
2023-08-25,2023-08-31,PUT,440.78999999999996,451.0,10.1,10.33,10.215,3,3,6,0.01643835616438356,0.9773614190687361,ATM
2023-08-25,2023-08-31,CALL,440.78999999999996,452.0,0.12,0.13,0.125,656,1977,6,0.01643835616438356,0.9751991150442477,ATM
2023-08-25,2023-08-31,PUT,440.78999999999996,454.0,13.09,13.32,13.205,130,34,6,0.01643835616438356,0.9709030837004404,ATM
2023-08-25,2023-08-31,PUT,440.78999999999996,455.0,14.09,14.32,14.205,15,14,6,0.01643835616438356,0.9687692307692307,OTM
2023-08-25,2023-08-31,PUT,440.78999999999996,457.0,16.07,16.32,16.195,1,1,6,0.01643835616438356,0.9645295404814004,OTM
2023-08-25,2023-09-01,CALL,440.78999999999996,405.0,36.2,36.43,36.315,2,258,7,0.019178082191780823,1.0883703703703702,ITM
2023-08-25,2023-09-01,CALL,440.78999999999996,414.0,27.24,27.48,27.36,20,101,7,0.019178082191780823,1.0647101449275362,ITM
2023-08-25,2023-09-01,CALL,440.78999999999996,415.0,26.25,26.48,26.365000000000002,10,129,7,0.019178082191780823,1.0621445783132528,ITM
2023-08-25,2023-09-01,CALL,440.78999999999996,417.0,24.26,24.5,24.380000000000003,2,18,7,0.019178082191780823,1.05705035971223,ITM
2023-08-25,2023-09-01,CALL,440.78999999999996,418.0,23.27,23.5,23.384999999999998,8,395,7,0.019178082191780823,1.0545215311004783,ITM
2023-08-25,2023-09-01,CALL,440.78999999999996,419.0,22.28,22.51,22.395000000000003,5,37,7,0.019178082191780823,1.0520047732696896,ITM
2023-08-25,2023-09-01,CALL,440.78999999999996,420.0,21.29,21.53,21.41,267,2690,7,0.019178082191780823,1.0494999999999999,ITM
2023-08-25,2023-09-01,PUT,440.78999999999996,420.0,0.12,0.13,0.125,13007,31971,7,0.019178082191780823,1.0494999999999999,ITM
2023-08-25,2023-09-01,CALL,440.78999999999996,421.0,20.31,20.53,20.42,14,50,7,0.019178082191780823,1.0470071258907363,ITM
2023-08-25,2023-09-01,PUT,440.78999999999996,421.0,0.13,0.14,0.135,1122,4693,7,0.019178082191780823,1.0470071258907363,ITM
2023-08-25,2023-09-01,CALL,440.78999999999996,422.0,19.33,19.55,19.439999999999998,1,885,7,0.019178082191780823,1.0445260663507108,ITM
2023-08-25,2023-09-01,PUT,440.78999999999996,422.0,0.15,0.16,0.155,6731,9159,7,0.019178082191780823,1.0445260663507108,ITM
2023-08-25,2023-09-01,CALL,440.78999999999996,423.0,18.35,18.57,18.46,16,64,7,0.019178082191780823,1.0420567375886525,ITM
2023-08-25,2023-09-01,PUT,440.78999999999996,423.0,0.17,0.18,0.175,1529,6242,7,0.019178082191780823,1.0420567375886525,ITM
2023-08-25,2023-09-01,CALL,440.78999999999996,424.0,17.37,17.59,17.48,16,172,7,0.019178082191780823,1.0395990566037736,ITM
2023-08-25,2023-09-01,PUT,440.78999999999996,424.0,0.19,0.2,0.195,3491,7554,7,0.019178082191780823,1.0395990566037736,ITM
2023-08-25,2023-09-01,CALL,440.78999999999996,425.0,16.4,16.62,16.509999999999998,118,944,7,0.019178082191780823,1.0371529411764706,ITM
2023-08-25,2023-09-01,PUT,440.78999999999996,425.0,0.21,0.22,0.215,11633,28080,7,0.019178082191780823,1.0371529411764706,ITM
2023-08-25,2023-09-01,CALL,440.78999999999996,426.0,15.43,15.65,15.54,61,198,7,0.019178082191780823,1.0347183098591548,ITM
2023-08-25,2023-09-01,PUT,440.78999999999996,426.0,0.24,0.25,0.245,5617,6815,7,0.019178082191780823,1.0347183098591548,ITM
2023-08-25,2023-09-01,CALL,440.78999999999996,427.0,14.48,14.69,14.585,13,379,7,0.019178082191780823,1.032295081967213,ITM
2023-08-25,2023-09-01,PUT,440.78999999999996,427.0,0.28,0.29,0.28500000000000003,4831,3991,7,0.019178082191780823,1.032295081967213,ITM
2023-08-25,2023-09-01,CALL,440.78999999999996,428.0,13.53,13.74,13.635,163,695,7,0.019178082191780823,1.0298831775700934,ATM
2023-08-25,2023-09-01,PUT,440.78999999999996,428.0,0.33,0.34,0.335,3859,4956,7,0.019178082191780823,1.0298831775700934,ATM
2023-08-25,2023-09-01,CALL,440.78999999999996,429.0,12.6,12.8,12.7,144,564,7,0.019178082191780823,1.0274825174825173,ATM
2023-08-25,2023-09-01,PUT,440.78999999999996,429.0,0.4,0.41,0.405,14283,6190,7,0.019178082191780823,1.0274825174825173,ATM
2023-08-25,2023-09-01,CALL,440.78999999999996,430.0,11.68,11.87,11.774999999999999,312,2907,7,0.019178082191780823,1.025093023255814,ATM
2023-08-25,2023-09-01,PUT,440.78999999999996,430.0,0.47,0.48,0.475,38381,38778,7,0.019178082191780823,1.025093023255814,ATM
2023-08-25,2023-09-01,CALL,440.78999999999996,431.0,10.77,10.95,10.86,155,1624,7,0.019178082191780823,1.0227146171693735,ATM
2023-08-25,2023-09-01,PUT,440.78999999999996,431.0,0.56,0.57,0.565,10462,5050,7,0.019178082191780823,1.0227146171693735,ATM
2023-08-25,2023-09-01,CALL,440.78999999999996,432.0,9.89,10.06,9.975000000000001,100,2973,7,0.019178082191780823,1.020347222222222,ATM
2023-08-25,2023-09-01,PUT,440.78999999999996,432.0,0.67,0.68,0.675,23527,12402,7,0.019178082191780823,1.020347222222222,ATM
2023-08-25,2023-09-01,CALL,440.78999999999996,433.0,9.03,9.19,9.11,393,1813,7,0.019178082191780823,1.0179907621247113,ATM
2023-08-25,2023-09-01,PUT,440.78999999999996,433.0,0.8,0.81,0.805,14233,5207,7,0.019178082191780823,1.0179907621247113,ATM
2023-08-25,2023-09-01,CALL,440.78999999999996,434.0,8.19,8.34,8.265,791,1928,7,0.019178082191780823,1.0156451612903226,ATM
2023-08-25,2023-09-01,PUT,440.78999999999996,434.0,0.96,0.97,0.965,10330,8790,7,0.019178082191780823,1.0156451612903226,ATM
2023-08-25,2023-09-01,CALL,440.78999999999996,435.0,7.4,7.5,7.45,4988,6112,7,0.019178082191780823,1.0133103448275862,ATM
2023-08-25,2023-09-01,PUT,440.78999999999996,435.0,1.14,1.15,1.145,43314,30564,7,0.019178082191780823,1.0133103448275862,ATM
2023-08-25,2023-09-01,CALL,440.78999999999996,436.0,6.65,6.7,6.675000000000001,4340,2857,7,0.019178082191780823,1.01098623853211,ATM
2023-08-25,2023-09-01,PUT,440.78999999999996,436.0,1.36,1.37,1.3650000000000002,19700,13013,7,0.019178082191780823,1.01098623853211,ATM
2023-08-25,2023-09-01,CALL,440.78999999999996,437.0,5.9,5.95,5.925000000000001,11059,4541,7,0.019178082191780823,1.0086727688787185,ATM
2023-08-25,2023-09-01,PUT,440.78999999999996,437.0,1.61,1.62,1.6150000000000002,15449,11116,7,0.019178082191780823,1.0086727688787185,ATM
2023-08-25,2023-09-01,CALL,440.78999999999996,437.5,5.55,5.58,5.5649999999999995,7212,2786,7,0.019178082191780823,1.00752,ATM
2023-08-25,2023-09-01,PUT,440.78999999999996,437.5,1.75,1.76,1.755,7918,3538,7,0.019178082191780823,1.00752,ATM
2023-08-25,2023-09-01,CALL,440.78999999999996,438.0,5.2,5.23,5.215,16513,4069,7,0.019178082191780823,1.0063698630136986,ATM
2023-08-25,2023-09-01,PUT,440.78999999999996,438.0,1.9,1.91,1.9049999999999998,28420,9053,7,0.019178082191780823,1.0063698630136986,ATM
2023-08-25,2023-09-01,CALL,440.78999999999996,439.0,4.53,4.55,4.54,15578,3717,7,0.019178082191780823,1.0040774487471524,ATM
2023-08-25,2023-09-01,PUT,440.78999999999996,439.0,2.23,2.25,2.24,19480,5663,7,0.019178082191780823,1.0040774487471524,ATM
2023-08-25,2023-09-01,CALL,440.78999999999996,440.0,3.91,3.92,3.915,25466,18471,7,0.019178082191780823,1.0017954545454544,ATM
2023-08-25,2023-09-01,PUT,440.78999999999996,440.0,2.61,2.62,2.615,24915,23791,7,0.019178082191780823,1.0017954545454544,ATM
2023-08-25,2023-09-01,CALL,440.78999999999996,441.0,3.32,3.34,3.33,11967,4540,7,0.019178082191780823,0.9995238095238095,ATM
2023-08-25,2023-09-01,PUT,440.78999999999996,441.0,3.04,3.05,3.045,11071,5596,7,0.019178082191780823,0.9995238095238095,ATM
2023-08-25,2023-09-01,CALL,440.78999999999996,442.0,2.79,2.8,2.795,9169,6700,7,0.019178082191780823,0.9972624434389139,ATM
2023-08-25,2023-09-01,PUT,440.78999999999996,442.0,3.51,3.53,3.5199999999999996,4358,4957,7,0.019178082191780823,0.9972624434389139,ATM
2023-08-25,2023-09-01,CALL,440.78999999999996,442.5,2.54,2.56,2.55,5385,5390,7,0.019178082191780823,0.996135593220339,ATM
2023-08-25,2023-09-01,PUT,440.78999999999996,442.5,3.77,3.79,3.7800000000000002,3082,4702,7,0.019178082191780823,0.996135593220339,ATM
2023-08-25,2023-09-01,CALL,440.78999999999996,443.0,2.31,2.32,2.315,6862,5383,7,0.019178082191780823,0.9950112866817155,ATM
2023-08-25,2023-09-01,PUT,440.78999999999996,443.0,4.05,4.06,4.055,3421,3879,7,0.019178082191780823,0.9950112866817155,ATM
2023-08-25,2023-09-01,CALL,440.78999999999996,444.0,1.88,1.89,1.8849999999999998,10049,6899,7,0.019178082191780823,0.9927702702702702,ATM
2023-08-25,2023-09-01,PUT,440.78999999999996,444.0,4.62,4.66,4.640000000000001,683,4352,7,0.019178082191780823,0.9927702702702702,ATM
2023-08-25,2023-09-01,CALL,440.78999999999996,445.0,1.5,1.52,1.51,17939,11037,7,0.019178082191780823,0.9905393258426965,ATM
2023-08-25,2023-09-01,PUT,440.78999999999996,445.0,5.26,5.31,5.285,1111,8316,7,0.019178082191780823,0.9905393258426965,ATM
2023-08-25,2023-09-01,CALL,440.78999999999996,446.0,1.18,1.19,1.185,6092,5837,7,0.019178082191780823,0.9883183856502241,ATM
2023-08-25,2023-09-01,PUT,440.78999999999996,446.0,5.92,6.04,5.98,252,2759,7,0.019178082191780823,0.9883183856502241,ATM
2023-08-25,2023-09-01,CALL,440.78999999999996,447.0,0.91,0.92,0.915,4927,4922,7,0.019178082191780823,0.9861073825503355,ATM
2023-08-25,2023-09-01,PUT,440.78999999999996,447.0,6.66,6.81,6.734999999999999,408,4303,7,0.019178082191780823,0.9861073825503355,ATM
2023-08-25,2023-09-01,CALL,440.78999999999996,447.5,0.8,0.81,0.805,4122,3170,7,0.019178082191780823,0.9850055865921787,ATM
2023-08-25,2023-09-01,PUT,440.78999999999996,447.5,7.06,7.21,7.135,101,2359,7,0.019178082191780823,0.9850055865921787,ATM
2023-08-25,2023-09-01,CALL,440.78999999999996,448.0,0.69,0.7,0.695,10748,4689,7,0.019178082191780823,0.9839062499999999,ATM
2023-08-25,2023-09-01,PUT,440.78999999999996,448.0,7.46,7.63,7.545,156,3750,7,0.019178082191780823,0.9839062499999999,ATM
2023-08-25,2023-09-01,CALL,440.78999999999996,449.0,0.52,0.53,0.525,5852,6249,7,0.019178082191780823,0.9817149220489977,ATM
2023-08-25,2023-09-01,PUT,440.78999999999996,449.0,8.31,8.5,8.405000000000001,124,4607,7,0.019178082191780823,0.9817149220489977,ATM
2023-08-25,2023-09-01,CALL,440.78999999999996,450.0,0.38,0.39,0.385,14039,19126,7,0.019178082191780823,0.9795333333333333,ATM
2023-08-25,2023-09-01,PUT,440.78999999999996,450.0,9.2,9.41,9.305,421,8936,7,0.019178082191780823,0.9795333333333333,ATM
2023-08-25,2023-09-01,CALL,440.78999999999996,451.0,0.28,0.29,0.28500000000000003,2933,6925,7,0.019178082191780823,0.9773614190687361,ATM
2023-08-25,2023-09-01,PUT,440.78999999999996,451.0,10.13,10.35,10.24,97,378,7,0.019178082191780823,0.9773614190687361,ATM
2023-08-25,2023-09-01,CALL,440.78999999999996,452.0,0.2,0.21,0.20500000000000002,3033,6091,7,0.019178082191780823,0.9751991150442477,ATM
2023-08-25,2023-09-01,PUT,440.78999999999996,452.0,11.11,11.33,11.219999999999999,34,1343,7,0.019178082191780823,0.9751991150442477,ATM
2023-08-25,2023-09-01,CALL,440.78999999999996,452.5,0.17,0.18,0.175,895,5453,7,0.019178082191780823,0.9741215469613259,ATM
2023-08-25,2023-09-01,PUT,440.78999999999996,452.5,11.59,11.82,11.705,2,273,7,0.019178082191780823,0.9741215469613259,ATM
2023-08-25,2023-09-01,CALL,440.78999999999996,453.0,0.14,0.15,0.14500000000000002,1117,5938,7,0.019178082191780823,0.973046357615894,ATM
2023-08-25,2023-09-01,PUT,440.78999999999996,453.0,12.09,12.32,12.205,1352,801,7,0.019178082191780823,0.973046357615894,ATM
2023-08-25,2023-09-01,PUT,440.78999999999996,454.0,13.09,13.32,13.205,1310,986,7,0.019178082191780823,0.9709030837004404,ATM
2023-08-25,2023-09-01,PUT,440.78999999999996,455.0,14.09,14.32,14.205,437,138,7,0.019178082191780823,0.9687692307692307,OTM
2023-08-25,2023-09-01,PUT,440.78999999999996,456.0,15.09,15.32,15.205,68,18,7,0.019178082191780823,0.9666447368421052,OTM
2023-08-25,2023-09-01,PUT,440.78999999999996,457.0,16.09,16.32,16.205,34,12,7,0.019178082191780823,0.9645295404814004,OTM
2023-08-25,2023-09-01,PUT,440.78999999999996,457.5,16.57,16.82,16.695,1,5,7,0.019178082191780823,0.9634754098360655,OTM
2023-08-25,2023-09-01,PUT,440.78999999999996,458.0,17.07,17.32,17.195,1,1,7,0.019178082191780823,0.9624235807860261,OTM
2023-08-25,2023-09-01,PUT,440.78999999999996,459.0,18.07,18.32,18.195,1,1,7,0.019178082191780823,0.9603267973856209,OTM
2023-08-25,2023-09-01,PUT,440.78999999999996,460.0,19.07,19.32,19.195,78,21,7,0.019178082191780823,0.9582391304347825,OTM
2023-08-25,2023-09-01,PUT,440.78999999999996,461.0,20.07,20.32,20.195,2,3,7,0.019178082191780823,0.9561605206073752,OTM
2023-08-25,2023-09-01,PUT,440.78999999999996,464.0,23.07,23.32,23.195,1,1,7,0.019178082191780823,0.949978448275862,OTM
2023-08-25,2023-09-01,PUT,440.78999999999996,465.0,24.07,24.32,24.195,1,4,7,0.019178082191780823,0.9479354838709677,OTM
2023-08-25,2023-09-01,PUT,440.78999999999996,466.0,25.07,25.32,25.195,1,1,7,0.019178082191780823,0.945901287553648,OTM
2023-08-25,2023-09-01,PUT,440.78999999999996,476.0,35.07,35.32,35.195,26,10,7,0.019178082191780823,0.9260294117647058,OTM
2023-08-25,2023-09-05,PUT,440.78999999999996,412.0,0.12,0.13,0.125,89,1,11,0.030136986301369864,1.069878640776699,ITM
2023-08-25,2023-09-05,PUT,440.78999999999996,413.0,0.13,0.14,0.135,11,10,11,0.030136986301369864,1.0672881355932202,ITM
2023-08-25,2023-09-05,PUT,440.78999999999996,414.0,0.13,0.14,0.135,43,149,11,0.030136986301369864,1.0647101449275362,ITM
2023-08-25,2023-09-05,PUT,440.78999999999996,415.0,0.14,0.15,0.14500000000000002,73,4,11,0.030136986301369864,1.0621445783132528,ITM
2023-08-25,2023-09-05,PUT,440.78999999999996,416.0,0.15,0.16,0.155,53,10,11,0.030136986301369864,1.059591346153846,ITM
2023-08-25,2023-09-05,PUT,440.78999999999996,417.0,0.16,0.17,0.165,71,27,11,0.030136986301369864,1.05705035971223,ITM
2023-08-25,2023-09-05,PUT,440.78999999999996,418.0,0.18,0.19,0.185,348,30,11,0.030136986301369864,1.0545215311004783,ITM
2023-08-25,2023-09-05,PUT,440.78999999999996,419.0,0.19,0.2,0.195,93,145,11,0.030136986301369864,1.0520047732696896,ITM
2023-08-25,2023-09-05,PUT,440.78999999999996,420.0,0.21,0.22,0.215,322,376,11,0.030136986301369864,1.0494999999999999,ITM
2023-08-25,2023-09-05,PUT,440.78999999999996,421.0,0.23,0.24,0.235,63,277,11,0.030136986301369864,1.0470071258907363,ITM
2023-08-25,2023-09-05,PUT,440.78999999999996,422.0,0.25,0.26,0.255,226,36,11,0.030136986301369864,1.0445260663507108,ITM
2023-08-25,2023-09-05,PUT,440.78999999999996,423.0,0.28,0.29,0.28500000000000003,191,39,11,0.030136986301369864,1.0420567375886525,ITM
2023-08-25,2023-09-05,PUT,440.78999999999996,424.0,0.32,0.33,0.325,848,97,11,0.030136986301369864,1.0395990566037736,ITM
2023-08-25,2023-09-05,CALL,440.78999999999996,425.0,16.61,16.82,16.715,1,17,11,0.030136986301369864,1.0371529411764706,ITM
2023-08-25,2023-09-05,PUT,440.78999999999996,425.0,0.36,0.37,0.365,1235,467,11,0.030136986301369864,1.0371529411764706,ITM
2023-08-25,2023-09-05,PUT,440.78999999999996,426.0,0.41,0.42,0.415,143,220,11,0.030136986301369864,1.0347183098591548,ITM
2023-08-25,2023-09-05,CALL,440.78999999999996,427.0,14.72,14.93,14.825,5,8,11,0.030136986301369864,1.032295081967213,ITM
2023-08-25,2023-09-05,PUT,440.78999999999996,427.0,0.47,0.48,0.475,425,143,11,0.030136986301369864,1.032295081967213,ITM
2023-08-25,2023-09-05,PUT,440.78999999999996,428.0,0.53,0.54,0.535,245,308,11,0.030136986301369864,1.0298831775700934,ATM
2023-08-25,2023-09-05,CALL,440.78999999999996,429.0,12.88,13.07,12.975000000000001,2,3,11,0.030136986301369864,1.0274825174825173,ATM
2023-08-25,2023-09-05,PUT,440.78999999999996,429.0,0.61,0.62,0.615,344,198,11,0.030136986301369864,1.0274825174825173,ATM
2023-08-25,2023-09-05,CALL,440.78999999999996,430.0,11.98,12.16,12.07,56,12,11,0.030136986301369864,1.025093023255814,ATM
2023-08-25,2023-09-05,PUT,440.78999999999996,430.0,0.71,0.72,0.715,1141,403,11,0.030136986301369864,1.025093023255814,ATM
2023-08-25,2023-09-05,CALL,440.78999999999996,431.0,11.09,11.27,11.18,99,8,11,0.030136986301369864,1.0227146171693735,ATM
2023-08-25,2023-09-05,PUT,440.78999999999996,431.0,0.82,0.83,0.825,745,284,11,0.030136986301369864,1.0227146171693735,ATM
2023-08-25,2023-09-05,CALL,440.78999999999996,432.0,10.23,10.39,10.31,7,14,11,0.030136986301369864,1.020347222222222,ATM
2023-08-25,2023-09-05,PUT,440.78999999999996,432.0,0.94,0.95,0.945,384,288,11,0.030136986301369864,1.020347222222222,ATM
2023-08-25,2023-09-05,CALL,440.78999999999996,433.0,9.38,9.53,9.455,25,44,11,0.030136986301369864,1.0179907621247113,ATM
2023-08-25,2023-09-05,PUT,440.78999999999996,433.0,1.09,1.1,1.0950000000000002,1295,326,11,0.030136986301369864,1.0179907621247113,ATM
2023-08-25,2023-09-05,CALL,440.78999999999996,434.0,8.56,8.7,8.629999999999999,29,28,11,0.030136986301369864,1.0156451612903226,ATM
2023-08-25,2023-09-05,PUT,440.78999999999996,434.0,1.26,1.28,1.27,876,106,11,0.030136986301369864,1.0156451612903226,ATM
2023-08-25,2023-09-05,CALL,440.78999999999996,435.0,7.82,7.88,7.85,223,199,11,0.030136986301369864,1.0133103448275862,ATM
2023-08-25,2023-09-05,PUT,440.78999999999996,435.0,1.46,1.47,1.4649999999999999,2712,356,11,0.030136986301369864,1.0133103448275862,ATM
2023-08-25,2023-09-05,CALL,440.78999999999996,436.0,7.03,7.1,7.0649999999999995,414,191,11,0.030136986301369864,1.01098623853211,ATM
2023-08-25,2023-09-05,PUT,440.78999999999996,436.0,1.68,1.69,1.685,939,209,11,0.030136986301369864,1.01098623853211,ATM
2023-08-25,2023-09-05,CALL,440.78999999999996,437.0,6.29,6.35,6.32,1339,295,11,0.030136986301369864,1.0086727688787185,ATM
2023-08-25,2023-09-05,PUT,440.78999999999996,437.0,1.94,1.95,1.9449999999999998,1321,436,11,0.030136986301369864,1.0086727688787185,ATM
2023-08-25,2023-09-05,CALL,440.78999999999996,438.0,5.59,5.63,5.609999999999999,1119,255,11,0.030136986301369864,1.0063698630136986,ATM
2023-08-25,2023-09-05,PUT,440.78999999999996,438.0,2.23,2.24,2.2350000000000003,1732,331,11,0.030136986301369864,1.0063698630136986,ATM
2023-08-25,2023-09-05,CALL,440.78999999999996,439.0,4.92,4.94,4.93,1143,634,11,0.030136986301369864,1.0040774487471524,ATM
2023-08-25,2023-09-05,PUT,440.78999999999996,439.0,2.55,2.57,2.5599999999999996,1963,308,11,0.030136986301369864,1.0040774487471524,ATM
2023-08-25,2023-09-05,CALL,440.78999999999996,440.0,4.29,4.31,4.3,2364,732,11,0.030136986301369864,1.0017954545454544,ATM
2023-08-25,2023-09-05,PUT,440.78999999999996,440.0,2.93,2.94,2.935,7130,718,11,0.030136986301369864,1.0017954545454544,ATM
2023-08-25,2023-09-05,CALL,440.78999999999996,441.0,3.7,3.72,3.71,1019,716,11,0.030136986301369864,0.9995238095238095,ATM
2023-08-25,2023-09-05,PUT,440.78999999999996,441.0,3.34,3.36,3.3499999999999996,545,691,11,0.030136986301369864,0.9995238095238095,ATM
2023-08-25,2023-09-05,CALL,440.78999999999996,442.0,3.15,3.17,3.16,1592,407,11,0.030136986301369864,0.9972624434389139,ATM
2023-08-25,2023-09-05,PUT,440.78999999999996,442.0,3.8,3.82,3.8099999999999996,233,509,11,0.030136986301369864,0.9972624434389139,ATM
2023-08-25,2023-09-05,CALL,440.78999999999996,443.0,2.66,2.67,2.665,1007,474,11,0.030136986301369864,0.9950112866817155,ATM
2023-08-25,2023-09-05,PUT,440.78999999999996,443.0,4.32,4.34,4.33,191,744,11,0.030136986301369864,0.9950112866817155,ATM
2023-08-25,2023-09-05,CALL,440.78999999999996,444.0,2.21,2.23,2.2199999999999998,902,346,11,0.030136986301369864,0.9927702702702702,ATM
2023-08-25,2023-09-05,PUT,440.78999999999996,444.0,4.88,4.91,4.895,213,391,11,0.030136986301369864,0.9927702702702702,ATM
2023-08-25,2023-09-05,CALL,440.78999999999996,445.0,1.81,1.83,1.82,2083,1228,11,0.030136986301369864,0.9905393258426965,ATM
2023-08-25,2023-09-05,PUT,440.78999999999996,445.0,5.49,5.54,5.515000000000001,212,387,11,0.030136986301369864,0.9905393258426965,ATM
2023-08-25,2023-09-05,CALL,440.78999999999996,446.0,1.46,1.48,1.47,785,112,11,0.030136986301369864,0.9883183856502241,ATM
2023-08-25,2023-09-05,PUT,440.78999999999996,446.0,6.12,6.24,6.18,38,132,11,0.030136986301369864,0.9883183856502241,ATM
2023-08-25,2023-09-05,CALL,440.78999999999996,447.0,1.17,1.18,1.1749999999999998,252,239,11,0.030136986301369864,0.9861073825503355,ATM
2023-08-25,2023-09-05,PUT,440.78999999999996,447.0,6.84,6.99,6.915,18,7,11,0.030136986301369864,0.9861073825503355,ATM
2023-08-25,2023-09-05,CALL,440.78999999999996,448.0,0.92,0.93,0.925,685,57,11,0.030136986301369864,0.9839062499999999,ATM
2023-08-25,2023-09-05,PUT,440.78999999999996,448.0,7.61,7.77,7.6899999999999995,4,11,11,0.030136986301369864,0.9839062499999999,ATM
2023-08-25,2023-09-05,CALL,440.78999999999996,449.0,0.71,0.72,0.715,507,92,11,0.030136986301369864,0.9817149220489977,ATM
2023-08-25,2023-09-05,CALL,440.78999999999996,450.0,0.55,0.56,0.555,2117,1592,11,0.030136986301369864,0.9795333333333333,ATM
2023-08-25,2023-09-05,PUT,440.78999999999996,450.0,9.29,9.48,9.385,47,131,11,0.030136986301369864,0.9795333333333333,ATM
2023-08-25,2023-09-05,CALL,440.78999999999996,451.0,0.41,0.42,0.415,498,131,11,0.030136986301369864,0.9773614190687361,ATM
2023-08-25,2023-09-05,CALL,440.78999999999996,452.0,0.31,0.32,0.315,233,72,11,0.030136986301369864,0.9751991150442477,ATM
2023-08-25,2023-09-05,CALL,440.78999999999996,453.0,0.23,0.24,0.235,314,97,11,0.030136986301369864,0.973046357615894,ATM
2023-08-25,2023-09-05,CALL,440.78999999999996,454.0,0.17,0.18,0.175,198,180,11,0.030136986301369864,0.9709030837004404,ATM
2023-08-25,2023-09-05,CALL,440.78999999999996,455.0,0.13,0.14,0.135,157,140,11,0.030136986301369864,0.9687692307692307,OTM
2023-08-25,2023-09-06,PUT,440.78999999999996,408.0,0.13,0.14,0.135,1,6,12,0.03287671232876712,1.0803676470588235,ITM
2023-08-25,2023-09-06,PUT,440.78999999999996,410.0,0.14,0.15,0.14500000000000002,24,152,12,0.03287671232876712,1.0750975609756097,ITM
2023-08-25,2023-09-06,PUT,440.78999999999996,411.0,0.15,0.16,0.155,11,24,12,0.03287671232876712,1.0724817518248175,ITM
2023-08-25,2023-09-06,PUT,440.78999999999996,412.0,0.16,0.17,0.165,10,25,12,0.03287671232876712,1.069878640776699,ITM
2023-08-25,2023-09-06,PUT,440.78999999999996,413.0,0.17,0.18,0.175,15,21,12,0.03287671232876712,1.0672881355932202,ITM
2023-08-25,2023-09-06,PUT,440.78999999999996,415.0,0.19,0.2,0.195,41,17,12,0.03287671232876712,1.0621445783132528,ITM
2023-08-25,2023-09-06,PUT,440.78999999999996,416.0,0.2,0.21,0.20500000000000002,203,43,12,0.03287671232876712,1.059591346153846,ITM
2023-08-25,2023-09-06,PUT,440.78999999999996,417.0,0.22,0.23,0.225,4,49,12,0.03287671232876712,1.05705035971223,ITM
2023-08-25,2023-09-06,PUT,440.78999999999996,418.0,0.24,0.25,0.245,13,281,12,0.03287671232876712,1.0545215311004783,ITM
2023-08-25,2023-09-06,PUT,440.78999999999996,419.0,0.26,0.27,0.265,198,83,12,0.03287671232876712,1.0520047732696896,ITM
2023-08-25,2023-09-06,CALL,440.78999999999996,420.0,21.58,21.81,21.695,8,6,12,0.03287671232876712,1.0494999999999999,ITM
2023-08-25,2023-09-06,PUT,440.78999999999996,420.0,0.28,0.29,0.28500000000000003,182,311,12,0.03287671232876712,1.0494999999999999,ITM
2023-08-25,2023-09-06,PUT,440.78999999999996,421.0,0.31,0.32,0.315,76,432,12,0.03287671232876712,1.0470071258907363,ITM
2023-08-25,2023-09-06,PUT,440.78999999999996,422.0,0.34,0.35,0.345,83,236,12,0.03287671232876712,1.0445260663507108,ITM
2023-08-25,2023-09-06,PUT,440.78999999999996,423.0,0.38,0.39,0.385,367,247,12,0.03287671232876712,1.0420567375886525,ITM
2023-08-25,2023-09-06,PUT,440.78999999999996,424.0,0.43,0.44,0.435,155,228,12,0.03287671232876712,1.0395990566037736,ITM
2023-08-25,2023-09-06,PUT,440.78999999999996,425.0,0.48,0.49,0.485,775,767,12,0.03287671232876712,1.0371529411764706,ITM
2023-08-25,2023-09-06,CALL,440.78999999999996,426.0,15.86,16.06,15.959999999999999,1,18,12,0.03287671232876712,1.0347183098591548,ITM
2023-08-25,2023-09-06,PUT,440.78999999999996,426.0,0.54,0.55,0.545,96,474,12,0.03287671232876712,1.0347183098591548,ITM
2023-08-25,2023-09-06,PUT,440.78999999999996,427.0,0.6,0.61,0.605,332,39,12,0.03287671232876712,1.032295081967213,ITM
2023-08-25,2023-09-06,PUT,440.78999999999996,428.0,0.68,0.69,0.685,266,378,12,0.03287671232876712,1.0298831775700934,ATM
2023-08-25,2023-09-06,CALL,440.78999999999996,429.0,13.11,13.3,13.205,8,1,12,0.03287671232876712,1.0274825174825173,ATM
2023-08-25,2023-09-06,PUT,440.78999999999996,429.0,0.77,0.79,0.78,389,212,12,0.03287671232876712,1.0274825174825173,ATM
2023-08-25,2023-09-06,CALL,440.78999999999996,430.0,12.22,12.4,12.31,22,21,12,0.03287671232876712,1.025093023255814,ATM
2023-08-25,2023-09-06,PUT,440.78999999999996,430.0,0.88,0.89,0.885,905,351,12,0.03287671232876712,1.025093023255814,ATM
2023-08-25,2023-09-06,CALL,440.78999999999996,431.0,11.34,11.51,11.425,6,1,12,0.03287671232876712,1.0227146171693735,ATM
2023-08-25,2023-09-06,PUT,440.78999999999996,431.0,1.0,1.01,1.005,681,96,12,0.03287671232876712,1.0227146171693735,ATM
2023-08-25,2023-09-06,CALL,440.78999999999996,432.0,10.49,10.65,10.57,89,1,12,0.03287671232876712,1.020347222222222,ATM
2023-08-25,2023-09-06,PUT,440.78999999999996,432.0,1.14,1.15,1.145,493,117,12,0.03287671232876712,1.020347222222222,ATM
2023-08-25,2023-09-06,CALL,440.78999999999996,433.0,9.67,9.8,9.735,112,5,12,0.03287671232876712,1.0179907621247113,ATM
2023-08-25,2023-09-06,PUT,440.78999999999996,433.0,1.29,1.31,1.3,313,266,12,0.03287671232876712,1.0179907621247113,ATM
2023-08-25,2023-09-06,CALL,440.78999999999996,434.0,8.85,8.98,8.915,169,16,12,0.03287671232876712,1.0156451612903226,ATM
2023-08-25,2023-09-06,PUT,440.78999999999996,434.0,1.47,1.48,1.475,423,326,12,0.03287671232876712,1.0156451612903226,ATM
2023-08-25,2023-09-06,CALL,440.78999999999996,435.0,8.09,8.16,8.125,984,183,12,0.03287671232876712,1.0133103448275862,ATM
2023-08-25,2023-09-06,PUT,440.78999999999996,435.0,1.68,1.69,1.685,2549,1756,12,0.03287671232876712,1.0133103448275862,ATM
2023-08-25,2023-09-06,CALL,440.78999999999996,436.0,7.34,7.39,7.365,765,116,12,0.03287671232876712,1.01098623853211,ATM
2023-08-25,2023-09-06,PUT,440.78999999999996,436.0,1.91,1.92,1.915,845,110,12,0.03287671232876712,1.01098623853211,ATM
2023-08-25,2023-09-06,CALL,440.78999999999996,437.0,6.6,6.64,6.619999999999999,1910,161,12,0.03287671232876712,1.0086727688787185,ATM
2023-08-25,2023-09-06,PUT,440.78999999999996,437.0,2.16,2.18,2.17,964,212,12,0.03287671232876712,1.0086727688787185,ATM
2023-08-25,2023-09-06,CALL,440.78999999999996,438.0,5.89,5.92,5.904999999999999,2028,336,12,0.03287671232876712,1.0063698630136986,ATM
2023-08-25,2023-09-06,PUT,440.78999999999996,438.0,2.46,2.47,2.465,768,420,12,0.03287671232876712,1.0063698630136986,ATM
2023-08-25,2023-09-06,CALL,440.78999999999996,439.0,5.22,5.24,5.23,3413,403,12,0.03287671232876712,1.0040774487471524,ATM
2023-08-25,2023-09-06,PUT,440.78999999999996,439.0,2.78,2.8,2.79,1450,417,12,0.03287671232876712,1.0040774487471524,ATM
2023-08-25,2023-09-06,CALL,440.78999999999996,440.0,4.59,4.6,4.595,1989,372,12,0.03287671232876712,1.0017954545454544,ATM
2023-08-25,2023-09-06,PUT,440.78999999999996,440.0,3.15,3.17,3.16,2092,516,12,0.03287671232876712,1.0017954545454544,ATM
2023-08-25,2023-09-06,CALL,440.78999999999996,441.0,3.99,4.0,3.995,1125,490,12,0.03287671232876712,0.9995238095238095,ATM
2023-08-25,2023-09-06,PUT,440.78999999999996,441.0,3.56,3.58,3.5700000000000003,1456,687,12,0.03287671232876712,0.9995238095238095,ATM
2023-08-25,2023-09-06,CALL,440.78999999999996,442.0,3.43,3.45,3.4400000000000004,1159,230,12,0.03287671232876712,0.9972624434389139,ATM
2023-08-25,2023-09-06,PUT,440.78999999999996,442.0,4.02,4.03,4.025,1112,249,12,0.03287671232876712,0.9972624434389139,ATM
2023-08-25,2023-09-06,CALL,440.78999999999996,443.0,2.93,2.94,2.935,451,334,12,0.03287671232876712,0.9950112866817155,ATM
2023-08-25,2023-09-06,PUT,440.78999999999996,443.0,4.52,4.54,4.529999999999999,712,382,12,0.03287671232876712,0.9950112866817155,ATM
2023-08-25,2023-09-06,CALL,440.78999999999996,444.0,2.47,2.48,2.475,950,263,12,0.03287671232876712,0.9927702702702702,ATM
2023-08-25,2023-09-06,PUT,440.78999999999996,444.0,5.07,5.09,5.08,67,250,12,0.03287671232876712,0.9927702702702702,ATM
2023-08-25,2023-09-06,CALL,440.78999999999996,445.0,2.05,2.07,2.0599999999999996,1019,2507,12,0.03287671232876712,0.9905393258426965,ATM
2023-08-25,2023-09-06,PUT,440.78999999999996,445.0,5.66,5.71,5.6850000000000005,305,381,12,0.03287671232876712,0.9905393258426965,ATM
2023-08-25,2023-09-06,CALL,440.78999999999996,446.0,1.69,1.7,1.6949999999999998,561,576,12,0.03287671232876712,0.9883183856502241,ATM
2023-08-25,2023-09-06,PUT,440.78999999999996,446.0,6.31,6.37,6.34,1,118,12,0.03287671232876712,0.9883183856502241,ATM
2023-08-25,2023-09-06,CALL,440.78999999999996,447.0,1.37,1.39,1.38,156,531,12,0.03287671232876712,0.9861073825503355,ATM
2023-08-25,2023-09-06,PUT,440.78999999999996,447.0,6.98,7.11,7.045,52,364,12,0.03287671232876712,0.9861073825503355,ATM
2023-08-25,2023-09-06,CALL,440.78999999999996,448.0,1.11,1.12,1.1150000000000002,659,231,12,0.03287671232876712,0.9839062499999999,ATM
2023-08-25,2023-09-06,PUT,440.78999999999996,448.0,7.73,7.88,7.805,25,247,12,0.03287671232876712,0.9839062499999999,ATM
2023-08-25,2023-09-06,CALL,440.78999999999996,449.0,0.88,0.89,0.885,103,517,12,0.03287671232876712,0.9817149220489977,ATM
2023-08-25,2023-09-06,CALL,440.78999999999996,450.0,0.69,0.7,0.695,188,260,12,0.03287671232876712,0.9795333333333333,ATM
2023-08-25,2023-09-06,PUT,440.78999999999996,450.0,9.37,9.56,9.465,7,147,12,0.03287671232876712,0.9795333333333333,ATM
2023-08-25,2023-09-06,CALL,440.78999999999996,451.0,0.54,0.55,0.545,74,111,12,0.03287671232876712,0.9773614190687361,ATM
2023-08-25,2023-09-06,CALL,440.78999999999996,452.0,0.41,0.42,0.415,9,53,12,0.03287671232876712,0.9751991150442477,ATM
2023-08-25,2023-09-06,CALL,440.78999999999996,453.0,0.31,0.32,0.315,303,22,12,0.03287671232876712,0.973046357615894,ATM
2023-08-25,2023-09-06,CALL,440.78999999999996,454.0,0.24,0.25,0.245,255,111,12,0.03287671232876712,0.9709030837004404,ATM
2023-08-25,2023-09-06,CALL,440.78999999999996,455.0,0.18,0.19,0.185,524,13,12,0.03287671232876712,0.9687692307692307,OTM
2023-08-25,2023-09-06,CALL,440.78999999999996,456.0,0.14,0.15,0.14500000000000002,57,65,12,0.03287671232876712,0.9666447368421052,OTM
2023-08-25,2023-09-07,PUT,440.78999999999996,410.0,0.18,0.19,0.185,568,29,13,0.03561643835616438,1.0750975609756097,ITM
2023-08-25,2023-09-07,PUT,440.78999999999996,420.0,0.36,0.37,0.365,385,400,13,0.03561643835616438,1.0494999999999999,ITM
2023-08-25,2023-09-07,CALL,440.78999999999996,430.0,12.57,12.75,12.66,31,2,13,0.03561643835616438,1.025093023255814,ATM
2023-08-25,2023-09-07,PUT,440.78999999999996,430.0,1.04,1.05,1.045,1121,183,13,0.03561643835616438,1.025093023255814,ATM
2023-08-25,2023-09-07,CALL,440.78999999999996,431.0,11.7,11.88,11.79,9,8,13,0.03561643835616438,1.0227146171693735,ATM
2023-08-25,2023-09-07,PUT,440.78999999999996,431.0,1.17,1.18,1.1749999999999998,275,50,13,0.03561643835616438,1.0227146171693735,ATM
2023-08-25,2023-09-07,CALL,440.78999999999996,432.0,10.86,11.02,10.94,35,3,13,0.03561643835616438,1.020347222222222,ATM
2023-08-25,2023-09-07,PUT,440.78999999999996,432.0,1.32,1.33,1.3250000000000002,309,42,13,0.03561643835616438,1.020347222222222,ATM
2023-08-25,2023-09-07,CALL,440.78999999999996,433.0,10.04,10.18,10.11,118,1,13,0.03561643835616438,1.0179907621247113,ATM
2023-08-25,2023-09-07,PUT,440.78999999999996,433.0,1.48,1.5,1.49,862,25,13,0.03561643835616438,1.0179907621247113,ATM
2023-08-25,2023-09-07,CALL,440.78999999999996,434.0,9.28,9.35,9.315,111,101,13,0.03561643835616438,1.0156451612903226,ATM
2023-08-25,2023-09-07,PUT,440.78999999999996,434.0,1.67,1.69,1.68,1225,10,13,0.03561643835616438,1.0156451612903226,ATM
2023-08-25,2023-09-07,CALL,440.78999999999996,435.0,8.5,8.55,8.525,830,23,13,0.03561643835616438,1.0133103448275862,ATM
2023-08-25,2023-09-07,PUT,440.78999999999996,435.0,1.88,1.89,1.8849999999999998,1310,63,13,0.03561643835616438,1.0133103448275862,ATM
2023-08-25,2023-09-07,CALL,440.78999999999996,436.0,7.73,7.78,7.755000000000001,653,18,13,0.03561643835616438,1.01098623853211,ATM
2023-08-25,2023-09-07,PUT,440.78999999999996,436.0,2.12,2.13,2.125,976,109,13,0.03561643835616438,1.01098623853211,ATM
2023-08-25,2023-09-07,CALL,440.78999999999996,437.0,6.99,7.04,7.015000000000001,1044,3,13,0.03561643835616438,1.0086727688787185,ATM
2023-08-25,2023-09-07,PUT,440.78999999999996,437.0,2.38,2.39,2.385,962,2123,13,0.03561643835616438,1.0086727688787185,ATM
2023-08-25,2023-09-07,CALL,440.78999999999996,438.0,6.29,6.31,6.3,1464,42,13,0.03561643835616438,1.0063698630136986,ATM
2023-08-25,2023-09-07,PUT,440.78999999999996,438.0,2.67,2.69,2.6799999999999997,1206,55,13,0.03561643835616438,1.0063698630136986,ATM
2023-08-25,2023-09-07,CALL,440.78999999999996,439.0,5.61,5.63,5.62,1812,139,13,0.03561643835616438,1.0040774487471524,ATM
2023-08-25,2023-09-07,PUT,440.78999999999996,439.0,3.0,3.02,3.01,1377,35,13,0.03561643835616438,1.0040774487471524,ATM
2023-08-25,2023-09-07,CALL,440.78999999999996,440.0,4.97,4.99,4.98,3107,921,13,0.03561643835616438,1.0017954545454544,ATM
2023-08-25,2023-09-07,PUT,440.78999999999996,440.0,3.37,3.38,3.375,2643,305,13,0.03561643835616438,1.0017954545454544,ATM
2023-08-25,2023-09-07,CALL,440.78999999999996,441.0,4.36,4.38,4.37,1623,742,13,0.03561643835616438,0.9995238095238095,ATM
2023-08-25,2023-09-07,PUT,440.78999999999996,441.0,3.77,3.79,3.7800000000000002,1045,42,13,0.03561643835616438,0.9995238095238095,ATM
2023-08-25,2023-09-07,CALL,440.78999999999996,442.0,3.79,3.81,3.8,782,92,13,0.03561643835616438,0.9972624434389139,ATM
2023-08-25,2023-09-07,PUT,440.78999999999996,442.0,4.21,4.24,4.225,605,12,13,0.03561643835616438,0.9972624434389139,ATM
2023-08-25,2023-09-07,CALL,440.78999999999996,443.0,3.27,3.29,3.2800000000000002,754,34,13,0.03561643835616438,0.9950112866817155,ATM
2023-08-25,2023-09-07,PUT,440.78999999999996,443.0,4.71,4.73,4.720000000000001,761,28,13,0.03561643835616438,0.9950112866817155,ATM
2023-08-25,2023-09-07,CALL,440.78999999999996,444.0,2.79,2.81,2.8,327,40,13,0.03561643835616438,0.9927702702702702,ATM
2023-08-25,2023-09-07,PUT,440.78999999999996,444.0,5.24,5.27,5.255,186,34,13,0.03561643835616438,0.9927702702702702,ATM
2023-08-25,2023-09-07,CALL,440.78999999999996,445.0,2.35,2.37,2.3600000000000003,625,324,13,0.03561643835616438,0.9905393258426965,ATM
2023-08-25,2023-09-07,PUT,440.78999999999996,445.0,5.82,5.87,5.845000000000001,159,23,13,0.03561643835616438,0.9905393258426965,ATM
2023-08-25,2023-09-07,CALL,440.78999999999996,446.0,1.97,1.98,1.975,597,165,13,0.03561643835616438,0.9883183856502241,ATM
2023-08-25,2023-09-07,PUT,440.78999999999996,446.0,6.45,6.51,6.48,1,5,13,0.03561643835616438,0.9883183856502241,ATM
2023-08-25,2023-09-07,CALL,440.78999999999996,447.0,1.63,1.64,1.6349999999999998,538,69,13,0.03561643835616438,0.9861073825503355,ATM
2023-08-25,2023-09-07,PUT,440.78999999999996,447.0,7.1,7.24,7.17,2,146,13,0.03561643835616438,0.9861073825503355,ATM
2023-08-25,2023-09-07,CALL,440.78999999999996,448.0,1.33,1.34,1.335,207,30,13,0.03561643835616438,0.9839062499999999,ATM
2023-08-25,2023-09-07,PUT,440.78999999999996,448.0,7.83,7.98,7.905,1,276,13,0.03561643835616438,0.9839062499999999,ATM
2023-08-25,2023-09-07,CALL,440.78999999999996,449.0,1.08,1.09,1.085,370,64,13,0.03561643835616438,0.9817149220489977,ATM
2023-08-25,2023-09-07,CALL,440.78999999999996,450.0,0.86,0.88,0.87,160,125,13,0.03561643835616438,0.9795333333333333,ATM
2023-08-25,2023-09-07,CALL,440.78999999999996,451.0,0.69,0.7,0.695,168,137,13,0.03561643835616438,0.9773614190687361,ATM
2023-08-25,2023-09-08,PUT,440.78999999999996,401.0,0.14,0.15,0.14500000000000002,92,61,14,0.038356164383561646,1.099226932668329,ITM
2023-08-25,2023-09-08,PUT,440.78999999999996,402.0,0.15,0.16,0.155,93,46,14,0.038356164383561646,1.0964925373134327,ITM
2023-08-25,2023-09-08,PUT,440.78999999999996,403.0,0.16,0.17,0.165,19,71,14,0.038356164383561646,1.0937717121588089,ITM
2023-08-25,2023-09-08,PUT,440.78999999999996,404.0,0.16,0.17,0.165,101,180,14,0.038356164383561646,1.0910643564356435,ITM
2023-08-25,2023-09-08,PUT,440.78999999999996,405.0,0.17,0.18,0.175,360,54955,14,0.038356164383561646,1.0883703703703702,ITM
2023-08-25,2023-09-08,PUT,440.78999999999996,406.0,0.18,0.19,0.185,43,134,14,0.038356164383561646,1.0856896551724138,ITM
2023-08-25,2023-09-08,PUT,440.78999999999996,407.0,0.19,0.2,0.195,392,276,14,0.038356164383561646,1.083022113022113,ITM
2023-08-25,2023-09-08,PUT,440.78999999999996,408.0,0.2,0.21,0.20500000000000002,245,438,14,0.038356164383561646,1.0803676470588235,ITM
2023-08-25,2023-09-08,PUT,440.78999999999996,409.0,0.21,0.22,0.215,245,1345,14,0.038356164383561646,1.077726161369193,ITM
2023-08-25,2023-09-08,CALL,440.78999999999996,410.0,31.73,31.98,31.855,1,8272,14,0.038356164383561646,1.0750975609756097,ITM
2023-08-25,2023-09-08,PUT,440.78999999999996,410.0,0.22,0.23,0.225,521,13066,14,0.038356164383561646,1.0750975609756097,ITM
2023-08-25,2023-09-08,CALL,440.78999999999996,411.0,30.74,31.0,30.869999999999997,10,212,14,0.038356164383561646,1.0724817518248175,ITM
2023-08-25,2023-09-08,PUT,440.78999999999996,411.0,0.23,0.24,0.235,173,265,14,0.038356164383561646,1.0724817518248175,ITM
2023-08-25,2023-09-08,PUT,440.78999999999996,412.0,0.25,0.26,0.255,538,1027,14,0.038356164383561646,1.069878640776699,ITM
2023-08-25,2023-09-08,CALL,440.78999999999996,413.0,28.78,29.02,28.9,2,207,14,0.038356164383561646,1.0672881355932202,ITM
2023-08-25,2023-09-08,PUT,440.78999999999996,413.0,0.26,0.27,0.265,202,3164,14,0.038356164383561646,1.0672881355932202,ITM
2023-08-25,2023-09-08,PUT,440.78999999999996,414.0,0.28,0.29,0.28500000000000003,142,5737,14,0.038356164383561646,1.0647101449275362,ITM
2023-08-25,2023-09-08,CALL,440.78999999999996,415.0,26.82,27.06,26.939999999999998,5,1059,14,0.038356164383561646,1.0621445783132528,ITM
2023-08-25,2023-09-08,PUT,440.78999999999996,415.0,0.3,0.31,0.305,1997,9750,14,0.038356164383561646,1.0621445783132528,ITM
2023-08-25,2023-09-08,CALL,440.78999999999996,416.0,25.84,26.09,25.965,5,312,14,0.038356164383561646,1.059591346153846,ITM
2023-08-25,2023-09-08,PUT,440.78999999999996,416.0,0.32,0.33,0.325,114,1268,14,0.038356164383561646,1.059591346153846,ITM
2023-08-25,2023-09-08,CALL,440.78999999999996,417.0,24.87,25.12,24.995,2,1,14,0.038356164383561646,1.05705035971223,ITM
2023-08-25,2023-09-08,PUT,440.78999999999996,417.0,0.35,0.36,0.355,371,1670,14,0.038356164383561646,1.05705035971223,ITM
2023-08-25,2023-09-08,CALL,440.78999999999996,418.0,23.9,24.15,24.025,50,41,14,0.038356164383561646,1.0545215311004783,ITM
2023-08-25,2023-09-08,PUT,440.78999999999996,418.0,0.38,0.39,0.385,1593,1839,14,0.038356164383561646,1.0545215311004783,ITM
2023-08-25,2023-09-08,PUT,440.78999999999996,419.0,0.41,0.42,0.415,1061,4403,14,0.038356164383561646,1.0520047732696896,ITM
2023-08-25,2023-09-08,CALL,440.78999999999996,420.0,21.98,22.22,22.1,1156,22091,14,0.038356164383561646,1.0494999999999999,ITM
2023-08-25,2023-09-08,PUT,440.78999999999996,420.0,0.45,0.46,0.455,5272,38155,14,0.038356164383561646,1.0494999999999999,ITM
2023-08-25,2023-09-08,PUT,440.78999999999996,421.0,0.49,0.5,0.495,287,2467,14,0.038356164383561646,1.0470071258907363,ITM
2023-08-25,2023-09-08,PUT,440.78999999999996,422.0,0.53,0.54,0.535,500,23398,14,0.038356164383561646,1.0445260663507108,ITM
2023-08-25,2023-09-08,PUT,440.78999999999996,423.0,0.59,0.6,0.595,1544,4849,14,0.038356164383561646,1.0420567375886525,ITM
2023-08-25,2023-09-08,PUT,440.78999999999996,424.0,0.65,0.66,0.655,10581,1560,14,0.038356164383561646,1.0395990566037736,ITM
2023-08-25,2023-09-08,CALL,440.78999999999996,425.0,17.26,17.49,17.375,66,136,14,0.038356164383561646,1.0371529411764706,ITM
2023-08-25,2023-09-08,PUT,440.78999999999996,425.0,0.71,0.72,0.715,9124,19286,14,0.038356164383561646,1.0371529411764706,ITM
2023-08-25,2023-09-08,CALL,440.78999999999996,426.0,16.34,16.56,16.45,1,107,14,0.038356164383561646,1.0347183098591548,ITM
2023-08-25,2023-09-08,PUT,440.78999999999996,426.0,0.79,0.8,0.795,866,2613,14,0.038356164383561646,1.0347183098591548,ITM
2023-08-25,2023-09-08,PUT,440.78999999999996,427.0,0.87,0.89,0.88,875,3787,14,0.038356164383561646,1.032295081967213,ITM
2023-08-25,2023-09-08,CALL,440.78999999999996,428.0,14.53,14.74,14.635,59,762,14,0.038356164383561646,1.0298831775700934,ATM
2023-08-25,2023-09-08,PUT,440.78999999999996,428.0,0.97,0.98,0.975,2029,3259,14,0.038356164383561646,1.0298831775700934,ATM
2023-08-25,2023-09-08,CALL,440.78999999999996,429.0,13.65,13.86,13.754999999999999,318,580,14,0.038356164383561646,1.0274825174825173,ATM
2023-08-25,2023-09-08,PUT,440.78999999999996,429.0,1.08,1.09,1.085,1275,1713,14,0.038356164383561646,1.0274825174825173,ATM
2023-08-25,2023-09-08,CALL,440.78999999999996,430.0,12.77,12.97,12.870000000000001,453,6834,14,0.038356164383561646,1.025093023255814,ATM
2023-08-25,2023-09-08,PUT,440.78999999999996,430.0,1.2,1.21,1.205,8008,13422,14,0.038356164383561646,1.025093023255814,ATM
2023-08-25,2023-09-08,CALL,440.78999999999996,431.0,11.92,12.11,12.015,77,609,14,0.038356164383561646,1.0227146171693735,ATM
2023-08-25,2023-09-08,PUT,440.78999999999996,431.0,1.34,1.35,1.3450000000000002,1872,1552,14,0.038356164383561646,1.0227146171693735,ATM
2023-08-25,2023-09-08,CALL,440.78999999999996,432.0,11.08,11.26,11.17,7,926,14,0.038356164383561646,1.020347222222222,ATM
2023-08-25,2023-09-08,PUT,440.78999999999996,432.0,1.49,1.5,1.495,2687,4773,14,0.038356164383561646,1.020347222222222,ATM
2023-08-25,2023-09-08,CALL,440.78999999999996,433.0,10.27,10.42,10.344999999999999,147,1533,14,0.038356164383561646,1.0179907621247113,ATM
2023-08-25,2023-09-08,PUT,440.78999999999996,433.0,1.66,1.67,1.665,4196,2141,14,0.038356164383561646,1.0179907621247113,ATM
2023-08-25,2023-09-08,CALL,440.78999999999996,434.0,9.54,9.6,9.57,477,2315,14,0.038356164383561646,1.0156451612903226,ATM
2023-08-25,2023-09-08,PUT,440.78999999999996,434.0,1.85,1.87,1.86,11063,23570,14,0.038356164383561646,1.0156451612903226,ATM
2023-08-25,2023-09-08,CALL,440.78999999999996,435.0,8.74,8.81,8.775,3414,3267,14,0.038356164383561646,1.0133103448275862,ATM
2023-08-25,2023-09-08,PUT,440.78999999999996,435.0,2.07,2.08,2.075,8935,6313,14,0.038356164383561646,1.0133103448275862,ATM
2023-08-25,2023-09-08,CALL,440.78999999999996,436.0,7.99,8.04,8.015,4303,1653,14,0.038356164383561646,1.01098623853211,ATM
2023-08-25,2023-09-08,PUT,440.78999999999996,436.0,2.31,2.32,2.315,4975,5385,14,0.038356164383561646,1.01098623853211,ATM
2023-08-25,2023-09-08,CALL,440.78999999999996,437.0,7.26,7.3,7.279999999999999,4707,2950,14,0.038356164383561646,1.0086727688787185,ATM
2023-08-25,2023-09-08,PUT,440.78999999999996,437.0,2.57,2.59,2.58,3557,4378,14,0.038356164383561646,1.0086727688787185,ATM
2023-08-25,2023-09-08,CALL,440.78999999999996,438.0,6.55,6.58,6.5649999999999995,4346,2268,14,0.038356164383561646,1.0063698630136986,ATM
2023-08-25,2023-09-08,PUT,440.78999999999996,438.0,2.87,2.88,2.875,3994,3917,14,0.038356164383561646,1.0063698630136986,ATM
2023-08-25,2023-09-08,CALL,440.78999999999996,439.0,5.88,5.9,5.890000000000001,6393,2720,14,0.038356164383561646,1.0040774487471524,ATM
2023-08-25,2023-09-08,PUT,440.78999999999996,439.0,3.2,3.21,3.205,4394,5905,14,0.038356164383561646,1.0040774487471524,ATM
2023-08-25,2023-09-08,CALL,440.78999999999996,440.0,5.23,5.25,5.24,11025,17380,14,0.038356164383561646,1.0017954545454544,ATM
2023-08-25,2023-09-08,PUT,440.78999999999996,440.0,3.56,3.57,3.565,12268,17600,14,0.038356164383561646,1.0017954545454544,ATM
2023-08-25,2023-09-08,CALL,440.78999999999996,441.0,4.62,4.64,4.63,3406,1272,14,0.038356164383561646,0.9995238095238095,ATM
2023-08-25,2023-09-08,PUT,440.78999999999996,441.0,3.96,3.97,3.965,3014,2982,14,0.038356164383561646,0.9995238095238095,ATM
2023-08-25,2023-09-08,CALL,440.78999999999996,442.0,4.05,4.07,4.0600000000000005,3688,2013,14,0.038356164383561646,0.9972624434389139,ATM
2023-08-25,2023-09-08,PUT,440.78999999999996,442.0,4.4,4.41,4.405,2222,3215,14,0.038356164383561646,0.9972624434389139,ATM
2023-08-25,2023-09-08,CALL,440.78999999999996,442.5,3.78,3.8,3.79,2054,2035,14,0.038356164383561646,0.996135593220339,ATM
2023-08-25,2023-09-08,PUT,440.78999999999996,442.5,4.63,4.65,4.640000000000001,1227,1744,14,0.038356164383561646,0.996135593220339,ATM
2023-08-25,2023-09-08,CALL,440.78999999999996,443.0,3.52,3.54,3.5300000000000002,2155,2536,14,0.038356164383561646,0.9950112866817155,ATM
2023-08-25,2023-09-08,PUT,440.78999999999996,443.0,4.88,4.9,4.890000000000001,985,4811,14,0.038356164383561646,0.9950112866817155,ATM
2023-08-25,2023-09-08,CALL,440.78999999999996,444.0,3.03,3.05,3.04,2335,9542,14,0.038356164383561646,0.9927702702702702,ATM
2023-08-25,2023-09-08,PUT,440.78999999999996,444.0,5.41,5.43,5.42,731,10445,14,0.038356164383561646,0.9927702702702702,ATM
2023-08-25,2023-09-08,CALL,440.78999999999996,445.0,2.58,2.6,2.59,3885,15396,14,0.038356164383561646,0.9905393258426965,ATM
2023-08-25,2023-09-08,PUT,440.78999999999996,445.0,5.98,6.01,5.995,868,14423,14,0.038356164383561646,0.9905393258426965,ATM
2023-08-25,2023-09-08,CALL,440.78999999999996,446.0,2.18,2.2,2.1900000000000004,2380,3646,14,0.038356164383561646,0.9883183856502241,ATM
2023-08-25,2023-09-08,PUT,440.78999999999996,446.0,6.59,6.65,6.62,103,4012,14,0.038356164383561646,0.9883183856502241,ATM
2023-08-25,2023-09-08,CALL,440.78999999999996,447.0,1.83,1.84,1.835,5713,2522,14,0.038356164383561646,0.9861073825503355,ATM
2023-08-25,2023-09-08,PUT,440.78999999999996,447.0,7.21,7.36,7.285,61,3903,14,0.038356164383561646,0.9861073825503355,ATM
2023-08-25,2023-09-08,CALL,440.78999999999996,447.5,1.66,1.68,1.67,1134,1825,14,0.038356164383561646,0.9850055865921787,ATM
2023-08-25,2023-09-08,PUT,440.78999999999996,447.5,7.56,7.71,7.635,1,1595,14,0.038356164383561646,0.9850055865921787,ATM
2023-08-25,2023-09-08,CALL,440.78999999999996,448.0,1.51,1.53,1.52,1638,3694,14,0.038356164383561646,0.9839062499999999,ATM
2023-08-25,2023-09-08,PUT,440.78999999999996,448.0,7.92,8.08,8.0,46,2813,14,0.038356164383561646,0.9839062499999999,ATM
2023-08-25,2023-09-08,CALL,440.78999999999996,449.0,1.24,1.25,1.245,1766,5328,14,0.038356164383561646,0.9817149220489977,ATM
2023-08-25,2023-09-08,PUT,440.78999999999996,449.0,8.68,8.87,8.774999999999999,15,2503,14,0.038356164383561646,0.9817149220489977,ATM
2023-08-25,2023-09-08,CALL,440.78999999999996,450.0,1.01,1.02,1.0150000000000001,3344,7382,14,0.038356164383561646,0.9795333333333333,ATM
2023-08-25,2023-09-08,PUT,440.78999999999996,450.0,9.48,9.7,9.59,219,6940,14,0.038356164383561646,0.9795333333333333,ATM
2023-08-25,2023-09-08,CALL,440.78999999999996,451.0,0.82,0.83,0.825,2085,3118,14,0.038356164383561646,0.9773614190687361,ATM
2023-08-25,2023-09-08,PUT,440.78999999999996,451.0,10.34,10.56,10.45,138,822,14,0.038356164383561646,0.9773614190687361,ATM
2023-08-25,2023-09-08,CALL,440.78999999999996,452.0,0.65,0.66,0.655,998,6166,14,0.038356164383561646,0.9751991150442477,ATM
2023-08-25,2023-09-08,PUT,440.78999999999996,452.0,11.23,11.46,11.345,9,2439,14,0.038356164383561646,0.9751991150442477,ATM
2023-08-25,2023-09-08,CALL,440.78999999999996,452.5,0.58,0.59,0.585,358,3984,14,0.038356164383561646,0.9741215469613259,ATM
2023-08-25,2023-09-08,PUT,440.78999999999996,452.5,11.68,11.92,11.8,6,1455,14,0.038356164383561646,0.9741215469613259,ATM
2023-08-25,2023-09-08,CALL,440.78999999999996,453.0,0.52,0.53,0.525,859,5904,14,0.038356164383561646,0.973046357615894,ATM
2023-08-25,2023-09-08,PUT,440.78999999999996,453.0,12.15,12.39,12.27,45,27,14,0.038356164383561646,0.973046357615894,ATM
2023-08-25,2023-09-08,CALL,440.78999999999996,454.0,0.41,0.42,0.415,326,4510,14,0.038356164383561646,0.9709030837004404,ATM
2023-08-25,2023-09-08,PUT,440.78999999999996,454.0,13.09,13.34,13.215,4,343,14,0.038356164383561646,0.9709030837004404,ATM
2023-08-25,2023-09-08,CALL,440.78999999999996,455.0,0.32,0.33,0.325,657,6955,14,0.038356164383561646,0.9687692307692307,OTM
2023-08-25,2023-09-08,PUT,440.78999999999996,455.0,14.09,14.32,14.205,18,177,14,0.038356164383561646,0.9687692307692307,OTM
2023-08-25,2023-09-08,CALL,440.78999999999996,456.0,0.25,0.26,0.255,111,2066,14,0.038356164383561646,0.9666447368421052,OTM
2023-08-25,2023-09-08,PUT,440.78999999999996,456.0,15.09,15.32,15.205,8,26,14,0.038356164383561646,0.9666447368421052,OTM
2023-08-25,2023-09-08,CALL,440.78999999999996,457.0,0.19,0.2,0.195,506,2367,14,0.038356164383561646,0.9645295404814004,OTM
2023-08-25,2023-09-08,PUT,440.78999999999996,457.0,16.07,16.32,16.195,16,10,14,0.038356164383561646,0.9645295404814004,OTM
2023-08-25,2023-09-08,CALL,440.78999999999996,457.5,0.17,0.18,0.175,14,1297,14,0.038356164383561646,0.9634754098360655,OTM
2023-08-25,2023-09-08,PUT,440.78999999999996,457.5,16.59,16.82,16.705,1,1,14,0.038356164383561646,0.9634754098360655,OTM
2023-08-25,2023-09-08,CALL,440.78999999999996,458.0,0.15,0.16,0.155,372,1750,14,0.038356164383561646,0.9624235807860261,OTM
2023-08-25,2023-09-08,CALL,440.78999999999996,459.0,0.12,0.13,0.125,92,1768,14,0.038356164383561646,0.9603267973856209,OTM
2023-08-25,2023-09-08,PUT,440.78999999999996,460.0,19.07,19.32,19.195,5,5,14,0.038356164383561646,0.9582391304347825,OTM
2023-08-25,2023-09-08,PUT,440.78999999999996,464.0,23.07,23.32,23.195,2,2,14,0.038356164383561646,0.949978448275862,OTM
2023-08-25,2023-09-15,CALL,440.78999999999996,401.0,40.95,41.6,41.275000000000006,1,1407,21,0.057534246575342465,1.099226932668329,ITM
2023-08-25,2023-09-15,PUT,440.78999999999996,401.0,0.34,0.35,0.345,401,12396,21,0.057534246575342465,1.099226932668329,ITM
2023-08-25,2023-09-15,PUT,440.78999999999996,402.0,0.36,0.37,0.365,8558,16937,21,0.057534246575342465,1.0964925373134327,ITM
2023-08-25,2023-09-15,PUT,440.78999999999996,403.0,0.37,0.38,0.375,393,10019,21,0.057534246575342465,1.0937717121588089,ITM
2023-08-25,2023-09-15,PUT,440.78999999999996,404.0,0.39,0.4,0.395,418,7244,21,0.057534246575342465,1.0910643564356435,ITM
2023-08-25,2023-09-15,CALL,440.78999999999996,405.0,37.02,37.67,37.345,29,8255,21,0.057534246575342465,1.0883703703703702,ITM
2023-08-25,2023-09-15,PUT,440.78999999999996,405.0,0.41,0.42,0.415,9865,45695,21,0.057534246575342465,1.0883703703703702,ITM
2023-08-25,2023-09-15,CALL,440.78999999999996,406.0,36.05,36.7,36.375,1,2706,21,0.057534246575342465,1.0856896551724138,ITM
2023-08-25,2023-09-15,PUT,440.78999999999996,406.0,0.44,0.45,0.445,392,12879,21,0.057534246575342465,1.0856896551724138,ITM
2023-08-25,2023-09-15,CALL,440.78999999999996,407.0,35.07,35.72,35.394999999999996,2,4927,21,0.057534246575342465,1.083022113022113,ITM
2023-08-25,2023-09-15,PUT,440.78999999999996,407.0,0.46,0.47,0.46499999999999997,988,12799,21,0.057534246575342465,1.083022113022113,ITM
2023-08-25,2023-09-15,CALL,440.78999999999996,408.0,34.09,34.74,34.415000000000006,37,6657,21,0.057534246575342465,1.0803676470588235,ITM
2023-08-25,2023-09-15,PUT,440.78999999999996,408.0,0.49,0.5,0.495,191,15755,21,0.057534246575342465,1.0803676470588235,ITM
2023-08-25,2023-09-15,CALL,440.78999999999996,409.0,33.12,33.77,33.445,1,10610,21,0.057534246575342465,1.077726161369193,ITM
2023-08-25,2023-09-15,PUT,440.78999999999996,409.0,0.51,0.52,0.515,583,20279,21,0.057534246575342465,1.077726161369193,ITM
2023-08-25,2023-09-15,CALL,440.78999999999996,410.0,32.15,32.8,32.474999999999994,26,22331,21,0.057534246575342465,1.0750975609756097,ITM
2023-08-25,2023-09-15,PUT,440.78999999999996,410.0,0.55,0.56,0.555,11464,78490,21,0.057534246575342465,1.0750975609756097,ITM
2023-08-25,2023-09-15,CALL,440.78999999999996,411.0,31.18,31.82,31.5,1,6547,21,0.057534246575342465,1.0724817518248175,ITM
2023-08-25,2023-09-15,PUT,440.78999999999996,411.0,0.58,0.59,0.585,453,6262,21,0.057534246575342465,1.0724817518248175,ITM
2023-08-25,2023-09-15,CALL,440.78999999999996,412.0,30.22,30.87,30.545,1,5215,21,0.057534246575342465,1.069878640776699,ITM
2023-08-25,2023-09-15,PUT,440.78999999999996,412.0,0.62,0.63,0.625,922,21636,21,0.057534246575342465,1.069878640776699,ITM
2023-08-25,2023-09-15,CALL,440.78999999999996,413.0,29.25,29.9,29.575,4,2924,21,0.057534246575342465,1.0672881355932202,ITM
2023-08-25,2023-09-15,PUT,440.78999999999996,413.0,0.66,0.67,0.665,281,27122,21,0.057534246575342465,1.0672881355932202,ITM
2023-08-25,2023-09-15,CALL,440.78999999999996,414.0,28.29,28.94,28.615000000000002,4,2566,21,0.057534246575342465,1.0647101449275362,ITM
2023-08-25,2023-09-15,PUT,440.78999999999996,414.0,0.7,0.71,0.705,536,9850,21,0.057534246575342465,1.0647101449275362,ITM
2023-08-25,2023-09-15,CALL,440.78999999999996,415.0,27.35,27.98,27.665,16,12838,21,0.057534246575342465,1.0621445783132528,ITM
2023-08-25,2023-09-15,PUT,440.78999999999996,415.0,0.75,0.76,0.755,13771,86104,21,0.057534246575342465,1.0621445783132528,ITM
2023-08-25,2023-09-15,CALL,440.78999999999996,416.0,26.39,27.03,26.71,1,3655,21,0.057534246575342465,1.059591346153846,ITM
2023-08-25,2023-09-15,PUT,440.78999999999996,416.0,0.8,0.81,0.805,4123,5860,21,0.057534246575342465,1.059591346153846,ITM
2023-08-25,2023-09-15,CALL,440.78999999999996,417.0,25.44,26.09,25.765,2,6188,21,0.057534246575342465,1.05705035971223,ITM
2023-08-25,2023-09-15,PUT,440.78999999999996,417.0,0.86,0.87,0.865,1556,34329,21,0.057534246575342465,1.05705035971223,ITM
2023-08-25,2023-09-15,CALL,440.78999999999996,418.0,24.49,25.13,24.81,4,8138,21,0.057534246575342465,1.0545215311004783,ITM
2023-08-25,2023-09-15,PUT,440.78999999999996,418.0,0.92,0.93,0.925,524,54288,21,0.057534246575342465,1.0545215311004783,ITM
2023-08-25,2023-09-15,PUT,440.78999999999996,419.0,0.99,1.0,0.995,1649,8872,21,0.057534246575342465,1.0520047732696896,ITM
2023-08-25,2023-09-15,CALL,440.78999999999996,420.0,22.63,23.26,22.945,79,33998,21,0.057534246575342465,1.0494999999999999,ITM
2023-08-25,2023-09-15,PUT,440.78999999999996,420.0,1.07,1.08,1.0750000000000002,20446,98403,21,0.057534246575342465,1.0494999999999999,ITM
2023-08-25,2023-09-15,CALL,440.78999999999996,421.0,21.7,22.33,22.015,10,2738,21,0.057534246575342465,1.0470071258907363,ITM
2023-08-25,2023-09-15,PUT,440.78999999999996,421.0,1.15,1.16,1.1549999999999998,1841,30071,21,0.057534246575342465,1.0470071258907363,ITM
2023-08-25,2023-09-15,CALL,440.78999999999996,422.0,20.77,21.42,21.095,9,7948,21,0.057534246575342465,1.0445260663507108,ITM
2023-08-25,2023-09-15,PUT,440.78999999999996,422.0,1.23,1.24,1.2349999999999999,5400,33005,21,0.057534246575342465,1.0445260663507108,ITM
2023-08-25,2023-09-15,CALL,440.78999999999996,423.0,19.86,20.51,20.185000000000002,8,6166,21,0.057534246575342465,1.0420567375886525,ITM
2023-08-25,2023-09-15,PUT,440.78999999999996,423.0,1.33,1.34,1.335,2282,10868,21,0.057534246575342465,1.0420567375886525,ITM
2023-08-25,2023-09-15,CALL,440.78999999999996,424.0,18.95,19.6,19.275,67,5103,21,0.057534246575342465,1.0395990566037736,ITM
2023-08-25,2023-09-15,PUT,440.78999999999996,424.0,1.44,1.45,1.4449999999999998,1856,16109,21,0.057534246575342465,1.0395990566037736,ITM
2023-08-25,2023-09-15,CALL,440.78999999999996,425.0,18.06,18.7,18.38,91,15575,21,0.057534246575342465,1.0371529411764706,ITM
2023-08-25,2023-09-15,PUT,440.78999999999996,425.0,1.55,1.56,1.5550000000000002,9673,93561,21,0.057534246575342465,1.0371529411764706,ITM
2023-08-25,2023-09-15,CALL,440.78999999999996,426.0,17.17,17.81,17.490000000000002,35,4302,21,0.057534246575342465,1.0347183098591548,ITM
2023-08-25,2023-09-15,PUT,440.78999999999996,426.0,1.68,1.69,1.685,3059,16832,21,0.057534246575342465,1.0347183098591548,ITM
2023-08-25,2023-09-15,CALL,440.78999999999996,427.0,16.29,16.93,16.61,15,9958,21,0.057534246575342465,1.032295081967213,ITM
2023-08-25,2023-09-15,PUT,440.78999999999996,427.0,1.81,1.82,1.815,3377,54461,21,0.057534246575342465,1.032295081967213,ITM
2023-08-25,2023-09-15,CALL,440.78999999999996,428.0,15.42,16.06,15.739999999999998,22,5775,21,0.057534246575342465,1.0298831775700934,ATM
2023-08-25,2023-09-15,PUT,440.78999999999996,428.0,1.96,1.97,1.9649999999999999,4391,64587,21,0.057534246575342465,1.0298831775700934,ATM
2023-08-25,2023-09-15,CALL,440.78999999999996,429.0,14.57,15.21,14.89,12,4214,21,0.057534246575342465,1.0274825174825173,ATM
2023-08-25,2023-09-15,PUT,440.78999999999996,429.0,2.12,2.14,2.13,6047,16346,21,0.057534246575342465,1.0274825174825173,ATM
2023-08-25,2023-09-15,CALL,440.78999999999996,430.0,13.87,14.12,13.995,389,36626,21,0.057534246575342465,1.025093023255814,ATM
2023-08-25,2023-09-15,PUT,440.78999999999996,430.0,2.3,2.31,2.3049999999999997,37886,147338,21,0.057534246575342465,1.025093023255814,ATM
2023-08-25,2023-09-15,CALL,440.78999999999996,431.0,12.97,13.42,13.195,86,6517,21,0.057534246575342465,1.0227146171693735,ATM
2023-08-25,2023-09-15,PUT,440.78999999999996,431.0,2.49,2.5,2.495,8678,20491,21,0.057534246575342465,1.0227146171693735,ATM
2023-08-25,2023-09-15,CALL,440.78999999999996,432.0,12.13,12.59,12.36,18,6519,21,0.057534246575342465,1.020347222222222,ATM
2023-08-25,2023-09-15,PUT,440.78999999999996,432.0,2.7,2.71,2.705,5415,23606,21,0.057534246575342465,1.020347222222222,ATM
2023-08-25,2023-09-15,CALL,440.78999999999996,433.0,11.39,11.66,11.525,202,7471,21,0.057534246575342465,1.0179907621247113,ATM
2023-08-25,2023-09-15,PUT,440.78999999999996,433.0,2.92,2.93,2.925,8398,20639,21,0.057534246575342465,1.0179907621247113,ATM
2023-08-25,2023-09-15,CALL,440.78999999999996,434.0,10.65,10.87,10.76,481,8633,21,0.057534246575342465,1.0156451612903226,ATM
2023-08-25,2023-09-15,PUT,440.78999999999996,434.0,3.16,3.17,3.165,8130,22617,21,0.057534246575342465,1.0156451612903226,ATM
2023-08-25,2023-09-15,CALL,440.78999999999996,435.0,9.93,10.05,9.99,1250,29192,21,0.057534246575342465,1.0133103448275862,ATM
2023-08-25,2023-09-15,PUT,440.78999999999996,435.0,3.42,3.43,3.425,24363,50630,21,0.057534246575342465,1.0133103448275862,ATM
2023-08-25,2023-09-15,CALL,440.78999999999996,436.0,9.12,9.3,9.21,885,11232,21,0.057534246575342465,1.01098623853211,ATM
2023-08-25,2023-09-15,PUT,440.78999999999996,436.0,3.7,3.72,3.71,12782,27523,21,0.057534246575342465,1.01098623853211,ATM
2023-08-25,2023-09-15,CALL,440.78999999999996,437.0,8.43,8.56,8.495000000000001,1639,11157,21,0.057534246575342465,1.0086727688787185,ATM
2023-08-25,2023-09-15,PUT,440.78999999999996,437.0,4.01,4.02,4.015,13093,15524,21,0.057534246575342465,1.0086727688787185,ATM
2023-08-25,2023-09-15,CALL,440.78999999999996,438.0,7.73,7.83,7.78,3394,15828,21,0.057534246575342465,1.0063698630136986,ATM
2023-08-25,2023-09-15,PUT,440.78999999999996,438.0,4.34,4.35,4.345,24747,18779,21,0.057534246575342465,1.0063698630136986,ATM
2023-08-25,2023-09-15,CALL,440.78999999999996,439.0,7.06,7.15,7.105,3108,17500,21,0.057534246575342465,1.0040774487471524,ATM
2023-08-25,2023-09-15,PUT,440.78999999999996,439.0,4.7,4.71,4.705,9741,17509,21,0.057534246575342465,1.0040774487471524,ATM
2023-08-25,2023-09-15,CALL,440.78999999999996,440.0,6.45,6.47,6.46,10405,64737,21,0.057534246575342465,1.0017954545454544,ATM
2023-08-25,2023-09-15,PUT,440.78999999999996,440.0,5.09,5.1,5.095,32289,95583,21,0.057534246575342465,1.0017954545454544,ATM
2023-08-25,2023-09-15,CALL,440.78999999999996,441.0,5.82,5.84,5.83,3968,10714,21,0.057534246575342465,0.9995238095238095,ATM
2023-08-25,2023-09-15,PUT,440.78999999999996,441.0,5.5,5.52,5.51,2925,12377,21,0.057534246575342465,0.9995238095238095,ATM
2023-08-25,2023-09-15,CALL,440.78999999999996,442.0,5.23,5.25,5.24,3701,12513,21,0.057534246575342465,0.9972624434389139,ATM
2023-08-25,2023-09-15,PUT,440.78999999999996,442.0,5.95,5.97,5.96,1782,15997,21,0.057534246575342465,0.9972624434389139,ATM
2023-08-25,2023-09-15,CALL,440.78999999999996,443.0,4.68,4.7,4.6899999999999995,4886,15424,21,0.057534246575342465,0.9950112866817155,ATM
2023-08-25,2023-09-15,PUT,440.78999999999996,443.0,6.42,6.47,6.445,4482,20513,21,0.057534246575342465,0.9950112866817155,ATM
2023-08-25,2023-09-15,CALL,440.78999999999996,444.0,4.15,4.17,4.16,2420,21970,21,0.057534246575342465,0.9927702702702702,ATM
2023-08-25,2023-09-15,PUT,440.78999999999996,444.0,6.94,7.0,6.970000000000001,412,18671,21,0.057534246575342465,0.9927702702702702,ATM
2023-08-25,2023-09-15,CALL,440.78999999999996,445.0,3.67,3.68,3.675,9019,37769,21,0.057534246575342465,0.9905393258426965,ATM
2023-08-25,2023-09-15,PUT,440.78999999999996,445.0,7.49,7.55,7.52,2053,47409,21,0.057534246575342465,0.9905393258426965,ATM
2023-08-25,2023-09-15,CALL,440.78999999999996,446.0,3.22,3.23,3.225,2433,12931,21,0.057534246575342465,0.9883183856502241,ATM
2023-08-25,2023-09-15,PUT,440.78999999999996,446.0,8.06,8.17,8.115,168,18132,21,0.057534246575342465,0.9883183856502241,ATM
2023-08-25,2023-09-15,CALL,440.78999999999996,447.0,2.8,2.82,2.8099999999999996,6679,18617,21,0.057534246575342465,0.9861073825503355,ATM
2023-08-25,2023-09-15,PUT,440.78999999999996,447.0,8.64,8.91,8.775,85,14877,21,0.057534246575342465,0.9861073825503355,ATM
2023-08-25,2023-09-15,CALL,440.78999999999996,448.0,2.42,2.44,2.4299999999999997,2611,17133,21,0.057534246575342465,0.9839062499999999,ATM
2023-08-25,2023-09-15,PUT,440.78999999999996,448.0,9.32,9.58,9.45,291,15039,21,0.057534246575342465,0.9839062499999999,ATM
2023-08-25,2023-09-15,CALL,440.78999999999996,449.0,2.08,2.1,2.09,3150,14985,21,0.057534246575342465,0.9817149220489977,ATM
2023-08-25,2023-09-15,PUT,440.78999999999996,449.0,9.95,10.27,10.11,42,18865,21,0.057534246575342465,0.9817149220489977,ATM
2023-08-25,2023-09-15,CALL,440.78999999999996,450.0,1.78,1.79,1.7850000000000001,11666,64639,21,0.057534246575342465,0.9795333333333333,ATM
2023-08-25,2023-09-15,PUT,440.78999999999996,450.0,10.68,11.1,10.89,4276,44886,21,0.057534246575342465,0.9795333333333333,ATM
2023-08-25,2023-09-15,CALL,440.78999999999996,451.0,1.51,1.52,1.5150000000000001,2006,4699,21,0.057534246575342465,0.9773614190687361,ATM
2023-08-25,2023-09-15,PUT,440.78999999999996,451.0,11.38,11.97,11.675,32,446,21,0.057534246575342465,0.9773614190687361,ATM
2023-08-25,2023-09-15,CALL,440.78999999999996,452.0,1.27,1.28,1.275,3360,24639,21,0.057534246575342465,0.9751991150442477,ATM
2023-08-25,2023-09-15,PUT,440.78999999999996,452.0,12.17,12.76,12.465,54,17482,21,0.057534246575342465,0.9751991150442477,ATM
2023-08-25,2023-09-15,CALL,440.78999999999996,453.0,1.06,1.08,1.07,1512,8501,21,0.057534246575342465,0.973046357615894,ATM
2023-08-25,2023-09-15,PUT,440.78999999999996,453.0,12.95,13.58,13.265,11,1233,21,0.057534246575342465,0.973046357615894,ATM
2023-08-25,2023-09-15,CALL,440.78999999999996,454.0,0.89,0.9,0.895,1112,19476,21,0.057534246575342465,0.9709030837004404,ATM
2023-08-25,2023-09-15,PUT,440.78999999999996,454.0,13.84,14.43,14.135,44,14180,21,0.057534246575342465,0.9709030837004404,ATM
2023-08-25,2023-09-15,CALL,440.78999999999996,455.0,0.74,0.75,0.745,4815,52244,21,0.057534246575342465,0.9687692307692307,OTM
2023-08-25,2023-09-15,PUT,440.78999999999996,455.0,14.66,15.3,14.98,168,18194,21,0.057534246575342465,0.9687692307692307,OTM
2023-08-25,2023-09-15,CALL,440.78999999999996,456.0,0.61,0.62,0.615,720,22960,21,0.057534246575342465,0.9666447368421052,OTM
2023-08-25,2023-09-15,PUT,440.78999999999996,456.0,15.59,16.19,15.89,65,11654,21,0.057534246575342465,0.9666447368421052,OTM
2023-08-25,2023-09-15,CALL,440.78999999999996,457.0,0.5,0.51,0.505,473,8479,21,0.057534246575342465,0.9645295404814004,OTM
2023-08-25,2023-09-15,CALL,440.78999999999996,458.0,0.41,0.42,0.415,992,17477,21,0.057534246575342465,0.9624235807860261,OTM
2023-08-25,2023-09-15,PUT,440.78999999999996,458.0,17.39,18.0,17.695,5,9325,21,0.057534246575342465,0.9624235807860261,OTM
2023-08-25,2023-09-15,CALL,440.78999999999996,459.0,0.34,0.35,0.345,376,4764,21,0.057534246575342465,0.9603267973856209,OTM
2023-08-25,2023-09-15,PUT,440.78999999999996,459.0,18.31,18.95,18.63,1,222,21,0.057534246575342465,0.9603267973856209,OTM
2023-08-25,2023-09-15,CALL,440.78999999999996,460.0,0.28,0.29,0.28500000000000003,3373,80427,21,0.057534246575342465,0.9582391304347825,OTM
2023-08-25,2023-09-15,PUT,440.78999999999996,460.0,19.26,19.89,19.575000000000003,44,9618,21,0.057534246575342465,0.9582391304347825,OTM
2023-08-25,2023-09-15,CALL,440.78999999999996,461.0,0.23,0.24,0.235,7190,12035,21,0.057534246575342465,0.9561605206073752,OTM
2023-08-25,2023-09-15,CALL,440.78999999999996,462.0,0.19,0.2,0.195,501,17655,21,0.057534246575342465,0.954090909090909,OTM
2023-08-25,2023-09-15,CALL,440.78999999999996,463.0,0.15,0.16,0.155,1489,1993,21,0.057534246575342465,0.9520302375809935,OTM
2023-08-25,2023-09-15,CALL,440.78999999999996,464.0,0.12,0.13,0.125,464,12031,21,0.057534246575342465,0.949978448275862,OTM
2023-08-25,2023-09-15,PUT,440.78999999999996,465.0,24.14,24.73,24.435000000000002,14,45,21,0.057534246575342465,0.9479354838709677,OTM
2023-08-25,2023-09-15,PUT,440.78999999999996,466.0,25.08,25.73,25.405,4,13,21,0.057534246575342465,0.945901287553648,OTM
2023-08-25,2023-09-15,PUT,440.78999999999996,470.0,29.03,29.68,29.355,22,162,21,0.057534246575342465,0.9378510638297871,OTM
2023-08-25,2023-09-22,PUT,440.78999999999996,401.0,0.59,0.6,0.595,31,39,28,0.07671232876712329,1.099226932668329,ITM
2023-08-25,2023-09-22,PUT,440.78999999999996,402.0,0.62,0.63,0.625,13,198,28,0.07671232876712329,1.0964925373134327,ITM
2023-08-25,2023-09-22,PUT,440.78999999999996,403.0,0.66,0.67,0.665,118,66,28,0.07671232876712329,1.0937717121588089,ITM
2023-08-25,2023-09-22,PUT,440.78999999999996,404.0,0.69,0.7,0.695,97,99,28,0.07671232876712329,1.0910643564356435,ITM
2023-08-25,2023-09-22,PUT,440.78999999999996,405.0,0.73,0.74,0.735,173,1166,28,0.07671232876712329,1.0883703703703702,ITM
2023-08-25,2023-09-22,PUT,440.78999999999996,406.0,0.77,0.78,0.775,143,291,28,0.07671232876712329,1.0856896551724138,ITM
2023-08-25,2023-09-22,PUT,440.78999999999996,407.0,0.81,0.82,0.815,62,256,28,0.07671232876712329,1.083022113022113,ITM
2023-08-25,2023-09-22,PUT,440.78999999999996,408.0,0.85,0.86,0.855,75,264,28,0.07671232876712329,1.0803676470588235,ITM
2023-08-25,2023-09-22,PUT,440.78999999999996,409.0,0.9,0.91,0.905,46,548,28,0.07671232876712329,1.077726161369193,ITM
2023-08-25,2023-09-22,CALL,440.78999999999996,410.0,32.11,33.27,32.69,8,58,28,0.07671232876712329,1.0750975609756097,ITM
2023-08-25,2023-09-22,PUT,440.78999999999996,410.0,0.95,0.97,0.96,9483,6450,28,0.07671232876712329,1.0750975609756097,ITM
2023-08-25,2023-09-22,PUT,440.78999999999996,411.0,1.01,1.02,1.0150000000000001,74,340,28,0.07671232876712329,1.0724817518248175,ITM
2023-08-25,2023-09-22,CALL,440.78999999999996,412.0,30.2,31.37,30.785,1,2,28,0.07671232876712329,1.069878640776699,ITM
2023-08-25,2023-09-22,PUT,440.78999999999996,412.0,1.07,1.08,1.0750000000000002,100,625,28,0.07671232876712329,1.069878640776699,ITM
2023-08-25,2023-09-22,PUT,440.78999999999996,413.0,1.14,1.15,1.145,227,1353,28,0.07671232876712329,1.0672881355932202,ITM
2023-08-25,2023-09-22,PUT,440.78999999999996,414.0,1.2,1.22,1.21,264,585,28,0.07671232876712329,1.0647101449275362,ITM
2023-08-25,2023-09-22,PUT,440.78999999999996,415.0,1.28,1.29,1.2850000000000001,457,2415,28,0.07671232876712329,1.0621445783132528,ITM
2023-08-25,2023-09-22,PUT,440.78999999999996,416.0,1.36,1.37,1.3650000000000002,234,963,28,0.07671232876712329,1.059591346153846,ITM
2023-08-25,2023-09-22,PUT,440.78999999999996,417.0,1.44,1.46,1.45,306,228,28,0.07671232876712329,1.05705035971223,ITM
2023-08-25,2023-09-22,PUT,440.78999999999996,418.0,1.53,1.54,1.5350000000000001,335,1010,28,0.07671232876712329,1.0545215311004783,ITM
2023-08-25,2023-09-22,PUT,440.78999999999996,419.0,1.63,1.64,1.6349999999999998,309,339,28,0.07671232876712329,1.0520047732696896,ITM
2023-08-25,2023-09-22,CALL,440.78999999999996,420.0,22.8,23.89,23.345,1,58,28,0.07671232876712329,1.0494999999999999,ITM
2023-08-25,2023-09-22,PUT,440.78999999999996,420.0,1.73,1.74,1.7349999999999999,1394,4063,28,0.07671232876712329,1.0494999999999999,ITM
2023-08-25,2023-09-22,CALL,440.78999999999996,421.0,22.19,22.96,22.575000000000003,2,4,28,0.07671232876712329,1.0470071258907363,ITM
2023-08-25,2023-09-22,PUT,440.78999999999996,421.0,1.84,1.85,1.8450000000000002,580,1514,28,0.07671232876712329,1.0470071258907363,ITM
2023-08-25,2023-09-22,CALL,440.78999999999996,422.0,21.04,22.05,21.545,3,69,28,0.07671232876712329,1.0445260663507108,ITM
2023-08-25,2023-09-22,PUT,440.78999999999996,422.0,1.96,1.97,1.9649999999999999,424,458,28,0.07671232876712329,1.0445260663507108,ITM
2023-08-25,2023-09-22,PUT,440.78999999999996,423.0,2.08,2.09,2.085,369,252,28,0.07671232876712329,1.0420567375886525,ITM
2023-08-25,2023-09-22,CALL,440.78999999999996,424.0,19.3,20.23,19.765,1,20,28,0.07671232876712329,1.0395990566037736,ITM
2023-08-25,2023-09-22,PUT,440.78999999999996,424.0,2.21,2.23,2.2199999999999998,1086,896,28,0.07671232876712329,1.0395990566037736,ITM
2023-08-25,2023-09-22,CALL,440.78999999999996,425.0,18.44,19.34,18.89,22,119,28,0.07671232876712329,1.0371529411764706,ITM
2023-08-25,2023-09-22,PUT,440.78999999999996,425.0,2.35,2.37,2.3600000000000003,3206,9631,28,0.07671232876712329,1.0371529411764706,ITM
2023-08-25,2023-09-22,CALL,440.78999999999996,426.0,17.6,18.46,18.03,3,59,28,0.07671232876712329,1.0347183098591548,ITM
2023-08-25,2023-09-22,PUT,440.78999999999996,426.0,2.51,2.52,2.5149999999999997,2130,562,28,0.07671232876712329,1.0347183098591548,ITM
2023-08-25,2023-09-22,PUT,440.78999999999996,427.0,2.67,2.69,2.6799999999999997,505,2764,28,0.07671232876712329,1.032295081967213,ITM
2023-08-25,2023-09-22,PUT,440.78999999999996,428.0,2.84,2.86,2.8499999999999996,354,531,28,0.07671232876712329,1.0298831775700934,ATM
2023-08-25,2023-09-22,CALL,440.78999999999996,429.0,15.25,15.63,15.440000000000001,2,23,28,0.07671232876712329,1.0274825174825173,ATM
2023-08-25,2023-09-22,PUT,440.78999999999996,429.0,3.02,3.04,3.0300000000000002,509,3178,28,0.07671232876712329,1.0274825174825173,ATM
2023-08-25,2023-09-22,CALL,440.78999999999996,430.0,14.42,14.81,14.615,69,128,28,0.07671232876712329,1.025093023255814,ATM
2023-08-25,2023-09-22,PUT,440.78999999999996,430.0,3.22,3.24,3.2300000000000004,5608,6650,28,0.07671232876712329,1.025093023255814,ATM
2023-08-25,2023-09-22,CALL,440.78999999999996,431.0,13.62,14.16,13.89,13,39,28,0.07671232876712329,1.0227146171693735,ATM
2023-08-25,2023-09-22,PUT,440.78999999999996,431.0,3.43,3.45,3.4400000000000004,1364,935,28,0.07671232876712329,1.0227146171693735,ATM
2023-08-25,2023-09-22,CALL,440.78999999999996,432.0,12.82,13.19,13.004999999999999,35,33,28,0.07671232876712329,1.020347222222222,ATM
2023-08-25,2023-09-22,PUT,440.78999999999996,432.0,3.65,3.67,3.66,783,415,28,0.07671232876712329,1.020347222222222,ATM
2023-08-25,2023-09-22,CALL,440.78999999999996,433.0,12.08,12.43,12.254999999999999,6,37,28,0.07671232876712329,1.0179907621247113,ATM
2023-08-25,2023-09-22,PUT,440.78999999999996,433.0,3.89,3.91,3.9000000000000004,1286,784,28,0.07671232876712329,1.0179907621247113,ATM
2023-08-25,2023-09-22,CALL,440.78999999999996,434.0,11.38,11.58,11.48,11,116,28,0.07671232876712329,1.0156451612903226,ATM
2023-08-25,2023-09-22,PUT,440.78999999999996,434.0,4.14,4.16,4.15,944,1385,28,0.07671232876712329,1.0156451612903226,ATM
2023-08-25,2023-09-22,CALL,440.78999999999996,435.0,10.68,10.83,10.754999999999999,123,140,28,0.07671232876712329,1.0133103448275862,ATM
2023-08-25,2023-09-22,PUT,440.78999999999996,435.0,4.41,4.43,4.42,2873,4608,28,0.07671232876712329,1.0133103448275862,ATM
2023-08-25,2023-09-22,CALL,440.78999999999996,436.0,9.95,10.07,10.01,271,397,28,0.07671232876712329,1.01098623853211,ATM
2023-08-25,2023-09-22,PUT,440.78999999999996,436.0,4.7,4.72,4.71,1030,1160,28,0.07671232876712329,1.01098623853211,ATM
2023-08-25,2023-09-22,CALL,440.78999999999996,437.0,9.22,9.35,9.285,427,347,28,0.07671232876712329,1.0086727688787185,ATM
2023-08-25,2023-09-22,PUT,440.78999999999996,437.0,5.01,5.03,5.02,1030,649,28,0.07671232876712329,1.0086727688787185,ATM
2023-08-25,2023-09-22,CALL,440.78999999999996,437.5,8.89,9.0,8.945,186,367,28,0.07671232876712329,1.00752,ATM
2023-08-25,2023-09-22,PUT,440.78999999999996,437.5,5.17,5.19,5.18,560,332,28,0.07671232876712329,1.00752,ATM
2023-08-25,2023-09-22,CALL,440.78999999999996,438.0,8.52,8.65,8.585,1866,709,28,0.07671232876712329,1.0063698630136986,ATM
2023-08-25,2023-09-22,PUT,440.78999999999996,438.0,5.34,5.36,5.35,2443,1611,28,0.07671232876712329,1.0063698630136986,ATM
2023-08-25,2023-09-22,CALL,440.78999999999996,439.0,7.89,7.93,7.91,483,1158,28,0.07671232876712329,1.0040774487471524,ATM
2023-08-25,2023-09-22,PUT,440.78999999999996,439.0,5.69,5.71,5.7,709,646,28,0.07671232876712329,1.0040774487471524,ATM
2023-08-25,2023-09-22,CALL,440.78999999999996,440.0,7.25,7.29,7.27,2199,1735,28,0.07671232876712329,1.0017954545454544,ATM
2023-08-25,2023-09-22,PUT,440.78999999999996,440.0,6.07,6.09,6.08,2559,4500,28,0.07671232876712329,1.0017954545454544,ATM
2023-08-25,2023-09-22,CALL,440.78999999999996,441.0,6.63,6.67,6.65,1245,891,28,0.07671232876712329,0.9995238095238095,ATM
2023-08-25,2023-09-22,PUT,440.78999999999996,441.0,6.47,6.5,6.484999999999999,283,1409,28,0.07671232876712329,0.9995238095238095,ATM
2023-08-25,2023-09-22,CALL,440.78999999999996,442.0,6.04,6.08,6.0600000000000005,382,825,28,0.07671232876712329,0.9972624434389139,ATM
2023-08-25,2023-09-22,PUT,440.78999999999996,442.0,6.91,6.93,6.92,269,857,28,0.07671232876712329,0.9972624434389139,ATM
2023-08-25,2023-09-22,CALL,440.78999999999996,442.5,5.75,5.78,5.765000000000001,222,1066,28,0.07671232876712329,0.996135593220339,ATM
2023-08-25,2023-09-22,PUT,440.78999999999996,442.5,7.13,7.16,7.145,107,1067,28,0.07671232876712329,0.996135593220339,ATM
2023-08-25,2023-09-22,CALL,440.78999999999996,443.0,5.47,5.5,5.484999999999999,656,1816,28,0.07671232876712329,0.9950112866817155,ATM
2023-08-25,2023-09-22,PUT,440.78999999999996,443.0,7.36,7.39,7.375,248,830,28,0.07671232876712329,0.9950112866817155,ATM
2023-08-25,2023-09-22,CALL,440.78999999999996,444.0,4.94,4.97,4.955,281,1852,28,0.07671232876712329,0.9927702702702702,ATM
2023-08-25,2023-09-22,PUT,440.78999999999996,444.0,7.85,7.88,7.865,411,1500,28,0.07671232876712329,0.9927702702702702,ATM
2023-08-25,2023-09-22,CALL,440.78999999999996,445.0,4.44,4.47,4.455,1208,3533,28,0.07671232876712329,0.9905393258426965,ATM
2023-08-25,2023-09-22,PUT,440.78999999999996,445.0,8.37,8.4,8.385,553,3439,28,0.07671232876712329,0.9905393258426965,ATM
2023-08-25,2023-09-22,CALL,440.78999999999996,446.0,3.97,4.0,3.9850000000000003,468,780,28,0.07671232876712329,0.9883183856502241,ATM
2023-08-25,2023-09-22,PUT,440.78999999999996,446.0,8.79,9.07,8.93,23,855,28,0.07671232876712329,0.9883183856502241,ATM
2023-08-25,2023-09-22,CALL,440.78999999999996,447.0,3.53,3.56,3.545,523,1748,28,0.07671232876712329,0.9861073825503355,ATM
2023-08-25,2023-09-22,PUT,440.78999999999996,447.0,9.36,9.66,9.51,39,415,28,0.07671232876712329,0.9861073825503355,ATM
2023-08-25,2023-09-22,CALL,440.78999999999996,447.5,3.32,3.35,3.335,49,1164,28,0.07671232876712329,0.9850055865921787,ATM
2023-08-25,2023-09-22,PUT,440.78999999999996,447.5,9.58,10.09,9.835,3,230,28,0.07671232876712329,0.9850055865921787,ATM
2023-08-25,2023-09-22,CALL,440.78999999999996,448.0,3.12,3.15,3.135,573,1829,28,0.07671232876712329,0.9839062499999999,ATM
2023-08-25,2023-09-22,PUT,440.78999999999996,448.0,9.88,10.31,10.095,19,416,28,0.07671232876712329,0.9839062499999999,ATM
2023-08-25,2023-09-22,CALL,440.78999999999996,449.0,2.75,2.78,2.7649999999999997,2464,761,28,0.07671232876712329,0.9817149220489977,ATM
2023-08-25,2023-09-22,PUT,440.78999999999996,449.0,10.48,10.99,10.735,5,275,28,0.07671232876712329,0.9817149220489977,ATM
2023-08-25,2023-09-22,CALL,440.78999999999996,450.0,2.41,2.43,2.42,3393,2462,28,0.07671232876712329,0.9795333333333333,ATM
2023-08-25,2023-09-22,PUT,440.78999999999996,450.0,11.23,11.73,11.48,54,953,28,0.07671232876712329,0.9795333333333333,ATM
2023-08-25,2023-09-22,CALL,440.78999999999996,451.0,2.1,2.12,2.1100000000000003,463,1445,28,0.07671232876712329,0.9773614190687361,ATM
2023-08-25,2023-09-22,PUT,440.78999999999996,451.0,12.03,12.48,12.254999999999999,12,112,28,0.07671232876712329,0.9773614190687361,ATM
2023-08-25,2023-09-22,CALL,440.78999999999996,452.0,1.82,1.84,1.83,582,2790,28,0.07671232876712329,0.9751991150442477,ATM
2023-08-25,2023-09-22,CALL,440.78999999999996,452.5,1.69,1.72,1.705,99,421,28,0.07671232876712329,0.9741215469613259,ATM
2023-08-25,2023-09-22,CALL,440.78999999999996,453.0,1.57,1.59,1.58,242,409,28,0.07671232876712329,0.973046357615894,ATM
2023-08-25,2023-09-22,PUT,440.78999999999996,453.0,13.26,13.94,13.6,8,219,28,0.07671232876712329,0.973046357615894,ATM
2023-08-25,2023-09-22,CALL,440.78999999999996,454.0,1.35,1.37,1.36,229,900,28,0.07671232876712329,0.9709030837004404,ATM
2023-08-25,2023-09-22,CALL,440.78999999999996,455.0,1.16,1.18,1.17,744,5994,28,0.07671232876712329,0.9687692307692307,OTM
2023-08-25,2023-09-22,PUT,440.78999999999996,455.0,15.05,15.55,15.3,7,342,28,0.07671232876712329,0.9687692307692307,OTM
2023-08-25,2023-09-22,CALL,440.78999999999996,456.0,0.99,1.0,0.995,322,2037,28,0.07671232876712329,0.9666447368421052,OTM
2023-08-25,2023-09-22,CALL,440.78999999999996,457.0,0.84,0.85,0.845,317,1257,28,0.07671232876712329,0.9645295404814004,OTM
2023-08-25,2023-09-22,PUT,440.78999999999996,457.0,16.73,17.29,17.009999999999998,5,167,28,0.07671232876712329,0.9645295404814004,OTM
2023-08-25,2023-09-22,CALL,440.78999999999996,457.5,0.77,0.79,0.78,141,1286,28,0.07671232876712329,0.9634754098360655,OTM
2023-08-25,2023-09-22,CALL,440.78999999999996,458.0,0.71,0.72,0.715,157,1032,28,0.07671232876712329,0.9624235807860261,OTM
2023-08-25,2023-09-22,PUT,440.78999999999996,458.0,17.37,18.21,17.79,1,100,28,0.07671232876712329,0.9624235807860261,OTM
2023-08-25,2023-09-22,CALL,440.78999999999996,459.0,0.6,0.61,0.605,145,554,28,0.07671232876712329,0.9603267973856209,OTM
2023-08-25,2023-09-22,CALL,440.78999999999996,460.0,0.51,0.52,0.515,629,2974,28,0.07671232876712329,0.9582391304347825,OTM
2023-08-25,2023-09-22,PUT,440.78999999999996,460.0,19.16,20.32,19.740000000000002,105,381,28,0.07671232876712329,0.9582391304347825,OTM
2023-08-25,2023-09-22,CALL,440.78999999999996,461.0,0.43,0.44,0.435,244,2045,28,0.07671232876712329,0.9561605206073752,OTM
2023-08-25,2023-09-22,CALL,440.78999999999996,462.0,0.36,0.37,0.365,452,1139,28,0.07671232876712329,0.954090909090909,OTM
2023-08-25,2023-09-22,CALL,440.78999999999996,462.5,0.33,0.34,0.335,13,135,28,0.07671232876712329,0.9530594594594594,OTM
2023-08-25,2023-09-22,CALL,440.78999999999996,463.0,0.3,0.31,0.305,65,1620,28,0.07671232876712329,0.9520302375809935,OTM
2023-08-25,2023-09-22,CALL,440.78999999999996,464.0,0.25,0.26,0.255,170,351,28,0.07671232876712329,0.949978448275862,OTM
2023-08-25,2023-09-22,CALL,440.78999999999996,465.0,0.21,0.22,0.215,392,1128,28,0.07671232876712329,0.9479354838709677,OTM
2023-08-25,2023-09-22,CALL,440.78999999999996,466.0,0.18,0.19,0.185,48,386,28,0.07671232876712329,0.945901287553648,OTM
2023-08-25,2023-09-22,CALL,440.78999999999996,467.0,0.15,0.16,0.155,22,121,28,0.07671232876712329,0.9438758029978586,OTM
2023-08-25,2023-09-22,CALL,440.78999999999996,468.0,0.13,0.14,0.135,31,270,28,0.07671232876712329,0.9418589743589743,OTM
2023-08-25,2023-09-29,PUT,440.78999999999996,401.0,0.87,0.88,0.875,356,329,35,0.0958904109589041,1.099226932668329,ITM
2023-08-25,2023-09-29,PUT,440.78999999999996,402.0,0.91,0.92,0.915,244,706,35,0.0958904109589041,1.0964925373134327,ITM
2023-08-25,2023-09-29,PUT,440.78999999999996,403.0,0.96,0.97,0.965,381,9375,35,0.0958904109589041,1.0937717121588089,ITM
2023-08-25,2023-09-29,PUT,440.78999999999996,404.0,1.01,1.02,1.0150000000000001,851,504,35,0.0958904109589041,1.0910643564356435,ITM
2023-08-25,2023-09-29,CALL,440.78999999999996,405.0,37.34,38.28,37.81,3,1101,35,0.0958904109589041,1.0883703703703702,ITM
2023-08-25,2023-09-29,PUT,440.78999999999996,405.0,1.06,1.07,1.065,3549,24575,35,0.0958904109589041,1.0883703703703702,ITM
2023-08-25,2023-09-29,PUT,440.78999999999996,406.0,1.11,1.12,1.1150000000000002,631,748,35,0.0958904109589041,1.0856896551724138,ITM
2023-08-25,2023-09-29,PUT,440.78999999999996,407.0,1.17,1.18,1.1749999999999998,619,3820,35,0.0958904109589041,1.083022113022113,ITM
2023-08-25,2023-09-29,PUT,440.78999999999996,408.0,1.23,1.24,1.2349999999999999,221,11828,35,0.0958904109589041,1.0803676470588235,ITM
2023-08-25,2023-09-29,PUT,440.78999999999996,409.0,1.29,1.3,1.295,237,710,35,0.0958904109589041,1.077726161369193,ITM
2023-08-25,2023-09-29,CALL,440.78999999999996,410.0,32.63,33.54,33.085,1,1415,35,0.0958904109589041,1.0750975609756097,ITM
2023-08-25,2023-09-29,PUT,440.78999999999996,410.0,1.36,1.37,1.3650000000000002,1653,26018,35,0.0958904109589041,1.0750975609756097,ITM
2023-08-25,2023-09-29,PUT,440.78999999999996,411.0,1.43,1.44,1.435,415,968,35,0.0958904109589041,1.0724817518248175,ITM
2023-08-25,2023-09-29,PUT,440.78999999999996,412.0,1.51,1.52,1.5150000000000001,607,3515,35,0.0958904109589041,1.069878640776699,ITM
2023-08-25,2023-09-29,PUT,440.78999999999996,413.0,1.59,1.6,1.5950000000000002,126,2210,35,0.0958904109589041,1.0672881355932202,ITM
2023-08-25,2023-09-29,CALL,440.78999999999996,414.0,28.94,29.81,29.375,10,3,35,0.0958904109589041,1.0647101449275362,ITM
2023-08-25,2023-09-29,PUT,440.78999999999996,414.0,1.67,1.68,1.6749999999999998,1260,2169,35,0.0958904109589041,1.0647101449275362,ITM
2023-08-25,2023-09-29,CALL,440.78999999999996,415.0,28.03,28.89,28.46,3,3389,35,0.0958904109589041,1.0621445783132528,ITM
2023-08-25,2023-09-29,PUT,440.78999999999996,415.0,1.76,1.77,1.7650000000000001,2492,21369,35,0.0958904109589041,1.0621445783132528,ITM
2023-08-25,2023-09-29,PUT,440.78999999999996,416.0,1.86,1.87,1.8650000000000002,749,3341,35,0.0958904109589041,1.059591346153846,ITM
2023-08-25,2023-09-29,PUT,440.78999999999996,417.0,1.96,1.97,1.9649999999999999,845,4970,35,0.0958904109589041,1.05705035971223,ITM
2023-08-25,2023-09-29,CALL,440.78999999999996,418.0,25.32,26.15,25.735,5,1871,35,0.0958904109589041,1.0545215311004783,ITM
2023-08-25,2023-09-29,PUT,440.78999999999996,418.0,2.06,2.07,2.065,830,3196,35,0.0958904109589041,1.0545215311004783,ITM
2023-08-25,2023-09-29,CALL,440.78999999999996,419.0,24.43,25.25,24.84,5,8,35,0.0958904109589041,1.0520047732696896,ITM
2023-08-25,2023-09-29,PUT,440.78999999999996,419.0,2.17,2.19,2.1799999999999997,581,1845,35,0.0958904109589041,1.0520047732696896,ITM
2023-08-25,2023-09-29,CALL,440.78999999999996,420.0,23.55,24.34,23.945,8,5292,35,0.0958904109589041,1.0494999999999999,ITM
2023-08-25,2023-09-29,PUT,440.78999999999996,420.0,2.3,2.31,2.3049999999999997,11029,41369,35,0.0958904109589041,1.0494999999999999,ITM
2023-08-25,2023-09-29,CALL,440.78999999999996,421.0,22.67,23.46,23.065,10,6,35,0.0958904109589041,1.0470071258907363,ITM
2023-08-25,2023-09-29,PUT,440.78999999999996,421.0,2.42,2.43,2.425,603,496,35,0.0958904109589041,1.0470071258907363,ITM
2023-08-25,2023-09-29,CALL,440.78999999999996,422.0,21.81,22.57,22.189999999999998,9,49,35,0.0958904109589041,1.0445260663507108,ITM
2023-08-25,2023-09-29,PUT,440.78999999999996,422.0,2.55,2.56,2.5549999999999997,1010,4414,35,0.0958904109589041,1.0445260663507108,ITM
2023-08-25,2023-09-29,CALL,440.78999999999996,423.0,20.94,21.7,21.32,8,152,35,0.0958904109589041,1.0420567375886525,ITM
2023-08-25,2023-09-29,PUT,440.78999999999996,423.0,2.69,2.7,2.6950000000000003,797,1127,35,0.0958904109589041,1.0420567375886525,ITM
2023-08-25,2023-09-29,CALL,440.78999999999996,424.0,20.09,20.83,20.46,2,248,35,0.0958904109589041,1.0395990566037736,ITM
2023-08-25,2023-09-29,PUT,440.78999999999996,424.0,2.83,2.85,2.84,1878,29860,35,0.0958904109589041,1.0395990566037736,ITM
2023-08-25,2023-09-29,CALL,440.78999999999996,425.0,19.37,19.84,19.605,8,3862,35,0.0958904109589041,1.0371529411764706,ITM
2023-08-25,2023-09-29,PUT,440.78999999999996,425.0,2.99,3.0,2.995,2595,53606,35,0.0958904109589041,1.0371529411764706,ITM
2023-08-25,2023-09-29,PUT,440.78999999999996,426.0,3.15,3.17,3.16,1137,2452,35,0.0958904109589041,1.0347183098591548,ITM
2023-08-25,2023-09-29,PUT,440.78999999999996,427.0,3.33,3.34,3.335,1799,2665,35,0.0958904109589041,1.032295081967213,ITM
2023-08-25,2023-09-29,CALL,440.78999999999996,428.0,16.78,17.4,17.09,15,31,35,0.0958904109589041,1.0298831775700934,ATM
2023-08-25,2023-09-29,PUT,440.78999999999996,428.0,3.51,3.53,3.5199999999999996,1849,14736,35,0.0958904109589041,1.0298831775700934,ATM
2023-08-25,2023-09-29,CALL,440.78999999999996,429.0,15.98,16.57,16.275,38,351,35,0.0958904109589041,1.0274825174825173,ATM
2023-08-25,2023-09-29,PUT,440.78999999999996,429.0,3.7,3.72,3.71,1943,1947,35,0.0958904109589041,1.0274825174825173,ATM
2023-08-25,2023-09-29,CALL,440.78999999999996,430.0,15.34,15.56,15.45,80,8875,35,0.0958904109589041,1.025093023255814,ATM
2023-08-25,2023-09-29,PUT,440.78999999999996,430.0,3.91,3.93,3.92,7141,57744,35,0.0958904109589041,1.025093023255814,ATM
2023-08-25,2023-09-29,CALL,440.78999999999996,431.0,14.54,14.81,14.675,12,146,35,0.0958904109589041,1.0227146171693735,ATM
2023-08-25,2023-09-29,PUT,440.78999999999996,431.0,4.13,4.14,4.135,3207,3308,35,0.0958904109589041,1.0227146171693735,ATM
2023-08-25,2023-09-29,CALL,440.78999999999996,432.0,13.77,14.03,13.899999999999999,23,101,35,0.0958904109589041,1.020347222222222,ATM
2023-08-25,2023-09-29,PUT,440.78999999999996,432.0,4.36,4.37,4.365,2440,5068,35,0.0958904109589041,1.020347222222222,ATM
2023-08-25,2023-09-29,CALL,440.78999999999996,433.0,13.08,13.19,13.135,12,4220,35,0.0958904109589041,1.0179907621247113,ATM
2023-08-25,2023-09-29,PUT,440.78999999999996,433.0,4.6,4.62,4.609999999999999,2646,1746,35,0.0958904109589041,1.0179907621247113,ATM
2023-08-25,2023-09-29,CALL,440.78999999999996,434.0,12.33,12.44,12.385,55,366,35,0.0958904109589041,1.0156451612903226,ATM
2023-08-25,2023-09-29,PUT,440.78999999999996,434.0,4.86,4.87,4.865,2816,29979,35,0.0958904109589041,1.0156451612903226,ATM
2023-08-25,2023-09-29,CALL,440.78999999999996,435.0,11.6,11.68,11.64,143,9299,35,0.0958904109589041,1.0133103448275862,ATM
2023-08-25,2023-09-29,PUT,440.78999999999996,435.0,5.13,5.15,5.140000000000001,10749,48032,35,0.0958904109589041,1.0133103448275862,ATM
2023-08-25,2023-09-29,CALL,440.78999999999996,436.0,10.88,10.98,10.93,303,617,35,0.0958904109589041,1.01098623853211,ATM
2023-08-25,2023-09-29,PUT,440.78999999999996,436.0,5.42,5.44,5.43,4017,2581,35,0.0958904109589041,1.01098623853211,ATM
2023-08-25,2023-09-29,CALL,440.78999999999996,437.0,10.17,10.27,10.219999999999999,260,4036,35,0.0958904109589041,1.0086727688787185,ATM
2023-08-25,2023-09-29,PUT,440.78999999999996,437.0,5.73,5.75,5.74,3083,1022,35,0.0958904109589041,1.0086727688787185,ATM
2023-08-25,2023-09-29,CALL,440.78999999999996,438.0,9.52,9.56,9.54,568,440,35,0.0958904109589041,1.0063698630136986,ATM
2023-08-25,2023-09-29,PUT,440.78999999999996,438.0,6.06,6.08,6.07,3742,5620,35,0.0958904109589041,1.0063698630136986,ATM
2023-08-25,2023-09-29,CALL,440.78999999999996,439.0,8.86,8.88,8.870000000000001,645,4843,35,0.0958904109589041,1.0040774487471524,ATM
2023-08-25,2023-09-29,PUT,440.78999999999996,439.0,6.4,6.43,6.415,1351,1013,35,0.0958904109589041,1.0040774487471524,ATM
2023-08-25,2023-09-29,CALL,440.78999999999996,440.0,8.21,8.24,8.225000000000001,2424,13883,35,0.0958904109589041,1.0017954545454544,ATM
2023-08-25,2023-09-29,PUT,440.78999999999996,440.0,6.77,6.8,6.785,2887,31426,35,0.0958904109589041,1.0017954545454544,ATM
2023-08-25,2023-09-29,CALL,440.78999999999996,441.0,7.59,7.62,7.605,563,6614,35,0.0958904109589041,0.9995238095238095,ATM
2023-08-25,2023-09-29,PUT,440.78999999999996,441.0,7.17,7.19,7.18,704,1568,35,0.0958904109589041,0.9995238095238095,ATM
2023-08-25,2023-09-29,CALL,440.78999999999996,442.0,6.99,7.03,7.01,330,891,35,0.0958904109589041,0.9972624434389139,ATM
2023-08-25,2023-09-29,PUT,440.78999999999996,442.0,7.59,7.61,7.6,1409,16302,35,0.0958904109589041,0.9972624434389139,ATM
2023-08-25,2023-09-29,CALL,440.78999999999996,443.0,6.42,6.45,6.4350000000000005,479,3209,35,0.0958904109589041,0.9950112866817155,ATM
2023-08-25,2023-09-29,PUT,440.78999999999996,443.0,8.03,8.05,8.04,124,1815,35,0.0958904109589041,0.9950112866817155,ATM
2023-08-25,2023-09-29,CALL,440.78999999999996,444.0,5.87,5.9,5.885,982,1462,35,0.0958904109589041,0.9927702702702702,ATM
2023-08-25,2023-09-29,PUT,440.78999999999996,444.0,8.5,8.52,8.51,88,4710,35,0.0958904109589041,0.9927702702702702,ATM
2023-08-25,2023-09-29,CALL,440.78999999999996,445.0,5.35,5.38,5.365,2646,15186,35,0.0958904109589041,0.9905393258426965,ATM
2023-08-25,2023-09-29,PUT,440.78999999999996,445.0,9.0,9.02,9.01,561,20830,35,0.0958904109589041,0.9905393258426965,ATM
2023-08-25,2023-09-29,CALL,440.78999999999996,446.0,4.85,4.88,4.865,1706,1712,35,0.0958904109589041,0.9883183856502241,ATM
2023-08-25,2023-09-29,PUT,440.78999999999996,446.0,9.37,9.69,9.53,23,2832,35,0.0958904109589041,0.9883183856502241,ATM
2023-08-25,2023-09-29,CALL,440.78999999999996,447.0,4.39,4.42,4.404999999999999,1246,6071,35,0.0958904109589041,0.9861073825503355,ATM
2023-08-25,2023-09-29,PUT,440.78999999999996,447.0,9.92,10.25,10.085,43,1475,35,0.0958904109589041,0.9861073825503355,ATM
2023-08-25,2023-09-29,CALL,440.78999999999996,448.0,3.95,3.98,3.965,1359,1867,35,0.0958904109589041,0.9839062499999999,ATM
2023-08-25,2023-09-29,PUT,440.78999999999996,448.0,10.49,10.84,10.665,37,3787,35,0.0958904109589041,0.9839062499999999,ATM
2023-08-25,2023-09-29,CALL,440.78999999999996,449.0,3.54,3.57,3.5549999999999997,834,7751,35,0.0958904109589041,0.9817149220489977,ATM
2023-08-25,2023-09-29,PUT,440.78999999999996,449.0,11.02,11.59,11.305,7,686,35,0.0958904109589041,0.9817149220489977,ATM
2023-08-25,2023-09-29,CALL,440.78999999999996,450.0,3.17,3.19,3.1799999999999997,4214,39553,35,0.0958904109589041,0.9795333333333333,ATM
2023-08-25,2023-09-29,PUT,440.78999999999996,450.0,11.76,12.09,11.925,850,43087,35,0.0958904109589041,0.9795333333333333,ATM
2023-08-25,2023-09-29,CALL,440.78999999999996,451.0,2.81,2.84,2.825,1192,2157,35,0.0958904109589041,0.9773614190687361,ATM
2023-08-25,2023-09-29,PUT,440.78999999999996,451.0,12.36,12.95,12.655,18,3874,35,0.0958904109589041,0.9773614190687361,ATM
2023-08-25,2023-09-29,CALL,440.78999999999996,452.0,2.49,2.51,2.5,8202,2580,35,0.0958904109589041,0.9751991150442477,ATM
2023-08-25,2023-09-29,PUT,440.78999999999996,452.0,13.0,13.67,13.335,10,2513,35,0.0958904109589041,0.9751991150442477,ATM
2023-08-25,2023-09-29,CALL,440.78999999999996,453.0,2.2,2.22,2.21,966,6957,35,0.0958904109589041,0.973046357615894,ATM
2023-08-25,2023-09-29,PUT,440.78999999999996,453.0,13.72,14.42,14.07,10,4173,35,0.0958904109589041,0.973046357615894,ATM
2023-08-25,2023-09-29,CALL,440.78999999999996,454.0,1.93,1.95,1.94,693,4624,35,0.0958904109589041,0.9709030837004404,ATM
2023-08-25,2023-09-29,PUT,440.78999999999996,454.0,14.47,15.2,14.835,7,2981,35,0.0958904109589041,0.9709030837004404,ATM
2023-08-25,2023-09-29,CALL,440.78999999999996,455.0,1.69,1.71,1.7,2693,16934,35,0.0958904109589041,0.9687692307692307,OTM
2023-08-25,2023-09-29,PUT,440.78999999999996,455.0,15.24,16.01,15.625,7,4685,35,0.0958904109589041,0.9687692307692307,OTM
2023-08-25,2023-09-29,CALL,440.78999999999996,456.0,1.47,1.49,1.48,635,5494,35,0.0958904109589041,0.9666447368421052,OTM
2023-08-25,2023-09-29,PUT,440.78999999999996,456.0,16.02,16.83,16.424999999999997,18,3287,35,0.0958904109589041,0.9666447368421052,OTM
2023-08-25,2023-09-29,CALL,440.78999999999996,457.0,1.28,1.3,1.29,351,3383,35,0.0958904109589041,0.9645295404814004,OTM
2023-08-25,2023-09-29,PUT,440.78999999999996,457.0,16.85,17.68,17.265,2,3309,35,0.0958904109589041,0.9645295404814004,OTM
2023-08-25,2023-09-29,CALL,440.78999999999996,458.0,1.11,1.13,1.12,693,2823,35,0.0958904109589041,0.9624235807860261,OTM
2023-08-25,2023-09-29,PUT,440.78999999999996,458.0,17.68,18.55,18.115000000000002,25,1443,35,0.0958904109589041,0.9624235807860261,OTM
2023-08-25,2023-09-29,CALL,440.78999999999996,459.0,0.96,0.97,0.965,216,1773,35,0.0958904109589041,0.9603267973856209,OTM
2023-08-25,2023-09-29,PUT,440.78999999999996,459.0,18.56,19.43,18.994999999999997,2,2148,35,0.0958904109589041,0.9603267973856209,OTM
2023-08-25,2023-09-29,CALL,440.78999999999996,460.0,0.82,0.84,0.83,1079,10827,35,0.0958904109589041,0.9582391304347825,OTM
2023-08-25,2023-09-29,PUT,440.78999999999996,460.0,19.44,20.34,19.89,33,2888,35,0.0958904109589041,0.9582391304347825,OTM
2023-08-25,2023-09-29,CALL,440.78999999999996,461.0,0.71,0.72,0.715,283,4721,35,0.0958904109589041,0.9561605206073752,OTM
2023-08-25,2023-09-29,CALL,440.78999999999996,462.0,0.61,0.62,0.615,736,2301,35,0.0958904109589041,0.954090909090909,OTM
2023-08-25,2023-09-29,PUT,440.78999999999996,462.0,21.25,22.18,21.715,1,216,35,0.0958904109589041,0.954090909090909,OTM
2023-08-25,2023-09-29,CALL,440.78999999999996,463.0,0.52,0.53,0.525,681,3702,35,0.0958904109589041,0.9520302375809935,OTM
2023-08-25,2023-09-29,CALL,440.78999999999996,464.0,0.44,0.46,0.45,292,2841,35,0.0958904109589041,0.949978448275862,OTM
2023-08-25,2023-09-29,CALL,440.78999999999996,465.0,0.38,0.39,0.385,460,13267,35,0.0958904109589041,0.9479354838709677,OTM
2023-08-25,2023-09-29,PUT,440.78999999999996,465.0,24.05,25.03,24.54,48,1262,35,0.0958904109589041,0.9479354838709677,OTM
2023-08-25,2023-09-29,CALL,440.78999999999996,466.0,0.33,0.34,0.335,142,4766,35,0.0958904109589041,0.945901287553648,OTM
2023-08-25,2023-09-29,CALL,440.78999999999996,467.0,0.28,0.29,0.28500000000000003,594,2616,35,0.0958904109589041,0.9438758029978586,OTM
2023-08-25,2023-09-29,CALL,440.78999999999996,468.0,0.24,0.25,0.245,71,3192,35,0.0958904109589041,0.9418589743589743,OTM
2023-08-25,2023-09-29,CALL,440.78999999999996,469.0,0.21,0.22,0.215,40,1889,35,0.0958904109589041,0.9398507462686566,OTM
2023-08-25,2023-09-29,CALL,440.78999999999996,470.0,0.18,0.19,0.185,128,6619,35,0.0958904109589041,0.9378510638297871,OTM
2023-08-25,2023-09-29,CALL,440.78999999999996,471.0,0.15,0.16,0.155,16,2088,35,0.0958904109589041,0.9358598726114649,OTM
2023-08-25,2023-09-29,CALL,440.78999999999996,472.0,0.13,0.14,0.135,55,3576,35,0.0958904109589041,0.9338771186440677,OTM
2023-08-25,2023-09-29,CALL,440.78999999999996,473.0,0.12,0.13,0.125,104,2409,35,0.0958904109589041,0.9319027484143763,OTM
2023-08-25,2023-10-06,PUT,440.78999999999996,405.0,1.36,1.38,1.37,251,141,42,0.11506849315068493,1.0883703703703702,ITM
2023-08-25,2023-10-06,PUT,440.78999999999996,410.0,1.72,1.73,1.725,454,368,42,0.11506849315068493,1.0750975609756097,ITM
2023-08-25,2023-10-06,PUT,440.78999999999996,415.0,2.17,2.19,2.1799999999999997,763,526,42,0.11506849315068493,1.0621445783132528,ITM
2023-08-25,2023-10-06,CALL,440.78999999999996,420.0,24.34,25.08,24.71,9,21,42,0.11506849315068493,1.0494999999999999,ITM
2023-08-25,2023-10-06,PUT,440.78999999999996,420.0,2.75,2.77,2.76,417,131,42,0.11506849315068493,1.0494999999999999,ITM
2023-08-25,2023-10-06,PUT,440.78999999999996,425.0,3.51,3.53,3.5199999999999996,2835,1251,42,0.11506849315068493,1.0371529411764706,ITM
2023-08-25,2023-10-06,CALL,440.78999999999996,430.0,16.14,16.73,16.435000000000002,15,3,42,0.11506849315068493,1.025093023255814,ATM
2023-08-25,2023-10-06,PUT,440.78999999999996,430.0,4.48,4.5,4.49,621,180,42,0.11506849315068493,1.025093023255814,ATM
2023-08-25,2023-10-06,CALL,440.78999999999996,431.0,15.38,15.92,15.65,41,15,42,0.11506849315068493,1.0227146171693735,ATM
2023-08-25,2023-10-06,PUT,440.78999999999996,431.0,4.71,4.73,4.720000000000001,134,63,42,0.11506849315068493,1.0227146171693735,ATM
2023-08-25,2023-10-06,CALL,440.78999999999996,432.0,14.62,15.14,14.879999999999999,7,1,42,0.11506849315068493,1.020347222222222,ATM
2023-08-25,2023-10-06,PUT,440.78999999999996,432.0,4.94,4.97,4.955,171,17,42,0.11506849315068493,1.020347222222222,ATM
2023-08-25,2023-10-06,PUT,440.78999999999996,432.5,5.07,5.09,5.08,27,19,42,0.11506849315068493,1.0191676300578034,ATM
2023-08-25,2023-10-06,CALL,440.78999999999996,433.0,13.88,14.38,14.13,21,1,42,0.11506849315068493,1.0179907621247113,ATM
2023-08-25,2023-10-06,PUT,440.78999999999996,433.0,5.2,5.22,5.21,369,111,42,0.11506849315068493,1.0179907621247113,ATM
2023-08-25,2023-10-06,CALL,440.78999999999996,434.0,13.14,13.63,13.385000000000002,103,1,42,0.11506849315068493,1.0156451612903226,ATM
2023-08-25,2023-10-06,PUT,440.78999999999996,434.0,5.46,5.49,5.475,256,318,42,0.11506849315068493,1.0156451612903226,ATM
2023-08-25,2023-10-06,CALL,440.78999999999996,435.0,12.43,12.9,12.665,69,8,42,0.11506849315068493,1.0133103448275862,ATM
2023-08-25,2023-10-06,PUT,440.78999999999996,435.0,5.74,5.76,5.75,970,250,42,0.11506849315068493,1.0133103448275862,ATM
2023-08-25,2023-10-06,CALL,440.78999999999996,436.0,11.72,12.18,11.95,28,3,42,0.11506849315068493,1.01098623853211,ATM
2023-08-25,2023-10-06,PUT,440.78999999999996,436.0,6.03,6.06,6.045,178,100,42,0.11506849315068493,1.01098623853211,ATM
2023-08-25,2023-10-06,CALL,440.78999999999996,437.0,11.03,11.47,11.25,18,24,42,0.11506849315068493,1.0086727688787185,ATM
2023-08-25,2023-10-06,PUT,440.78999999999996,437.0,6.35,6.37,6.359999999999999,388,84,42,0.11506849315068493,1.0086727688787185,ATM
2023-08-25,2023-10-06,CALL,440.78999999999996,437.5,10.89,10.94,10.915,22,7,42,0.11506849315068493,1.00752,ATM
2023-08-25,2023-10-06,PUT,440.78999999999996,437.5,6.51,6.54,6.525,365,4,42,0.11506849315068493,1.00752,ATM
2023-08-25,2023-10-06,CALL,440.78999999999996,438.0,10.55,10.59,10.57,309,42,42,0.11506849315068493,1.0063698630136986,ATM
2023-08-25,2023-10-06,PUT,440.78999999999996,438.0,6.67,6.7,6.6850000000000005,505,202,42,0.11506849315068493,1.0063698630136986,ATM
2023-08-25,2023-10-06,CALL,440.78999999999996,439.0,9.89,9.94,9.915,208,23,42,0.11506849315068493,1.0040774487471524,ATM
2023-08-25,2023-10-06,PUT,440.78999999999996,439.0,7.02,7.05,7.035,482,124,42,0.11506849315068493,1.0040774487471524,ATM
2023-08-25,2023-10-06,CALL,440.78999999999996,440.0,9.25,9.28,9.265,347,65,42,0.11506849315068493,1.0017954545454544,ATM
2023-08-25,2023-10-06,PUT,440.78999999999996,440.0,7.39,7.42,7.404999999999999,524,243,42,0.11506849315068493,1.0017954545454544,ATM
2023-08-25,2023-10-06,CALL,440.78999999999996,441.0,8.62,8.67,8.645,108,93,42,0.11506849315068493,0.9995238095238095,ATM
2023-08-25,2023-10-06,PUT,440.78999999999996,441.0,7.78,7.81,7.795,34,19,42,0.11506849315068493,0.9995238095238095,ATM
2023-08-25,2023-10-06,CALL,440.78999999999996,442.0,8.01,8.05,8.030000000000001,94,11,42,0.11506849315068493,0.9972624434389139,ATM
2023-08-25,2023-10-06,PUT,440.78999999999996,442.0,8.19,8.22,8.205,165,209,42,0.11506849315068493,0.9972624434389139,ATM
2023-08-25,2023-10-06,CALL,440.78999999999996,442.5,7.72,7.77,7.744999999999999,20,6,42,0.11506849315068493,0.996135593220339,ATM
2023-08-25,2023-10-06,PUT,440.78999999999996,442.5,8.4,8.44,8.42,320,81,42,0.11506849315068493,0.996135593220339,ATM
2023-08-25,2023-10-06,CALL,440.78999999999996,443.0,7.43,7.48,7.455,32,10,42,0.11506849315068493,0.9950112866817155,ATM
2023-08-25,2023-10-06,PUT,440.78999999999996,443.0,8.62,8.66,8.64,1172,94,42,0.11506849315068493,0.9950112866817155,ATM
2023-08-25,2023-10-06,CALL,440.78999999999996,444.0,6.87,6.9,6.885,131,19,42,0.11506849315068493,0.9927702702702702,ATM
2023-08-25,2023-10-06,PUT,440.78999999999996,444.0,9.08,9.11,9.094999999999999,106,61,42,0.11506849315068493,0.9927702702702702,ATM
2023-08-25,2023-10-06,CALL,440.78999999999996,445.0,6.33,6.36,6.345000000000001,518,50,42,0.11506849315068493,0.9905393258426965,ATM
2023-08-25,2023-10-06,PUT,440.78999999999996,445.0,9.57,9.59,9.58,37,38,42,0.11506849315068493,0.9905393258426965,ATM
2023-08-25,2023-10-06,CALL,440.78999999999996,446.0,5.81,5.85,5.83,58,10,42,0.11506849315068493,0.9883183856502241,ATM
2023-08-25,2023-10-06,PUT,440.78999999999996,446.0,10.07,10.1,10.085,5,5,42,0.11506849315068493,0.9883183856502241,ATM
2023-08-25,2023-10-06,CALL,440.78999999999996,447.0,5.32,5.36,5.34,15,7,42,0.11506849315068493,0.9861073825503355,ATM
2023-08-25,2023-10-06,PUT,440.78999999999996,447.0,10.36,10.88,10.620000000000001,6,3,42,0.11506849315068493,0.9861073825503355,ATM
2023-08-25,2023-10-06,CALL,440.78999999999996,447.5,5.08,5.12,5.1,9,193,42,0.11506849315068493,0.9850055865921787,ATM
2023-08-25,2023-10-06,PUT,440.78999999999996,447.5,10.63,11.17,10.9,10,3,42,0.11506849315068493,0.9850055865921787,ATM
2023-08-25,2023-10-06,CALL,440.78999999999996,448.0,4.85,4.89,4.869999999999999,14,10,42,0.11506849315068493,0.9839062499999999,ATM
2023-08-25,2023-10-06,CALL,440.78999999999996,449.0,4.41,4.45,4.43,70,2,42,0.11506849315068493,0.9817149220489977,ATM
2023-08-25,2023-10-06,PUT,440.78999999999996,449.0,11.49,12.06,11.775,2,1,42,0.11506849315068493,0.9817149220489977,ATM
2023-08-25,2023-10-06,CALL,440.78999999999996,450.0,4.0,4.04,4.02,171,350,42,0.11506849315068493,0.9795333333333333,ATM
2023-08-25,2023-10-06,PUT,440.78999999999996,450.0,12.1,12.7,12.399999999999999,6,19,42,0.11506849315068493,0.9795333333333333,ATM
2023-08-25,2023-10-06,CALL,440.78999999999996,451.0,3.61,3.65,3.63,226,106,42,0.11506849315068493,0.9773614190687361,ATM
2023-08-25,2023-10-06,PUT,440.78999999999996,451.0,12.73,13.37,13.05,4,1,42,0.11506849315068493,0.9773614190687361,ATM
2023-08-25,2023-10-06,CALL,440.78999999999996,452.0,3.25,3.29,3.27,80,71,42,0.11506849315068493,0.9751991150442477,ATM
2023-08-25,2023-10-06,CALL,440.78999999999996,452.5,3.09,3.12,3.105,2,17,42,0.11506849315068493,0.9741215469613259,ATM
2023-08-25,2023-10-06,CALL,440.78999999999996,453.0,2.92,2.95,2.935,99,19,42,0.11506849315068493,0.973046357615894,ATM
2023-08-25,2023-10-06,CALL,440.78999999999996,454.0,2.61,2.64,2.625,45,73,42,0.11506849315068493,0.9709030837004404,ATM
2023-08-25,2023-10-06,CALL,440.78999999999996,455.0,2.33,2.36,2.3449999999999998,137,118,42,0.11506849315068493,0.9687692307692307,OTM
2023-08-25,2023-10-06,PUT,440.78999999999996,455.0,15.54,16.3,15.92,2,3,42,0.11506849315068493,0.9687692307692307,OTM
2023-08-25,2023-10-06,CALL,440.78999999999996,456.0,2.07,2.1,2.085,88,107,42,0.11506849315068493,0.9666447368421052,OTM
2023-08-25,2023-10-06,CALL,440.78999999999996,457.0,1.83,1.86,1.8450000000000002,172,21,42,0.11506849315068493,0.9645295404814004,OTM
2023-08-25,2023-10-06,CALL,440.78999999999996,458.0,1.62,1.65,1.635,222,103,42,0.11506849315068493,0.9624235807860261,OTM
2023-08-25,2023-10-06,CALL,440.78999999999996,460.0,1.25,1.28,1.2650000000000001,448,91,42,0.11506849315068493,0.9582391304347825,OTM
2023-08-25,2023-10-06,CALL,440.78999999999996,465.0,0.63,0.65,0.64,520,193,42,0.11506849315068493,0.9479354838709677,OTM
2023-08-25,2023-10-06,CALL,440.78999999999996,470.0,0.31,0.32,0.315,159,50,42,0.11506849315068493,0.9378510638297871,OTM
2023-08-25,2023-10-06,CALL,440.78999999999996,475.0,0.15,0.17,0.16,62,146,42,0.11506849315068493,0.927978947368421,OTM
2023-08-25,2023-10-20,PUT,440.78999999999996,401.0,1.73,1.75,1.74,565,4501,56,0.15342465753424658,1.099226932668329,ITM
2023-08-25,2023-10-20,CALL,440.78999999999996,402.0,42.03,42.89,42.46,2,51,56,0.15342465753424658,1.0964925373134327,ITM
2023-08-25,2023-10-20,PUT,440.78999999999996,402.0,1.8,1.81,1.8050000000000002,909,1796,56,0.15342465753424658,1.0964925373134327,ITM
2023-08-25,2023-10-20,PUT,440.78999999999996,403.0,1.87,1.88,1.875,573,5145,56,0.15342465753424658,1.0937717121588089,ITM
2023-08-25,2023-10-20,PUT,440.78999999999996,404.0,1.94,1.95,1.9449999999999998,745,1216,56,0.15342465753424658,1.0910643564356435,ITM
2023-08-25,2023-10-20,PUT,440.78999999999996,405.0,2.01,2.03,2.0199999999999996,2912,27853,56,0.15342465753424658,1.0883703703703702,ITM
2023-08-25,2023-10-20,PUT,440.78999999999996,406.0,2.09,2.11,2.0999999999999996,1051,21678,56,0.15342465753424658,1.0856896551724138,ITM
2023-08-25,2023-10-20,PUT,440.78999999999996,407.0,2.18,2.19,2.185,549,1063,56,0.15342465753424658,1.083022113022113,ITM
2023-08-25,2023-10-20,CALL,440.78999999999996,408.0,36.56,37.39,36.975,2,11,56,0.15342465753424658,1.0803676470588235,ITM
2023-08-25,2023-10-20,PUT,440.78999999999996,408.0,2.26,2.28,2.2699999999999996,3598,5297,56,0.15342465753424658,1.0803676470588235,ITM
2023-08-25,2023-10-20,CALL,440.78999999999996,409.0,35.69,36.48,36.084999999999994,1,42,56,0.15342465753424658,1.077726161369193,ITM
2023-08-25,2023-10-20,PUT,440.78999999999996,409.0,2.35,2.37,2.3600000000000003,965,1406,56,0.15342465753424658,1.077726161369193,ITM
2023-08-25,2023-10-20,CALL,440.78999999999996,410.0,34.77,35.57,35.17,98,2466,56,0.15342465753424658,1.0750975609756097,ITM
2023-08-25,2023-10-20,PUT,440.78999999999996,410.0,2.45,2.46,2.455,10820,80467,56,0.15342465753424658,1.0750975609756097,ITM
2023-08-25,2023-10-20,PUT,440.78999999999996,411.0,2.54,2.56,2.55,443,3801,56,0.15342465753424658,1.0724817518248175,ITM
2023-08-25,2023-10-20,PUT,440.78999999999996,412.0,2.65,2.66,2.6550000000000002,544,1390,56,0.15342465753424658,1.069878640776699,ITM
2023-08-25,2023-10-20,CALL,440.78999999999996,413.0,32.11,32.88,32.495000000000005,1,15,56,0.15342465753424658,1.0672881355932202,ITM
2023-08-25,2023-10-20,PUT,440.78999999999996,413.0,2.76,2.77,2.7649999999999997,3244,20743,56,0.15342465753424658,1.0672881355932202,ITM
2023-08-25,2023-10-20,PUT,440.78999999999996,414.0,2.87,2.88,2.875,1049,4014,56,0.15342465753424658,1.0647101449275362,ITM
2023-08-25,2023-10-20,CALL,440.78999999999996,415.0,30.36,31.12,30.740000000000002,5,9565,56,0.15342465753424658,1.0621445783132528,ITM
2023-08-25,2023-10-20,PUT,440.78999999999996,415.0,2.99,3.0,2.995,145567,97869,56,0.15342465753424658,1.0621445783132528,ITM
2023-08-25,2023-10-20,CALL,440.78999999999996,416.0,29.49,30.24,29.865,1,21,56,0.15342465753424658,1.059591346153846,ITM
2023-08-25,2023-10-20,PUT,440.78999999999996,416.0,3.11,3.12,3.115,898,22938,56,0.15342465753424658,1.059591346153846,ITM
2023-08-25,2023-10-20,CALL,440.78999999999996,417.0,28.63,29.36,28.994999999999997,2,13,56,0.15342465753424658,1.05705035971223,ITM
2023-08-25,2023-10-20,PUT,440.78999999999996,417.0,3.24,3.26,3.25,471,54889,56,0.15342465753424658,1.05705035971223,ITM
2023-08-25,2023-10-20,CALL,440.78999999999996,418.0,27.78,28.5,28.14,2,8,56,0.15342465753424658,1.0545215311004783,ITM
2023-08-25,2023-10-20,PUT,440.78999999999996,418.0,3.37,3.39,3.38,49495,15725,56,0.15342465753424658,1.0545215311004783,ITM
2023-08-25,2023-10-20,CALL,440.78999999999996,419.0,26.93,27.63,27.28,11,3,56,0.15342465753424658,1.0520047732696896,ITM
2023-08-25,2023-10-20,PUT,440.78999999999996,419.0,3.51,3.53,3.5199999999999996,92769,2116,56,0.15342465753424658,1.0520047732696896,ITM
2023-08-25,2023-10-20,CALL,440.78999999999996,420.0,26.19,26.67,26.43,100,11305,56,0.15342465753424658,1.0494999999999999,ITM
2023-08-25,2023-10-20,PUT,440.78999999999996,420.0,3.66,3.68,3.67,44516,80835,56,0.15342465753424658,1.0494999999999999,ITM
2023-08-25,2023-10-20,CALL,440.78999999999996,421.0,25.25,25.9,25.575,1,2118,56,0.15342465753424658,1.0470071258907363,ITM
2023-08-25,2023-10-20,PUT,440.78999999999996,421.0,3.81,3.83,3.8200000000000003,978,9003,56,0.15342465753424658,1.0470071258907363,ITM
2023-08-25,2023-10-20,CALL,440.78999999999996,422.0,24.42,25.05,24.735,4,42,56,0.15342465753424658,1.0445260663507108,ITM
2023-08-25,2023-10-20,PUT,440.78999999999996,422.0,3.97,3.99,3.9800000000000004,1361,5071,56,0.15342465753424658,1.0445260663507108,ITM
2023-08-25,2023-10-20,PUT,440.78999999999996,423.0,4.14,4.16,4.15,2482,27633,56,0.15342465753424658,1.0420567375886525,ITM
2023-08-25,2023-10-20,CALL,440.78999999999996,424.0,22.77,23.39,23.08,13,295,56,0.15342465753424658,1.0395990566037736,ITM
2023-08-25,2023-10-20,PUT,440.78999999999996,424.0,4.31,4.33,4.32,1664,36717,56,0.15342465753424658,1.0395990566037736,ITM
2023-08-25,2023-10-20,CALL,440.78999999999996,425.0,22.09,22.38,22.235,504,12772,56,0.15342465753424658,1.0371529411764706,ITM
2023-08-25,2023-10-20,PUT,440.78999999999996,425.0,4.5,4.52,4.51,6222,44105,56,0.15342465753424658,1.0371529411764706,ITM
2023-08-25,2023-10-20,CALL,440.78999999999996,426.0,21.17,21.6,21.385,186,480,56,0.15342465753424658,1.0347183098591548,ITM
2023-08-25,2023-10-20,PUT,440.78999999999996,426.0,4.69,4.71,4.7,648,43295,56,0.15342465753424658,1.0347183098591548,ITM
2023-08-25,2023-10-20,CALL,440.78999999999996,427.0,20.54,20.78,20.66,4,373,56,0.15342465753424658,1.032295081967213,ITM
2023-08-25,2023-10-20,PUT,440.78999999999996,427.0,4.89,4.91,4.9,427,10743,56,0.15342465753424658,1.032295081967213,ITM
2023-08-25,2023-10-20,CALL,440.78999999999996,428.0,19.75,19.96,19.855,2,36,56,0.15342465753424658,1.0298831775700934,ATM
2023-08-25,2023-10-20,PUT,440.78999999999996,428.0,5.1,5.12,5.109999999999999,909,28753,56,0.15342465753424658,1.0298831775700934,ATM
2023-08-25,2023-10-20,CALL,440.78999999999996,429.0,18.97,19.2,19.085,2,124,56,0.15342465753424658,1.0274825174825173,ATM
2023-08-25,2023-10-20,PUT,440.78999999999996,429.0,5.32,5.34,5.33,647,20690,56,0.15342465753424658,1.0274825174825173,ATM
2023-08-25,2023-10-20,CALL,440.78999999999996,430.0,18.27,18.37,18.32,1795,16204,56,0.15342465753424658,1.025093023255814,ATM
2023-08-25,2023-10-20,PUT,440.78999999999996,430.0,5.55,5.57,5.5600000000000005,13874,100063,56,0.15342465753424658,1.025093023255814,ATM
2023-08-25,2023-10-20,CALL,440.78999999999996,431.0,17.44,17.66,17.55,15,173,56,0.15342465753424658,1.0227146171693735,ATM
2023-08-25,2023-10-20,PUT,440.78999999999996,431.0,5.78,5.8,5.79,1010,2794,56,0.15342465753424658,1.0227146171693735,ATM
2023-08-25,2023-10-20,CALL,440.78999999999996,432.0,16.74,16.84,16.79,94,198,56,0.15342465753424658,1.020347222222222,ATM
2023-08-25,2023-10-20,PUT,440.78999999999996,432.0,6.03,6.05,6.04,957,6809,56,0.15342465753424658,1.020347222222222,ATM
2023-08-25,2023-10-20,CALL,440.78999999999996,433.0,16.0,16.1,16.05,46,696,56,0.15342465753424658,1.0179907621247113,ATM
2023-08-25,2023-10-20,PUT,440.78999999999996,433.0,6.29,6.31,6.3,1238,6156,56,0.15342465753424658,1.0179907621247113,ATM
2023-08-25,2023-10-20,CALL,440.78999999999996,434.0,15.28,15.37,15.325,329,1080,56,0.15342465753424658,1.0156451612903226,ATM
2023-08-25,2023-10-20,PUT,440.78999999999996,434.0,6.56,6.59,6.574999999999999,1480,7434,56,0.15342465753424658,1.0156451612903226,ATM
2023-08-25,2023-10-20,CALL,440.78999999999996,435.0,14.56,14.63,14.595,1032,7966,56,0.15342465753424658,1.0133103448275862,ATM
2023-08-25,2023-10-20,PUT,440.78999999999996,435.0,6.85,6.87,6.859999999999999,22023,54530,56,0.15342465753424658,1.0133103448275862,ATM
2023-08-25,2023-10-20,CALL,440.78999999999996,436.0,13.85,13.92,13.885,585,2121,56,0.15342465753424658,1.01098623853211,ATM
2023-08-25,2023-10-20,PUT,440.78999999999996,436.0,7.15,7.17,7.16,2882,13620,56,0.15342465753424658,1.01098623853211,ATM
2023-08-25,2023-10-20,CALL,440.78999999999996,437.0,13.15,13.23,13.190000000000001,1388,1907,56,0.15342465753424658,1.0086727688787185,ATM
2023-08-25,2023-10-20,PUT,440.78999999999996,437.0,7.46,7.49,7.475,6632,3470,56,0.15342465753424658,1.0086727688787185,ATM
2023-08-25,2023-10-20,CALL,440.78999999999996,438.0,12.49,12.54,12.515,1492,2536,56,0.15342465753424658,1.0063698630136986,ATM
2023-08-25,2023-10-20,PUT,440.78999999999996,438.0,7.79,7.81,7.8,4040,4640,56,0.15342465753424658,1.0063698630136986,ATM
2023-08-25,2023-10-20,CALL,440.78999999999996,439.0,11.82,11.86,11.84,710,1801,56,0.15342465753424658,1.0040774487471524,ATM
2023-08-25,2023-10-20,PUT,440.78999999999996,439.0,8.14,8.16,8.15,2195,1603,56,0.15342465753424658,1.0040774487471524,ATM
2023-08-25,2023-10-20,CALL,440.78999999999996,440.0,11.17,11.2,11.184999999999999,3155,17456,56,0.15342465753424658,1.0017954545454544,ATM
2023-08-25,2023-10-20,PUT,440.78999999999996,440.0,8.5,8.52,8.51,17223,50950,56,0.15342465753424658,1.0017954545454544,ATM
2023-08-25,2023-10-20,CALL,440.78999999999996,441.0,10.54,10.57,10.555,726,3236,56,0.15342465753424658,0.9995238095238095,ATM
2023-08-25,2023-10-20,PUT,440.78999999999996,441.0,8.88,8.9,8.89,1169,2102,56,0.15342465753424658,0.9995238095238095,ATM
2023-08-25,2023-10-20,CALL,440.78999999999996,442.0,9.91,9.95,9.93,1713,5939,56,0.15342465753424658,0.9972624434389139,ATM
2023-08-25,2023-10-20,PUT,440.78999999999996,442.0,9.28,9.3,9.29,1140,5580,56,0.15342465753424658,0.9972624434389139,ATM
2023-08-25,2023-10-20,CALL,440.78999999999996,443.0,9.31,9.35,9.33,591,5562,56,0.15342465753424658,0.9950112866817155,ATM
2023-08-25,2023-10-20,PUT,440.78999999999996,443.0,9.69,9.72,9.705,279,1100,56,0.15342465753424658,0.9950112866817155,ATM
2023-08-25,2023-10-20,CALL,440.78999999999996,444.0,8.72,8.75,8.735,1057,4926,56,0.15342465753424658,0.9927702702702702,ATM
2023-08-25,2023-10-20,PUT,440.78999999999996,444.0,10.13,10.16,10.145,475,5616,56,0.15342465753424658,0.9927702702702702,ATM
2023-08-25,2023-10-20,CALL,440.78999999999996,445.0,8.16,8.19,8.175,2744,30554,56,0.15342465753424658,0.9905393258426965,ATM
2023-08-25,2023-10-20,PUT,440.78999999999996,445.0,10.6,10.62,10.61,1523,26927,56,0.15342465753424658,0.9905393258426965,ATM
2023-08-25,2023-10-20,CALL,440.78999999999996,446.0,7.61,7.65,7.630000000000001,615,4165,56,0.15342465753424658,0.9883183856502241,ATM
2023-08-25,2023-10-20,PUT,440.78999999999996,446.0,11.08,11.1,11.09,93,4530,56,0.15342465753424658,0.9883183856502241,ATM
2023-08-25,2023-10-20,CALL,440.78999999999996,447.0,7.08,7.11,7.095000000000001,604,872,56,0.15342465753424658,0.9861073825503355,ATM
2023-08-25,2023-10-20,PUT,440.78999999999996,447.0,11.58,11.61,11.594999999999999,77,489,56,0.15342465753424658,0.9861073825503355,ATM
2023-08-25,2023-10-20,CALL,440.78999999999996,448.0,6.57,6.6,6.585,661,4300,56,0.15342465753424658,0.9839062499999999,ATM
2023-08-25,2023-10-20,PUT,440.78999999999996,448.0,11.9,12.33,12.115,22,4783,56,0.15342465753424658,0.9839062499999999,ATM
2023-08-25,2023-10-20,CALL,440.78999999999996,449.0,6.1,6.13,6.115,760,2747,56,0.15342465753424658,0.9817149220489977,ATM
2023-08-25,2023-10-20,PUT,440.78999999999996,449.0,12.45,12.89,12.67,7,365,56,0.15342465753424658,0.9817149220489977,ATM
2023-08-25,2023-10-20,CALL,440.78999999999996,450.0,5.63,5.66,5.645,4539,35528,56,0.15342465753424658,0.9795333333333333,ATM
2023-08-25,2023-10-20,PUT,440.78999999999996,450.0,13.18,13.33,13.254999999999999,360,30097,56,0.15342465753424658,0.9795333333333333,ATM
2023-08-25,2023-10-20,CALL,440.78999999999996,451.0,5.18,5.21,5.195,845,830,56,0.15342465753424658,0.9773614190687361,ATM
2023-08-25,2023-10-20,PUT,440.78999999999996,451.0,13.56,14.1,13.83,17,144,56,0.15342465753424658,0.9773614190687361,ATM
2023-08-25,2023-10-20,CALL,440.78999999999996,452.0,4.77,4.8,4.785,1165,4612,56,0.15342465753424658,0.9751991150442477,ATM
2023-08-25,2023-10-20,PUT,440.78999999999996,452.0,14.18,14.73,14.455,32,6431,56,0.15342465753424658,0.9751991150442477,ATM
2023-08-25,2023-10-20,CALL,440.78999999999996,453.0,4.37,4.4,4.385,2299,1256,56,0.15342465753424658,0.973046357615894,ATM
2023-08-25,2023-10-20,PUT,440.78999999999996,453.0,14.82,15.33,15.075,2,13,56,0.15342465753424658,0.973046357615894,ATM
2023-08-25,2023-10-20,CALL,440.78999999999996,454.0,4.0,4.03,4.015000000000001,906,5279,56,0.15342465753424658,0.9709030837004404,ATM
2023-08-25,2023-10-20,PUT,440.78999999999996,454.0,15.49,15.96,15.725000000000001,8,6112,56,0.15342465753424658,0.9709030837004404,ATM
2023-08-25,2023-10-20,CALL,440.78999999999996,455.0,3.65,3.68,3.665,4571,23701,56,0.15342465753424658,0.9687692307692307,OTM
2023-08-25,2023-10-20,PUT,440.78999999999996,455.0,16.32,16.68,16.5,341,13880,56,0.15342465753424658,0.9687692307692307,OTM
2023-08-25,2023-10-20,CALL,440.78999999999996,456.0,3.32,3.35,3.335,1037,7193,56,0.15342465753424658,0.9666447368421052,OTM
2023-08-25,2023-10-20,PUT,440.78999999999996,456.0,16.9,17.44,17.17,8,6209,56,0.15342465753424658,0.9666447368421052,OTM
2023-08-25,2023-10-20,CALL,440.78999999999996,457.0,3.02,3.04,3.0300000000000002,1192,2095,56,0.15342465753424658,0.9645295404814004,OTM
2023-08-25,2023-10-20,PUT,440.78999999999996,457.0,17.64,18.44,18.04,1,245,56,0.15342465753424658,0.9645295404814004,OTM
2023-08-25,2023-10-20,CALL,440.78999999999996,458.0,2.74,2.76,2.75,835,6434,56,0.15342465753424658,0.9624235807860261,OTM
2023-08-25,2023-10-20,PUT,440.78999999999996,458.0,18.41,19.23,18.82,584,7384,56,0.15342465753424658,0.9624235807860261,OTM
2023-08-25,2023-10-20,CALL,440.78999999999996,459.0,2.47,2.49,2.4800000000000004,368,2624,56,0.15342465753424658,0.9603267973856209,OTM
2023-08-25,2023-10-20,CALL,440.78999999999996,460.0,2.23,2.25,2.24,3870,24646,56,0.15342465753424658,0.9582391304347825,OTM
2023-08-25,2023-10-20,PUT,440.78999999999996,460.0,20.01,20.87,20.44,393,13085,56,0.15342465753424658,0.9582391304347825,OTM
2023-08-25,2023-10-20,CALL,440.78999999999996,461.0,2.01,2.03,2.0199999999999996,517,3972,56,0.15342465753424658,0.9561605206073752,OTM
2023-08-25,2023-10-20,CALL,440.78999999999996,462.0,1.8,1.82,1.81,5550,7327,56,0.15342465753424658,0.954090909090909,OTM
2023-08-25,2023-10-20,PUT,440.78999999999996,462.0,21.7,22.59,22.145,1,3400,56,0.15342465753424658,0.954090909090909,OTM
2023-08-25,2023-10-20,CALL,440.78999999999996,463.0,1.62,1.63,1.625,215,2031,56,0.15342465753424658,0.9520302375809935,OTM
2023-08-25,2023-10-20,CALL,440.78999999999996,464.0,1.45,1.46,1.455,310,6067,56,0.15342465753424658,0.949978448275862,OTM
2023-08-25,2023-10-20,PUT,440.78999999999996,464.0,23.45,24.37,23.91,2,2157,56,0.15342465753424658,0.949978448275862,OTM
2023-08-25,2023-10-20,CALL,440.78999999999996,465.0,1.29,1.31,1.3,1351,21909,56,0.15342465753424658,0.9479354838709677,OTM
2023-08-25,2023-10-20,PUT,440.78999999999996,465.0,24.33,25.29,24.81,2,4334,56,0.15342465753424658,0.9479354838709677,OTM
2023-08-25,2023-10-20,CALL,440.78999999999996,466.0,1.15,1.17,1.16,449,5473,56,0.15342465753424658,0.945901287553648,OTM
2023-08-25,2023-10-20,CALL,440.78999999999996,468.0,0.91,0.93,0.92,453,4658,56,0.15342465753424658,0.9418589743589743,OTM
2023-08-25,2023-10-20,CALL,440.78999999999996,470.0,0.72,0.73,0.725,3025,21758,56,0.15342465753424658,0.9378510638297871,OTM
2023-08-25,2023-10-20,PUT,440.78999999999996,470.0,29.01,30.0,29.505000000000003,46,248,56,0.15342465753424658,0.9378510638297871,OTM
2023-08-25,2023-10-20,CALL,440.78999999999996,472.0,0.56,0.58,0.5700000000000001,259,4220,56,0.15342465753424658,0.9338771186440677,OTM
2023-08-25,2023-10-20,PUT,440.78999999999996,472.0,30.92,31.94,31.43,1,2,56,0.15342465753424658,0.9338771186440677,OTM
2023-08-25,2023-10-20,CALL,440.78999999999996,474.0,0.44,0.46,0.45,214,4563,56,0.15342465753424658,0.9299367088607594,OTM
2023-08-25,2023-10-20,CALL,440.78999999999996,475.0,0.39,0.41,0.4,578,20313,56,0.15342465753424658,0.927978947368421,OTM
2023-08-25,2023-10-20,CALL,440.78999999999996,476.0,0.35,0.36,0.355,479,11028,56,0.15342465753424658,0.9260294117647058,OTM
2023-08-25,2023-10-20,CALL,440.78999999999996,478.0,0.28,0.29,0.28500000000000003,119,3367,56,0.15342465753424658,0.9221548117154811,OTM
2023-08-25,2023-10-20,CALL,440.78999999999996,480.0,0.22,0.23,0.225,330,20513,56,0.15342465753424658,0.9183125,OTM
2023-08-25,2023-10-20,PUT,440.78999999999996,480.0,38.77,39.81,39.290000000000006,10,29,56,0.15342465753424658,0.9183125,OTM
2023-08-25,2023-10-20,CALL,440.78999999999996,482.0,0.18,0.19,0.185,223,1544,56,0.15342465753424658,0.9145020746887966,OTM
2023-08-25,2023-10-20,CALL,440.78999999999996,484.0,0.15,0.16,0.155,11,1627,56,0.15342465753424658,0.9107231404958677,OTM
2023-08-25,2023-10-20,CALL,440.78999999999996,485.0,0.13,0.14,0.135,55,11171,56,0.15342465753424658,0.9088453608247422,OTM
2023-08-25,2023-10-20,CALL,440.78999999999996,486.0,0.12,0.13,0.125,3,1528,56,0.15342465753424658,0.9069753086419753,OTM
2023-08-25,2023-11-17,PUT,440.78999999999996,401.0,3.05,3.07,3.0599999999999996,63,926,84,0.23013698630136986,1.099226932668329,ITM
2023-08-25,2023-11-17,PUT,440.78999999999996,402.0,3.14,3.16,3.1500000000000004,198,9539,84,0.23013698630136986,1.0964925373134327,ITM
2023-08-25,2023-11-17,PUT,440.78999999999996,403.0,3.23,3.25,3.24,91,3985,84,0.23013698630136986,1.0937717121588089,ITM
2023-08-25,2023-11-17,PUT,440.78999999999996,404.0,3.33,3.34,3.335,92,1928,84,0.23013698630136986,1.0910643564356435,ITM
2023-08-25,2023-11-17,PUT,440.78999999999996,405.0,3.43,3.44,3.435,479,9780,84,0.23013698630136986,1.0883703703703702,ITM
2023-08-25,2023-11-17,PUT,440.78999999999996,406.0,3.53,3.55,3.54,358,1446,84,0.23013698630136986,1.0856896551724138,ITM
2023-08-25,2023-11-17,PUT,440.78999999999996,407.0,3.64,3.65,3.645,126,10719,84,0.23013698630136986,1.083022113022113,ITM
2023-08-25,2023-11-17,PUT,440.78999999999996,408.0,3.75,3.76,3.755,246,5404,84,0.23013698630136986,1.0803676470588235,ITM
2023-08-25,2023-11-17,PUT,440.78999999999996,409.0,3.86,3.88,3.87,92,6809,84,0.23013698630136986,1.077726161369193,ITM
2023-08-25,2023-11-17,CALL,440.78999999999996,410.0,38.12,38.85,38.485,5,117,84,0.23013698630136986,1.0750975609756097,ITM
2023-08-25,2023-11-17,PUT,440.78999999999996,410.0,3.98,4.0,3.99,1134,19042,84,0.23013698630136986,1.0750975609756097,ITM
2023-08-25,2023-11-17,PUT,440.78999999999996,411.0,4.1,4.12,4.109999999999999,265,2915,84,0.23013698630136986,1.0724817518248175,ITM
2023-08-25,2023-11-17,PUT,440.78999999999996,412.0,4.22,4.25,4.234999999999999,392,2093,84,0.23013698630136986,1.069878640776699,ITM
2023-08-25,2023-11-17,PUT,440.78999999999996,413.0,4.36,4.38,4.37,434,3950,84,0.23013698630136986,1.0672881355932202,ITM
2023-08-25,2023-11-17,PUT,440.78999999999996,414.0,4.49,4.51,4.5,314,4075,84,0.23013698630136986,1.0647101449275362,ITM
2023-08-25,2023-11-17,PUT,440.78999999999996,415.0,4.63,4.65,4.640000000000001,960,9697,84,0.23013698630136986,1.0621445783132528,ITM
2023-08-25,2023-11-17,PUT,440.78999999999996,416.0,4.78,4.8,4.79,385,1885,84,0.23013698630136986,1.059591346153846,ITM
2023-08-25,2023-11-17,CALL,440.78999999999996,417.0,32.16,32.78,32.47,1,22,84,0.23013698630136986,1.05705035971223,ITM
2023-08-25,2023-11-17,PUT,440.78999999999996,417.0,4.93,4.95,4.9399999999999995,153,3275,84,0.23013698630136986,1.05705035971223,ITM
2023-08-25,2023-11-17,CALL,440.78999999999996,418.0,31.32,31.94,31.630000000000003,1,1603,84,0.23013698630136986,1.0545215311004783,ITM
2023-08-25,2023-11-17,PUT,440.78999999999996,418.0,5.09,5.1,5.095,46,2469,84,0.23013698630136986,1.0545215311004783,ITM
2023-08-25,2023-11-17,PUT,440.78999999999996,419.0,5.25,5.27,5.26,368,2246,84,0.23013698630136986,1.0520047732696896,ITM
2023-08-25,2023-11-17,CALL,440.78999999999996,420.0,29.68,30.27,29.975,51,301,84,0.23013698630136986,1.0494999999999999,ITM
2023-08-25,2023-11-17,PUT,440.78999999999996,420.0,5.42,5.43,5.425,1436,21141,84,0.23013698630136986,1.0494999999999999,ITM
2023-08-25,2023-11-17,CALL,440.78999999999996,421.0,28.85,29.44,29.145000000000003,15,72,84,0.23013698630136986,1.0470071258907363,ITM
2023-08-25,2023-11-17,PUT,440.78999999999996,421.0,5.59,5.61,5.6,274,1688,84,0.23013698630136986,1.0470071258907363,ITM
2023-08-25,2023-11-17,CALL,440.78999999999996,422.0,28.09,28.62,28.355,2,41,84,0.23013698630136986,1.0445260663507108,ITM
2023-08-25,2023-11-17,PUT,440.78999999999996,422.0,5.77,5.79,5.779999999999999,543,1679,84,0.23013698630136986,1.0445260663507108,ITM
2023-08-25,2023-11-17,PUT,440.78999999999996,423.0,5.96,5.98,5.970000000000001,539,3410,84,0.23013698630136986,1.0420567375886525,ITM
2023-08-25,2023-11-17,PUT,440.78999999999996,424.0,6.15,6.17,6.16,94,7424,84,0.23013698630136986,1.0395990566037736,ITM
2023-08-25,2023-11-17,CALL,440.78999999999996,425.0,25.79,26.02,25.905,53,1377,84,0.23013698630136986,1.0371529411764706,ITM
2023-08-25,2023-11-17,PUT,440.78999999999996,425.0,6.35,6.37,6.359999999999999,783,21481,84,0.23013698630136986,1.0371529411764706,ITM
2023-08-25,2023-11-17,PUT,440.78999999999996,426.0,6.56,6.58,6.57,68,7562,84,0.23013698630136986,1.0347183098591548,ITM
2023-08-25,2023-11-17,CALL,440.78999999999996,427.0,24.21,24.44,24.325000000000003,2,70,84,0.23013698630136986,1.032295081967213,ITM
2023-08-25,2023-11-17,PUT,440.78999999999996,427.0,6.77,6.8,6.785,170,3652,84,0.23013698630136986,1.032295081967213,ITM
2023-08-25,2023-11-17,PUT,440.78999999999996,428.0,7.0,7.02,7.01,675,1240,84,0.23013698630136986,1.0298831775700934,ATM
2023-08-25,2023-11-17,CALL,440.78999999999996,429.0,22.67,22.88,22.775,1,739,84,0.23013698630136986,1.0274825174825173,ATM
2023-08-25,2023-11-17,PUT,440.78999999999996,429.0,7.23,7.25,7.24,63,4702,84,0.23013698630136986,1.0274825174825173,ATM
2023-08-25,2023-11-17,CALL,440.78999999999996,430.0,21.98,22.08,22.03,93,3066,84,0.23013698630136986,1.025093023255814,ATM
2023-08-25,2023-11-17,PUT,440.78999999999996,430.0,7.47,7.49,7.48,6522,18153,84,0.23013698630136986,1.025093023255814,ATM
2023-08-25,2023-11-17,CALL,440.78999999999996,431.0,21.23,21.34,21.285,60,82,84,0.23013698630136986,1.0227146171693735,ATM
2023-08-25,2023-11-17,PUT,440.78999999999996,431.0,7.72,7.75,7.734999999999999,386,10379,84,0.23013698630136986,1.0227146171693735,ATM
2023-08-25,2023-11-17,CALL,440.78999999999996,432.0,20.5,20.6,20.55,148,1495,84,0.23013698630136986,1.020347222222222,ATM
2023-08-25,2023-11-17,PUT,440.78999999999996,432.0,7.98,8.01,7.995,847,7585,84,0.23013698630136986,1.020347222222222,ATM
2023-08-25,2023-11-17,CALL,440.78999999999996,433.0,19.76,19.86,19.810000000000002,100,2561,84,0.23013698630136986,1.0179907621247113,ATM
2023-08-25,2023-11-17,PUT,440.78999999999996,433.0,8.25,8.28,8.265,196,5311,84,0.23013698630136986,1.0179907621247113,ATM
2023-08-25,2023-11-17,CALL,440.78999999999996,434.0,19.02,19.12,19.07,12,1160,84,0.23013698630136986,1.0156451612903226,ATM
2023-08-25,2023-11-17,PUT,440.78999999999996,434.0,8.53,8.56,8.545,340,4088,84,0.23013698630136986,1.0156451612903226,ATM
2023-08-25,2023-11-17,CALL,440.78999999999996,435.0,18.32,18.39,18.355,845,3998,84,0.23013698630136986,1.0133103448275862,ATM
2023-08-25,2023-11-17,PUT,440.78999999999996,435.0,8.82,8.85,8.835,3847,15641,84,0.23013698630136986,1.0133103448275862,ATM
2023-08-25,2023-11-17,CALL,440.78999999999996,436.0,17.61,17.69,17.65,185,2665,84,0.23013698630136986,1.01098623853211,ATM
2023-08-25,2023-11-17,PUT,440.78999999999996,436.0,9.13,9.15,9.14,363,4601,84,0.23013698630136986,1.01098623853211,ATM
2023-08-25,2023-11-17,CALL,440.78999999999996,437.0,16.91,16.99,16.95,584,3247,84,0.23013698630136986,1.0086727688787185,ATM
2023-08-25,2023-11-17,PUT,440.78999999999996,437.0,9.44,9.47,9.455,1212,5969,84,0.23013698630136986,1.0086727688787185,ATM
2023-08-25,2023-11-17,CALL,440.78999999999996,438.0,16.22,16.3,16.259999999999998,314,3886,84,0.23013698630136986,1.0063698630136986,ATM
2023-08-25,2023-11-17,PUT,440.78999999999996,438.0,9.77,9.8,9.785,632,5226,84,0.23013698630136986,1.0063698630136986,ATM
2023-08-25,2023-11-17,CALL,440.78999999999996,439.0,15.55,15.61,15.58,299,2308,84,0.23013698630136986,1.0040774487471524,ATM
2023-08-25,2023-11-17,PUT,440.78999999999996,439.0,10.11,10.13,10.120000000000001,1606,9632,84,0.23013698630136986,1.0040774487471524,ATM
2023-08-25,2023-11-17,CALL,440.78999999999996,440.0,14.89,14.94,14.915,1366,13015,84,0.23013698630136986,1.0017954545454544,ATM
2023-08-25,2023-11-17,PUT,440.78999999999996,440.0,10.46,10.49,10.475000000000001,6181,19066,84,0.23013698630136986,1.0017954545454544,ATM
2023-08-25,2023-11-17,CALL,440.78999999999996,442.0,13.59,13.65,13.620000000000001,232,5430,84,0.23013698630136986,0.9972624434389139,ATM
2023-08-25,2023-11-17,PUT,440.78999999999996,442.0,11.21,11.24,11.225000000000001,516,514,84,0.23013698630136986,0.9972624434389139,ATM
2023-08-25,2023-11-17,CALL,440.78999999999996,444.0,12.35,12.39,12.370000000000001,115,5778,84,0.23013698630136986,0.9927702702702702,ATM
2023-08-25,2023-11-17,PUT,440.78999999999996,444.0,12.02,12.05,12.035,194,538,84,0.23013698630136986,0.9927702702702702,ATM
2023-08-25,2023-11-17,CALL,440.78999999999996,445.0,11.75,11.79,11.77,2606,14483,84,0.23013698630136986,0.9905393258426965,ATM
2023-08-25,2023-11-17,PUT,440.78999999999996,445.0,12.45,12.48,12.465,1129,15687,84,0.23013698630136986,0.9905393258426965,ATM
2023-08-25,2023-11-17,CALL,440.78999999999996,446.0,11.16,11.2,11.18,335,1985,84,0.23013698630136986,0.9883183856502241,ATM
2023-08-25,2023-11-17,PUT,440.78999999999996,446.0,12.9,12.93,12.915,1062,1110,84,0.23013698630136986,0.9883183856502241,ATM
2023-08-25,2023-11-17,CALL,440.78999999999996,448.0,10.02,10.07,10.045,153,1360,84,0.23013698630136986,0.9839062499999999,ATM
2023-08-25,2023-11-17,PUT,440.78999999999996,448.0,13.85,13.88,13.865,29,731,84,0.23013698630136986,0.9839062499999999,ATM
2023-08-25,2023-11-17,CALL,440.78999999999996,450.0,8.96,9.0,8.98,1796,15423,84,0.23013698630136986,0.9795333333333333,ATM
2023-08-25,2023-11-17,PUT,440.78999999999996,450.0,14.78,14.99,14.885,73,17227,84,0.23013698630136986,0.9795333333333333,ATM
2023-08-25,2023-11-17,CALL,440.78999999999996,452.0,7.95,7.99,7.970000000000001,391,255,84,0.23013698630136986,0.9751991150442477,ATM
2023-08-25,2023-11-17,PUT,440.78999999999996,452.0,15.69,16.31,16.0,3,203,84,0.23013698630136986,0.9751991150442477,ATM
2023-08-25,2023-11-17,CALL,440.78999999999996,454.0,7.02,7.06,7.039999999999999,85,462,84,0.23013698630136986,0.9709030837004404,ATM
2023-08-25,2023-11-17,PUT,440.78999999999996,454.0,16.86,17.53,17.195,3,27,84,0.23013698630136986,0.9709030837004404,ATM
2023-08-25,2023-11-17,CALL,440.78999999999996,455.0,6.58,6.62,6.6,883,8856,84,0.23013698630136986,0.9687692307692307,OTM
2023-08-25,2023-11-17,PUT,440.78999999999996,455.0,17.49,18.17,17.83,34,11485,84,0.23013698630136986,0.9687692307692307,OTM
2023-08-25,2023-11-17,CALL,440.78999999999996,456.0,6.15,6.19,6.17,171,533,84,0.23013698630136986,0.9666447368421052,OTM
2023-08-25,2023-11-17,PUT,440.78999999999996,456.0,18.13,18.84,18.485,1,55,84,0.23013698630136986,0.9666447368421052,OTM
2023-08-25,2023-11-17,CALL,440.78999999999996,458.0,5.36,5.4,5.380000000000001,329,2815,84,0.23013698630136986,0.9624235807860261,OTM
2023-08-25,2023-11-17,PUT,440.78999999999996,458.0,19.48,20.24,19.86,4,111,84,0.23013698630136986,0.9624235807860261,OTM
2023-08-25,2023-11-17,CALL,440.78999999999996,460.0,4.65,4.68,4.665,2568,17901,84,0.23013698630136986,0.9582391304347825,OTM
2023-08-25,2023-11-17,PUT,440.78999999999996,460.0,20.92,21.72,21.32,70,11807,84,0.23013698630136986,0.9582391304347825,OTM
2023-08-25,2023-11-17,CALL,440.78999999999996,462.0,4.0,4.03,4.015000000000001,1137,6446,84,0.23013698630136986,0.954090909090909,OTM
2023-08-25,2023-11-17,PUT,440.78999999999996,462.0,22.4,23.29,22.845,56,2139,84,0.23013698630136986,0.954090909090909,OTM
2023-08-25,2023-11-17,CALL,440.78999999999996,464.0,3.43,3.45,3.4400000000000004,1190,1625,84,0.23013698630136986,0.949978448275862,OTM
2023-08-25,2023-11-17,PUT,440.78999999999996,464.0,24.05,24.93,24.490000000000002,30,4411,84,0.23013698630136986,0.949978448275862,OTM
2023-08-25,2023-11-17,CALL,440.78999999999996,465.0,3.17,3.19,3.1799999999999997,1627,16464,84,0.23013698630136986,0.9479354838709677,OTM
2023-08-25,2023-11-17,PUT,440.78999999999996,465.0,24.89,25.78,25.335,936,12291,84,0.23013698630136986,0.9479354838709677,OTM
2023-08-25,2023-11-17,CALL,440.78999999999996,470.0,2.08,2.1,2.09,963,3112,84,0.23013698630136986,0.9378510638297871,OTM
2023-08-25,2023-11-17,PUT,440.78999999999996,470.0,29.29,30.23,29.759999999999998,5,723,84,0.23013698630136986,0.9378510638297871,OTM
2023-08-25,2023-11-17,CALL,440.78999999999996,475.0,1.33,1.35,1.34,162,12417,84,0.23013698630136986,0.927978947368421,OTM
2023-08-25,2023-11-17,CALL,440.78999999999996,480.0,0.83,0.85,0.84,126,21268,84,0.23013698630136986,0.9183125,OTM
2023-08-25,2023-11-17,CALL,440.78999999999996,485.0,0.52,0.54,0.53,56,7691,84,0.23013698630136986,0.9088453608247422,OTM
2023-08-25,2023-12-15,PUT,440.78999999999996,401.0,4.37,4.39,4.38,673,1084,112,0.30684931506849317,1.099226932668329,ITM
2023-08-25,2023-12-15,PUT,440.78999999999996,402.0,4.48,4.49,4.485,162,919,112,0.30684931506849317,1.0964925373134327,ITM
2023-08-25,2023-12-15,PUT,440.78999999999996,403.0,4.59,4.6,4.595,199,1956,112,0.30684931506849317,1.0937717121588089,ITM
2023-08-25,2023-12-15,PUT,440.78999999999996,404.0,4.7,4.72,4.71,120,3882,112,0.30684931506849317,1.0910643564356435,ITM
2023-08-25,2023-12-15,CALL,440.78999999999996,405.0,45.24,46.13,45.685,1,6480,112,0.30684931506849317,1.0883703703703702,ITM
2023-08-25,2023-12-15,PUT,440.78999999999996,405.0,4.82,4.84,4.83,446,21756,112,0.30684931506849317,1.0883703703703702,ITM
2023-08-25,2023-12-15,PUT,440.78999999999996,406.0,4.94,4.96,4.95,5,2586,112,0.30684931506849317,1.0856896551724138,ITM
2023-08-25,2023-12-15,PUT,440.78999999999996,407.0,5.06,5.08,5.07,244,1181,112,0.30684931506849317,1.083022113022113,ITM
2023-08-25,2023-12-15,PUT,440.78999999999996,408.0,5.19,5.21,5.2,23,10455,112,0.30684931506849317,1.0803676470588235,ITM
2023-08-25,2023-12-15,PUT,440.78999999999996,409.0,5.32,5.34,5.33,7,2372,112,0.30684931506849317,1.077726161369193,ITM
2023-08-25,2023-12-15,CALL,440.78999999999996,410.0,40.93,41.79,41.36,10,8170,112,0.30684931506849317,1.0750975609756097,ITM
2023-08-25,2023-12-15,PUT,440.78999999999996,410.0,5.46,5.48,5.470000000000001,777,42754,112,0.30684931506849317,1.0750975609756097,ITM
2023-08-25,2023-12-15,PUT,440.78999999999996,411.0,5.59,5.61,5.6,81,1304,112,0.30684931506849317,1.0724817518248175,ITM
2023-08-25,2023-12-15,PUT,440.78999999999996,412.0,5.75,5.76,5.755,137,1858,112,0.30684931506849317,1.069878640776699,ITM
2023-08-25,2023-12-15,PUT,440.78999999999996,413.0,5.89,5.91,5.9,617,1419,112,0.30684931506849317,1.0672881355932202,ITM
2023-08-25,2023-12-15,PUT,440.78999999999996,414.0,6.04,6.06,6.05,409,3769,112,0.30684931506849317,1.0647101449275362,ITM
2023-08-25,2023-12-15,PUT,440.78999999999996,415.0,6.19,6.22,6.205,1165,14072,112,0.30684931506849317,1.0621445783132528,ITM
2023-08-25,2023-12-15,PUT,440.78999999999996,416.0,6.36,6.38,6.37,85,2088,112,0.30684931506849317,1.059591346153846,ITM
2023-08-25,2023-12-15,PUT,440.78999999999996,417.0,6.52,6.54,6.529999999999999,190,1802,112,0.30684931506849317,1.05705035971223,ITM
2023-08-25,2023-12-15,PUT,440.78999999999996,418.0,6.69,6.71,6.7,275,1838,112,0.30684931506849317,1.0545215311004783,ITM
2023-08-25,2023-12-15,PUT,440.78999999999996,419.0,6.87,6.89,6.88,364,994,112,0.30684931506849317,1.0520047732696896,ITM
2023-08-25,2023-12-15,CALL,440.78999999999996,420.0,32.61,33.37,32.989999999999995,62,12089,112,0.30684931506849317,1.0494999999999999,ITM
2023-08-25,2023-12-15,PUT,440.78999999999996,420.0,7.05,7.07,7.0600000000000005,2432,27398,112,0.30684931506849317,1.0494999999999999,ITM
2023-08-25,2023-12-15,PUT,440.78999999999996,421.0,7.24,7.26,7.25,194,3787,112,0.30684931506849317,1.0470071258907363,ITM
2023-08-25,2023-12-15,PUT,440.78999999999996,422.0,7.43,7.45,7.4399999999999995,173,978,112,0.30684931506849317,1.0445260663507108,ITM
2023-08-25,2023-12-15,PUT,440.78999999999996,423.0,7.63,7.65,7.640000000000001,347,590,112,0.30684931506849317,1.0420567375886525,ITM
2023-08-25,2023-12-15,PUT,440.78999999999996,424.0,7.83,7.86,7.845000000000001,760,21623,112,0.30684931506849317,1.0395990566037736,ITM
2023-08-25,2023-12-15,CALL,440.78999999999996,425.0,28.8,29.18,28.990000000000002,20,15928,112,0.30684931506849317,1.0371529411764706,ITM
2023-08-25,2023-12-15,PUT,440.78999999999996,425.0,8.04,8.07,8.055,2732,32033,112,0.30684931506849317,1.0371529411764706,ITM
2023-08-25,2023-12-15,CALL,440.78999999999996,426.0,28.02,28.4,28.21,1,516,112,0.30684931506849317,1.0347183098591548,ITM
2023-08-25,2023-12-15,PUT,440.78999999999996,426.0,8.26,8.29,8.274999999999999,232,1064,112,0.30684931506849317,1.0347183098591548,ITM
2023-08-25,2023-12-15,CALL,440.78999999999996,427.0,27.24,27.61,27.424999999999997,3,255,112,0.30684931506849317,1.032295081967213,ITM
2023-08-25,2023-12-15,PUT,440.78999999999996,427.0,8.49,8.51,8.5,3,1780,112,0.30684931506849317,1.032295081967213,ITM
2023-08-25,2023-12-15,CALL,440.78999999999996,428.0,26.45,26.89,26.67,1,667,112,0.30684931506849317,1.0298831775700934,ATM
2023-08-25,2023-12-15,PUT,440.78999999999996,428.0,8.72,8.74,8.73,146,1979,112,0.30684931506849317,1.0298831775700934,ATM
2023-08-25,2023-12-15,CALL,440.78999999999996,429.0,25.69,26.12,25.905,1,532,112,0.30684931506849317,1.0274825174825173,ATM
2023-08-25,2023-12-15,PUT,440.78999999999996,429.0,8.96,8.99,8.975000000000001,56,1326,112,0.30684931506849317,1.0274825174825173,ATM
2023-08-25,2023-12-15,CALL,440.78999999999996,430.0,25.06,25.21,25.134999999999998,76,25415,112,0.30684931506849317,1.025093023255814,ATM
2023-08-25,2023-12-15,PUT,440.78999999999996,430.0,9.2,9.23,9.215,1189,44260,112,0.30684931506849317,1.025093023255814,ATM
2023-08-25,2023-12-15,PUT,440.78999999999996,431.0,9.46,9.48,9.47,449,2412,112,0.30684931506849317,1.0227146171693735,ATM
2023-08-25,2023-12-15,PUT,440.78999999999996,432.0,9.72,9.75,9.735,108,3870,112,0.30684931506849317,1.020347222222222,ATM
2023-08-25,2023-12-15,CALL,440.78999999999996,433.0,22.83,22.99,22.909999999999997,2,3850,112,0.30684931506849317,1.0179907621247113,ATM
2023-08-25,2023-12-15,PUT,440.78999999999996,433.0,9.99,10.02,10.004999999999999,189,4949,112,0.30684931506849317,1.0179907621247113,ATM
2023-08-25,2023-12-15,CALL,440.78999999999996,434.0,22.1,22.25,22.175,3,2339,112,0.30684931506849317,1.0156451612903226,ATM
2023-08-25,2023-12-15,PUT,440.78999999999996,434.0,10.27,10.3,10.285,252,22083,112,0.30684931506849317,1.0156451612903226,ATM
2023-08-25,2023-12-15,CALL,440.78999999999996,435.0,21.4,21.52,21.46,14,11452,112,0.30684931506849317,1.0133103448275862,ATM
2023-08-25,2023-12-15,PUT,440.78999999999996,435.0,10.56,10.59,10.575,799,27098,112,0.30684931506849317,1.0133103448275862,ATM
2023-08-25,2023-12-15,CALL,440.78999999999996,436.0,20.68,20.81,20.744999999999997,65,2910,112,0.30684931506849317,1.01098623853211,ATM
2023-08-25,2023-12-15,PUT,440.78999999999996,436.0,10.86,10.89,10.875,365,2505,112,0.30684931506849317,1.01098623853211,ATM
2023-08-25,2023-12-15,CALL,440.78999999999996,437.0,19.95,20.11,20.03,162,2201,112,0.30684931506849317,1.0086727688787185,ATM
2023-08-25,2023-12-15,PUT,440.78999999999996,437.0,11.17,11.2,11.184999999999999,425,3451,112,0.30684931506849317,1.0086727688787185,ATM
2023-08-25,2023-12-15,CALL,440.78999999999996,438.0,19.27,19.54,19.405,309,1455,112,0.30684931506849317,1.0063698630136986,ATM
2023-08-25,2023-12-15,PUT,440.78999999999996,438.0,11.49,11.52,11.504999999999999,1878,3075,112,0.30684931506849317,1.0063698630136986,ATM
2023-08-25,2023-12-15,CALL,440.78999999999996,439.0,18.49,18.82,18.655,25,1018,112,0.30684931506849317,1.0040774487471524,ATM
2023-08-25,2023-12-15,PUT,440.78999999999996,439.0,11.82,11.86,11.84,237,3164,112,0.30684931506849317,1.0040774487471524,ATM
2023-08-25,2023-12-15,CALL,440.78999999999996,440.0,17.93,18.04,17.985,954,11571,112,0.30684931506849317,1.0017954545454544,ATM
2023-08-25,2023-12-15,PUT,440.78999999999996,440.0,12.17,12.19,12.18,2303,13842,112,0.30684931506849317,1.0017954545454544,ATM
2023-08-25,2023-12-15,CALL,440.78999999999996,441.0,17.26,17.37,17.315,44,2153,112,0.30684931506849317,0.9995238095238095,ATM
2023-08-25,2023-12-15,PUT,440.78999999999996,441.0,12.52,12.55,12.535,257,3712,112,0.30684931506849317,0.9995238095238095,ATM
2023-08-25,2023-12-15,CALL,440.78999999999996,442.0,16.61,16.73,16.67,39,6004,112,0.30684931506849317,0.9972624434389139,ATM
2023-08-25,2023-12-15,PUT,440.78999999999996,442.0,12.89,12.92,12.905000000000001,146,5914,112,0.30684931506849317,0.9972624434389139,ATM
2023-08-25,2023-12-15,CALL,440.78999999999996,443.0,15.91,16.06,15.985,807,2644,112,0.30684931506849317,0.9950112866817155,ATM
2023-08-25,2023-12-15,PUT,440.78999999999996,443.0,13.27,13.3,13.285,410,3932,112,0.30684931506849317,0.9950112866817155,ATM
2023-08-25,2023-12-15,CALL,440.78999999999996,444.0,15.28,15.41,15.344999999999999,531,1799,112,0.30684931506849317,0.9927702702702702,ATM
2023-08-25,2023-12-15,PUT,440.78999999999996,444.0,13.66,13.69,13.675,274,3009,112,0.30684931506849317,0.9927702702702702,ATM
2023-08-25,2023-12-15,CALL,440.78999999999996,445.0,14.74,14.79,14.765,2752,12120,112,0.30684931506849317,0.9905393258426965,ATM
2023-08-25,2023-12-15,PUT,440.78999999999996,445.0,14.04,14.15,14.094999999999999,131,10798,112,0.30684931506849317,0.9905393258426965,ATM
2023-08-25,2023-12-15,CALL,440.78999999999996,446.0,14.12,14.18,14.149999999999999,692,4035,112,0.30684931506849317,0.9883183856502241,ATM
2023-08-25,2023-12-15,PUT,440.78999999999996,446.0,14.35,14.64,14.495000000000001,58,1513,112,0.30684931506849317,0.9883183856502241,ATM
2023-08-25,2023-12-15,CALL,440.78999999999996,447.0,13.52,13.57,13.545,974,3901,112,0.30684931506849317,0.9861073825503355,ATM
2023-08-25,2023-12-15,PUT,440.78999999999996,447.0,14.78,15.02,14.899999999999999,7,4073,112,0.30684931506849317,0.9861073825503355,ATM
2023-08-25,2023-12-15,CALL,440.78999999999996,448.0,12.94,12.99,12.965,849,4574,112,0.30684931506849317,0.9839062499999999,ATM
2023-08-25,2023-12-15,PUT,440.78999999999996,448.0,15.18,15.47,15.325,1,3875,112,0.30684931506849317,0.9839062499999999,ATM
2023-08-25,2023-12-15,CALL,440.78999999999996,449.0,12.36,12.41,12.385,136,5187,112,0.30684931506849317,0.9817149220489977,ATM
2023-08-25,2023-12-15,PUT,440.78999999999996,449.0,15.63,16.09,15.86,37,1458,112,0.30684931506849317,0.9817149220489977,ATM
2023-08-25,2023-12-15,CALL,440.78999999999996,450.0,11.8,11.84,11.82,1272,27160,112,0.30684931506849317,0.9795333333333333,ATM
2023-08-25,2023-12-15,PUT,440.78999999999996,450.0,16.24,16.4,16.32,542,23592,112,0.30684931506849317,0.9795333333333333,ATM
2023-08-25,2023-12-15,CALL,440.78999999999996,451.0,11.24,11.29,11.265,58,2735,112,0.30684931506849317,0.9773614190687361,ATM
2023-08-25,2023-12-15,PUT,440.78999999999996,451.0,16.72,16.92,16.82,1011,1888,112,0.30684931506849317,0.9773614190687361,ATM
2023-08-25,2023-12-15,CALL,440.78999999999996,452.0,10.7,10.75,10.725,16,2492,112,0.30684931506849317,0.9751991150442477,ATM
2023-08-25,2023-12-15,PUT,440.78999999999996,452.0,17.05,17.64,17.345,2,2051,112,0.30684931506849317,0.9751991150442477,ATM
2023-08-25,2023-12-15,CALL,440.78999999999996,453.0,10.18,10.23,10.205,119,4465,112,0.30684931506849317,0.973046357615894,ATM
2023-08-25,2023-12-15,CALL,440.78999999999996,454.0,9.67,9.73,9.7,10,5855,112,0.30684931506849317,0.9709030837004404,ATM
2023-08-25,2023-12-15,PUT,440.78999999999996,454.0,18.12,18.63,18.375,7,2686,112,0.30684931506849317,0.9709030837004404,ATM
2023-08-25,2023-12-15,CALL,440.78999999999996,455.0,9.18,9.22,9.2,217,16981,112,0.30684931506849317,0.9687692307692307,OTM
2023-08-25,2023-12-15,PUT,440.78999999999996,455.0,18.68,19.22,18.95,54,2031,112,0.30684931506849317,0.9687692307692307,OTM
2023-08-25,2023-12-15,CALL,440.78999999999996,456.0,8.7,8.75,8.725,84,4951,112,0.30684931506849317,0.9666447368421052,OTM
2023-08-25,2023-12-15,PUT,440.78999999999996,456.0,19.25,19.85,19.55,12,1343,112,0.30684931506849317,0.9666447368421052,OTM
2023-08-25,2023-12-15,CALL,440.78999999999996,457.0,8.24,8.28,8.26,24,6038,112,0.30684931506849317,0.9645295404814004,OTM
2023-08-25,2023-12-15,CALL,440.78999999999996,458.0,7.79,7.84,7.8149999999999995,10,5486,112,0.30684931506849317,0.9624235807860261,OTM
2023-08-25,2023-12-15,CALL,440.78999999999996,459.0,7.36,7.4,7.380000000000001,532,5594,112,0.30684931506849317,0.9603267973856209,OTM
2023-08-25,2023-12-15,CALL,440.78999999999996,460.0,6.95,6.99,6.970000000000001,200,21349,112,0.30684931506849317,0.9582391304347825,OTM
2023-08-25,2023-12-15,CALL,440.78999999999996,461.0,6.55,6.59,6.57,3321,3686,112,0.30684931506849317,0.9561605206073752,OTM
2023-08-25,2023-12-15,CALL,440.78999999999996,462.0,6.16,6.21,6.1850000000000005,2123,4067,112,0.30684931506849317,0.954090909090909,OTM
2023-08-25,2023-12-15,CALL,440.78999999999996,463.0,5.79,5.84,5.8149999999999995,218,1605,112,0.30684931506849317,0.9520302375809935,OTM
2023-08-25,2023-12-15,PUT,440.78999999999996,463.0,23.92,24.95,24.435000000000002,52,871,112,0.30684931506849317,0.9520302375809935,OTM
2023-08-25,2023-12-15,CALL,440.78999999999996,464.0,5.45,5.48,5.465,19,2245,112,0.30684931506849317,0.949978448275862,OTM
2023-08-25,2023-12-15,PUT,440.78999999999996,464.0,24.68,25.72,25.2,2,391,112,0.30684931506849317,0.949978448275862,OTM
2023-08-25,2023-12-15,CALL,440.78999999999996,465.0,5.12,5.15,5.135,455,9471,112,0.30684931506849317,0.9479354838709677,OTM
2023-08-25,2023-12-15,PUT,440.78999999999996,465.0,25.45,26.51,25.98,6,2068,112,0.30684931506849317,0.9479354838709677,OTM
2023-08-25,2023-12-15,CALL,440.78999999999996,466.0,4.79,4.83,4.8100000000000005,548,5063,112,0.30684931506849317,0.945901287553648,OTM
2023-08-25,2023-12-15,PUT,440.78999999999996,466.0,26.24,27.31,26.775,2,486,112,0.30684931506849317,0.945901287553648,OTM
2023-08-25,2023-12-15,CALL,440.78999999999996,467.0,4.49,4.53,4.51,161,3884,112,0.30684931506849317,0.9438758029978586,OTM
2023-08-25,2023-12-15,CALL,440.78999999999996,468.0,4.2,4.24,4.220000000000001,3,1361,112,0.30684931506849317,0.9418589743589743,OTM
2023-08-25,2023-12-15,PUT,440.78999999999996,468.0,27.88,28.98,28.43,1014,2100,112,0.30684931506849317,0.9418589743589743,OTM
2023-08-25,2023-12-15,CALL,440.78999999999996,469.0,3.93,3.97,3.95,11,4376,112,0.30684931506849317,0.9398507462686566,OTM
2023-08-25,2023-12-15,CALL,440.78999999999996,470.0,3.68,3.71,3.6950000000000003,448,25180,112,0.30684931506849317,0.9378510638297871,OTM
2023-08-25,2023-12-15,PUT,440.78999999999996,470.0,29.58,30.7,30.14,11,828,112,0.30684931506849317,0.9378510638297871,OTM
2023-08-25,2023-12-15,CALL,440.78999999999996,471.0,3.42,3.46,3.44,99,4210,112,0.30684931506849317,0.9358598726114649,OTM
2023-08-25,2023-12-15,CALL,440.78999999999996,472.0,3.2,3.23,3.215,15,9613,112,0.30684931506849317,0.9338771186440677,OTM
2023-08-25,2023-12-15,CALL,440.78999999999996,473.0,2.98,3.01,2.995,8,2520,112,0.30684931506849317,0.9319027484143763,OTM
2023-08-25,2023-12-15,CALL,440.78999999999996,474.0,2.77,2.8,2.785,80,3654,112,0.30684931506849317,0.9299367088607594,OTM
2023-08-25,2023-12-15,CALL,440.78999999999996,475.0,2.57,2.6,2.585,2007,12985,112,0.30684931506849317,0.927978947368421,OTM
2023-08-25,2023-12-15,PUT,440.78999999999996,475.0,34.09,35.23,34.66,3,2143,112,0.30684931506849317,0.927978947368421,OTM
2023-08-25,2023-12-15,CALL,440.78999999999996,476.0,2.39,2.42,2.4050000000000002,2,684,112,0.30684931506849317,0.9260294117647058,OTM
2023-08-25,2023-12-15,CALL,440.78999999999996,477.0,2.22,2.25,2.2350000000000003,3,4990,112,0.30684931506849317,0.9240880503144653,OTM
2023-08-25,2023-12-15,CALL,440.78999999999996,478.0,2.05,2.08,2.065,204,1061,112,0.30684931506849317,0.9221548117154811,OTM
2023-08-25,2023-12-15,PUT,440.78999999999996,478.0,36.91,38.06,37.485,1,1,112,0.30684931506849317,0.9221548117154811,OTM
2023-08-25,2023-12-15,CALL,440.78999999999996,479.0,1.9,1.93,1.915,114,3388,112,0.30684931506849317,0.9202296450939457,OTM
2023-08-25,2023-12-15,CALL,440.78999999999996,480.0,1.76,1.79,1.775,1078,46524,112,0.30684931506849317,0.9183125,OTM
2023-08-25,2023-12-15,CALL,440.78999999999996,481.0,1.63,1.65,1.64,27,2944,112,0.30684931506849317,0.9164033264033263,OTM
2023-08-25,2023-12-15,CALL,440.78999999999996,483.0,1.39,1.41,1.4,263,3792,112,0.30684931506849317,0.9126086956521738,OTM
2023-08-25,2023-12-15,CALL,440.78999999999996,485.0,1.18,1.21,1.1949999999999998,107,8166,112,0.30684931506849317,0.9088453608247422,OTM
2023-08-25,2023-12-15,CALL,440.78999999999996,486.0,1.09,1.11,1.1,543,1989,112,0.30684931506849317,0.9069753086419753,OTM
2023-08-25,2023-12-15,CALL,440.78999999999996,487.0,1.01,1.03,1.02,3,2573,112,0.30684931506849317,0.9051129363449691,OTM
2023-08-25,2023-12-15,CALL,440.78999999999996,488.0,0.93,0.95,0.94,369,1997,112,0.30684931506849317,0.9032581967213114,OTM
2023-08-25,2023-12-15,CALL,440.78999999999996,489.0,0.86,0.88,0.87,455,2557,112,0.30684931506849317,0.9014110429447852,OTM
2023-08-25,2023-09-01,CALL,238.32999999999998,217.5,21.55,21.7,21.625,862,871,7,0.019178082191780823,1.0957701149425287,ITM
2023-08-25,2023-09-01,PUT,238.32999999999998,217.5,0.55,0.56,0.555,11304,12255,7,0.019178082191780823,1.0957701149425287,ITM
2023-08-25,2023-09-01,CALL,238.32999999999998,220.0,19.3,19.4,19.35,1718,2800,7,0.019178082191780823,1.0833181818181818,ITM
2023-08-25,2023-09-01,PUT,238.32999999999998,220.0,0.75,0.77,0.76,22857,7119,7,0.019178082191780823,1.0833181818181818,ITM
2023-08-25,2023-09-01,CALL,238.32999999999998,222.5,17.05,17.15,17.1,1516,1063,7,0.019178082191780823,1.0711460674157303,ITM
2023-08-25,2023-09-01,PUT,238.32999999999998,222.5,1.03,1.05,1.04,8836,2827,7,0.019178082191780823,1.0711460674157303,ITM
2023-08-25,2023-09-01,CALL,238.32999999999998,225.0,14.95,15.05,15.0,3075,3581,7,0.019178082191780823,1.0592444444444444,ITM
2023-08-25,2023-09-01,PUT,238.32999999999998,225.0,1.39,1.41,1.4,31645,6958,7,0.019178082191780823,1.0592444444444444,ITM
2023-08-25,2023-09-01,CALL,238.32999999999998,227.5,12.9,13.0,12.95,3377,2103,7,0.019178082191780823,1.0476043956043954,ITM
2023-08-25,2023-09-01,PUT,238.32999999999998,227.5,1.85,1.88,1.865,12121,4293,7,0.019178082191780823,1.0476043956043954,ITM
2023-08-25,2023-09-01,CALL,238.32999999999998,230.0,11.0,11.1,11.05,50173,6061,7,0.019178082191780823,1.0362173913043478,ITM
2023-08-25,2023-09-01,PUT,238.32999999999998,230.0,2.45,2.47,2.46,46837,6987,7,0.019178082191780823,1.0362173913043478,ITM
2023-08-25,2023-09-01,CALL,238.32999999999998,232.5,9.25,9.3,9.275,13139,2920,7,0.019178082191780823,1.0250752688172042,ATM
2023-08-25,2023-09-01,PUT,238.32999999999998,232.5,3.15,3.2,3.175,19751,4315,7,0.019178082191780823,1.0250752688172042,ATM
2023-08-25,2023-09-01,CALL,238.32999999999998,235.0,7.65,7.7,7.675000000000001,36112,5606,7,0.019178082191780823,1.0141702127659573,ATM
2023-08-25,2023-09-01,PUT,238.32999999999998,235.0,4.05,4.1,4.074999999999999,24241,4748,7,0.019178082191780823,1.0141702127659573,ATM
2023-08-25,2023-09-01,CALL,238.32999999999998,237.5,6.2,6.3,6.25,24423,3543,7,0.019178082191780823,1.0034947368421052,ATM
2023-08-25,2023-09-01,PUT,238.32999999999998,237.5,5.15,5.2,5.175000000000001,14408,3590,7,0.019178082191780823,1.0034947368421052,ATM
2023-08-25,2023-09-01,CALL,238.32999999999998,240.0,5.0,5.05,5.025,48533,10149,7,0.019178082191780823,0.9930416666666666,ATM
2023-08-25,2023-09-01,PUT,238.32999999999998,240.0,6.4,6.45,6.425000000000001,9648,4283,7,0.019178082191780823,0.9930416666666666,ATM
2023-08-25,2023-09-01,CALL,238.32999999999998,242.5,3.95,4.0,3.975,14346,3023,7,0.019178082191780823,0.9828041237113402,ATM
2023-08-25,2023-09-01,PUT,238.32999999999998,242.5,7.85,7.95,7.9,2563,1520,7,0.019178082191780823,0.9828041237113402,ATM
2023-08-25,2023-09-01,CALL,238.32999999999998,245.0,3.05,3.15,3.0999999999999996,25980,6026,7,0.019178082191780823,0.9727755102040816,ATM
2023-08-25,2023-09-01,PUT,238.32999999999998,245.0,9.45,9.55,9.5,2517,1656,7,0.019178082191780823,0.9727755102040816,ATM
2023-08-25,2023-09-01,CALL,238.32999999999998,247.5,2.39,2.4,2.395,11735,2418,7,0.019178082191780823,0.9629494949494949,OTM
2023-08-25,2023-09-01,PUT,238.32999999999998,247.5,11.25,11.35,11.3,919,480,7,0.019178082191780823,0.9629494949494949,OTM
2023-08-25,2023-09-01,CALL,238.32999999999998,250.0,1.84,1.85,1.8450000000000002,43639,16326,7,0.019178082191780823,0.95332,OTM
2023-08-25,2023-09-01,PUT,238.32999999999998,250.0,13.2,13.3,13.25,2386,2832,7,0.019178082191780823,0.95332,OTM
2023-08-25,2023-09-01,CALL,238.32999999999998,252.5,1.4,1.41,1.4049999999999998,10503,3458,7,0.019178082191780823,0.9438811881188118,OTM
2023-08-25,2023-09-01,PUT,238.32999999999998,252.5,15.3,15.4,15.350000000000001,550,321,7,0.019178082191780823,0.9438811881188118,OTM
2023-08-25,2023-09-01,CALL,238.32999999999998,255.0,1.07,1.09,1.08,9018,3402,7,0.019178082191780823,0.9346274509803921,OTM
2023-08-25,2023-09-01,PUT,238.32999999999998,255.0,17.45,17.6,17.525,769,1177,7,0.019178082191780823,0.9346274509803921,OTM
2023-08-25,2023-09-01,CALL,238.32999999999998,257.5,0.82,0.83,0.825,3712,1429,7,0.019178082191780823,0.9255533980582523,OTM
2023-08-25,2023-09-01,PUT,238.32999999999998,257.5,19.75,19.85,19.8,427,200,7,0.019178082191780823,0.9255533980582523,OTM
2023-08-25,2023-09-01,CALL,238.32999999999998,260.0,0.62,0.64,0.63,22342,9572,7,0.019178082191780823,0.916653846153846,OTM
2023-08-25,2023-09-01,PUT,238.32999999999998,260.0,22.05,22.15,22.1,2043,2121,7,0.019178082191780823,0.916653846153846,OTM
2023-08-25,2023-09-01,CALL,238.32999999999998,262.5,0.48,0.49,0.485,3288,1682,7,0.019178082191780823,0.9079238095238095,OTM
2023-08-25,2023-09-01,PUT,238.32999999999998,262.5,24.4,24.55,24.475,632,190,7,0.019178082191780823,0.9079238095238095,OTM
2023-08-25,2023-09-08,CALL,238.32999999999998,217.5,22.8,22.9,22.85,97,205,14,0.038356164383561646,1.0957701149425287,ITM
2023-08-25,2023-09-08,PUT,238.32999999999998,217.5,1.56,1.58,1.57,843,506,14,0.038356164383561646,1.0957701149425287,ITM
2023-08-25,2023-09-08,CALL,238.32999999999998,220.0,20.65,20.8,20.725,439,976,14,0.038356164383561646,1.0833181818181818,ITM
2023-08-25,2023-09-08,PUT,238.32999999999998,220.0,1.94,1.96,1.95,3063,2860,14,0.038356164383561646,1.0833181818181818,ITM
2023-08-25,2023-09-08,CALL,238.32999999999998,222.5,18.65,18.75,18.7,145,427,14,0.038356164383561646,1.0711460674157303,ITM
2023-08-25,2023-09-08,PUT,238.32999999999998,222.5,2.4,2.42,2.41,740,1124,14,0.038356164383561646,1.0711460674157303,ITM
2023-08-25,2023-09-08,CALL,238.32999999999998,225.0,16.7,16.8,16.75,833,1382,14,0.038356164383561646,1.0592444444444444,ITM
2023-08-25,2023-09-08,PUT,238.32999999999998,225.0,2.94,2.96,2.95,2395,2531,14,0.038356164383561646,1.0592444444444444,ITM
2023-08-25,2023-09-08,CALL,238.32999999999998,227.5,14.8,14.9,14.850000000000001,827,578,14,0.038356164383561646,1.0476043956043954,ITM
2023-08-25,2023-09-08,PUT,238.32999999999998,227.5,3.55,3.6,3.575,1959,798,14,0.038356164383561646,1.0476043956043954,ITM
2023-08-25,2023-09-08,CALL,238.32999999999998,230.0,13.05,13.15,13.100000000000001,3074,1979,14,0.038356164383561646,1.0362173913043478,ITM
2023-08-25,2023-09-08,PUT,238.32999999999998,230.0,4.3,4.35,4.324999999999999,5218,3144,14,0.038356164383561646,1.0362173913043478,ITM
2023-08-25,2023-09-08,CALL,238.32999999999998,232.5,11.45,11.5,11.475,2372,1184,14,0.038356164383561646,1.0250752688172042,ATM
2023-08-25,2023-09-08,PUT,238.32999999999998,232.5,5.15,5.2,5.175000000000001,1885,1279,14,0.038356164383561646,1.0250752688172042,ATM
2023-08-25,2023-09-08,CALL,238.32999999999998,235.0,9.9,10.0,9.95,4511,2172,14,0.038356164383561646,1.0141702127659573,ATM
2023-08-25,2023-09-08,PUT,238.32999999999998,235.0,6.15,6.2,6.175000000000001,4983,1479,14,0.038356164383561646,1.0141702127659573,ATM
2023-08-25,2023-09-08,CALL,238.32999999999998,237.5,8.5,8.6,8.55,3652,895,14,0.038356164383561646,1.0034947368421052,ATM
2023-08-25,2023-09-08,PUT,238.32999999999998,237.5,7.25,7.3,7.275,3646,341,14,0.038356164383561646,1.0034947368421052,ATM
2023-08-25,2023-09-08,CALL,238.32999999999998,240.0,7.25,7.35,7.3,8516,5419,14,0.038356164383561646,0.9930416666666666,ATM
2023-08-25,2023-09-08,PUT,238.32999999999998,240.0,8.5,8.55,8.525,1246,1834,14,0.038356164383561646,0.9930416666666666,ATM
2023-08-25,2023-09-08,CALL,238.32999999999998,242.5,6.15,6.25,6.2,1505,644,14,0.038356164383561646,0.9828041237113402,ATM
2023-08-25,2023-09-08,PUT,238.32999999999998,242.5,9.85,9.95,9.899999999999999,875,128,14,0.038356164383561646,0.9828041237113402,ATM
2023-08-25,2023-09-08,CALL,238.32999999999998,245.0,5.15,5.25,5.2,5015,4168,14,0.038356164383561646,0.9727755102040816,ATM
2023-08-25,2023-09-08,PUT,238.32999999999998,245.0,11.35,11.45,11.399999999999999,1283,2411,14,0.038356164383561646,0.9727755102040816,ATM
2023-08-25,2023-09-08,CALL,238.32999999999998,247.5,4.3,4.4,4.35,1771,828,14,0.038356164383561646,0.9629494949494949,OTM
2023-08-25,2023-09-08,PUT,238.32999999999998,247.5,13.0,13.1,13.05,214,12,14,0.038356164383561646,0.9629494949494949,OTM
2023-08-25,2023-09-08,CALL,238.32999999999998,250.0,3.6,3.65,3.625,9364,7921,14,0.038356164383561646,0.95332,OTM
2023-08-25,2023-09-08,PUT,238.32999999999998,250.0,14.8,14.9,14.850000000000001,791,1305,14,0.038356164383561646,0.95332,OTM
2023-08-25,2023-09-08,CALL,238.32999999999998,252.5,3.0,3.05,3.025,1521,306,14,0.038356164383561646,0.9438811881188118,OTM
2023-08-25,2023-09-08,PUT,238.32999999999998,252.5,16.7,16.8,16.75,19,2,14,0.038356164383561646,0.9438811881188118,OTM
2023-08-25,2023-09-08,CALL,238.32999999999998,255.0,2.47,2.5,2.4850000000000003,2392,1613,14,0.038356164383561646,0.9346274509803921,OTM
2023-08-25,2023-09-08,PUT,238.32999999999998,255.0,18.65,18.75,18.7,123,1070,14,0.038356164383561646,0.9346274509803921,OTM
2023-08-25,2023-09-08,CALL,238.32999999999998,257.5,2.04,2.06,2.05,251,66,14,0.038356164383561646,0.9255533980582523,OTM
2023-08-25,2023-09-08,PUT,238.32999999999998,257.5,20.75,20.85,20.8,9,37,14,0.038356164383561646,0.9255533980582523,OTM
2023-08-25,2023-09-08,CALL,238.32999999999998,260.0,1.68,1.7,1.69,2694,6209,14,0.038356164383561646,0.916653846153846,OTM
2023-08-25,2023-09-08,PUT,238.32999999999998,260.0,22.9,23.0,22.95,216,699,14,0.038356164383561646,0.916653846153846,OTM
2023-08-25,2023-09-08,CALL,238.32999999999998,262.5,1.39,1.41,1.4,377,71,14,0.038356164383561646,0.9079238095238095,OTM
2023-08-25,2023-09-08,PUT,238.32999999999998,262.5,25.1,25.2,25.15,21,39,14,0.038356164383561646,0.9079238095238095,OTM
2023-08-25,2023-09-15,CALL,238.32999999999998,216.67,25.0,25.1,25.05,196,4083,21,0.057534246575342465,1.0999676928047262,ITM
2023-08-25,2023-09-15,PUT,238.32999999999998,216.67,2.73,2.76,2.745,717,5912,21,0.057534246575342465,1.0999676928047262,ITM
2023-08-25,2023-09-15,CALL,238.32999999999998,217.5,24.35,24.45,24.4,268,190,21,0.057534246575342465,1.0957701149425287,ITM
2023-08-25,2023-09-15,PUT,238.32999999999998,217.5,2.89,2.91,2.9000000000000004,394,537,21,0.057534246575342465,1.0957701149425287,ITM
2023-08-25,2023-09-15,CALL,238.32999999999998,220.0,22.35,22.45,22.4,906,16980,21,0.057534246575342465,1.0833181818181818,ITM
2023-08-25,2023-09-15,PUT,238.32999999999998,220.0,3.4,3.45,3.425,6963,32920,21,0.057534246575342465,1.0833181818181818,ITM
2023-08-25,2023-09-15,CALL,238.32999999999998,222.5,20.45,20.55,20.5,531,500,21,0.057534246575342465,1.0711460674157303,ITM
2023-08-25,2023-09-15,PUT,238.32999999999998,222.5,3.95,4.05,4.0,1554,2071,21,0.057534246575342465,1.0711460674157303,ITM
2023-08-25,2023-09-15,CALL,238.32999999999998,225.0,18.6,18.7,18.65,1322,11896,21,0.057534246575342465,1.0592444444444444,ITM
2023-08-25,2023-09-15,PUT,238.32999999999998,225.0,4.6,4.7,4.65,2118,17441,21,0.057534246575342465,1.0592444444444444,ITM
2023-08-25,2023-09-15,CALL,238.32999999999998,226.67,17.45,17.55,17.5,1625,3205,21,0.057534246575342465,1.0514404199938236,ITM
2023-08-25,2023-09-15,PUT,238.32999999999998,226.67,5.1,5.2,5.15,955,3790,21,0.057534246575342465,1.0514404199938236,ITM
2023-08-25,2023-09-15,CALL,238.32999999999998,227.5,16.85,16.95,16.9,1640,654,21,0.057534246575342465,1.0476043956043954,ITM
2023-08-25,2023-09-15,PUT,238.32999999999998,227.5,5.35,5.45,5.4,1271,1022,21,0.057534246575342465,1.0476043956043954,ITM
2023-08-25,2023-09-15,CALL,238.32999999999998,230.0,15.2,15.3,15.25,3807,14677,21,0.057534246575342465,1.0362173913043478,ITM
2023-08-25,2023-09-15,PUT,238.32999999999998,230.0,6.2,6.25,6.225,6259,19207,21,0.057534246575342465,1.0362173913043478,ITM
2023-08-25,2023-09-15,CALL,238.32999999999998,232.5,13.65,13.7,13.675,3250,913,21,0.057534246575342465,1.0250752688172042,ATM
2023-08-25,2023-09-15,PUT,238.32999999999998,232.5,7.1,7.2,7.15,3632,1400,21,0.057534246575342465,1.0250752688172042,ATM
2023-08-25,2023-09-15,CALL,238.32999999999998,233.33,13.15,13.2,13.175,2362,2814,21,0.057534246575342465,1.0214288775553935,ATM
2023-08-25,2023-09-15,PUT,238.32999999999998,233.33,7.45,7.5,7.475,1980,6529,21,0.057534246575342465,1.0214288775553935,ATM
2023-08-25,2023-09-15,CALL,238.32999999999998,235.0,12.15,12.25,12.2,6437,5398,21,0.057534246575342465,1.0141702127659573,ATM
2023-08-25,2023-09-15,PUT,238.32999999999998,235.0,8.15,8.2,8.175,3765,7468,21,0.057534246575342465,1.0141702127659573,ATM
2023-08-25,2023-09-15,CALL,238.32999999999998,237.5,10.8,10.9,10.850000000000001,3339,1618,21,0.057534246575342465,1.0034947368421052,ATM
2023-08-25,2023-09-15,PUT,238.32999999999998,237.5,9.25,9.35,9.3,2035,1093,21,0.057534246575342465,1.0034947368421052,ATM
2023-08-25,2023-09-15,CALL,238.32999999999998,240.0,9.55,9.6,9.575,7646,16522,21,0.057534246575342465,0.9930416666666666,ATM
2023-08-25,2023-09-15,PUT,238.32999999999998,240.0,10.5,10.6,10.55,1765,16215,21,0.057534246575342465,0.9930416666666666,ATM
2023-08-25,2023-09-15,CALL,238.32999999999998,241.67,8.75,8.85,8.8,1732,3508,21,0.057534246575342465,0.9861795009724004,ATM
2023-08-25,2023-09-15,PUT,238.32999999999998,241.67,11.4,11.45,11.425,863,3556,21,0.057534246575342465,0.9861795009724004,ATM
2023-08-25,2023-09-15,CALL,238.32999999999998,242.5,8.35,8.45,8.399999999999999,1673,840,21,0.057534246575342465,0.9828041237113402,ATM
2023-08-25,2023-09-15,PUT,238.32999999999998,242.5,11.85,11.95,11.899999999999999,870,283,21,0.057534246575342465,0.9828041237113402,ATM
2023-08-25,2023-09-15,CALL,238.32999999999998,245.0,7.35,7.4,7.375,5831,9744,21,0.057534246575342465,0.9727755102040816,ATM
2023-08-25,2023-09-15,PUT,238.32999999999998,245.0,13.3,13.4,13.350000000000001,829,8064,21,0.057534246575342465,0.9727755102040816,ATM
2023-08-25,2023-09-15,CALL,238.32999999999998,246.67,6.7,6.75,6.725,1114,2676,21,0.057534246575342465,0.9661896460858637,OTM
2023-08-25,2023-09-15,PUT,238.32999999999998,246.67,14.35,14.4,14.375,274,2980,21,0.057534246575342465,0.9661896460858637,OTM
2023-08-25,2023-09-15,CALL,238.32999999999998,250.0,5.55,5.6,5.574999999999999,8343,25959,21,0.057534246575342465,0.95332,OTM
2023-08-25,2023-09-15,PUT,238.32999999999998,250.0,16.5,16.6,16.55,491,26250,21,0.057534246575342465,0.95332,OTM
2023-08-25,2023-09-15,CALL,238.32999999999998,253.33,4.6,4.65,4.625,727,2333,21,0.057534246575342465,0.9407886945880866,OTM
2023-08-25,2023-09-15,PUT,238.32999999999998,253.33,18.9,19.0,18.95,44,2707,21,0.057534246575342465,0.9407886945880866,OTM
2023-08-25,2023-09-15,CALL,238.32999999999998,255.0,4.15,4.2,4.175000000000001,1520,6723,21,0.057534246575342465,0.9346274509803921,OTM
2023-08-25,2023-09-15,PUT,238.32999999999998,255.0,20.15,20.25,20.2,144,5532,21,0.057534246575342465,0.9346274509803921,OTM
2023-08-25,2023-09-15,CALL,238.32999999999998,258.33,3.4,3.5,3.45,804,4703,21,0.057534246575342465,0.922579646188983,OTM
2023-08-25,2023-09-15,PUT,238.32999999999998,258.33,22.75,22.85,22.8,44,3325,21,0.057534246575342465,0.922579646188983,OTM
2023-08-25,2023-09-15,CALL,238.32999999999998,260.0,3.1,3.15,3.125,15775,25040,21,0.057534246575342465,0.916653846153846,OTM
2023-08-25,2023-09-15,PUT,238.32999999999998,260.0,24.1,24.2,24.15,427,14281,21,0.057534246575342465,0.916653846153846,OTM
2023-08-25,2023-09-22,CALL,238.32999999999998,220.0,23.45,24.1,23.775,35,403,28,0.07671232876712329,1.0833181818181818,ITM
2023-08-25,2023-09-22,PUT,238.32999999999998,220.0,4.75,4.8,4.775,1190,1368,28,0.07671232876712329,1.0833181818181818,ITM
2023-08-25,2023-09-22,CALL,238.32999999999998,225.0,19.85,20.8,20.325000000000003,201,877,28,0.07671232876712329,1.0592444444444444,ITM
2023-08-25,2023-09-22,PUT,238.32999999999998,225.0,6.15,6.2,6.175000000000001,943,1393,28,0.07671232876712329,1.0592444444444444,ITM
2023-08-25,2023-09-22,CALL,238.32999999999998,230.0,17.05,17.2,17.125,1058,1766,28,0.07671232876712329,1.0362173913043478,ITM
2023-08-25,2023-09-22,PUT,238.32999999999998,230.0,7.8,7.9,7.85,1280,3547,28,0.07671232876712329,1.0362173913043478,ITM
2023-08-25,2023-09-22,CALL,238.32999999999998,235.0,14.1,14.2,14.149999999999999,1617,1801,28,0.07671232876712329,1.0141702127659573,ATM
2023-08-25,2023-09-22,PUT,238.32999999999998,235.0,9.85,9.95,9.899999999999999,271,1334,28,0.07671232876712329,1.0141702127659573,ATM
2023-08-25,2023-09-22,CALL,238.32999999999998,240.0,11.5,11.6,11.55,3701,1713,28,0.07671232876712329,0.9930416666666666,ATM
2023-08-25,2023-09-22,PUT,238.32999999999998,240.0,12.2,12.3,12.25,344,705,28,0.07671232876712329,0.9930416666666666,ATM
2023-08-25,2023-09-22,CALL,238.32999999999998,245.0,9.2,9.3,9.25,898,1271,28,0.07671232876712329,0.9727755102040816,ATM
2023-08-25,2023-09-22,PUT,238.32999999999998,245.0,14.95,15.05,15.0,78,286,28,0.07671232876712329,0.9727755102040816,ATM
2023-08-25,2023-09-22,CALL,238.32999999999998,250.0,7.3,7.4,7.35,1718,4413,28,0.07671232876712329,0.95332,OTM
2023-08-25,2023-09-22,PUT,238.32999999999998,250.0,18.05,18.15,18.1,71,1141,28,0.07671232876712329,0.95332,OTM
2023-08-25,2023-09-22,CALL,238.32999999999998,255.0,5.75,5.85,5.8,640,1111,28,0.07671232876712329,0.9346274509803921,OTM
2023-08-25,2023-09-22,PUT,238.32999999999998,255.0,21.4,22.05,21.725,37,1579,28,0.07671232876712329,0.9346274509803921,OTM
2023-08-25,2023-09-22,CALL,238.32999999999998,260.0,4.5,4.6,4.55,1121,2404,28,0.07671232876712329,0.916653846153846,OTM
2023-08-25,2023-09-22,PUT,238.32999999999998,260.0,25.1,25.85,25.475,289,1900,28,0.07671232876712329,0.916653846153846,OTM
2023-08-25,2023-09-29,CALL,238.32999999999998,220.0,24.75,26.0,25.375,163,502,35,0.0958904109589041,1.0833181818181818,ITM
2023-08-25,2023-09-29,PUT,238.32999999999998,220.0,5.9,6.0,5.95,1603,1619,35,0.0958904109589041,1.0833181818181818,ITM
2023-08-25,2023-09-29,CALL,238.32999999999998,225.0,21.35,22.25,21.8,210,868,35,0.0958904109589041,1.0592444444444444,ITM
2023-08-25,2023-09-29,PUT,238.32999999999998,225.0,7.4,7.5,7.45,279,1740,35,0.0958904109589041,1.0592444444444444,ITM
2023-08-25,2023-09-29,CALL,238.32999999999998,230.0,18.65,18.8,18.725,633,1446,35,0.0958904109589041,1.0362173913043478,ITM
2023-08-25,2023-09-29,PUT,238.32999999999998,230.0,9.2,9.3,9.25,1516,1354,35,0.0958904109589041,1.0362173913043478,ITM
2023-08-25,2023-09-29,CALL,238.32999999999998,235.0,15.75,15.85,15.8,997,1014,35,0.0958904109589041,1.0141702127659573,ATM
2023-08-25,2023-09-29,PUT,238.32999999999998,235.0,11.25,11.35,11.3,359,964,35,0.0958904109589041,1.0141702127659573,ATM
2023-08-25,2023-09-29,CALL,238.32999999999998,240.0,13.15,13.25,13.2,611,908,35,0.0958904109589041,0.9930416666666666,ATM
2023-08-25,2023-09-29,PUT,238.32999999999998,240.0,13.65,13.75,13.7,196,641,35,0.0958904109589041,0.9930416666666666,ATM
2023-08-25,2023-09-29,CALL,238.32999999999998,245.0,10.85,10.95,10.899999999999999,510,852,35,0.0958904109589041,0.9727755102040816,ATM
2023-08-25,2023-09-29,PUT,238.32999999999998,245.0,16.35,16.45,16.4,166,373,35,0.0958904109589041,0.9727755102040816,ATM
2023-08-25,2023-09-29,CALL,238.32999999999998,250.0,8.85,8.95,8.899999999999999,1343,2796,35,0.0958904109589041,0.95332,OTM
2023-08-25,2023-09-29,PUT,238.32999999999998,250.0,19.35,19.5,19.425,217,989,35,0.0958904109589041,0.95332,OTM
2023-08-25,2023-09-29,CALL,238.32999999999998,255.0,7.15,7.3,7.225,526,979,35,0.0958904109589041,0.9346274509803921,OTM
2023-08-25,2023-09-29,PUT,238.32999999999998,255.0,22.65,23.3,22.975,30,799,35,0.0958904109589041,0.9346274509803921,OTM
2023-08-25,2023-09-29,CALL,238.32999999999998,260.0,5.8,5.9,5.85,922,1325,35,0.0958904109589041,0.916653846153846,OTM
2023-08-25,2023-09-29,PUT,238.32999999999998,260.0,25.85,27.0,26.425,94,88,35,0.0958904109589041,0.916653846153846,OTM
2023-08-25,2023-10-06,CALL,238.32999999999998,220.0,26.8,28.1,27.450000000000003,21,13,42,0.11506849315068493,1.0833181818181818,ITM
2023-08-25,2023-10-06,PUT,238.32999999999998,220.0,7.65,7.85,7.75,1060,67,42,0.11506849315068493,1.0833181818181818,ITM
2023-08-25,2023-10-06,CALL,238.32999999999998,225.0,23.75,24.3,24.025,13,9,42,0.11506849315068493,1.0592444444444444,ITM
2023-08-25,2023-10-06,PUT,238.32999999999998,225.0,9.25,9.5,9.375,42,32,42,0.11506849315068493,1.0592444444444444,ITM
2023-08-25,2023-10-06,CALL,238.32999999999998,230.0,20.9,21.1,21.0,253,28,42,0.11506849315068493,1.0362173913043478,ITM
2023-08-25,2023-10-06,PUT,238.32999999999998,230.0,11.15,11.4,11.275,156,31,42,0.11506849315068493,1.0362173913043478,ITM
2023-08-25,2023-10-06,CALL,238.32999999999998,235.0,18.05,18.25,18.15,447,55,42,0.11506849315068493,1.0141702127659573,ATM
2023-08-25,2023-10-06,PUT,238.32999999999998,235.0,13.25,13.5,13.375,142,12,42,0.11506849315068493,1.0141702127659573,ATM
2023-08-25,2023-10-06,CALL,238.32999999999998,240.0,15.45,15.65,15.55,204,90,42,0.11506849315068493,0.9930416666666666,ATM
2023-08-25,2023-10-06,PUT,238.32999999999998,240.0,15.65,15.9,15.775,51,8,42,0.11506849315068493,0.9930416666666666,ATM
2023-08-25,2023-10-06,CALL,238.32999999999998,245.0,13.15,13.35,13.25,178,67,42,0.11506849315068493,0.9727755102040816,ATM
2023-08-25,2023-10-06,PUT,238.32999999999998,245.0,18.4,18.6,18.5,40,2,42,0.11506849315068493,0.9727755102040816,ATM
2023-08-25,2023-10-06,CALL,238.32999999999998,250.0,11.1,11.3,11.2,328,184,42,0.11506849315068493,0.95332,OTM
2023-08-25,2023-10-06,PUT,238.32999999999998,250.0,21.3,21.55,21.425,9,8,42,0.11506849315068493,0.95332,OTM
2023-08-25,2023-10-06,CALL,238.32999999999998,255.0,9.3,9.5,9.4,120,38,42,0.11506849315068493,0.9346274509803921,OTM
2023-08-25,2023-10-06,PUT,238.32999999999998,255.0,24.5,24.75,24.625,6,3,42,0.11506849315068493,0.9346274509803921,OTM
2023-08-25,2023-10-06,CALL,238.32999999999998,260.0,7.75,7.95,7.85,417,339,42,0.11506849315068493,0.916653846153846,OTM
2023-08-25,2023-10-20,CALL,238.32999999999998,220.0,30.2,31.3,30.75,191,12265,56,0.15342465753424658,1.0833181818181818,ITM
2023-08-25,2023-10-20,PUT,238.32999999999998,220.0,10.6,10.7,10.649999999999999,3473,15694,56,0.15342465753424658,1.0833181818181818,ITM
2023-08-25,2023-10-20,CALL,238.32999999999998,225.0,27.5,27.8,27.65,105,3991,56,0.15342465753424658,1.0592444444444444,ITM
2023-08-25,2023-10-20,PUT,238.32999999999998,225.0,12.4,12.5,12.45,697,4661,56,0.15342465753424658,1.0592444444444444,ITM
2023-08-25,2023-10-20,CALL,238.32999999999998,230.0,24.6,24.75,24.675,1453,4968,56,0.15342465753424658,1.0362173913043478,ITM
2023-08-25,2023-10-20,PUT,238.32999999999998,230.0,14.4,14.5,14.45,1643,14143,56,0.15342465753424658,1.0362173913043478,ITM
2023-08-25,2023-10-20,CALL,238.32999999999998,235.0,21.85,21.95,21.9,956,6890,56,0.15342465753424658,1.0141702127659573,ATM
2023-08-25,2023-10-20,PUT,238.32999999999998,235.0,16.6,16.7,16.65,2420,4778,56,0.15342465753424658,1.0141702127659573,ATM
2023-08-25,2023-10-20,CALL,238.32999999999998,240.0,19.3,19.4,19.35,2107,10516,56,0.15342465753424658,0.9930416666666666,ATM
2023-08-25,2023-10-20,PUT,238.32999999999998,240.0,19.05,19.15,19.1,881,7526,56,0.15342465753424658,0.9930416666666666,ATM
2023-08-25,2023-10-20,CALL,238.32999999999998,245.0,16.95,17.05,17.0,1993,8808,56,0.15342465753424658,0.9727755102040816,ATM
2023-08-25,2023-10-20,PUT,238.32999999999998,245.0,21.7,21.8,21.75,377,2769,56,0.15342465753424658,0.9727755102040816,ATM
2023-08-25,2023-10-20,CALL,238.32999999999998,250.0,14.85,14.95,14.899999999999999,4917,13306,56,0.15342465753424658,0.95332,OTM
2023-08-25,2023-10-20,PUT,238.32999999999998,250.0,24.55,24.65,24.6,169,10776,56,0.15342465753424658,0.95332,OTM
2023-08-25,2023-10-20,CALL,238.32999999999998,255.0,12.95,13.05,13.0,728,4454,56,0.15342465753424658,0.9346274509803921,OTM
2023-08-25,2023-10-20,PUT,238.32999999999998,255.0,27.65,27.8,27.725,43,2978,56,0.15342465753424658,0.9346274509803921,OTM
2023-08-25,2023-10-20,CALL,238.32999999999998,260.0,11.3,11.35,11.325,1694,7397,56,0.15342465753424658,0.916653846153846,OTM
2023-08-25,2023-10-20,PUT,238.32999999999998,260.0,30.55,31.3,30.925,79,6610,56,0.15342465753424658,0.916653846153846,OTM
2023-08-25,2023-11-17,CALL,238.32999999999998,220.0,34.3,34.95,34.625,65,4060,84,0.23013698630136986,1.0833181818181818,ITM
2023-08-25,2023-11-17,PUT,238.32999999999998,220.0,13.85,13.9,13.875,251,5917,84,0.23013698630136986,1.0833181818181818,ITM
2023-08-25,2023-11-17,CALL,238.32999999999998,225.0,31.2,32.0,31.6,100,1870,84,0.23013698630136986,1.0592444444444444,ITM
2023-08-25,2023-11-17,PUT,238.32999999999998,225.0,15.75,15.85,15.8,284,4288,84,0.23013698630136986,1.0592444444444444,ITM
2023-08-25,2023-11-17,CALL,238.32999999999998,230.0,28.85,29.05,28.950000000000003,268,2504,84,0.23013698630136986,1.0362173913043478,ITM
2023-08-25,2023-11-17,PUT,238.32999999999998,230.0,17.8,17.9,17.85,841,4827,84,0.23013698630136986,1.0362173913043478,ITM
2023-08-25,2023-11-17,CALL,238.32999999999998,235.0,26.1,26.35,26.225,338,4119,84,0.23013698630136986,1.0141702127659573,ATM
2023-08-25,2023-11-17,PUT,238.32999999999998,235.0,20.1,20.2,20.15,193,5291,84,0.23013698630136986,1.0141702127659573,ATM
2023-08-25,2023-11-17,CALL,238.32999999999998,240.0,23.6,23.8,23.700000000000003,913,3636,84,0.23013698630136986,0.9930416666666666,ATM
2023-08-25,2023-11-17,PUT,238.32999999999998,240.0,22.55,22.65,22.6,841,3729,84,0.23013698630136986,0.9930416666666666,ATM
2023-08-25,2023-11-17,CALL,238.32999999999998,245.0,21.35,21.45,21.4,439,2372,84,0.23013698630136986,0.9727755102040816,ATM
2023-08-25,2023-11-17,PUT,238.32999999999998,245.0,25.15,25.3,25.225,113,2702,84,0.23013698630136986,0.9727755102040816,ATM
2023-08-25,2023-11-17,CALL,238.32999999999998,250.0,19.2,19.3,19.25,643,4783,84,0.23013698630136986,0.95332,OTM
2023-08-25,2023-11-17,PUT,238.32999999999998,250.0,28.0,28.1,28.05,581,7012,84,0.23013698630136986,0.95332,OTM
2023-08-25,2023-11-17,CALL,238.32999999999998,255.0,17.2,17.3,17.25,320,4728,84,0.23013698630136986,0.9346274509803921,OTM
2023-08-25,2023-11-17,PUT,238.32999999999998,255.0,30.6,31.2,30.9,7239,4518,84,0.23013698630136986,0.9346274509803921,OTM
2023-08-25,2023-11-17,CALL,238.32999999999998,260.0,15.4,15.45,15.425,566,3860,84,0.23013698630136986,0.916653846153846,OTM
2023-08-25,2023-11-17,PUT,238.32999999999998,260.0,34.05,34.75,34.4,23,1769,84,0.23013698630136986,0.916653846153846,OTM
2023-08-25,2023-12-15,CALL,238.32999999999998,220.0,37.65,38.55,38.099999999999994,23,5415,112,0.30684931506849317,1.0833181818181818,ITM
2023-08-25,2023-12-15,PUT,238.32999999999998,220.0,16.25,16.35,16.3,234,16875,112,0.30684931506849317,1.0833181818181818,ITM
2023-08-25,2023-12-15,CALL,238.32999999999998,225.0,34.85,35.45,35.150000000000006,23,2395,112,0.30684931506849317,1.0592444444444444,ITM
2023-08-25,2023-12-15,PUT,238.32999999999998,225.0,18.25,18.35,18.3,188,4491,112,0.30684931506849317,1.0592444444444444,ITM
2023-08-25,2023-12-15,CALL,238.32999999999998,230.0,32.35,32.5,32.425,167,4296,112,0.30684931506849317,1.0362173913043478,ITM
2023-08-25,2023-12-15,PUT,238.32999999999998,230.0,20.35,20.45,20.4,462,5786,112,0.30684931506849317,1.0362173913043478,ITM
2023-08-25,2023-12-15,CALL,238.32999999999998,235.0,29.65,29.85,29.75,200,1416,112,0.30684931506849317,1.0141702127659573,ATM
2023-08-25,2023-12-15,PUT,238.32999999999998,235.0,22.65,22.75,22.7,335,3445,112,0.30684931506849317,1.0141702127659573,ATM
2023-08-25,2023-12-15,CALL,238.32999999999998,240.0,27.15,27.3,27.225,887,7436,112,0.30684931506849317,0.9930416666666666,ATM
2023-08-25,2023-12-15,PUT,238.32999999999998,240.0,25.1,25.25,25.175,320,9992,112,0.30684931506849317,0.9930416666666666,ATM
2023-08-25,2023-12-15,CALL,238.32999999999998,245.0,24.85,24.95,24.9,837,3432,112,0.30684931506849317,0.9727755102040816,ATM
2023-08-25,2023-12-15,PUT,238.32999999999998,245.0,27.75,27.85,27.8,171,1994,112,0.30684931506849317,0.9727755102040816,ATM
2023-08-25,2023-12-15,CALL,238.32999999999998,250.0,22.65,22.75,22.7,1149,20944,112,0.30684931506849317,0.95332,OTM
2023-08-25,2023-12-15,PUT,238.32999999999998,250.0,30.55,30.65,30.6,292,7477,112,0.30684931506849317,0.95332,OTM
2023-08-25,2023-12-15,CALL,238.32999999999998,255.0,20.6,20.75,20.675,751,3029,112,0.30684931506849317,0.9346274509803921,OTM
2023-08-25,2023-12-15,PUT,238.32999999999998,255.0,33.5,33.6,33.55,90,1127,112,0.30684931506849317,0.9346274509803921,OTM
2023-08-25,2023-12-15,CALL,238.32999999999998,260.0,18.75,18.85,18.8,945,14608,112,0.30684931506849317,0.916653846153846,OTM
2023-08-25,2023-12-15,PUT,238.32999999999998,260.0,36.3,37.2,36.75,14,4599,112,0.30684931506849317,0.916653846153846,OTM
2023-08-25,2023-09-15,PUT,4413.905,4015.0,2.95,3.1,3.0250000000000004,36,424,21,0.057534246575342465,1.0993536737235368,ITM
2023-08-25,2023-09-15,PUT,4413.905,4025.0,3.1,3.3,3.2,50,7623,21,0.057534246575342465,1.096622360248447,ITM
2023-08-25,2023-09-15,CALL,4413.905,4030.0,391.0,400.7,395.85,2,158,21,0.057534246575342465,1.0952617866004961,ITM
2023-08-25,2023-09-15,PUT,4413.905,4035.0,3.2,3.4,3.3,1,678,21,0.057534246575342465,1.09390458488228,ITM
2023-08-25,2023-09-15,PUT,4413.905,4040.0,3.3,3.5,3.4,204,3506,21,0.057534246575342465,1.0925507425742573,ITM
2023-08-25,2023-09-15,PUT,4413.905,4050.0,3.5,3.6,3.55,197,18484,21,0.057534246575342465,1.089853086419753,ITM
2023-08-25,2023-09-15,PUT,4413.905,4060.0,3.7,3.8,3.75,1,1108,21,0.057534246575342465,1.0871687192118227,ITM
2023-08-25,2023-09-15,CALL,4413.905,4065.0,357.0,365.5,361.25,1,1,21,0.057534246575342465,1.0858314883148832,ITM
2023-08-25,2023-09-15,PUT,4413.905,4065.0,3.7,3.9,3.8,6,665,21,0.057534246575342465,1.0858314883148832,ITM
2023-08-25,2023-09-15,PUT,4413.905,4070.0,3.9,4.0,3.95,30,1156,21,0.057534246575342465,1.084497542997543,ITM
2023-08-25,2023-09-15,CALL,4413.905,4075.0,346.8,354.6,350.70000000000005,2,2808,21,0.057534246575342465,1.0831668711656441,ITM
2023-08-25,2023-09-15,PUT,4413.905,4075.0,4.0,4.1,4.05,105,7537,21,0.057534246575342465,1.0831668711656441,ITM
2023-08-25,2023-09-15,PUT,4413.905,4080.0,4.1,4.2,4.15,6,498,21,0.057534246575342465,1.0818394607843136,ITM
2023-08-25,2023-09-15,PUT,4413.905,4085.0,4.2,4.4,4.300000000000001,6,2265,21,0.057534246575342465,1.0805152998776009,ITM
2023-08-25,2023-09-15,PUT,4413.905,4090.0,4.3,4.5,4.4,39,1216,21,0.057534246575342465,1.0791943765281173,ITM
2023-08-25,2023-09-15,PUT,4413.905,4095.0,4.4,4.6,4.5,1,1004,21,0.057534246575342465,1.0778766788766787,ITM
2023-08-25,2023-09-15,CALL,4413.905,4100.0,322.4,330.3,326.35,7,17049,21,0.057534246575342465,1.076562195121951,ITM
2023-08-25,2023-09-15,PUT,4413.905,4100.0,4.5,4.7,4.6,4446,38139,21,0.057534246575342465,1.076562195121951,ITM
2023-08-25,2023-09-15,PUT,4413.905,4105.0,4.7,4.9,4.800000000000001,151,837,21,0.057534246575342465,1.0752509135200974,ITM
2023-08-25,2023-09-15,PUT,4413.905,4110.0,4.8,5.0,4.9,114,997,21,0.057534246575342465,1.073942822384428,ITM
2023-08-25,2023-09-15,PUT,4413.905,4115.0,5.0,5.2,5.1,8,944,21,0.057534246575342465,1.0726379100850547,ITM
2023-08-25,2023-09-15,PUT,4413.905,4120.0,5.1,5.3,5.199999999999999,10,745,21,0.057534246575342465,1.0713361650485436,ITM
2023-08-25,2023-09-15,PUT,4413.905,4125.0,5.3,5.5,5.4,11,21769,21,0.057534246575342465,1.0700375757575757,ITM
2023-08-25,2023-09-15,PUT,4413.905,4130.0,5.5,5.7,5.6,108,1751,21,0.057534246575342465,1.0687421307506053,ITM
2023-08-25,2023-09-15,PUT,4413.905,4135.0,5.6,5.8,5.699999999999999,101,2090,21,0.057534246575342465,1.0674498186215235,ITM
2023-08-25,2023-09-15,PUT,4413.905,4140.0,5.8,6.0,5.9,42,3278,21,0.057534246575342465,1.0661606280193237,ITM
2023-08-25,2023-09-15,CALL,4413.905,4145.0,279.8,288.8,284.3,2,3,21,0.057534246575342465,1.0648745476477683,ITM
2023-08-25,2023-09-15,PUT,4413.905,4145.0,6.0,6.2,6.1,41,783,21,0.057534246575342465,1.0648745476477683,ITM
2023-08-25,2023-09-15,PUT,4413.905,4150.0,6.2,6.4,6.300000000000001,8779,42911,21,0.057534246575342465,1.0635915662650601,ITM
2023-08-25,2023-09-15,PUT,4413.905,4155.0,6.4,6.6,6.5,10,465,21,0.057534246575342465,1.0623116726835138,ITM
2023-08-25,2023-09-15,PUT,4413.905,4160.0,6.6,6.8,6.699999999999999,134,2055,21,0.057534246575342465,1.0610348557692306,ITM
2023-08-25,2023-09-15,PUT,4413.905,4165.0,6.9,7.1,7.0,20,894,21,0.057534246575342465,1.0597611044417767,ITM
2023-08-25,2023-09-15,CALL,4413.905,4170.0,255.8,264.9,260.35,2,1064,21,0.057534246575342465,1.0584904076738608,ITM
2023-08-25,2023-09-15,PUT,4413.905,4170.0,7.1,7.3,7.199999999999999,38,1746,21,0.057534246575342465,1.0584904076738608,ITM
2023-08-25,2023-09-15,CALL,4413.905,4175.0,250.5,258.7,254.6,1,4752,21,0.057534246575342465,1.057222754491018,ITM
2023-08-25,2023-09-15,PUT,4413.905,4175.0,7.4,7.6,7.5,230,7088,21,0.057534246575342465,1.057222754491018,ITM
2023-08-25,2023-09-15,PUT,4413.905,4180.0,7.6,7.8,7.699999999999999,20,2017,21,0.057534246575342465,1.0559581339712918,ITM
2023-08-25,2023-09-15,PUT,4413.905,4185.0,7.9,8.1,8.0,2,1239,21,0.057534246575342465,1.0546965352449222,ITM
2023-08-25,2023-09-15,PUT,4413.905,4190.0,8.2,8.4,8.3,18,1099,21,0.057534246575342465,1.0534379474940334,ITM
2023-08-25,2023-09-15,CALL,4413.905,4200.0,229.8,233.6,231.7,2,21738,21,0.057534246575342465,1.050929761904762,ITM
2023-08-25,2023-09-15,PUT,4413.905,4200.0,8.8,9.1,8.95,5127,45041,21,0.057534246575342465,1.050929761904762,ITM
2023-08-25,2023-09-15,PUT,4413.905,4205.0,9.1,9.4,9.25,1,531,21,0.057534246575342465,1.049680142687277,ITM
2023-08-25,2023-09-15,PUT,4413.905,4210.0,9.5,9.7,9.6,17,2193,21,0.057534246575342465,1.0484334916864608,ITM
2023-08-25,2023-09-15,PUT,4413.905,4220.0,10.2,10.5,10.35,23,1536,21,0.057534246575342465,1.0459490521327013,ITM
2023-08-25,2023-09-15,PUT,4413.905,4225.0,10.6,10.9,10.75,175,7517,21,0.057534246575342465,1.0447112426035503,ITM
2023-08-25,2023-09-15,PUT,4413.905,4230.0,11.0,11.3,11.15,23,1247,21,0.057534246575342465,1.0434763593380614,ITM
2023-08-25,2023-09-15,PUT,4413.905,4235.0,11.4,11.7,11.55,2,665,21,0.057534246575342465,1.0422443919716646,ITM
2023-08-25,2023-09-15,PUT,4413.905,4240.0,11.9,12.2,12.05,160,4188,21,0.057534246575342465,1.041015330188679,ITM
2023-08-25,2023-09-15,CALL,4413.905,4245.0,186.6,194.6,190.6,2,12,21,0.057534246575342465,1.0397891637220258,ITM
2023-08-25,2023-09-15,PUT,4413.905,4245.0,12.4,12.7,12.55,34,557,21,0.057534246575342465,1.0397891637220258,ITM
2023-08-25,2023-09-15,CALL,4413.905,4250.0,184.1,187.7,185.89999999999998,11,11007,21,0.057534246575342465,1.0385658823529411,ITM
2023-08-25,2023-09-15,PUT,4413.905,4250.0,12.8,13.2,13.0,1217,29697,21,0.057534246575342465,1.0385658823529411,ITM
2023-08-25,2023-09-15,PUT,4413.905,4255.0,13.4,13.7,13.55,87,1114,21,0.057534246575342465,1.0373454759106933,ITM
2023-08-25,2023-09-15,CALL,4413.905,4260.0,173.2,181.3,177.25,2,906,21,0.057534246575342465,1.0361279342723004,ITM
2023-08-25,2023-09-15,PUT,4413.905,4260.0,13.9,14.2,14.05,21,1637,21,0.057534246575342465,1.0361279342723004,ITM
2023-08-25,2023-09-15,CALL,4413.905,4265.0,168.9,176.9,172.9,2,113,21,0.057534246575342465,1.0349132473622509,ITM
2023-08-25,2023-09-15,PUT,4413.905,4265.0,14.4,14.8,14.600000000000001,82,584,21,0.057534246575342465,1.0349132473622509,ITM
2023-08-25,2023-09-15,CALL,4413.905,4270.0,164.5,172.5,168.5,1,108,21,0.057534246575342465,1.0337014051522249,ITM
2023-08-25,2023-09-15,PUT,4413.905,4270.0,15.0,15.4,15.2,23,1300,21,0.057534246575342465,1.0337014051522249,ITM
2023-08-25,2023-09-15,CALL,4413.905,4275.0,161.1,166.4,163.75,23,4213,21,0.057534246575342465,1.0324923976608187,ITM
2023-08-25,2023-09-15,PUT,4413.905,4275.0,15.6,16.0,15.8,1426,6038,21,0.057534246575342465,1.0324923976608187,ITM
2023-08-25,2023-09-15,CALL,4413.905,4280.0,155.9,163.9,159.9,2,320,21,0.057534246575342465,1.0312862149532709,ITM
2023-08-25,2023-09-15,PUT,4413.905,4280.0,16.3,16.6,16.450000000000003,15,4395,21,0.057534246575342465,1.0312862149532709,ITM
2023-08-25,2023-09-15,PUT,4413.905,4285.0,16.9,17.3,17.1,107,1334,21,0.057534246575342465,1.0300828471411902,ITM
2023-08-25,2023-09-15,CALL,4413.905,4290.0,146.6,153.7,150.14999999999998,5,186,21,0.057534246575342465,1.0288822843822842,ATM
2023-08-25,2023-09-15,PUT,4413.905,4290.0,17.6,18.0,17.8,42,3006,21,0.057534246575342465,1.0288822843822842,ATM
2023-08-25,2023-09-15,CALL,4413.905,4295.0,143.0,151.0,147.0,13,58,21,0.057534246575342465,1.027684516880093,ATM
2023-08-25,2023-09-15,PUT,4413.905,4295.0,18.4,18.7,18.549999999999997,105,1417,21,0.057534246575342465,1.027684516880093,ATM
2023-08-25,2023-09-15,CALL,4413.905,4300.0,140.9,144.0,142.45,322,47493,21,0.057534246575342465,1.0264895348837209,ATM
2023-08-25,2023-09-15,PUT,4413.905,4300.0,19.1,19.5,19.3,8352,55387,21,0.057534246575342465,1.0264895348837209,ATM
2023-08-25,2023-09-15,CALL,4413.905,4305.0,134.8,142.5,138.65,4,581,21,0.057534246575342465,1.0252973286875726,ATM
2023-08-25,2023-09-15,PUT,4413.905,4305.0,19.9,20.3,20.1,3,10657,21,0.057534246575342465,1.0252973286875726,ATM
2023-08-25,2023-09-15,CALL,4413.905,4310.0,131.8,136.6,134.2,16,61,21,0.057534246575342465,1.0241078886310904,ATM
2023-08-25,2023-09-15,PUT,4413.905,4310.0,20.7,21.1,20.9,120,1310,21,0.057534246575342465,1.0241078886310904,ATM
2023-08-25,2023-09-15,CALL,4413.905,4315.0,126.5,134.2,130.35,4,275,21,0.057534246575342465,1.0229212050984935,ATM
2023-08-25,2023-09-15,PUT,4413.905,4315.0,21.6,22.0,21.8,5,1985,21,0.057534246575342465,1.0229212050984935,ATM
2023-08-25,2023-09-15,PUT,4413.905,4320.0,22.5,22.9,22.7,81,2464,21,0.057534246575342465,1.0217372685185184,ATM
2023-08-25,2023-09-15,CALL,4413.905,4325.0,121.3,122.2,121.75,24,5798,21,0.057534246575342465,1.0205560693641618,ATM
2023-08-25,2023-09-15,PUT,4413.905,4325.0,23.5,23.9,23.7,1176,20013,21,0.057534246575342465,1.0205560693641618,ATM
2023-08-25,2023-09-15,CALL,4413.905,4330.0,117.2,118.2,117.7,4,262,21,0.057534246575342465,1.019377598152425,ATM
2023-08-25,2023-09-15,PUT,4413.905,4330.0,24.4,24.8,24.6,606,709,21,0.057534246575342465,1.019377598152425,ATM
2023-08-25,2023-09-15,PUT,4413.905,4335.0,25.4,25.9,25.65,16,2384,21,0.057534246575342465,1.01820184544406,ATM
2023-08-25,2023-09-15,CALL,4413.905,4340.0,109.4,110.3,109.85,2,993,21,0.057534246575342465,1.017028801843318,ATM
2023-08-25,2023-09-15,PUT,4413.905,4340.0,26.5,26.9,26.7,53,2916,21,0.057534246575342465,1.017028801843318,ATM
2023-08-25,2023-09-15,PUT,4413.905,4345.0,27.6,28.0,27.8,89,2424,21,0.057534246575342465,1.0158584579976984,ATM
2023-08-25,2023-09-15,CALL,4413.905,4350.0,101.7,102.6,102.15,274,16221,21,0.057534246575342465,1.014690804597701,ATM
2023-08-25,2023-09-15,PUT,4413.905,4350.0,28.8,29.2,29.0,7696,27053,21,0.057534246575342465,1.014690804597701,ATM
2023-08-25,2023-09-15,CALL,4413.905,4355.0,97.9,98.8,98.35,4,3782,21,0.057534246575342465,1.0135258323765786,ATM
2023-08-25,2023-09-15,PUT,4413.905,4355.0,30.0,30.4,30.2,26,5081,21,0.057534246575342465,1.0135258323765786,ATM
2023-08-25,2023-09-15,CALL,4413.905,4360.0,94.2,95.1,94.65,206,10841,21,0.057534246575342465,1.0123635321100917,ATM
2023-08-25,2023-09-15,PUT,4413.905,4360.0,31.2,31.7,31.45,100,6827,21,0.057534246575342465,1.0123635321100917,ATM
2023-08-25,2023-09-15,CALL,4413.905,4365.0,90.5,91.4,90.95,252,4349,21,0.057534246575342465,1.0112038946162656,ATM
2023-08-25,2023-09-15,PUT,4413.905,4365.0,32.5,33.0,32.75,394,4800,21,0.057534246575342465,1.0112038946162656,ATM
2023-08-25,2023-09-15,CALL,4413.905,4370.0,86.9,87.8,87.35,538,2999,21,0.057534246575342465,1.0100469107551486,ATM
2023-08-25,2023-09-15,PUT,4413.905,4370.0,33.8,34.3,34.05,583,3124,21,0.057534246575342465,1.0100469107551486,ATM
2023-08-25,2023-09-15,CALL,4413.905,4375.0,83.3,84.2,83.75,1655,7985,21,0.057534246575342465,1.0088925714285715,ATM
2023-08-25,2023-09-15,PUT,4413.905,4375.0,35.2,35.7,35.45,2687,16650,21,0.057534246575342465,1.0088925714285715,ATM
2023-08-25,2023-09-15,CALL,4413.905,4380.0,79.8,80.7,80.25,1298,7990,21,0.057534246575342465,1.0077408675799087,ATM
2023-08-25,2023-09-15,PUT,4413.905,4380.0,36.7,37.2,36.95,1307,8183,21,0.057534246575342465,1.0077408675799087,ATM
2023-08-25,2023-09-15,CALL,4413.905,4385.0,76.3,77.2,76.75,501,7823,21,0.057534246575342465,1.0065917901938426,ATM
2023-08-25,2023-09-15,PUT,4413.905,4385.0,38.2,38.7,38.45,603,8081,21,0.057534246575342465,1.0065917901938426,ATM
2023-08-25,2023-09-15,CALL,4413.905,4390.0,72.9,73.8,73.35,2022,7478,21,0.057534246575342465,1.0054453302961275,ATM
2023-08-25,2023-09-15,PUT,4413.905,4390.0,39.8,40.3,40.05,2057,7487,21,0.057534246575342465,1.0054453302961275,ATM
2023-08-25,2023-09-15,CALL,4413.905,4395.0,69.7,70.5,70.1,3120,6089,21,0.057534246575342465,1.004301478953356,ATM
2023-08-25,2023-09-15,PUT,4413.905,4395.0,41.5,42.0,41.75,3113,6323,21,0.057534246575342465,1.004301478953356,ATM
2023-08-25,2023-09-15,CALL,4413.905,4400.0,66.4,67.2,66.80000000000001,15224,62047,21,0.057534246575342465,1.0031602272727271,ATM
2023-08-25,2023-09-15,PUT,4413.905,4400.0,43.2,43.7,43.45,17366,61089,21,0.057534246575342465,1.0031602272727271,ATM
2023-08-25,2023-09-15,CALL,4413.905,4405.0,63.2,64.0,63.6,4662,9468,21,0.057534246575342465,1.0020215664018162,ATM
2023-08-25,2023-09-15,PUT,4413.905,4405.0,45.0,45.5,45.25,4765,10223,21,0.057534246575342465,1.0020215664018162,ATM
2023-08-25,2023-09-15,CALL,4413.905,4410.0,60.1,60.9,60.5,1235,12527,21,0.057534246575342465,1.0008854875283446,ATM
2023-08-25,2023-09-15,PUT,4413.905,4410.0,46.9,47.4,47.15,1550,13200,21,0.057534246575342465,1.0008854875283446,ATM
2023-08-25,2023-09-15,CALL,4413.905,4415.0,57.2,57.8,57.5,2959,14268,21,0.057534246575342465,0.9997519818799546,ATM
2023-08-25,2023-09-15,PUT,4413.905,4415.0,48.7,49.4,49.05,3142,15136,21,0.057534246575342465,0.9997519818799546,ATM
2023-08-25,2023-09-15,CALL,4413.905,4420.0,54.2,54.8,54.5,3906,12871,21,0.057534246575342465,0.9986210407239818,ATM
2023-08-25,2023-09-15,PUT,4413.905,4420.0,50.7,51.5,51.1,3819,12942,21,0.057534246575342465,0.9986210407239818,ATM
2023-08-25,2023-09-15,CALL,4413.905,4425.0,51.3,51.9,51.599999999999994,4254,15321,21,0.057534246575342465,0.9974926553672315,ATM
2023-08-25,2023-09-15,PUT,4413.905,4425.0,52.8,53.6,53.2,2805,16259,21,0.057534246575342465,0.9974926553672315,ATM
2023-08-25,2023-09-15,CALL,4413.905,4430.0,48.5,49.1,48.8,7,9063,21,0.057534246575342465,0.9963668171557561,ATM
2023-08-25,2023-09-15,PUT,4413.905,4430.0,55.0,55.8,55.4,65,10094,21,0.057534246575342465,0.9963668171557561,ATM
2023-08-25,2023-09-15,CALL,4413.905,4435.0,45.8,46.4,46.099999999999994,13,10047,21,0.057534246575342465,0.9952435174746336,ATM
2023-08-25,2023-09-15,PUT,4413.905,4435.0,57.3,58.0,57.65,5,10597,21,0.057534246575342465,0.9952435174746336,ATM
2023-08-25,2023-09-15,CALL,4413.905,4440.0,43.2,43.8,43.5,125,10671,21,0.057534246575342465,0.9941227477477477,ATM
2023-08-25,2023-09-15,PUT,4413.905,4440.0,59.6,60.4,60.0,7,8932,21,0.057534246575342465,0.9941227477477477,ATM
2023-08-25,2023-09-15,CALL,4413.905,4445.0,40.7,41.2,40.95,115,8392,21,0.057534246575342465,0.9930044994375703,ATM
2023-08-25,2023-09-15,PUT,4413.905,4445.0,62.1,62.9,62.5,4,8611,21,0.057534246575342465,0.9930044994375703,ATM
2023-08-25,2023-09-15,CALL,4413.905,4450.0,38.2,38.8,38.5,2072,53127,21,0.057534246575342465,0.9918887640449437,ATM
2023-08-25,2023-09-15,PUT,4413.905,4450.0,64.6,65.4,65.0,1223,51599,21,0.057534246575342465,0.9918887640449437,ATM
2023-08-25,2023-09-15,CALL,4413.905,4455.0,35.9,36.4,36.15,57,9155,21,0.057534246575342465,0.9907755331088663,ATM
2023-08-25,2023-09-15,PUT,4413.905,4455.0,67.2,68.0,67.6,7,8982,21,0.057534246575342465,0.9907755331088663,ATM
2023-08-25,2023-09-15,CALL,4413.905,4460.0,33.6,34.1,33.85,407,7820,21,0.057534246575342465,0.989664798206278,ATM
2023-08-25,2023-09-15,PUT,4413.905,4460.0,69.9,70.7,70.30000000000001,5,7675,21,0.057534246575342465,0.989664798206278,ATM
2023-08-25,2023-09-15,CALL,4413.905,4465.0,31.4,31.9,31.65,7,8210,21,0.057534246575342465,0.9885565509518477,ATM
2023-08-25,2023-09-15,PUT,4413.905,4465.0,72.7,73.5,73.1,10,8829,21,0.057534246575342465,0.9885565509518477,ATM
2023-08-25,2023-09-15,CALL,4413.905,4470.0,29.4,29.8,29.6,183,7380,21,0.057534246575342465,0.9874507829977628,ATM
2023-08-25,2023-09-15,PUT,4413.905,4470.0,75.6,76.5,76.05,35,7110,21,0.057534246575342465,0.9874507829977628,ATM
2023-08-25,2023-09-15,CALL,4413.905,4475.0,27.4,27.8,27.6,1772,18351,21,0.057534246575342465,0.9863474860335195,ATM
2023-08-25,2023-09-15,PUT,4413.905,4475.0,78.6,79.4,79.0,15,14415,21,0.057534246575342465,0.9863474860335195,ATM
2023-08-25,2023-09-15,CALL,4413.905,4480.0,25.5,25.9,25.7,43,13436,21,0.057534246575342465,0.9852466517857142,ATM
2023-08-25,2023-09-15,PUT,4413.905,4480.0,81.7,82.6,82.15,49,13780,21,0.057534246575342465,0.9852466517857142,ATM
2023-08-25,2023-09-15,CALL,4413.905,4485.0,23.7,24.1,23.9,32,13797,21,0.057534246575342465,0.9841482720178372,ATM
2023-08-25,2023-09-15,PUT,4413.905,4485.0,84.8,85.8,85.3,2,14028,21,0.057534246575342465,0.9841482720178372,ATM
2023-08-25,2023-09-15,CALL,4413.905,4490.0,21.9,22.4,22.15,30,10606,21,0.057534246575342465,0.9830523385300668,ATM
2023-08-25,2023-09-15,PUT,4413.905,4490.0,88.1,89.0,88.55,3,10885,21,0.057534246575342465,0.9830523385300668,ATM
2023-08-25,2023-09-15,CALL,4413.905,4495.0,20.3,20.7,20.5,31,9335,21,0.057534246575342465,0.9819588431590656,ATM
2023-08-25,2023-09-15,CALL,4413.905,4500.0,18.8,19.2,19.0,8288,60134,21,0.057534246575342465,0.9808677777777777,ATM
2023-08-25,2023-09-15,PUT,4413.905,4500.0,92.8,97.7,95.25,33,53706,21,0.057534246575342465,0.9808677777777777,ATM
2023-08-25,2023-09-15,CALL,4413.905,4505.0,17.3,17.7,17.5,20,7715,21,0.057534246575342465,0.9797791342952274,ATM
2023-08-25,2023-09-15,PUT,4413.905,4505.0,95.1,102.6,98.85,4,7695,21,0.057534246575342465,0.9797791342952274,ATM
2023-08-25,2023-09-15,CALL,4413.905,4510.0,16.0,16.4,16.2,187,8410,21,0.057534246575342465,0.9786929046563192,ATM
2023-08-25,2023-09-15,PUT,4413.905,4510.0,99.4,105.1,102.25,299,7257,21,0.057534246575342465,0.9786929046563192,ATM
2023-08-25,2023-09-15,CALL,4413.905,4515.0,14.7,15.1,14.899999999999999,76,7959,21,0.057534246575342465,0.9776090808416389,ATM
2023-08-25,2023-09-15,CALL,4413.905,4520.0,13.5,13.8,13.65,669,9047,21,0.057534246575342465,0.9765276548672566,ATM
2023-08-25,2023-09-15,PUT,4413.905,4520.0,106.2,113.7,109.95,2,6850,21,0.057534246575342465,0.9765276548672566,ATM
2023-08-25,2023-09-15,CALL,4413.905,4525.0,12.4,12.7,12.55,245,13737,21,0.057534246575342465,0.9754486187845304,ATM
2023-08-25,2023-09-15,PUT,4413.905,4525.0,110.7,116.4,113.55000000000001,3,8044,21,0.057534246575342465,0.9754486187845304,ATM
2023-08-25,2023-09-15,CALL,4413.905,4530.0,11.3,11.6,11.45,1530,10350,21,0.057534246575342465,0.9743719646799116,ATM
2023-08-25,2023-09-15,PUT,4413.905,4530.0,115.0,120.4,117.7,1,9434,21,0.057534246575342465,0.9743719646799116,ATM
2023-08-25,2023-09-15,CALL,4413.905,4535.0,10.4,10.7,10.55,11,9748,21,0.057534246575342465,0.9732976846747519,ATM
2023-08-25,2023-09-15,PUT,4413.905,4535.0,118.9,124.4,121.65,1,9282,21,0.057534246575342465,0.9732976846747519,ATM
2023-08-25,2023-09-15,CALL,4413.905,4540.0,9.5,9.8,9.65,79,11623,21,0.057534246575342465,0.9722257709251101,ATM
2023-08-25,2023-09-15,CALL,4413.905,4545.0,8.6,8.9,8.75,59,8292,21,0.057534246575342465,0.9711562156215621,ATM
2023-08-25,2023-09-15,PUT,4413.905,4545.0,127.3,132.6,129.95,3,8060,21,0.057534246575342465,0.9711562156215621,ATM
2023-08-25,2023-09-15,CALL,4413.905,4550.0,7.9,8.1,8.0,1862,34589,21,0.057534246575342465,0.9700890109890109,ATM
2023-08-25,2023-09-15,PUT,4413.905,4550.0,132.2,136.0,134.1,13,29565,21,0.057534246575342465,0.9700890109890109,ATM
2023-08-25,2023-09-15,CALL,4413.905,4555.0,7.2,7.4,7.300000000000001,51,8361,21,0.057534246575342465,0.9690241492864983,OTM
2023-08-25,2023-09-15,CALL,4413.905,4560.0,6.5,6.8,6.65,277,5698,21,0.057534246575342465,0.9679616228070175,OTM
2023-08-25,2023-09-15,PUT,4413.905,4560.0,138.0,147.6,142.8,6,5079,21,0.057534246575342465,0.9679616228070175,OTM
2023-08-25,2023-09-15,CALL,4413.905,4565.0,5.9,6.1,6.0,18,7684,21,0.057534246575342465,0.9669014238773275,OTM
2023-08-25,2023-09-15,CALL,4413.905,4570.0,5.4,5.6,5.5,35,6280,21,0.057534246575342465,0.965843544857768,OTM
2023-08-25,2023-09-15,PUT,4413.905,4570.0,146.7,156.4,151.55,1,6243,21,0.057534246575342465,0.965843544857768,OTM
2023-08-25,2023-09-15,CALL,4413.905,4575.0,4.9,5.1,5.0,487,19054,21,0.057534246575342465,0.9647879781420764,OTM
2023-08-25,2023-09-15,PUT,4413.905,4575.0,151.2,160.7,155.95,1,13235,21,0.057534246575342465,0.9647879781420764,OTM
2023-08-25,2023-09-15,CALL,4413.905,4580.0,4.4,4.6,4.5,661,9078,21,0.057534246575342465,0.9637347161572052,OTM
2023-08-25,2023-09-15,PUT,4413.905,4580.0,155.7,165.1,160.39999999999998,6,8541,21,0.057534246575342465,0.9637347161572052,OTM
2023-08-25,2023-09-15,CALL,4413.905,4585.0,4.0,4.2,4.1,6,10092,21,0.057534246575342465,0.9626837513631407,OTM
2023-08-25,2023-09-15,CALL,4413.905,4590.0,3.6,3.8,3.7,391,10269,21,0.057534246575342465,0.9616350762527233,OTM
2023-08-25,2023-09-15,PUT,4413.905,4590.0,165.0,174.7,169.85,1,10015,21,0.057534246575342465,0.9616350762527233,OTM
2023-08-25,2023-09-15,CALL,4413.905,4595.0,3.3,3.4,3.3499999999999996,52,10238,21,0.057534246575342465,0.960588683351469,OTM
2023-08-25,2023-09-15,PUT,4413.905,4595.0,169.4,179.4,174.4,2,8804,21,0.057534246575342465,0.960588683351469,OTM
2023-08-25,2023-09-15,CALL,4413.905,4600.0,3.0,3.1,3.05,2837,54273,21,0.057534246575342465,0.9595445652173913,OTM
2023-08-25,2023-09-15,PUT,4413.905,4600.0,174.6,184.1,179.35,9,44704,21,0.057534246575342465,0.9595445652173913,OTM
2023-08-25,2023-09-15,CALL,4413.905,4605.0,2.7,2.8,2.75,15,12002,21,0.057534246575342465,0.9585027144408251,OTM
2023-08-25,2023-09-15,CALL,4413.905,4610.0,2.45,2.55,2.5,36,6718,21,0.057534246575342465,0.9574631236442516,OTM
2023-08-25,2023-09-15,CALL,4413.905,4615.0,2.2,2.3,2.25,9,5250,21,0.057534246575342465,0.9564257854821234,OTM
2023-08-25,2023-09-15,CALL,4413.905,4620.0,2.0,2.1,2.05,61,2892,21,0.057534246575342465,0.9553906926406925,OTM
2023-08-25,2023-09-15,CALL,4413.905,4625.0,1.8,1.9,1.85,118,8645,21,0.057534246575342465,0.9543578378378378,OTM
2023-08-25,2023-09-15,PUT,4413.905,4625.0,199.1,207.8,203.45,269,2510,21,0.057534246575342465,0.9543578378378378,OTM
2023-08-25,2023-09-15,CALL,4413.905,4630.0,1.6,1.75,1.675,23,6287,21,0.057534246575342465,0.9533272138228941,OTM
2023-08-25,2023-09-15,CALL,4413.905,4635.0,1.45,1.6,1.525,12,2159,21,0.057534246575342465,0.9522988133764833,OTM
2023-08-25,2023-09-15,CALL,4413.905,4640.0,1.3,1.45,1.375,37,1040,21,0.057534246575342465,0.9512726293103447,OTM
2023-08-25,2023-09-15,CALL,4413.905,4645.0,1.2,1.3,1.25,9,435,21,0.057534246575342465,0.950248654467169,OTM
2023-08-25,2023-09-15,CALL,4413.905,4650.0,1.05,1.2,1.125,648,15944,21,0.057534246575342465,0.94922688172043,OTM
2023-08-25,2023-09-15,PUT,4413.905,4650.0,223.8,231.7,227.75,6,1059,21,0.057534246575342465,0.94922688172043,OTM
2023-08-25,2023-09-15,CALL,4413.905,4655.0,0.95,1.1,1.025,6,514,21,0.057534246575342465,0.9482073039742213,OTM
2023-08-25,2023-09-15,CALL,4413.905,4660.0,0.9,1.0,0.95,306,1755,21,0.057534246575342465,0.9471899141630901,OTM
2023-08-25,2023-09-15,CALL,4413.905,4665.0,0.8,0.9,0.8500000000000001,42,421,21,0.057534246575342465,0.9461747052518756,OTM
2023-08-25,2023-09-15,CALL,4413.905,4670.0,0.7,0.85,0.7749999999999999,46,1033,21,0.057534246575342465,0.945161670235546,OTM
2023-08-25,2023-09-15,CALL,4413.905,4675.0,0.65,0.75,0.7,208,5156,21,0.057534246575342465,0.9441508021390373,OTM
2023-08-25,2023-09-15,CALL,4413.905,4680.0,0.6,0.7,0.6499999999999999,46,2613,21,0.057534246575342465,0.9431420940170939,OTM
2023-08-25,2023-09-15,CALL,4413.905,4685.0,0.55,0.65,0.6000000000000001,43,160,21,0.057534246575342465,0.9421355389541088,OTM
2023-08-25,2023-09-15,CALL,4413.905,4690.0,0.5,0.6,0.55,53,717,21,0.057534246575342465,0.9411311300639659,OTM
2023-08-25,2023-09-15,CALL,4413.905,4695.0,0.45,0.55,0.5,5,668,21,0.057534246575342465,0.9401288604898828,OTM
2023-08-25,2023-09-15,CALL,4413.905,4700.0,0.45,0.5,0.475,652,25896,21,0.057534246575342465,0.9391287234042552,OTM
2023-08-25,2023-09-15,PUT,4413.905,4700.0,270.9,280.8,275.85,1,393,21,0.057534246575342465,0.9391287234042552,OTM
2023-08-25,2023-09-15,CALL,4413.905,4705.0,0.4,0.5,0.45,73,609,21,0.057534246575342465,0.9381307120085015,OTM
2023-08-25,2023-09-15,CALL,4413.905,4710.0,0.35,0.5,0.425,16,610,21,0.057534246575342465,0.9371348195329087,OTM
2023-08-25,2023-09-15,CALL,4413.905,4715.0,0.35,0.45,0.4,183,3488,21,0.057534246575342465,0.9361410392364793,OTM
2023-08-25,2023-09-15,CALL,4413.905,4720.0,0.3,0.45,0.375,13,614,21,0.057534246575342465,0.9351493644067796,OTM
2023-08-25,2023-09-15,CALL,4413.905,4725.0,0.3,0.4,0.35,4,5967,21,0.057534246575342465,0.9341597883597883,OTM
2023-08-25,2023-09-15,CALL,4413.905,4730.0,0.3,0.4,0.35,2,672,21,0.057534246575342465,0.9331723044397462,OTM
2023-08-25,2023-09-15,CALL,4413.905,4735.0,0.25,0.35,0.3,2,1380,21,0.057534246575342465,0.9321869060190073,OTM
2023-08-25,2023-09-15,CALL,4413.905,4740.0,0.25,0.35,0.3,5,2570,21,0.057534246575342465,0.9312035864978903,OTM
2023-08-25,2023-09-15,CALL,4413.905,4745.0,0.25,0.3,0.275,2,862,21,0.057534246575342465,0.930222339304531,OTM
2023-08-25,2023-09-15,CALL,4413.905,4750.0,0.2,0.3,0.25,57,19896,21,0.057534246575342465,0.9292431578947368,OTM
2023-08-25,2023-09-15,CALL,4413.905,4755.0,0.2,0.3,0.25,2,342,21,0.057534246575342465,0.9282660357518401,OTM
2023-08-25,2023-09-15,CALL,4413.905,4760.0,0.2,0.3,0.25,4,1374,21,0.057534246575342465,0.9272909663865546,OTM
2023-08-25,2023-09-15,CALL,4413.905,4765.0,0.2,0.25,0.225,3,290,21,0.057534246575342465,0.926317943336831,OTM
2023-08-25,2023-09-15,CALL,4413.905,4770.0,0.15,0.25,0.2,2,2399,21,0.057534246575342465,0.9253469601677148,OTM
2023-08-25,2023-09-15,CALL,4413.905,4775.0,0.15,0.25,0.2,2,4219,21,0.057534246575342465,0.9243780104712042,OTM
2023-08-25,2023-09-15,CALL,4413.905,4780.0,0.15,0.25,0.2,3,563,21,0.057534246575342465,0.9234110878661087,OTM
2023-08-25,2023-09-15,CALL,4413.905,4785.0,0.15,0.2,0.175,3,207,21,0.057534246575342465,0.9224461859979101,OTM
2023-08-25,2023-09-15,CALL,4413.905,4800.0,0.1,0.2,0.15000000000000002,22,30796,21,0.057534246575342465,0.9195635416666667,OTM
2023-08-25,2023-09-15,CALL,4413.905,4805.0,0.1,0.2,0.15000000000000002,160,393,21,0.057534246575342465,0.9186066597294484,OTM
2023-08-25,2023-09-15,CALL,4413.905,4820.0,0.1,0.15,0.125,165,694,21,0.057534246575342465,0.9157479253112033,OTM
2023-08-25,2023-09-15,CALL,4413.905,4850.0,0.1,0.15,0.125,390,8833,21,0.057534246575342465,0.9100835051546391,OTM
2023-08-25,2023-10-20,PUT,4413.905,4015.0,16.4,16.7,16.549999999999997,1,1,56,0.15342465753424658,1.0993536737235368,ITM
2023-08-25,2023-10-20,PUT,4413.905,4020.0,16.7,17.0,16.85,6,377,56,0.15342465753424658,1.0979863184079601,ITM
2023-08-25,2023-10-20,CALL,4413.905,4030.0,424.5,430.4,427.45,2,21,56,0.15342465753424658,1.0952617866004961,ITM
2023-08-25,2023-10-20,PUT,4413.905,4030.0,17.3,17.7,17.5,1,1012,56,0.15342465753424658,1.0952617866004961,ITM
2023-08-25,2023-10-20,PUT,4413.905,4040.0,18.0,18.3,18.15,5,607,56,0.15342465753424658,1.0925507425742573,ITM
2023-08-25,2023-10-20,PUT,4413.905,4050.0,18.7,19.0,18.85,526,9221,56,0.15342465753424658,1.089853086419753,ITM
2023-08-25,2023-10-20,PUT,4413.905,4055.0,19.1,19.4,19.25,24,6,56,0.15342465753424658,1.08850924784217,ITM
2023-08-25,2023-10-20,CALL,4413.905,4060.0,396.9,402.7,399.79999999999995,1,15,56,0.15342465753424658,1.0871687192118227,ITM
2023-08-25,2023-10-20,PUT,4413.905,4060.0,19.4,19.8,19.6,231,623,56,0.15342465753424658,1.0871687192118227,ITM
2023-08-25,2023-10-20,CALL,4413.905,4070.0,387.8,393.5,390.65,2,48,56,0.15342465753424658,1.084497542997543,ITM
2023-08-25,2023-10-20,PUT,4413.905,4070.0,20.2,20.5,20.35,2,757,56,0.15342465753424658,1.084497542997543,ITM
2023-08-25,2023-10-20,PUT,4413.905,4075.0,20.6,20.9,20.75,7,1787,56,0.15342465753424658,1.0831668711656441,ITM
2023-08-25,2023-10-20,PUT,4413.905,4080.0,21.0,21.3,21.15,2079,3521,56,0.15342465753424658,1.0818394607843136,ITM
2023-08-25,2023-10-20,PUT,4413.905,4085.0,21.4,21.7,21.549999999999997,2,6,56,0.15342465753424658,1.0805152998776009,ITM
2023-08-25,2023-10-20,PUT,4413.905,4090.0,21.8,22.1,21.950000000000003,1,360,56,0.15342465753424658,1.0791943765281173,ITM
2023-08-25,2023-10-20,PUT,4413.905,4095.0,22.2,22.6,22.4,1,13,56,0.15342465753424658,1.0778766788766787,ITM
2023-08-25,2023-10-20,CALL,4413.905,4100.0,360.6,366.0,363.3,4,4541,56,0.15342465753424658,1.076562195121951,ITM
2023-08-25,2023-10-20,PUT,4413.905,4100.0,22.6,23.0,22.8,580,18551,56,0.15342465753424658,1.076562195121951,ITM
2023-08-25,2023-10-20,PUT,4413.905,4110.0,23.5,23.9,23.7,3,927,56,0.15342465753424658,1.073942822384428,ITM
2023-08-25,2023-10-20,PUT,4413.905,4115.0,24.0,24.4,24.2,1,135,56,0.15342465753424658,1.0726379100850547,ITM
2023-08-25,2023-10-20,PUT,4413.905,4120.0,24.5,24.9,24.7,52,499,56,0.15342465753424658,1.0713361650485436,ITM
2023-08-25,2023-10-20,PUT,4413.905,4125.0,25.0,25.4,25.2,65,15783,56,0.15342465753424658,1.0700375757575757,ITM
2023-08-25,2023-10-20,PUT,4413.905,4130.0,25.5,25.9,25.7,2,794,56,0.15342465753424658,1.0687421307506053,ITM
2023-08-25,2023-10-20,PUT,4413.905,4140.0,26.5,26.9,26.7,4,267,56,0.15342465753424658,1.0661606280193237,ITM
2023-08-25,2023-10-20,PUT,4413.905,4150.0,27.6,28.0,27.8,1537,12566,56,0.15342465753424658,1.0635915662650601,ITM
2023-08-25,2023-10-20,CALL,4413.905,4155.0,311.6,317.0,314.3,2,1,56,0.15342465753424658,1.0623116726835138,ITM
2023-08-25,2023-10-20,PUT,4413.905,4155.0,28.1,28.5,28.3,10,208,56,0.15342465753424658,1.0623116726835138,ITM
2023-08-25,2023-10-20,PUT,4413.905,4160.0,28.7,29.1,28.9,104,8348,56,0.15342465753424658,1.0610348557692306,ITM
2023-08-25,2023-10-20,PUT,4413.905,4165.0,29.3,29.7,29.5,3,309,56,0.15342465753424658,1.0597611044417767,ITM
2023-08-25,2023-10-20,PUT,4413.905,4170.0,29.9,30.3,30.1,50,266,56,0.15342465753424658,1.0584904076738608,ITM
2023-08-25,2023-10-20,CALL,4413.905,4175.0,294.1,299.4,296.75,6,693,56,0.15342465753424658,1.057222754491018,ITM
2023-08-25,2023-10-20,PUT,4413.905,4175.0,30.5,30.9,30.7,65,4614,56,0.15342465753424658,1.057222754491018,ITM
2023-08-25,2023-10-20,CALL,4413.905,4180.0,289.9,295.1,292.5,1,24,56,0.15342465753424658,1.0559581339712918,ITM
2023-08-25,2023-10-20,PUT,4413.905,4180.0,31.1,31.5,31.3,72,984,56,0.15342465753424658,1.0559581339712918,ITM
2023-08-25,2023-10-20,PUT,4413.905,4185.0,31.7,32.2,31.950000000000003,4,169,56,0.15342465753424658,1.0546965352449222,ITM
2023-08-25,2023-10-20,PUT,4413.905,4190.0,32.4,32.8,32.599999999999994,4,1740,56,0.15342465753424658,1.0534379474940334,ITM
2023-08-25,2023-10-20,PUT,4413.905,4195.0,33.0,33.5,33.25,21,312,56,0.15342465753424658,1.0521823599523241,ITM
2023-08-25,2023-10-20,CALL,4413.905,4200.0,272.8,277.7,275.25,1,7333,56,0.15342465753424658,1.050929761904762,ITM
2023-08-25,2023-10-20,PUT,4413.905,4200.0,33.8,34.2,34.0,3676,31315,56,0.15342465753424658,1.050929761904762,ITM
2023-08-25,2023-10-20,PUT,4413.905,4205.0,34.4,34.9,34.65,5,195,56,0.15342465753424658,1.049680142687277,ITM
2023-08-25,2023-10-20,PUT,4413.905,4210.0,35.1,35.6,35.35,7,443,56,0.15342465753424658,1.0484334916864608,ITM
2023-08-25,2023-10-20,CALL,4413.905,4215.0,259.9,265.0,262.45,2,3,56,0.15342465753424658,1.0471897983392644,ITM
2023-08-25,2023-10-20,PUT,4413.905,4215.0,35.8,36.3,36.05,46,952,56,0.15342465753424658,1.0471897983392644,ITM
2023-08-25,2023-10-20,PUT,4413.905,4220.0,36.5,37.1,36.8,46,1026,56,0.15342465753424658,1.0459490521327013,ITM
2023-08-25,2023-10-20,CALL,4413.905,4225.0,251.6,256.6,254.10000000000002,12,1245,56,0.15342465753424658,1.0447112426035503,ITM
2023-08-25,2023-10-20,PUT,4413.905,4225.0,37.2,37.8,37.5,75,8942,56,0.15342465753424658,1.0447112426035503,ITM
2023-08-25,2023-10-20,PUT,4413.905,4230.0,38.1,38.6,38.35,4,743,56,0.15342465753424658,1.0434763593380614,ITM
2023-08-25,2023-10-20,PUT,4413.905,4235.0,38.8,39.4,39.099999999999994,1,2615,56,0.15342465753424658,1.0422443919716646,ITM
2023-08-25,2023-10-20,PUT,4413.905,4245.0,40.5,41.0,40.75,121,189,56,0.15342465753424658,1.0397891637220258,ITM
2023-08-25,2023-10-20,CALL,4413.905,4250.0,232.4,233.9,233.15,53,2638,56,0.15342465753424658,1.0385658823529411,ITM
2023-08-25,2023-10-20,PUT,4413.905,4250.0,41.2,41.9,41.55,6686,24088,56,0.15342465753424658,1.0385658823529411,ITM
2023-08-25,2023-10-20,CALL,4413.905,4255.0,228.3,229.8,229.05,2,18,56,0.15342465753424658,1.0373454759106933,ITM
2023-08-25,2023-10-20,PUT,4413.905,4260.0,43.0,43.6,43.3,4,2644,56,0.15342465753424658,1.0361279342723004,ITM
2023-08-25,2023-10-20,PUT,4413.905,4265.0,43.9,44.5,44.2,12,1222,56,0.15342465753424658,1.0349132473622509,ITM
2023-08-25,2023-10-20,PUT,4413.905,4270.0,44.8,45.4,45.099999999999994,2,480,56,0.15342465753424658,1.0337014051522249,ITM
2023-08-25,2023-10-20,CALL,4413.905,4275.0,212.1,213.6,212.85,27,1233,56,0.15342465753424658,1.0324923976608187,ITM
2023-08-25,2023-10-20,PUT,4413.905,4275.0,45.7,46.4,46.05,41,3244,56,0.15342465753424658,1.0324923976608187,ITM
2023-08-25,2023-10-20,CALL,4413.905,4280.0,208.1,209.6,208.85,2,65,56,0.15342465753424658,1.0312862149532709,ITM
2023-08-25,2023-10-20,PUT,4413.905,4280.0,46.6,47.3,46.95,46,2062,56,0.15342465753424658,1.0312862149532709,ITM
2023-08-25,2023-10-20,CALL,4413.905,4290.0,200.3,201.8,201.05,2,726,56,0.15342465753424658,1.0288822843822842,ATM
2023-08-25,2023-10-20,PUT,4413.905,4290.0,48.6,49.3,48.95,245,1044,56,0.15342465753424658,1.0288822843822842,ATM
2023-08-25,2023-10-20,CALL,4413.905,4295.0,196.2,197.7,196.95,4,2,56,0.15342465753424658,1.027684516880093,ATM
2023-08-25,2023-10-20,PUT,4413.905,4295.0,49.6,50.3,49.95,6,984,56,0.15342465753424658,1.027684516880093,ATM
2023-08-25,2023-10-20,CALL,4413.905,4300.0,192.3,193.8,193.05,81,5997,56,0.15342465753424658,1.0264895348837209,ATM
2023-08-25,2023-10-20,PUT,4413.905,4300.0,50.7,51.3,51.0,1570,25667,56,0.15342465753424658,1.0264895348837209,ATM
2023-08-25,2023-10-20,CALL,4413.905,4305.0,188.4,189.9,189.15,4,4,56,0.15342465753424658,1.0252973286875726,ATM
2023-08-25,2023-10-20,PUT,4413.905,4305.0,51.7,52.4,52.05,2,397,56,0.15342465753424658,1.0252973286875726,ATM
2023-08-25,2023-10-20,CALL,4413.905,4310.0,184.7,186.0,185.35,2,121,56,0.15342465753424658,1.0241078886310904,ATM
2023-08-25,2023-10-20,PUT,4413.905,4310.0,52.8,53.5,53.15,86,1453,56,0.15342465753424658,1.0241078886310904,ATM
2023-08-25,2023-10-20,PUT,4413.905,4315.0,53.9,54.6,54.25,29,978,56,0.15342465753424658,1.0229212050984935,ATM
2023-08-25,2023-10-20,PUT,4413.905,4320.0,55.0,55.7,55.35,4,738,56,0.15342465753424658,1.0217372685185184,ATM
2023-08-25,2023-10-20,CALL,4413.905,4325.0,173.2,174.5,173.85,41,1370,56,0.15342465753424658,1.0205560693641618,ATM
2023-08-25,2023-10-20,PUT,4413.905,4325.0,56.2,56.9,56.55,675,2869,56,0.15342465753424658,1.0205560693641618,ATM
2023-08-25,2023-10-20,PUT,4413.905,4330.0,57.3,58.0,57.65,22,674,56,0.15342465753424658,1.019377598152425,ATM
2023-08-25,2023-10-20,CALL,4413.905,4335.0,165.5,167.0,166.25,21,16,56,0.15342465753424658,1.01820184544406,ATM
2023-08-25,2023-10-20,PUT,4413.905,4335.0,58.5,59.2,58.85,7,198,56,0.15342465753424658,1.01820184544406,ATM
2023-08-25,2023-10-20,CALL,4413.905,4340.0,161.8,163.2,162.5,5,77,56,0.15342465753424658,1.017028801843318,ATM
2023-08-25,2023-10-20,PUT,4413.905,4340.0,59.7,60.5,60.1,17,790,56,0.15342465753424658,1.017028801843318,ATM
2023-08-25,2023-10-20,CALL,4413.905,4345.0,158.1,159.5,158.8,56,20,56,0.15342465753424658,1.0158584579976984,ATM
2023-08-25,2023-10-20,PUT,4413.905,4345.0,61.0,61.7,61.35,10,253,56,0.15342465753424658,1.0158584579976984,ATM
2023-08-25,2023-10-20,CALL,4413.905,4350.0,154.4,156.0,155.2,318,7163,56,0.15342465753424658,1.014690804597701,ATM
2023-08-25,2023-10-20,PUT,4413.905,4350.0,62.3,63.0,62.65,544,10145,56,0.15342465753424658,1.014690804597701,ATM
2023-08-25,2023-10-20,CALL,4413.905,4355.0,150.9,152.2,151.55,1,47,56,0.15342465753424658,1.0135258323765786,ATM
2023-08-25,2023-10-20,PUT,4413.905,4355.0,63.6,64.4,64.0,5,150,56,0.15342465753424658,1.0135258323765786,ATM
2023-08-25,2023-10-20,PUT,4413.905,4360.0,64.9,65.7,65.30000000000001,1,458,56,0.15342465753424658,1.0123635321100917,ATM
2023-08-25,2023-10-20,CALL,4413.905,4365.0,143.7,145.0,144.35,45,41,56,0.15342465753424658,1.0112038946162656,ATM
2023-08-25,2023-10-20,PUT,4413.905,4365.0,66.3,67.1,66.69999999999999,44,512,56,0.15342465753424658,1.0112038946162656,ATM
2023-08-25,2023-10-20,CALL,4413.905,4370.0,140.0,141.4,140.7,7,464,56,0.15342465753424658,1.0100469107551486,ATM
2023-08-25,2023-10-20,PUT,4413.905,4370.0,67.7,68.5,68.1,12,341,56,0.15342465753424658,1.0100469107551486,ATM
2023-08-25,2023-10-20,CALL,4413.905,4375.0,136.6,137.9,137.25,10,1450,56,0.15342465753424658,1.0088925714285715,ATM
2023-08-25,2023-10-20,PUT,4413.905,4375.0,69.1,69.9,69.5,27,2907,56,0.15342465753424658,1.0088925714285715,ATM
2023-08-25,2023-10-20,CALL,4413.905,4380.0,133.1,134.4,133.75,6,15,56,0.15342465753424658,1.0077408675799087,ATM
2023-08-25,2023-10-20,PUT,4413.905,4380.0,70.6,71.4,71.0,12,1008,56,0.15342465753424658,1.0077408675799087,ATM
2023-08-25,2023-10-20,CALL,4413.905,4385.0,129.8,130.9,130.35000000000002,3,7,56,0.15342465753424658,1.0065917901938426,ATM
2023-08-25,2023-10-20,PUT,4413.905,4385.0,72.0,72.9,72.45,6,696,56,0.15342465753424658,1.0065917901938426,ATM
2023-08-25,2023-10-20,PUT,4413.905,4390.0,73.6,74.4,74.0,21,544,56,0.15342465753424658,1.0054453302961275,ATM
2023-08-25,2023-10-20,CALL,4413.905,4395.0,123.0,124.1,123.55,440,140,56,0.15342465753424658,1.004301478953356,ATM
2023-08-25,2023-10-20,PUT,4413.905,4395.0,75.1,76.0,75.55,42,1410,56,0.15342465753424658,1.004301478953356,ATM
2023-08-25,2023-10-20,CALL,4413.905,4400.0,119.6,120.7,120.15,491,10966,56,0.15342465753424658,1.0031602272727271,ATM
2023-08-25,2023-10-20,PUT,4413.905,4400.0,76.7,77.6,77.15,888,18358,56,0.15342465753424658,1.0031602272727271,ATM
2023-08-25,2023-10-20,CALL,4413.905,4405.0,116.3,117.4,116.85,1,68,56,0.15342465753424658,1.0020215664018162,ATM
2023-08-25,2023-10-20,PUT,4413.905,4405.0,78.4,79.2,78.80000000000001,5,408,56,0.15342465753424658,1.0020215664018162,ATM
2023-08-25,2023-10-20,CALL,4413.905,4410.0,113.0,114.2,113.6,3,349,56,0.15342465753424658,1.0008854875283446,ATM
2023-08-25,2023-10-20,PUT,4413.905,4410.0,80.1,80.9,80.5,17,1007,56,0.15342465753424658,1.0008854875283446,ATM
2023-08-25,2023-10-20,CALL,4413.905,4415.0,109.7,110.9,110.30000000000001,25,639,56,0.15342465753424658,0.9997519818799546,ATM
2023-08-25,2023-10-20,PUT,4413.905,4415.0,81.8,82.6,82.19999999999999,11,603,56,0.15342465753424658,0.9997519818799546,ATM
2023-08-25,2023-10-20,CALL,4413.905,4420.0,106.5,107.7,107.1,44,218,56,0.15342465753424658,0.9986210407239818,ATM
2023-08-25,2023-10-20,PUT,4413.905,4420.0,83.6,84.4,84.0,161,483,56,0.15342465753424658,0.9986210407239818,ATM
2023-08-25,2023-10-20,CALL,4413.905,4425.0,103.4,104.4,103.9,9,4561,56,0.15342465753424658,0.9974926553672315,ATM
2023-08-25,2023-10-20,PUT,4413.905,4425.0,85.7,86.2,85.95,478,5447,56,0.15342465753424658,0.9974926553672315,ATM
2023-08-25,2023-10-20,CALL,4413.905,4430.0,100.3,101.3,100.8,42,508,56,0.15342465753424658,0.9963668171557561,ATM
2023-08-25,2023-10-20,PUT,4413.905,4430.0,87.3,88.1,87.69999999999999,4,879,56,0.15342465753424658,0.9963668171557561,ATM
2023-08-25,2023-10-20,CALL,4413.905,4435.0,97.3,98.2,97.75,112,357,56,0.15342465753424658,0.9952435174746336,ATM
2023-08-25,2023-10-20,PUT,4413.905,4435.0,89.1,89.9,89.5,92,973,56,0.15342465753424658,0.9952435174746336,ATM
2023-08-25,2023-10-20,CALL,4413.905,4440.0,94.2,95.2,94.7,5,265,56,0.15342465753424658,0.9941227477477477,ATM
2023-08-25,2023-10-20,CALL,4413.905,4445.0,91.4,92.2,91.80000000000001,63,244,56,0.15342465753424658,0.9930044994375703,ATM
2023-08-25,2023-10-20,PUT,4413.905,4445.0,93.0,93.8,93.4,67,390,56,0.15342465753424658,0.9930044994375703,ATM
2023-08-25,2023-10-20,CALL,4413.905,4450.0,88.4,89.2,88.80000000000001,1378,6304,56,0.15342465753424658,0.9918887640449437,ATM
2023-08-25,2023-10-20,PUT,4413.905,4450.0,94.8,95.9,95.35,272,10027,56,0.15342465753424658,0.9918887640449437,ATM
2023-08-25,2023-10-20,CALL,4413.905,4455.0,85.5,86.3,85.9,135,291,56,0.15342465753424658,0.9907755331088663,ATM
2023-08-25,2023-10-20,PUT,4413.905,4455.0,96.9,98.0,97.45,2,327,56,0.15342465753424658,0.9907755331088663,ATM
2023-08-25,2023-10-20,CALL,4413.905,4460.0,82.7,83.5,83.1,305,224,56,0.15342465753424658,0.989664798206278,ATM
2023-08-25,2023-10-20,PUT,4413.905,4460.0,99.0,100.1,99.55,1,712,56,0.15342465753424658,0.989664798206278,ATM
2023-08-25,2023-10-20,PUT,4413.905,4465.0,101.2,102.3,101.75,2,128,56,0.15342465753424658,0.9885565509518477,ATM
2023-08-25,2023-10-20,CALL,4413.905,4470.0,77.1,78.0,77.55,5,1121,56,0.15342465753424658,0.9874507829977628,ATM
2023-08-25,2023-10-20,PUT,4413.905,4470.0,103.4,104.5,103.95,1,2295,56,0.15342465753424658,0.9874507829977628,ATM
2023-08-25,2023-10-20,CALL,4413.905,4475.0,74.4,75.3,74.85,5,3955,56,0.15342465753424658,0.9863474860335195,ATM
2023-08-25,2023-10-20,PUT,4413.905,4475.0,105.6,106.8,106.19999999999999,15,3748,56,0.15342465753424658,0.9863474860335195,ATM
2023-08-25,2023-10-20,CALL,4413.905,4480.0,71.7,72.6,72.15,11,354,56,0.15342465753424658,0.9852466517857142,ATM
2023-08-25,2023-10-20,CALL,4413.905,4485.0,69.2,70.0,69.6,1,510,56,0.15342465753424658,0.9841482720178372,ATM
2023-08-25,2023-10-20,CALL,4413.905,4490.0,66.6,67.5,67.05,1,776,56,0.15342465753424658,0.9830523385300668,ATM
2023-08-25,2023-10-20,PUT,4413.905,4490.0,112.6,113.9,113.25,100,720,56,0.15342465753424658,0.9830523385300668,ATM
2023-08-25,2023-10-20,PUT,4413.905,4495.0,115.2,116.4,115.80000000000001,2,190,56,0.15342465753424658,0.9819588431590656,ATM
2023-08-25,2023-10-20,CALL,4413.905,4500.0,61.7,62.6,62.150000000000006,945,17518,56,0.15342465753424658,0.9808677777777777,ATM
2023-08-25,2023-10-20,PUT,4413.905,4500.0,117.7,119.0,118.35,666,16592,56,0.15342465753424658,0.9808677777777777,ATM
2023-08-25,2023-10-20,CALL,4413.905,4505.0,59.4,60.2,59.8,98,213,56,0.15342465753424658,0.9797791342952274,ATM
2023-08-25,2023-10-20,PUT,4413.905,4505.0,120.3,121.7,121.0,5,125,56,0.15342465753424658,0.9797791342952274,ATM
2023-08-25,2023-10-20,CALL,4413.905,4510.0,57.0,57.9,57.45,190,547,56,0.15342465753424658,0.9786929046563192,ATM
2023-08-25,2023-10-20,PUT,4413.905,4510.0,122.8,124.2,123.5,27,1428,56,0.15342465753424658,0.9786929046563192,ATM
2023-08-25,2023-10-20,CALL,4413.905,4515.0,54.8,55.6,55.2,88,312,56,0.15342465753424658,0.9776090808416389,ATM
2023-08-25,2023-10-20,PUT,4413.905,4515.0,125.5,126.9,126.2,2,304,56,0.15342465753424658,0.9776090808416389,ATM
2023-08-25,2023-10-20,CALL,4413.905,4520.0,52.7,53.4,53.05,70,215,56,0.15342465753424658,0.9765276548672566,ATM
2023-08-25,2023-10-20,PUT,4413.905,4520.0,128.4,129.8,129.10000000000002,15,238,56,0.15342465753424658,0.9765276548672566,ATM
2023-08-25,2023-10-20,CALL,4413.905,4525.0,50.5,51.2,50.85,13,11693,56,0.15342465753424658,0.9754486187845304,ATM
2023-08-25,2023-10-20,PUT,4413.905,4525.0,131.2,132.5,131.85,175,2738,56,0.15342465753424658,0.9754486187845304,ATM
2023-08-25,2023-10-20,CALL,4413.905,4530.0,48.4,49.1,48.75,3,135,56,0.15342465753424658,0.9743719646799116,ATM
2023-08-25,2023-10-20,CALL,4413.905,4535.0,46.4,47.1,46.75,6,216,56,0.15342465753424658,0.9732976846747519,ATM
2023-08-25,2023-10-20,PUT,4413.905,4535.0,137.0,138.4,137.7,8,150,56,0.15342465753424658,0.9732976846747519,ATM
2023-08-25,2023-10-20,CALL,4413.905,4540.0,44.4,45.1,44.75,6,205,56,0.15342465753424658,0.9722257709251101,ATM
2023-08-25,2023-10-20,PUT,4413.905,4540.0,139.8,141.4,140.60000000000002,4,144,56,0.15342465753424658,0.9722257709251101,ATM
2023-08-25,2023-10-20,CALL,4413.905,4545.0,42.5,43.2,42.85,6,361,56,0.15342465753424658,0.9711562156215621,ATM
2023-08-25,2023-10-20,CALL,4413.905,4550.0,40.6,41.3,40.95,1300,12262,56,0.15342465753424658,0.9700890109890109,ATM
2023-08-25,2023-10-20,PUT,4413.905,4550.0,146.1,147.4,146.75,662,5536,56,0.15342465753424658,0.9700890109890109,ATM
2023-08-25,2023-10-20,CALL,4413.905,4555.0,38.8,39.5,39.15,26,305,56,0.15342465753424658,0.9690241492864983,OTM
2023-08-25,2023-10-20,PUT,4413.905,4555.0,149.2,150.7,149.95,1,428,56,0.15342465753424658,0.9690241492864983,OTM
2023-08-25,2023-10-20,CALL,4413.905,4560.0,37.0,37.8,37.4,25,801,56,0.15342465753424658,0.9679616228070175,OTM
2023-08-25,2023-10-20,PUT,4413.905,4560.0,152.4,153.9,153.15,1,257,56,0.15342465753424658,0.9679616228070175,OTM
2023-08-25,2023-10-20,CALL,4413.905,4565.0,35.4,36.1,35.75,9,81,56,0.15342465753424658,0.9669014238773275,OTM
2023-08-25,2023-10-20,PUT,4413.905,4565.0,155.7,157.2,156.45,3,273,56,0.15342465753424658,0.9669014238773275,OTM
2023-08-25,2023-10-20,CALL,4413.905,4570.0,33.7,34.4,34.05,2,404,56,0.15342465753424658,0.965843544857768,OTM
2023-08-25,2023-10-20,PUT,4413.905,4570.0,157.3,161.8,159.55,2,84,56,0.15342465753424658,0.965843544857768,OTM
2023-08-25,2023-10-20,CALL,4413.905,4575.0,32.3,32.9,32.599999999999994,945,5997,56,0.15342465753424658,0.9647879781420764,OTM
2023-08-25,2023-10-20,PUT,4413.905,4575.0,160.8,165.4,163.10000000000002,5,3202,56,0.15342465753424658,0.9647879781420764,OTM
2023-08-25,2023-10-20,CALL,4413.905,4580.0,30.6,31.3,30.950000000000003,69,664,56,0.15342465753424658,0.9637347161572052,OTM
2023-08-25,2023-10-20,PUT,4413.905,4580.0,164.0,168.6,166.3,22,283,56,0.15342465753424658,0.9637347161572052,OTM
2023-08-25,2023-10-20,CALL,4413.905,4585.0,29.2,29.9,29.549999999999997,97,170,56,0.15342465753424658,0.9626837513631407,OTM
2023-08-25,2023-10-20,CALL,4413.905,4590.0,27.8,28.4,28.1,22,1612,56,0.15342465753424658,0.9616350762527233,OTM
2023-08-25,2023-10-20,CALL,4413.905,4595.0,26.5,27.0,26.75,10,133,56,0.15342465753424658,0.960588683351469,OTM
2023-08-25,2023-10-20,CALL,4413.905,4600.0,25.2,25.6,25.4,1041,21394,56,0.15342465753424658,0.9595445652173913,OTM
2023-08-25,2023-10-20,PUT,4413.905,4600.0,178.3,183.0,180.65,23,13764,56,0.15342465753424658,0.9595445652173913,OTM
2023-08-25,2023-10-20,CALL,4413.905,4605.0,23.9,24.3,24.1,17,172,56,0.15342465753424658,0.9585027144408251,OTM
2023-08-25,2023-10-20,CALL,4413.905,4610.0,22.7,23.1,22.9,142,429,56,0.15342465753424658,0.9574631236442516,OTM
2023-08-25,2023-10-20,CALL,4413.905,4615.0,21.7,21.9,21.799999999999997,153,235,56,0.15342465753424658,0.9564257854821234,OTM
2023-08-25,2023-10-20,PUT,4413.905,4615.0,189.3,194.4,191.85000000000002,5,245,56,0.15342465753424658,0.9564257854821234,OTM
2023-08-25,2023-10-20,CALL,4413.905,4620.0,20.5,20.8,20.65,681,1067,56,0.15342465753424658,0.9553906926406925,OTM
2023-08-25,2023-10-20,CALL,4413.905,4625.0,19.4,19.7,19.549999999999997,257,4306,56,0.15342465753424658,0.9543578378378378,OTM
2023-08-25,2023-10-20,CALL,4413.905,4630.0,18.4,18.7,18.549999999999997,9,1378,56,0.15342465753424658,0.9533272138228941,OTM
2023-08-25,2023-10-20,CALL,4413.905,4635.0,17.4,17.7,17.549999999999997,8,170,56,0.15342465753424658,0.9522988133764833,OTM
2023-08-25,2023-10-20,CALL,4413.905,4640.0,16.5,16.8,16.65,24,607,56,0.15342465753424658,0.9512726293103447,OTM
2023-08-25,2023-10-20,CALL,4413.905,4645.0,15.6,15.9,15.75,6,166,56,0.15342465753424658,0.950248654467169,OTM
2023-08-25,2023-10-20,CALL,4413.905,4650.0,14.7,15.1,14.899999999999999,1021,10318,56,0.15342465753424658,0.94922688172043,OTM
2023-08-25,2023-10-20,CALL,4413.905,4655.0,13.9,14.2,14.05,5,133,56,0.15342465753424658,0.9482073039742213,OTM
2023-08-25,2023-10-20,CALL,4413.905,4660.0,13.2,13.5,13.35,9,1153,56,0.15342465753424658,0.9471899141630901,OTM
2023-08-25,2023-10-20,CALL,4413.905,4670.0,11.7,12.0,11.85,2,515,56,0.15342465753424658,0.945161670235546,OTM
2023-08-25,2023-10-20,CALL,4413.905,4675.0,11.1,11.4,11.25,3,4086,56,0.15342465753424658,0.9441508021390373,OTM
2023-08-25,2023-10-20,CALL,4413.905,4680.0,10.4,10.7,10.55,198,660,56,0.15342465753424658,0.9431420940170939,OTM
2023-08-25,2023-10-20,CALL,4413.905,4685.0,9.8,10.1,9.95,2,415,56,0.15342465753424658,0.9421355389541088,OTM
2023-08-25,2023-10-20,CALL,4413.905,4690.0,9.3,9.6,9.45,147,937,56,0.15342465753424658,0.9411311300639659,OTM
2023-08-25,2023-10-20,CALL,4413.905,4695.0,8.7,9.0,8.85,186,325,56,0.15342465753424658,0.9401288604898828,OTM
2023-08-25,2023-10-20,CALL,4413.905,4700.0,8.3,8.5,8.4,332,12747,56,0.15342465753424658,0.9391287234042552,OTM
2023-08-25,2023-10-20,CALL,4413.905,4705.0,7.8,8.0,7.9,10,239,56,0.15342465753424658,0.9381307120085015,OTM
2023-08-25,2023-10-20,CALL,4413.905,4710.0,7.3,7.6,7.449999999999999,3,139,56,0.15342465753424658,0.9371348195329087,OTM
2023-08-25,2023-10-20,CALL,4413.905,4715.0,6.9,7.1,7.0,9,357,56,0.15342465753424658,0.9361410392364793,OTM
2023-08-25,2023-10-20,CALL,4413.905,4720.0,6.5,6.7,6.6,2,345,56,0.15342465753424658,0.9351493644067796,OTM
2023-08-25,2023-10-20,CALL,4413.905,4725.0,6.1,6.3,6.199999999999999,189,2719,56,0.15342465753424658,0.9341597883597883,OTM
2023-08-25,2023-10-20,CALL,4413.905,4730.0,5.7,6.0,5.85,23,3519,56,0.15342465753424658,0.9331723044397462,OTM
2023-08-25,2023-10-20,CALL,4413.905,4735.0,5.4,5.6,5.5,1,204,56,0.15342465753424658,0.9321869060190073,OTM
2023-08-25,2023-10-20,CALL,4413.905,4740.0,5.1,5.3,5.199999999999999,81,404,56,0.15342465753424658,0.9312035864978903,OTM
2023-08-25,2023-10-20,CALL,4413.905,4745.0,4.8,5.0,4.9,1,263,56,0.15342465753424658,0.930222339304531,OTM
2023-08-25,2023-10-20,CALL,4413.905,4750.0,4.5,4.7,4.6,230,12359,56,0.15342465753424658,0.9292431578947368,OTM
2023-08-25,2023-10-20,CALL,4413.905,4760.0,4.0,4.2,4.1,5,197,56,0.15342465753424658,0.9272909663865546,OTM
2023-08-25,2023-10-20,CALL,4413.905,4765.0,3.8,4.0,3.9,4,282,56,0.15342465753424658,0.926317943336831,OTM
2023-08-25,2023-10-20,CALL,4413.905,4770.0,3.6,3.7,3.6500000000000004,1,1047,56,0.15342465753424658,0.9253469601677148,OTM
2023-08-25,2023-10-20,CALL,4413.905,4775.0,3.4,3.5,3.45,180,1345,56,0.15342465753424658,0.9243780104712042,OTM
2023-08-25,2023-10-20,CALL,4413.905,4780.0,3.2,3.3,3.25,231,1100,56,0.15342465753424658,0.9234110878661087,OTM
2023-08-25,2023-10-20,CALL,4413.905,4790.0,2.85,2.95,2.9000000000000004,15,608,56,0.15342465753424658,0.9214832985386221,OTM
2023-08-25,2023-10-20,PUT,4413.905,4790.0,343.4,349.8,346.6,1,15,56,0.15342465753424658,0.9214832985386221,OTM
2023-08-25,2023-10-20,CALL,4413.905,4800.0,2.55,2.65,2.5999999999999996,48,9095,56,0.15342465753424658,0.9195635416666667,OTM
2023-08-25,2023-10-20,CALL,4413.905,4810.0,2.25,2.4,2.325,28,398,56,0.15342465753424658,0.9176517671517671,OTM
2023-08-25,2023-10-20,PUT,4413.905,4810.0,362.8,369.1,365.95000000000005,2,3,56,0.15342465753424658,0.9176517671517671,OTM
2023-08-25,2023-10-20,CALL,4413.905,4820.0,2.0,2.15,2.075,11,264,56,0.15342465753424658,0.9157479253112033,OTM
2023-08-25,2023-10-20,CALL,4413.905,4825.0,1.9,2.05,1.9749999999999999,13,832,56,0.15342465753424658,0.9147989637305699,OTM
2023-08-25,2023-10-20,PUT,4413.905,4830.0,381.9,388.3,385.1,1,11,56,0.15342465753424658,0.913851966873706,OTM
2023-08-25,2023-10-20,CALL,4413.905,4840.0,1.6,1.75,1.675,7,1240,56,0.15342465753424658,0.9119638429752066,OTM
2023-08-25,2023-10-20,CALL,4413.905,4850.0,1.45,1.6,1.525,29,5610,56,0.15342465753424658,0.9100835051546391,OTM
2023-08-25,2023-10-20,CALL,4413.905,4860.0,1.3,1.45,1.375,2,115,56,0.15342465753424658,0.9082109053497942,OTM
2023-08-25,2023-10-20,CALL,4413.905,4900.0,0.9,1.0,0.95,3,5163,56,0.15342465753424658,0.9007969387755101,OTM
2023-08-25,2023-11-17,PUT,4413.905,4020.0,29.9,30.3,30.1,251,242,84,0.23013698630136986,1.0979863184079601,ITM
2023-08-25,2023-11-17,PUT,4413.905,4025.0,30.4,30.8,30.6,39,1041,84,0.23013698630136986,1.096622360248447,ITM
2023-08-25,2023-11-17,PUT,4413.905,4045.0,32.2,32.6,32.400000000000006,3,2,84,0.23013698630136986,1.0912002472187885,ITM
2023-08-25,2023-11-17,PUT,4413.905,4050.0,32.7,33.1,32.900000000000006,119,4651,84,0.23013698630136986,1.089853086419753,ITM
2023-08-25,2023-11-17,PUT,4413.905,4060.0,33.6,34.0,33.8,75,291,84,0.23013698630136986,1.0871687192118227,ITM
2023-08-25,2023-11-17,PUT,4413.905,4070.0,34.6,35.0,34.8,250,339,84,0.23013698630136986,1.084497542997543,ITM
2023-08-25,2023-11-17,PUT,4413.905,4075.0,35.1,35.6,35.35,3,1363,84,0.23013698630136986,1.0831668711656441,ITM
2023-08-25,2023-11-17,PUT,4413.905,4080.0,35.6,36.1,35.85,2,123,84,0.23013698630136986,1.0818394607843136,ITM
2023-08-25,2023-11-17,PUT,4413.905,4100.0,37.8,38.2,38.0,121,21382,84,0.23013698630136986,1.076562195121951,ITM
2023-08-25,2023-11-17,PUT,4413.905,4125.0,40.7,41.2,40.95,173,6386,84,0.23013698630136986,1.0700375757575757,ITM
2023-08-25,2023-11-17,PUT,4413.905,4130.0,41.4,41.8,41.599999999999994,5,198,84,0.23013698630136986,1.0687421307506053,ITM
2023-08-25,2023-11-17,PUT,4413.905,4140.0,42.6,43.1,42.85,2,365,84,0.23013698630136986,1.0661606280193237,ITM
2023-08-25,2023-11-17,PUT,4413.905,4150.0,43.9,44.4,44.15,321,9266,84,0.23013698630136986,1.0635915662650601,ITM
2023-08-25,2023-11-17,PUT,4413.905,4155.0,44.6,45.1,44.85,1,417,84,0.23013698630136986,1.0623116726835138,ITM
2023-08-25,2023-11-17,CALL,4413.905,4160.0,336.8,341.8,339.3,2,4,84,0.23013698630136986,1.0610348557692306,ITM
2023-08-25,2023-11-17,PUT,4413.905,4160.0,45.2,45.8,45.5,26,1064,84,0.23013698630136986,1.0610348557692306,ITM
2023-08-25,2023-11-17,PUT,4413.905,4170.0,46.6,47.2,46.900000000000006,1,156,84,0.23013698630136986,1.0584904076738608,ITM
2023-08-25,2023-11-17,CALL,4413.905,4175.0,324.1,329.1,326.6,3,9132,84,0.23013698630136986,1.057222754491018,ITM
2023-08-25,2023-11-17,PUT,4413.905,4175.0,47.3,48.0,47.65,81,4615,84,0.23013698630136986,1.057222754491018,ITM
2023-08-25,2023-11-17,PUT,4413.905,4180.0,48.1,48.7,48.400000000000006,22,1165,84,0.23013698630136986,1.0559581339712918,ITM
2023-08-25,2023-11-17,PUT,4413.905,4190.0,49.6,50.2,49.900000000000006,1,2152,84,0.23013698630136986,1.0534379474940334,ITM
2023-08-25,2023-11-17,PUT,4413.905,4195.0,50.4,51.0,50.7,49,17,84,0.23013698630136986,1.0521823599523241,ITM
2023-08-25,2023-11-17,PUT,4413.905,4200.0,51.1,51.7,51.400000000000006,410,15416,84,0.23013698630136986,1.050929761904762,ITM
2023-08-25,2023-11-17,PUT,4413.905,4210.0,52.7,53.4,53.05,60,2235,84,0.23013698630136986,1.0484334916864608,ITM
2023-08-25,2023-11-17,PUT,4413.905,4215.0,53.5,54.2,53.85,1,2,84,0.23013698630136986,1.0471897983392644,ITM
2023-08-25,2023-11-17,PUT,4413.905,4225.0,55.2,55.9,55.55,22,3743,84,0.23013698630136986,1.0447112426035503,ITM
2023-08-25,2023-11-17,PUT,4413.905,4230.0,56.1,56.8,56.45,1,1323,84,0.23013698630136986,1.0434763593380614,ITM
2023-08-25,2023-11-17,PUT,4413.905,4240.0,57.8,58.6,58.2,2,566,84,0.23013698630136986,1.041015330188679,ITM
2023-08-25,2023-11-17,PUT,4413.905,4250.0,59.7,60.3,60.0,32,7981,84,0.23013698630136986,1.0385658823529411,ITM
2023-08-25,2023-11-17,CALL,4413.905,4255.0,259.9,261.6,260.75,2,8,84,0.23013698630136986,1.0373454759106933,ITM
2023-08-25,2023-11-17,PUT,4413.905,4255.0,60.6,61.4,61.0,2,202,84,0.23013698630136986,1.0373454759106933,ITM
2023-08-25,2023-11-17,PUT,4413.905,4260.0,61.6,62.3,61.95,11,421,84,0.23013698630136986,1.0361279342723004,ITM
2023-08-25,2023-11-17,CALL,4413.905,4265.0,251.8,253.7,252.75,2,10,84,0.23013698630136986,1.0349132473622509,ITM
2023-08-25,2023-11-17,CALL,4413.905,4270.0,248.0,249.7,248.85,2,36,84,0.23013698630136986,1.0337014051522249,ITM
2023-08-25,2023-11-17,PUT,4413.905,4270.0,63.5,64.3,63.9,50,722,84,0.23013698630136986,1.0337014051522249,ITM
2023-08-25,2023-11-17,CALL,4413.905,4275.0,244.1,245.8,244.95,6,441,84,0.23013698630136986,1.0324923976608187,ITM
2023-08-25,2023-11-17,PUT,4413.905,4275.0,64.6,65.3,64.94999999999999,57,982,84,0.23013698630136986,1.0324923976608187,ITM
2023-08-25,2023-11-17,PUT,4413.905,4280.0,65.6,66.4,66.0,417,331,84,0.23013698630136986,1.0312862149532709,ITM
2023-08-25,2023-11-17,CALL,4413.905,4285.0,236.3,238.0,237.15,2,1,84,0.23013698630136986,1.0300828471411902,ITM
2023-08-25,2023-11-17,CALL,4413.905,4295.0,228.6,230.3,229.45,2,2,84,0.23013698630136986,1.027684516880093,ATM
2023-08-25,2023-11-17,CALL,4413.905,4300.0,224.8,226.5,225.65,33,2219,84,0.23013698630136986,1.0264895348837209,ATM
2023-08-25,2023-11-17,PUT,4413.905,4300.0,69.9,70.6,70.25,1613,10757,84,0.23013698630136986,1.0264895348837209,ATM
2023-08-25,2023-11-17,CALL,4413.905,4305.0,221.0,222.7,221.85,3,4,84,0.23013698630136986,1.0252973286875726,ATM
2023-08-25,2023-11-17,PUT,4413.905,4315.0,73.3,74.2,73.75,2,937,84,0.23013698630136986,1.0229212050984935,ATM
2023-08-25,2023-11-17,CALL,4413.905,4325.0,205.9,207.6,206.75,1,1462,84,0.23013698630136986,1.0205560693641618,ATM
2023-08-25,2023-11-17,PUT,4413.905,4325.0,75.7,76.5,76.1,5,973,84,0.23013698630136986,1.0205560693641618,ATM
2023-08-25,2023-11-17,PUT,4413.905,4330.0,76.9,77.8,77.35,1,361,84,0.23013698630136986,1.019377598152425,ATM
2023-08-25,2023-11-17,PUT,4413.905,4335.0,78.2,79.0,78.6,7,114,84,0.23013698630136986,1.01820184544406,ATM
2023-08-25,2023-11-17,PUT,4413.905,4350.0,82.1,82.8,82.44999999999999,279,1900,84,0.23013698630136986,1.014690804597701,ATM
2023-08-25,2023-11-17,PUT,4413.905,4355.0,83.4,84.3,83.85,2,471,84,0.23013698630136986,1.0135258323765786,ATM
2023-08-25,2023-11-17,CALL,4413.905,4360.0,180.4,182.1,181.25,28,7,84,0.23013698630136986,1.0123635321100917,ATM
2023-08-25,2023-11-17,PUT,4413.905,4360.0,84.7,85.6,85.15,3,109,84,0.23013698630136986,1.0123635321100917,ATM
2023-08-25,2023-11-17,CALL,4413.905,4365.0,176.9,178.6,177.75,18,9,84,0.23013698630136986,1.0112038946162656,ATM
2023-08-25,2023-11-17,PUT,4413.905,4365.0,86.1,87.0,86.55,2,631,84,0.23013698630136986,1.0112038946162656,ATM
2023-08-25,2023-11-17,CALL,4413.905,4375.0,169.9,171.5,170.7,17,1265,84,0.23013698630136986,1.0088925714285715,ATM
2023-08-25,2023-11-17,PUT,4413.905,4375.0,89.0,89.9,89.45,281,996,84,0.23013698630136986,1.0088925714285715,ATM
2023-08-25,2023-11-17,CALL,4413.905,4380.0,166.7,168.0,167.35,4,74,84,0.23013698630136986,1.0077408675799087,ATM
2023-08-25,2023-11-17,PUT,4413.905,4380.0,90.4,91.4,90.9,1,664,84,0.23013698630136986,1.0077408675799087,ATM
2023-08-25,2023-11-17,CALL,4413.905,4385.0,163.2,164.6,163.89999999999998,1,19,84,0.23013698630136986,1.0065917901938426,ATM
2023-08-25,2023-11-17,PUT,4413.905,4385.0,91.9,92.8,92.35,150,17,84,0.23013698630136986,1.0065917901938426,ATM
2023-08-25,2023-11-17,CALL,4413.905,4390.0,159.8,161.2,160.5,1,146,84,0.23013698630136986,1.0054453302961275,ATM
2023-08-25,2023-11-17,CALL,4413.905,4400.0,153.2,154.3,153.75,4,3916,84,0.23013698630136986,1.0031602272727271,ATM
2023-08-25,2023-11-17,PUT,4413.905,4400.0,96.5,97.5,97.0,731,5921,84,0.23013698630136986,1.0031602272727271,ATM
2023-08-25,2023-11-17,PUT,4413.905,4405.0,98.1,99.1,98.6,1,51,84,0.23013698630136986,1.0020215664018162,ATM
2023-08-25,2023-11-17,CALL,4413.905,4415.0,143.2,144.5,143.85,6,92,84,0.23013698630136986,0.9997519818799546,ATM
2023-08-25,2023-11-17,PUT,4413.905,4415.0,101.4,102.4,101.9,3,289,84,0.23013698630136986,0.9997519818799546,ATM
2023-08-25,2023-11-17,CALL,4413.905,4425.0,136.7,138.0,137.35,10,695,84,0.23013698630136986,0.9974926553672315,ATM
2023-08-25,2023-11-17,PUT,4413.905,4440.0,110.2,111.2,110.7,2,851,84,0.23013698630136986,0.9941227477477477,ATM
2023-08-25,2023-11-17,CALL,4413.905,4450.0,121.3,122.3,121.8,12,4390,84,0.23013698630136986,0.9918887640449437,ATM
2023-08-25,2023-11-17,PUT,4413.905,4450.0,113.9,114.9,114.4,46,3395,84,0.23013698630136986,0.9918887640449437,ATM
2023-08-25,2023-11-17,CALL,4413.905,4465.0,112.3,113.3,112.8,10,70,84,0.23013698630136986,0.9885565509518477,ATM
2023-08-25,2023-11-17,CALL,4413.905,4470.0,109.4,110.4,109.9,1,540,84,0.23013698630136986,0.9874507829977628,ATM
2023-08-25,2023-11-17,PUT,4413.905,4470.0,121.7,122.9,122.30000000000001,2,163,84,0.23013698630136986,0.9874507829977628,ATM
2023-08-25,2023-11-17,CALL,4413.905,4475.0,106.5,107.6,107.05,13,1246,84,0.23013698630136986,0.9863474860335195,ATM
2023-08-25,2023-11-17,PUT,4413.905,4475.0,123.8,125.0,124.4,75,1914,84,0.23013698630136986,0.9863474860335195,ATM
2023-08-25,2023-11-17,CALL,4413.905,4480.0,103.7,104.7,104.2,10,148,84,0.23013698630136986,0.9852466517857142,ATM
2023-08-25,2023-11-17,CALL,4413.905,4490.0,98.2,99.2,98.7,1,152,84,0.23013698630136986,0.9830523385300668,ATM
2023-08-25,2023-11-17,PUT,4413.905,4490.0,130.2,131.4,130.8,2,149,84,0.23013698630136986,0.9830523385300668,ATM
2023-08-25,2023-11-17,CALL,4413.905,4495.0,95.5,96.4,95.95,30,5,84,0.23013698630136986,0.9819588431590656,ATM
2023-08-25,2023-11-17,PUT,4413.905,4495.0,132.4,133.6,133.0,1,24,84,0.23013698630136986,0.9819588431590656,ATM
2023-08-25,2023-11-17,CALL,4413.905,4500.0,92.8,93.7,93.25,3209,5560,84,0.23013698630136986,0.9808677777777777,ATM
2023-08-25,2023-11-17,PUT,4413.905,4500.0,134.7,135.9,135.3,552,3195,84,0.23013698630136986,0.9808677777777777,ATM
2023-08-25,2023-11-17,CALL,4413.905,4505.0,90.2,91.1,90.65,38,12,84,0.23013698630136986,0.9797791342952274,ATM
2023-08-25,2023-11-17,PUT,4413.905,4515.0,141.7,142.9,142.3,1,12,84,0.23013698630136986,0.9776090808416389,ATM
2023-08-25,2023-11-17,PUT,4413.905,4520.0,144.0,145.4,144.7,5,94,84,0.23013698630136986,0.9765276548672566,ATM
2023-08-25,2023-11-17,CALL,4413.905,4525.0,80.1,80.9,80.5,77,780,84,0.23013698630136986,0.9754486187845304,ATM
2023-08-25,2023-11-17,PUT,4413.905,4535.0,151.4,153.1,152.25,1,7,84,0.23013698630136986,0.9732976846747519,ATM
2023-08-25,2023-11-17,CALL,4413.905,4550.0,68.5,69.3,68.9,1758,6368,84,0.23013698630136986,0.9700890109890109,ATM
2023-08-25,2023-11-17,PUT,4413.905,4550.0,159.4,161.0,160.2,1,3593,84,0.23013698630136986,0.9700890109890109,ATM
2023-08-25,2023-11-17,CALL,4413.905,4555.0,66.2,67.1,66.65,2,29,84,0.23013698630136986,0.9690241492864983,OTM
2023-08-25,2023-11-17,PUT,4413.905,4560.0,164.9,166.5,165.7,1,220,84,0.23013698630136986,0.9679616228070175,OTM
2023-08-25,2023-11-17,PUT,4413.905,4565.0,167.7,169.4,168.55,4,27,84,0.23013698630136986,0.9669014238773275,OTM
2023-08-25,2023-11-17,CALL,4413.905,4575.0,57.9,58.8,58.349999999999994,4,506,84,0.23013698630136986,0.9647879781420764,OTM
2023-08-25,2023-11-17,PUT,4413.905,4575.0,173.5,175.3,174.4,7,237,84,0.23013698630136986,0.9647879781420764,OTM
2023-08-25,2023-11-17,CALL,4413.905,4580.0,55.9,56.8,56.349999999999994,7,321,84,0.23013698630136986,0.9637347161572052,OTM
2023-08-25,2023-11-17,PUT,4413.905,4580.0,176.4,178.1,177.25,4,91,84,0.23013698630136986,0.9637347161572052,OTM
2023-08-25,2023-11-17,CALL,4413.905,4590.0,52.1,53.0,52.55,1,314,84,0.23013698630136986,0.9616350762527233,OTM
2023-08-25,2023-11-17,CALL,4413.905,4595.0,50.3,51.1,50.7,12,29,84,0.23013698630136986,0.960588683351469,OTM
2023-08-25,2023-11-17,PUT,4413.905,4595.0,185.6,187.3,186.45,10,3,84,0.23013698630136986,0.960588683351469,OTM
2023-08-25,2023-11-17,CALL,4413.905,4600.0,48.6,49.2,48.900000000000006,313,7967,84,0.23013698630136986,0.9595445652173913,OTM
2023-08-25,2023-11-17,PUT,4413.905,4600.0,188.7,190.4,189.55,13,3348,84,0.23013698630136986,0.9595445652173913,OTM
2023-08-25,2023-11-17,CALL,4413.905,4605.0,46.8,47.6,47.2,1,75,84,0.23013698630136986,0.9585027144408251,OTM
2023-08-25,2023-11-17,CALL,4413.905,4610.0,45.1,45.9,45.5,10,401,84,0.23013698630136986,0.9574631236442516,OTM
2023-08-25,2023-11-17,CALL,4413.905,4615.0,43.5,44.2,43.85,8,222,84,0.23013698630136986,0.9564257854821234,OTM
2023-08-25,2023-11-17,CALL,4413.905,4620.0,41.6,42.6,42.1,2,345,84,0.23013698630136986,0.9553906926406925,OTM
2023-08-25,2023-11-17,CALL,4413.905,4625.0,40.3,41.0,40.65,7,2440,84,0.23013698630136986,0.9543578378378378,OTM
2023-08-25,2023-11-17,CALL,4413.905,4650.0,33.2,33.7,33.45,955,5097,84,0.23013698630136986,0.94922688172043,OTM
2023-08-25,2023-11-17,CALL,4413.905,4655.0,31.9,32.3,32.099999999999994,7,357,84,0.23013698630136986,0.9482073039742213,OTM
2023-08-25,2023-11-17,CALL,4413.905,4660.0,30.6,31.0,30.8,1,128,84,0.23013698630136986,0.9471899141630901,OTM
2023-08-25,2023-11-17,CALL,4413.905,4665.0,29.4,29.8,29.6,8,138,84,0.23013698630136986,0.9461747052518756,OTM
2023-08-25,2023-11-17,CALL,4413.905,4675.0,27.1,27.4,27.25,1080,3800,84,0.23013698630136986,0.9441508021390373,OTM
2023-08-25,2023-11-17,CALL,4413.905,4695.0,22.9,23.2,23.049999999999997,2,11,84,0.23013698630136986,0.9401288604898828,OTM
2023-08-25,2023-11-17,CALL,4413.905,4700.0,21.9,22.2,22.049999999999997,334,4115,84,0.23013698630136986,0.9391287234042552,OTM
2023-08-25,2023-11-17,PUT,4413.905,4700.0,258.7,264.0,261.35,1,331,84,0.23013698630136986,0.9391287234042552,OTM
2023-08-25,2023-11-17,CALL,4413.905,4705.0,21.0,21.3,21.15,1,494,84,0.23013698630136986,0.9381307120085015,OTM
2023-08-25,2023-11-17,CALL,4413.905,4720.0,18.4,18.7,18.549999999999997,75,124,84,0.23013698630136986,0.9351493644067796,OTM
2023-08-25,2023-11-17,CALL,4413.905,4725.0,17.6,17.9,17.75,3,2301,84,0.23013698630136986,0.9341597883597883,OTM
2023-08-25,2023-11-17,CALL,4413.905,4730.0,16.8,17.1,16.950000000000003,3,121,84,0.23013698630136986,0.9331723044397462,OTM
2023-08-25,2023-11-17,CALL,4413.905,4750.0,14.0,14.3,14.15,1,2724,84,0.23013698630136986,0.9292431578947368,OTM
2023-08-25,2023-11-17,CALL,4413.905,4760.0,12.8,13.1,12.95,1,241,84,0.23013698630136986,0.9272909663865546,OTM
2023-08-25,2023-11-17,CALL,4413.905,4775.0,11.1,11.4,11.25,34,1825,84,0.23013698630136986,0.9243780104712042,OTM
2023-08-25,2023-11-17,CALL,4413.905,4780.0,10.6,10.9,10.75,2,25,84,0.23013698630136986,0.9234110878661087,OTM
2023-08-25,2023-11-17,CALL,4413.905,4800.0,8.8,9.0,8.9,40,6354,84,0.23013698630136986,0.9195635416666667,OTM
2023-08-25,2023-11-17,CALL,4413.905,4820.0,7.2,7.5,7.35,24,127,84,0.23013698630136986,0.9157479253112033,OTM
2023-08-25,2023-11-17,CALL,4413.905,4825.0,6.9,7.1,7.0,41,3708,84,0.23013698630136986,0.9147989637305699,OTM
2023-08-25,2023-11-17,CALL,4413.905,4850.0,5.4,5.7,5.550000000000001,1,1227,84,0.23013698630136986,0.9100835051546391,OTM
2023-08-25,2023-11-17,CALL,4413.905,4860.0,4.9,5.2,5.050000000000001,1,101,84,0.23013698630136986,0.9082109053497942,OTM
2023-08-25,2023-11-17,CALL,4413.905,4890.0,3.7,3.9,3.8,1,64,84,0.23013698630136986,0.9026390593047035,OTM
2023-08-25,2023-11-17,CALL,4413.905,4900.0,3.4,3.6,3.5,5,1812,84,0.23013698630136986,0.9007969387755101,OTM
2023-08-25,2023-12-15,PUT,4413.905,4025.0,43.0,43.5,43.25,1144,5496,112,0.30684931506849317,1.096622360248447,ITM
2023-08-25,2023-12-15,PUT,4413.905,4040.0,44.6,45.1,44.85,3,1276,112,0.30684931506849317,1.0925507425742573,ITM
2023-08-25,2023-12-15,PUT,4413.905,4050.0,45.7,46.2,45.95,564,19534,112,0.30684931506849317,1.089853086419753,ITM
2023-08-25,2023-12-15,PUT,4413.905,4060.0,46.9,47.3,47.099999999999994,2,332,112,0.30684931506849317,1.0871687192118227,ITM
2023-08-25,2023-12-15,CALL,4413.905,4075.0,438.2,440.2,439.2,2,10318,112,0.30684931506849317,1.0831668711656441,ITM
2023-08-25,2023-12-15,PUT,4413.905,4075.0,48.6,49.1,48.85,1807,10423,112,0.30684931506849317,1.0831668711656441,ITM
2023-08-25,2023-12-15,PUT,4413.905,4090.0,50.5,51.0,50.75,2,194,112,0.30684931506849317,1.0791943765281173,ITM
2023-08-25,2023-12-15,CALL,4413.905,4100.0,416.9,418.4,417.65,10,30224,112,0.30684931506849317,1.076562195121951,ITM
2023-08-25,2023-12-15,PUT,4413.905,4100.0,51.7,52.2,51.95,875,51643,112,0.30684931506849317,1.076562195121951,ITM
2023-08-25,2023-12-15,PUT,4413.905,4110.0,53.0,53.5,53.25,1,159,112,0.30684931506849317,1.073942822384428,ITM
2023-08-25,2023-12-15,PUT,4413.905,4125.0,55.0,55.6,55.3,4,5091,112,0.30684931506849317,1.0700375757575757,ITM
2023-08-25,2023-12-15,PUT,4413.905,4130.0,55.7,56.2,55.95,8,142,112,0.30684931506849317,1.0687421307506053,ITM
2023-08-25,2023-12-15,PUT,4413.905,4140.0,57.1,57.7,57.400000000000006,2,180,112,0.30684931506849317,1.0661606280193237,ITM
2023-08-25,2023-12-15,CALL,4413.905,4150.0,374.5,376.5,375.5,4,20583,112,0.30684931506849317,1.0635915662650601,ITM
2023-08-25,2023-12-15,PUT,4413.905,4150.0,58.6,59.1,58.85,12,26914,112,0.30684931506849317,1.0635915662650601,ITM
2023-08-25,2023-12-15,PUT,4413.905,4170.0,61.6,62.2,61.900000000000006,11,788,112,0.30684931506849317,1.0584904076738608,ITM
2023-08-25,2023-12-15,PUT,4413.905,4175.0,62.4,63.0,62.7,30,3523,112,0.30684931506849317,1.057222754491018,ITM
2023-08-25,2023-12-15,CALL,4413.905,4180.0,348.2,352.9,350.54999999999995,22,11,112,0.30684931506849317,1.0559581339712918,ITM
2023-08-25,2023-12-15,PUT,4413.905,4180.0,63.2,63.8,63.5,40,354,112,0.30684931506849317,1.0559581339712918,ITM
2023-08-25,2023-12-15,CALL,4413.905,4200.0,333.7,334.9,334.29999999999995,5,27120,112,0.30684931506849317,1.050929761904762,ITM
2023-08-25,2023-12-15,PUT,4413.905,4200.0,66.6,67.1,66.85,3331,28946,112,0.30684931506849317,1.050929761904762,ITM
2023-08-25,2023-12-15,PUT,4413.905,4210.0,68.3,68.9,68.6,20,279,112,0.30684931506849317,1.0484334916864608,ITM
2023-08-25,2023-12-15,PUT,4413.905,4220.0,70.1,70.7,70.4,20,264,112,0.30684931506849317,1.0459490521327013,ITM
2023-08-25,2023-12-15,PUT,4413.905,4225.0,71.0,71.5,71.25,20,15475,112,0.30684931506849317,1.0447112426035503,ITM
2023-08-25,2023-12-15,PUT,4413.905,4240.0,73.8,74.4,74.1,1,481,112,0.30684931506849317,1.041015330188679,ITM
2023-08-25,2023-12-15,CALL,4413.905,4245.0,297.4,298.9,298.15,2,14,112,0.30684931506849317,1.0397891637220258,ITM
2023-08-25,2023-12-15,CALL,4413.905,4250.0,293.4,295.0,294.2,88,10268,112,0.30684931506849317,1.0385658823529411,ITM
2023-08-25,2023-12-15,PUT,4413.905,4250.0,75.7,76.3,76.0,902,19003,112,0.30684931506849317,1.0385658823529411,ITM
2023-08-25,2023-12-15,CALL,4413.905,4260.0,285.6,287.2,286.4,1,8,112,0.30684931506849317,1.0361279342723004,ITM
2023-08-25,2023-12-15,PUT,4413.905,4275.0,80.9,81.4,81.15,4,7680,112,0.30684931506849317,1.0324923976608187,ITM
2023-08-25,2023-12-15,CALL,4413.905,4300.0,255.2,256.4,255.79999999999998,75,30962,112,0.30684931506849317,1.0264895348837209,ATM
2023-08-25,2023-12-15,PUT,4413.905,4300.0,86.4,86.9,86.65,1746,42064,112,0.30684931506849317,1.0264895348837209,ATM
2023-08-25,2023-12-15,CALL,4413.905,4310.0,247.3,249.0,248.15,2,98,112,0.30684931506849317,1.0241078886310904,ATM
2023-08-25,2023-12-15,PUT,4413.905,4320.0,91.1,91.8,91.44999999999999,3,92,112,0.30684931506849317,1.0217372685185184,ATM
2023-08-25,2023-12-15,PUT,4413.905,4325.0,92.3,93.0,92.65,1,2064,112,0.30684931506849317,1.0205560693641618,ATM
2023-08-25,2023-12-15,PUT,4413.905,4330.0,93.5,94.2,93.85,1,146,112,0.30684931506849317,1.019377598152425,ATM
2023-08-25,2023-12-15,PUT,4413.905,4340.0,96.0,96.8,96.4,4,215,112,0.30684931506849317,1.017028801843318,ATM
2023-08-25,2023-12-15,CALL,4413.905,4350.0,218.5,219.6,219.05,12,10247,112,0.30684931506849317,1.014690804597701,ATM
2023-08-25,2023-12-15,PUT,4413.905,4350.0,98.6,99.3,98.94999999999999,1839,15274,112,0.30684931506849317,1.014690804597701,ATM
2023-08-25,2023-12-15,CALL,4413.905,4360.0,211.0,212.5,211.75,2,40,112,0.30684931506849317,1.0123635321100917,ATM
2023-08-25,2023-12-15,PUT,4413.905,4360.0,101.3,102.1,101.69999999999999,2,752,112,0.30684931506849317,1.0123635321100917,ATM
2023-08-25,2023-12-15,CALL,4413.905,4375.0,200.6,201.9,201.25,60,5757,112,0.30684931506849317,1.0088925714285715,ATM
2023-08-25,2023-12-15,PUT,4413.905,4375.0,105.5,106.3,105.9,124,3445,112,0.30684931506849317,1.0088925714285715,ATM
2023-08-25,2023-12-15,PUT,4413.905,4380.0,106.9,107.7,107.30000000000001,2,1004,112,0.30684931506849317,1.0077408675799087,ATM
2023-08-25,2023-12-15,PUT,4413.905,4390.0,109.9,110.7,110.30000000000001,1,255,112,0.30684931506849317,1.0054453302961275,ATM
2023-08-25,2023-12-15,CALL,4413.905,4400.0,183.7,184.7,184.2,389,47470,112,0.30684931506849317,1.0031602272727271,ATM
2023-08-25,2023-12-15,PUT,4413.905,4400.0,113.0,113.5,113.25,1108,43902,112,0.30684931506849317,1.0031602272727271,ATM
2023-08-25,2023-12-15,PUT,4413.905,4410.0,116.0,116.9,116.45,3,745,112,0.30684931506849317,1.0008854875283446,ATM
2023-08-25,2023-12-15,CALL,4413.905,4420.0,170.3,171.5,170.9,1,41,112,0.30684931506849317,0.9986210407239818,ATM
2023-08-25,2023-12-15,PUT,4413.905,4420.0,119.2,120.1,119.65,12,187,112,0.30684931506849317,0.9986210407239818,ATM
2023-08-25,2023-12-15,PUT,4413.905,4425.0,121.0,121.6,121.3,754,1822,112,0.30684931506849317,0.9974926553672315,ATM
2023-08-25,2023-12-15,CALL,4413.905,4440.0,157.4,158.6,158.0,1,47,112,0.30684931506849317,0.9941227477477477,ATM
2023-08-25,2023-12-15,CALL,4413.905,4450.0,151.2,152.1,151.64999999999998,754,23989,112,0.30684931506849317,0.9918887640449437,ATM
2023-08-25,2023-12-15,PUT,4413.905,4450.0,129.6,130.2,129.89999999999998,1036,22053,112,0.30684931506849317,0.9918887640449437,ATM
2023-08-25,2023-12-15,CALL,4413.905,4460.0,145.0,146.1,145.55,2,279,112,0.30684931506849317,0.989664798206278,ATM
2023-08-25,2023-12-15,CALL,4413.905,4470.0,139.0,139.9,139.45,21,126,112,0.30684931506849317,0.9874507829977628,ATM
2023-08-25,2023-12-15,PUT,4413.905,4470.0,136.8,137.9,137.35000000000002,20,198,112,0.30684931506849317,0.9874507829977628,ATM
2023-08-25,2023-12-15,CALL,4413.905,4490.0,127.1,128.2,127.64999999999999,2,107,112,0.30684931506849317,0.9830523385300668,ATM
2023-08-25,2023-12-15,CALL,4413.905,4500.0,121.6,122.2,121.9,9445,30315,112,0.30684931506849317,0.9808677777777777,ATM
2023-08-25,2023-12-15,PUT,4413.905,4500.0,148.8,149.9,149.35000000000002,6810,25857,112,0.30684931506849317,0.9808677777777777,ATM
2023-08-25,2023-12-15,CALL,4413.905,4525.0,107.9,108.6,108.25,129,13355,112,0.30684931506849317,0.9754486187845304,ATM
2023-08-25,2023-12-15,PUT,4413.905,4525.0,159.7,160.8,160.25,6,4689,112,0.30684931506849317,0.9754486187845304,ATM
2023-08-25,2023-12-15,CALL,4413.905,4530.0,105.2,106.2,105.7,4,464,112,0.30684931506849317,0.9743719646799116,ATM
2023-08-25,2023-12-15,CALL,4413.905,4540.0,100.0,101.0,100.5,1,167,112,0.30684931506849317,0.9722257709251101,ATM
2023-08-25,2023-12-15,PUT,4413.905,4540.0,166.6,167.8,167.2,6,72,112,0.30684931506849317,0.9722257709251101,ATM
2023-08-25,2023-12-15,CALL,4413.905,4550.0,95.1,95.8,95.44999999999999,366,28719,112,0.30684931506849317,0.9700890109890109,ATM
2023-08-25,2023-12-15,PUT,4413.905,4550.0,171.5,172.6,172.05,1014,19884,112,0.30684931506849317,0.9700890109890109,ATM
2023-08-25,2023-12-15,CALL,4413.905,4560.0,90.2,91.1,90.65,24,75,112,0.30684931506849317,0.9679616228070175,OTM
2023-08-25,2023-12-15,PUT,4413.905,4560.0,176.4,177.8,177.10000000000002,5,269,112,0.30684931506849317,0.9679616228070175,OTM
2023-08-25,2023-12-15,CALL,4413.905,4570.0,85.5,86.4,85.95,1,228,112,0.30684931506849317,0.965843544857768,OTM
2023-08-25,2023-12-15,CALL,4413.905,4590.0,76.6,77.4,77.0,1,214,112,0.30684931506849317,0.9616350762527233,OTM
2023-08-25,2023-12-15,CALL,4413.905,4600.0,72.4,73.1,72.75,633,40688,112,0.30684931506849317,0.9595445652173913,OTM
2023-08-25,2023-12-15,CALL,4413.905,4620.0,64.4,65.1,64.75,10,67,112,0.30684931506849317,0.9553906926406925,OTM
2023-08-25,2023-12-15,CALL,4413.905,4625.0,62.5,63.2,62.85,75,8630,112,0.30684931506849317,0.9543578378378378,OTM
2023-08-25,2023-12-15,PUT,4413.905,4640.0,221.6,223.2,222.39999999999998,10,132,112,0.30684931506849317,0.9512726293103447,OTM
2023-08-25,2023-12-15,CALL,4413.905,4650.0,53.7,54.2,53.95,1525,12935,112,0.30684931506849317,0.94922688172043,OTM
2023-08-25,2023-12-15,PUT,4413.905,4650.0,228.1,229.4,228.75,551,5965,112,0.30684931506849317,0.94922688172043,OTM
2023-08-25,2023-12-15,CALL,4413.905,4670.0,47.2,47.7,47.45,56,380,112,0.30684931506849317,0.945161670235546,OTM
2023-08-25,2023-12-15,CALL,4413.905,4675.0,45.6,46.2,45.900000000000006,2,3078,112,0.30684931506849317,0.9441508021390373,OTM
2023-08-25,2023-12-15,PUT,4413.905,4680.0,246.4,251.3,248.85000000000002,6,283,112,0.30684931506849317,0.9431420940170939,OTM
2023-08-25,2023-12-15,CALL,4413.905,4700.0,38.7,39.1,38.900000000000006,413,25463,112,0.30684931506849317,0.9391287234042552,OTM
2023-08-25,2023-12-15,PUT,4413.905,4700.0,261.8,263.9,262.85,1,9292,112,0.30684931506849317,0.9391287234042552,OTM
2023-08-25,2023-12-15,PUT,4413.905,4730.0,282.5,287.7,285.1,5,128,112,0.30684931506849317,0.9331723044397462,OTM
2023-08-25,2023-12-15,CALL,4413.905,4750.0,27.1,27.6,27.35,2,15599,112,0.30684931506849317,0.9292431578947368,OTM
2023-08-25,2023-12-15,PUT,4413.905,4750.0,297.9,303.1,300.5,2,768,112,0.30684931506849317,0.9292431578947368,OTM
2023-08-25,2023-12-15,CALL,4413.905,4800.0,18.6,19.0,18.8,608,27136,112,0.30684931506849317,0.9195635416666667,OTM
2023-08-25,2023-12-15,CALL,4413.905,4825.0,15.3,15.7,15.5,1,2838,112,0.30684931506849317,0.9147989637305699,OTM
2023-08-25,2023-12-15,CALL,4413.905,4850.0,12.5,12.9,12.7,212,8048,112,0.30684931506849317,0.9100835051546391,OTM
2023-08-25,2023-12-15,CALL,4413.905,4860.0,11.6,11.9,11.75,10,131,112,0.30684931506849317,0.9082109053497942,OTM
2023-08-25,2023-12-15,CALL,4413.905,4870.0,10.7,11.0,10.85,1,375,112,0.30684931506849317,0.9063459958932237,OTM
2023-08-25,2023-12-15,CALL,4413.905,4900.0,8.4,8.6,8.5,508,14835,112,0.30684931506849317,0.9007969387755101,OTM
2023-08-25,2023-12-15,PUT,4413.905,4900.0,425.7,432.4,429.04999999999995,10,3163,112,0.30684931506849317,0.9007969387755101,OTM
2023-08-25,2023-08-28,PUT,4413.905,4050.0,0.1,0.15,0.125,2250,1325,3,0.00821917808219178,1.089853086419753,ITM
2023-08-25,2023-08-28,PUT,4413.905,4060.0,0.1,0.15,0.125,183,107,3,0.00821917808219178,1.0871687192118227,ITM
2023-08-25,2023-08-28,PUT,4413.905,4070.0,0.1,0.15,0.125,113,225,3,0.00821917808219178,1.084497542997543,ITM
2023-08-25,2023-08-28,PUT,4413.905,4075.0,0.1,0.15,0.125,1331,2136,3,0.00821917808219178,1.0831668711656441,ITM
2023-08-25,2023-08-28,PUT,4413.905,4080.0,0.1,0.15,0.125,6,1007,3,0.00821917808219178,1.0818394607843136,ITM
2023-08-25,2023-08-28,PUT,4413.905,4090.0,0.1,0.15,0.125,73,771,3,0.00821917808219178,1.0791943765281173,ITM
2023-08-25,2023-08-28,PUT,4413.905,4100.0,0.1,0.15,0.125,1367,1125,3,0.00821917808219178,1.076562195121951,ITM
2023-08-25,2023-08-28,PUT,4413.905,4110.0,0.1,0.15,0.125,5,4560,3,0.00821917808219178,1.073942822384428,ITM
2023-08-25,2023-08-28,PUT,4413.905,4120.0,0.1,0.15,0.125,28,1553,3,0.00821917808219178,1.0713361650485436,ITM
2023-08-25,2023-08-28,CALL,4413.905,4125.0,287.6,291.6,289.6,3,2,3,0.00821917808219178,1.0700375757575757,ITM
2023-08-25,2023-08-28,PUT,4413.905,4125.0,0.1,0.15,0.125,10,367,3,0.00821917808219178,1.0700375757575757,ITM
2023-08-25,2023-08-28,PUT,4413.905,4130.0,0.1,0.15,0.125,507,1019,3,0.00821917808219178,1.0687421307506053,ITM
2023-08-25,2023-08-28,PUT,4413.905,4135.0,0.1,0.2,0.15000000000000002,80,423,3,0.00821917808219178,1.0674498186215235,ITM
2023-08-25,2023-08-28,PUT,4413.905,4140.0,0.1,0.2,0.15000000000000002,218,164,3,0.00821917808219178,1.0661606280193237,ITM
2023-08-25,2023-08-28,PUT,4413.905,4145.0,0.1,0.2,0.15000000000000002,311,45,3,0.00821917808219178,1.0648745476477683,ITM
2023-08-25,2023-08-28,PUT,4413.905,4150.0,0.1,0.2,0.15000000000000002,634,6050,3,0.00821917808219178,1.0635915662650601,ITM
2023-08-25,2023-08-28,PUT,4413.905,4155.0,0.1,0.2,0.15000000000000002,87,261,3,0.00821917808219178,1.0623116726835138,ITM
2023-08-25,2023-08-28,CALL,4413.905,4160.0,252.6,256.6,254.60000000000002,1,1,3,0.00821917808219178,1.0610348557692306,ITM
2023-08-25,2023-08-28,PUT,4413.905,4160.0,0.1,0.2,0.15000000000000002,178,181,3,0.00821917808219178,1.0610348557692306,ITM
2023-08-25,2023-08-28,PUT,4413.905,4165.0,0.1,0.2,0.15000000000000002,639,65,3,0.00821917808219178,1.0597611044417767,ITM
2023-08-25,2023-08-28,PUT,4413.905,4170.0,0.15,0.2,0.175,750,147,3,0.00821917808219178,1.0584904076738608,ITM
2023-08-25,2023-08-28,CALL,4413.905,4175.0,237.6,241.6,239.6,3,3,3,0.00821917808219178,1.057222754491018,ITM
2023-08-25,2023-08-28,PUT,4413.905,4175.0,0.15,0.2,0.175,697,488,3,0.00821917808219178,1.057222754491018,ITM
2023-08-25,2023-08-28,CALL,4413.905,4180.0,232.6,236.6,234.6,10,2,3,0.00821917808219178,1.0559581339712918,ITM
2023-08-25,2023-08-28,PUT,4413.905,4180.0,0.1,0.2,0.15000000000000002,362,760,3,0.00821917808219178,1.0559581339712918,ITM
2023-08-25,2023-08-28,PUT,4413.905,4185.0,0.15,0.2,0.175,161,321,3,0.00821917808219178,1.0546965352449222,ITM
2023-08-25,2023-08-28,PUT,4413.905,4190.0,0.15,0.2,0.175,109,774,3,0.00821917808219178,1.0534379474940334,ITM
2023-08-25,2023-08-28,PUT,4413.905,4195.0,0.15,0.2,0.175,293,2201,3,0.00821917808219178,1.0521823599523241,ITM
2023-08-25,2023-08-28,CALL,4413.905,4200.0,212.6,216.6,214.6,10,20,3,0.00821917808219178,1.050929761904762,ITM
2023-08-25,2023-08-28,PUT,4413.905,4200.0,0.15,0.2,0.175,1526,3210,3,0.00821917808219178,1.050929761904762,ITM
2023-08-25,2023-08-28,PUT,4413.905,4205.0,0.15,0.2,0.175,165,429,3,0.00821917808219178,1.049680142687277,ITM
2023-08-25,2023-08-28,PUT,4413.905,4210.0,0.15,0.2,0.175,476,538,3,0.00821917808219178,1.0484334916864608,ITM
2023-08-25,2023-08-28,PUT,4413.905,4215.0,0.15,0.2,0.175,272,303,3,0.00821917808219178,1.0471897983392644,ITM
2023-08-25,2023-08-28,PUT,4413.905,4220.0,0.15,0.2,0.175,917,786,3,0.00821917808219178,1.0459490521327013,ITM
2023-08-25,2023-08-28,CALL,4413.905,4225.0,187.7,191.7,189.7,1,20,3,0.00821917808219178,1.0447112426035503,ITM
2023-08-25,2023-08-28,PUT,4413.905,4225.0,0.15,0.2,0.175,1867,3967,3,0.00821917808219178,1.0447112426035503,ITM
2023-08-25,2023-08-28,PUT,4413.905,4230.0,0.15,0.2,0.175,439,447,3,0.00821917808219178,1.0434763593380614,ITM
2023-08-25,2023-08-28,CALL,4413.905,4235.0,177.7,181.7,179.7,3,3,3,0.00821917808219178,1.0422443919716646,ITM
2023-08-25,2023-08-28,PUT,4413.905,4235.0,0.15,0.2,0.175,321,528,3,0.00821917808219178,1.0422443919716646,ITM
2023-08-25,2023-08-28,CALL,4413.905,4240.0,172.7,176.7,174.7,2,4,3,0.00821917808219178,1.041015330188679,ITM
2023-08-25,2023-08-28,PUT,4413.905,4240.0,0.15,0.25,0.2,215,497,3,0.00821917808219178,1.041015330188679,ITM
2023-08-25,2023-08-28,PUT,4413.905,4245.0,0.2,0.25,0.225,1160,239,3,0.00821917808219178,1.0397891637220258,ITM
2023-08-25,2023-08-28,CALL,4413.905,4250.0,162.7,166.7,164.7,104,103,3,0.00821917808219178,1.0385658823529411,ITM
2023-08-25,2023-08-28,PUT,4413.905,4250.0,0.2,0.25,0.225,1980,4339,3,0.00821917808219178,1.0385658823529411,ITM
2023-08-25,2023-08-28,PUT,4413.905,4255.0,0.15,0.25,0.2,550,414,3,0.00821917808219178,1.0373454759106933,ITM
2023-08-25,2023-08-28,CALL,4413.905,4260.0,152.7,156.7,154.7,50,51,3,0.00821917808219178,1.0361279342723004,ITM
2023-08-25,2023-08-28,PUT,4413.905,4260.0,0.2,0.25,0.225,1569,1222,3,0.00821917808219178,1.0361279342723004,ITM
2023-08-25,2023-08-28,PUT,4413.905,4265.0,0.2,0.25,0.225,5955,945,3,0.00821917808219178,1.0349132473622509,ITM
2023-08-25,2023-08-28,CALL,4413.905,4270.0,142.7,146.7,144.7,91,93,3,0.00821917808219178,1.0337014051522249,ITM
2023-08-25,2023-08-28,PUT,4413.905,4270.0,0.2,0.25,0.225,4037,386,3,0.00821917808219178,1.0337014051522249,ITM
2023-08-25,2023-08-28,CALL,4413.905,4275.0,137.8,141.7,139.75,1,20,3,0.00821917808219178,1.0324923976608187,ITM
2023-08-25,2023-08-28,PUT,4413.905,4275.0,0.2,0.3,0.25,2184,733,3,0.00821917808219178,1.0324923976608187,ITM
2023-08-25,2023-08-28,CALL,4413.905,4280.0,132.8,136.8,134.8,51,55,3,0.00821917808219178,1.0312862149532709,ITM
2023-08-25,2023-08-28,PUT,4413.905,4280.0,0.25,0.3,0.275,1977,676,3,0.00821917808219178,1.0312862149532709,ITM
2023-08-25,2023-08-28,CALL,4413.905,4285.0,127.8,131.8,129.8,21,1,3,0.00821917808219178,1.0300828471411902,ITM
2023-08-25,2023-08-28,PUT,4413.905,4285.0,0.25,0.3,0.275,3226,724,3,0.00821917808219178,1.0300828471411902,ITM
2023-08-25,2023-08-28,CALL,4413.905,4290.0,122.9,126.6,124.75,27,23,3,0.00821917808219178,1.0288822843822842,ATM
2023-08-25,2023-08-28,PUT,4413.905,4290.0,0.25,0.35,0.3,3966,779,3,0.00821917808219178,1.0288822843822842,ATM
2023-08-25,2023-08-28,CALL,4413.905,4295.0,117.9,121.6,119.75,9,27,3,0.00821917808219178,1.027684516880093,ATM
2023-08-25,2023-08-28,PUT,4413.905,4295.0,0.3,0.35,0.32499999999999996,2141,2097,3,0.00821917808219178,1.027684516880093,ATM
2023-08-25,2023-08-28,CALL,4413.905,4300.0,113.0,116.6,114.8,18,25,3,0.00821917808219178,1.0264895348837209,ATM
2023-08-25,2023-08-28,PUT,4413.905,4300.0,0.35,0.4,0.375,10383,2717,3,0.00821917808219178,1.0264895348837209,ATM
2023-08-25,2023-08-28,CALL,4413.905,4305.0,108.0,111.7,109.85,3,8,3,0.00821917808219178,1.0252973286875726,ATM
2023-08-25,2023-08-28,PUT,4413.905,4305.0,0.35,0.4,0.375,5150,535,3,0.00821917808219178,1.0252973286875726,ATM
2023-08-25,2023-08-28,CALL,4413.905,4310.0,103.0,106.7,104.85,10,13,3,0.00821917808219178,1.0241078886310904,ATM
2023-08-25,2023-08-28,PUT,4413.905,4310.0,0.4,0.45,0.42500000000000004,4233,1358,3,0.00821917808219178,1.0241078886310904,ATM
2023-08-25,2023-08-28,CALL,4413.905,4315.0,99.3,101.1,100.19999999999999,14,14,3,0.00821917808219178,1.0229212050984935,ATM
2023-08-25,2023-08-28,PUT,4413.905,4315.0,0.45,0.5,0.475,3169,1117,3,0.00821917808219178,1.0229212050984935,ATM
2023-08-25,2023-08-28,CALL,4413.905,4320.0,94.5,95.7,95.1,43,18,3,0.00821917808219178,1.0217372685185184,ATM
2023-08-25,2023-08-28,PUT,4413.905,4320.0,0.5,0.55,0.525,5413,1153,3,0.00821917808219178,1.0217372685185184,ATM
2023-08-25,2023-08-28,CALL,4413.905,4325.0,89.5,90.8,90.15,43,30,3,0.00821917808219178,1.0205560693641618,ATM
2023-08-25,2023-08-28,PUT,4413.905,4325.0,0.55,0.65,0.6000000000000001,4651,1684,3,0.00821917808219178,1.0205560693641618,ATM
2023-08-25,2023-08-28,CALL,4413.905,4330.0,84.3,86.2,85.25,55,34,3,0.00821917808219178,1.019377598152425,ATM
2023-08-25,2023-08-28,PUT,4413.905,4330.0,0.65,0.75,0.7,10816,3139,3,0.00821917808219178,1.019377598152425,ATM
2023-08-25,2023-08-28,CALL,4413.905,4335.0,79.7,80.9,80.30000000000001,75,31,3,0.00821917808219178,1.01820184544406,ATM
2023-08-25,2023-08-28,PUT,4413.905,4335.0,0.75,0.85,0.8,3782,266,3,0.00821917808219178,1.01820184544406,ATM
2023-08-25,2023-08-28,CALL,4413.905,4340.0,74.9,76.1,75.5,64,71,3,0.00821917808219178,1.017028801843318,ATM
2023-08-25,2023-08-28,PUT,4413.905,4340.0,0.9,1.0,0.95,6616,500,3,0.00821917808219178,1.017028801843318,ATM
2023-08-25,2023-08-28,CALL,4413.905,4345.0,69.9,71.3,70.6,52,96,3,0.00821917808219178,1.0158584579976984,ATM
2023-08-25,2023-08-28,PUT,4413.905,4345.0,1.1,1.2,1.15,3293,1090,3,0.00821917808219178,1.0158584579976984,ATM
2023-08-25,2023-08-28,CALL,4413.905,4350.0,65.3,66.5,65.9,210,127,3,0.00821917808219178,1.014690804597701,ATM
2023-08-25,2023-08-28,PUT,4413.905,4350.0,1.35,1.4,1.375,8963,9191,3,0.00821917808219178,1.014690804597701,ATM
2023-08-25,2023-08-28,CALL,4413.905,4355.0,60.7,61.8,61.25,279,112,3,0.00821917808219178,1.0135258323765786,ATM
2023-08-25,2023-08-28,PUT,4413.905,4355.0,1.6,1.7,1.65,4906,586,3,0.00821917808219178,1.0135258323765786,ATM
2023-08-25,2023-08-28,CALL,4413.905,4360.0,56.2,57.1,56.650000000000006,665,93,3,0.00821917808219178,1.0123635321100917,ATM
2023-08-25,2023-08-28,PUT,4413.905,4360.0,2.0,2.05,2.025,6090,4577,3,0.00821917808219178,1.0123635321100917,ATM
2023-08-25,2023-08-28,CALL,4413.905,4365.0,51.8,52.6,52.2,422,106,3,0.00821917808219178,1.0112038946162656,ATM
2023-08-25,2023-08-28,PUT,4413.905,4365.0,2.4,2.5,2.45,3233,964,3,0.00821917808219178,1.0112038946162656,ATM
2023-08-25,2023-08-28,CALL,4413.905,4370.0,47.3,48.1,47.7,821,145,3,0.00821917808219178,1.0100469107551486,ATM
2023-08-25,2023-08-28,PUT,4413.905,4370.0,2.95,3.1,3.0250000000000004,6755,452,3,0.00821917808219178,1.0100469107551486,ATM
2023-08-25,2023-08-28,CALL,4413.905,4375.0,43.0,43.6,43.3,1291,669,3,0.00821917808219178,1.0088925714285715,ATM
2023-08-25,2023-08-28,PUT,4413.905,4375.0,3.6,3.7,3.6500000000000004,8245,2810,3,0.00821917808219178,1.0088925714285715,ATM
2023-08-25,2023-08-28,CALL,4413.905,4380.0,38.8,39.4,39.099999999999994,1342,183,3,0.00821917808219178,1.0077408675799087,ATM
2023-08-25,2023-08-28,PUT,4413.905,4380.0,4.3,4.5,4.4,4682,460,3,0.00821917808219178,1.0077408675799087,ATM
2023-08-25,2023-08-28,CALL,4413.905,4385.0,34.7,35.2,34.95,1591,213,3,0.00821917808219178,1.0065917901938426,ATM
2023-08-25,2023-08-28,PUT,4413.905,4385.0,5.2,5.4,5.300000000000001,2920,296,3,0.00821917808219178,1.0065917901938426,ATM
2023-08-25,2023-08-28,CALL,4413.905,4390.0,30.8,31.3,31.05,2412,281,3,0.00821917808219178,1.0054453302961275,ATM
2023-08-25,2023-08-28,PUT,4413.905,4390.0,6.3,6.4,6.35,3669,433,3,0.00821917808219178,1.0054453302961275,ATM
2023-08-25,2023-08-28,CALL,4413.905,4395.0,27.3,27.5,27.4,2782,915,3,0.00821917808219178,1.004301478953356,ATM
2023-08-25,2023-08-28,PUT,4413.905,4395.0,7.5,7.7,7.6,3515,511,3,0.00821917808219178,1.004301478953356,ATM
2023-08-25,2023-08-28,CALL,4413.905,4400.0,23.8,24.0,23.9,5781,1243,3,0.00821917808219178,1.0031602272727271,ATM
2023-08-25,2023-08-28,PUT,4413.905,4400.0,9.0,9.2,9.1,5528,1419,3,0.00821917808219178,1.0031602272727271,ATM
2023-08-25,2023-08-28,CALL,4413.905,4405.0,20.5,20.7,20.6,3974,721,3,0.00821917808219178,1.0020215664018162,ATM
2023-08-25,2023-08-28,PUT,4413.905,4405.0,10.8,10.9,10.850000000000001,2212,441,3,0.00821917808219178,1.0020215664018162,ATM
2023-08-25,2023-08-28,CALL,4413.905,4410.0,17.5,17.7,17.6,4763,363,3,0.00821917808219178,1.0008854875283446,ATM
2023-08-25,2023-08-28,PUT,4413.905,4410.0,12.7,13.0,12.85,3245,776,3,0.00821917808219178,1.0008854875283446,ATM
2023-08-25,2023-08-28,CALL,4413.905,4415.0,14.8,15.0,14.9,4269,423,3,0.00821917808219178,0.9997519818799546,ATM
2023-08-25,2023-08-28,PUT,4413.905,4415.0,15.0,15.2,15.1,1535,321,3,0.00821917808219178,0.9997519818799546,ATM
2023-08-25,2023-08-28,CALL,4413.905,4420.0,12.4,12.6,12.5,3630,420,3,0.00821917808219178,0.9986210407239818,ATM
2023-08-25,2023-08-28,PUT,4413.905,4420.0,17.6,17.8,17.700000000000003,1306,384,3,0.00821917808219178,0.9986210407239818,ATM
2023-08-25,2023-08-28,CALL,4413.905,4425.0,10.2,10.4,10.3,8449,1204,3,0.00821917808219178,0.9974926553672315,ATM
2023-08-25,2023-08-28,PUT,4413.905,4425.0,20.4,20.7,20.549999999999997,956,507,3,0.00821917808219178,0.9974926553672315,ATM
2023-08-25,2023-08-28,CALL,4413.905,4430.0,8.3,8.5,8.4,4153,595,3,0.00821917808219178,0.9963668171557561,ATM
2023-08-25,2023-08-28,PUT,4413.905,4430.0,23.5,23.8,23.65,348,312,3,0.00821917808219178,0.9963668171557561,ATM
2023-08-25,2023-08-28,CALL,4413.905,4435.0,6.7,6.9,6.800000000000001,4207,628,3,0.00821917808219178,0.9952435174746336,ATM
2023-08-25,2023-08-28,PUT,4413.905,4435.0,26.7,27.5,27.1,110,227,3,0.00821917808219178,0.9952435174746336,ATM
2023-08-25,2023-08-28,CALL,4413.905,4440.0,5.3,5.5,5.4,6391,3621,3,0.00821917808219178,0.9941227477477477,ATM
2023-08-25,2023-08-28,PUT,4413.905,4440.0,30.3,31.0,30.65,207,1190,3,0.00821917808219178,0.9941227477477477,ATM
2023-08-25,2023-08-28,CALL,4413.905,4445.0,4.1,4.3,4.199999999999999,5113,643,3,0.00821917808219178,0.9930044994375703,ATM
2023-08-25,2023-08-28,PUT,4413.905,4445.0,34.1,35.0,34.55,53,126,3,0.00821917808219178,0.9930044994375703,ATM
2023-08-25,2023-08-28,CALL,4413.905,4450.0,3.2,3.3,3.25,6175,1816,3,0.00821917808219178,0.9918887640449437,ATM
2023-08-25,2023-08-28,PUT,4413.905,4450.0,38.2,38.8,38.5,464,765,3,0.00821917808219178,0.9918887640449437,ATM
2023-08-25,2023-08-28,CALL,4413.905,4455.0,2.45,2.5,2.475,4477,624,3,0.00821917808219178,0.9907755331088663,ATM
2023-08-25,2023-08-28,PUT,4413.905,4455.0,42.4,43.3,42.849999999999994,61,981,3,0.00821917808219178,0.9907755331088663,ATM
2023-08-25,2023-08-28,CALL,4413.905,4460.0,1.8,1.9,1.85,7922,2483,3,0.00821917808219178,0.989664798206278,ATM
2023-08-25,2023-08-28,PUT,4413.905,4460.0,46.7,47.5,47.1,334,220,3,0.00821917808219178,0.989664798206278,ATM
2023-08-25,2023-08-28,CALL,4413.905,4465.0,1.35,1.4,1.375,7615,1728,3,0.00821917808219178,0.9885565509518477,ATM
2023-08-25,2023-08-28,PUT,4413.905,4465.0,51.2,52.4,51.8,67,105,3,0.00821917808219178,0.9885565509518477,ATM
2023-08-25,2023-08-28,CALL,4413.905,4470.0,0.95,1.05,1.0,7411,974,3,0.00821917808219178,0.9874507829977628,ATM
2023-08-25,2023-08-28,PUT,4413.905,4470.0,55.9,56.9,56.4,571,89,3,0.00821917808219178,0.9874507829977628,ATM
2023-08-25,2023-08-28,CALL,4413.905,4475.0,0.7,0.8,0.75,7686,1861,3,0.00821917808219178,0.9863474860335195,ATM
2023-08-25,2023-08-28,PUT,4413.905,4475.0,60.2,61.8,61.0,91,260,3,0.00821917808219178,0.9863474860335195,ATM
2023-08-25,2023-08-28,CALL,4413.905,4480.0,0.5,0.6,0.55,5401,1140,3,0.00821917808219178,0.9852466517857142,ATM
2023-08-25,2023-08-28,PUT,4413.905,4480.0,65.2,66.5,65.85,341,177,3,0.00821917808219178,0.9852466517857142,ATM
2023-08-25,2023-08-28,CALL,4413.905,4485.0,0.35,0.45,0.4,2307,1289,3,0.00821917808219178,0.9841482720178372,ATM
2023-08-25,2023-08-28,PUT,4413.905,4485.0,69.9,71.6,70.75,58,91,3,0.00821917808219178,0.9841482720178372,ATM
2023-08-25,2023-08-28,CALL,4413.905,4490.0,0.25,0.35,0.3,1966,1846,3,0.00821917808219178,0.9830523385300668,ATM
2023-08-25,2023-08-28,PUT,4413.905,4490.0,74.7,76.4,75.55000000000001,117,154,3,0.00821917808219178,0.9830523385300668,ATM
2023-08-25,2023-08-28,CALL,4413.905,4495.0,0.2,0.25,0.225,1492,615,3,0.00821917808219178,0.9819588431590656,ATM
2023-08-25,2023-08-28,PUT,4413.905,4495.0,78.9,82.6,80.75,27,110,3,0.00821917808219178,0.9819588431590656,ATM
2023-08-25,2023-08-28,CALL,4413.905,4500.0,0.15,0.2,0.175,3756,2392,3,0.00821917808219178,0.9808677777777777,ATM
2023-08-25,2023-08-28,PUT,4413.905,4500.0,85.0,86.2,85.6,58,746,3,0.00821917808219178,0.9808677777777777,ATM
2023-08-25,2023-08-28,CALL,4413.905,4505.0,0.1,0.15,0.125,1539,453,3,0.00821917808219178,0.9797791342952274,ATM
2023-08-25,2023-08-28,PUT,4413.905,4505.0,88.8,92.5,90.65,26,45,3,0.00821917808219178,0.9797791342952274,ATM
2023-08-25,2023-08-28,CALL,4413.905,4510.0,0.1,0.15,0.125,3422,934,3,0.00821917808219178,0.9786929046563192,ATM
2023-08-25,2023-08-28,PUT,4413.905,4510.0,93.8,96.1,94.94999999999999,26,57,3,0.00821917808219178,0.9786929046563192,ATM
2023-08-25,2023-08-28,PUT,4413.905,4515.0,98.7,102.4,100.55000000000001,55,35,3,0.00821917808219178,0.9776090808416389,ATM
2023-08-25,2023-08-28,PUT,4413.905,4520.0,103.7,107.4,105.55000000000001,41,76,3,0.00821917808219178,0.9765276548672566,ATM
2023-08-25,2023-08-28,PUT,4413.905,4525.0,108.7,112.4,110.55000000000001,9,23,3,0.00821917808219178,0.9754486187845304,ATM
2023-08-25,2023-08-28,PUT,4413.905,4530.0,113.6,117.4,115.5,7,257,3,0.00821917808219178,0.9743719646799116,ATM
2023-08-25,2023-08-28,PUT,4413.905,4535.0,118.7,122.4,120.55000000000001,7,24,3,0.00821917808219178,0.9732976846747519,ATM
2023-08-25,2023-08-28,PUT,4413.905,4540.0,123.5,127.5,125.5,5,42,3,0.00821917808219178,0.9722257709251101,ATM
2023-08-25,2023-08-28,PUT,4413.905,4545.0,128.5,132.5,130.5,15,34,3,0.00821917808219178,0.9711562156215621,ATM
2023-08-25,2023-08-28,PUT,4413.905,4550.0,133.5,137.5,135.5,143,1042,3,0.00821917808219178,0.9700890109890109,ATM
2023-08-25,2023-08-28,PUT,4413.905,4555.0,138.5,142.5,140.5,33,17,3,0.00821917808219178,0.9690241492864983,OTM
2023-08-25,2023-08-28,PUT,4413.905,4560.0,143.5,147.5,145.5,6,64,3,0.00821917808219178,0.9679616228070175,OTM
2023-08-25,2023-08-28,PUT,4413.905,4570.0,153.5,157.5,155.5,3,32,3,0.00821917808219178,0.965843544857768,OTM
2023-08-25,2023-08-28,PUT,4413.905,4575.0,158.5,162.5,160.5,2,56,3,0.00821917808219178,0.9647879781420764,OTM
2023-08-25,2023-08-28,PUT,4413.905,4595.0,178.5,182.5,180.5,1,53,3,0.00821917808219178,0.960588683351469,OTM
2023-08-25,2023-08-28,PUT,4413.905,4600.0,183.5,187.4,185.45,4,191,3,0.00821917808219178,0.9595445652173913,OTM
2023-08-25,2023-08-28,PUT,4413.905,4610.0,193.5,197.4,195.45,1,27,3,0.00821917808219178,0.9574631236442516,OTM
2023-08-25,2023-08-28,PUT,4413.905,4625.0,208.5,212.4,210.45,3,57,3,0.00821917808219178,0.9543578378378378,OTM
2023-08-25,2023-08-28,PUT,4413.905,4650.0,233.5,237.4,235.45,8,143,3,0.00821917808219178,0.94922688172043,OTM
2023-08-25,2023-08-29,PUT,4413.905,4025.0,0.15,0.25,0.2,43,102,4,0.010958904109589041,1.096622360248447,ITM
2023-08-25,2023-08-29,PUT,4413.905,4050.0,0.15,0.25,0.2,87,71,4,0.010958904109589041,1.089853086419753,ITM
2023-08-25,2023-08-29,PUT,4413.905,4070.0,0.15,0.25,0.2,131,133,4,0.010958904109589041,1.084497542997543,ITM
2023-08-25,2023-08-29,PUT,4413.905,4075.0,0.2,0.25,0.225,1332,154,4,0.010958904109589041,1.0831668711656441,ITM
2023-08-25,2023-08-29,PUT,4413.905,4090.0,0.2,0.25,0.225,4,137,4,0.010958904109589041,1.0791943765281173,ITM
2023-08-25,2023-08-29,PUT,4413.905,4100.0,0.2,0.25,0.225,52,523,4,0.010958904109589041,1.076562195121951,ITM
2023-08-25,2023-08-29,PUT,4413.905,4120.0,0.2,0.25,0.225,41,35,4,0.010958904109589041,1.0713361650485436,ITM
2023-08-25,2023-08-29,PUT,4413.905,4125.0,0.2,0.25,0.225,24,427,4,0.010958904109589041,1.0700375757575757,ITM
2023-08-25,2023-08-29,PUT,4413.905,4130.0,0.2,0.25,0.225,532,3987,4,0.010958904109589041,1.0687421307506053,ITM
2023-08-25,2023-08-29,PUT,4413.905,4135.0,0.2,0.25,0.225,1,21,4,0.010958904109589041,1.0674498186215235,ITM
2023-08-25,2023-08-29,PUT,4413.905,4145.0,0.2,0.3,0.25,39,62,4,0.010958904109589041,1.0648745476477683,ITM
2023-08-25,2023-08-29,PUT,4413.905,4150.0,0.2,0.3,0.25,563,263,4,0.010958904109589041,1.0635915662650601,ITM
2023-08-25,2023-08-29,PUT,4413.905,4155.0,0.2,0.3,0.25,21,379,4,0.010958904109589041,1.0623116726835138,ITM
2023-08-25,2023-08-29,PUT,4413.905,4165.0,0.2,0.3,0.25,22,30,4,0.010958904109589041,1.0597611044417767,ITM
2023-08-25,2023-08-29,PUT,4413.905,4170.0,0.2,0.3,0.25,286,13,4,0.010958904109589041,1.0584904076738608,ITM
2023-08-25,2023-08-29,PUT,4413.905,4175.0,0.2,0.3,0.25,753,167,4,0.010958904109589041,1.057222754491018,ITM
2023-08-25,2023-08-29,PUT,4413.905,4180.0,0.2,0.3,0.25,115,96,4,0.010958904109589041,1.0559581339712918,ITM
2023-08-25,2023-08-29,PUT,4413.905,4185.0,0.2,0.3,0.25,12,58,4,0.010958904109589041,1.0546965352449222,ITM
2023-08-25,2023-08-29,PUT,4413.905,4190.0,0.25,0.3,0.275,255,42,4,0.010958904109589041,1.0534379474940334,ITM
2023-08-25,2023-08-29,PUT,4413.905,4195.0,0.25,0.3,0.275,369,47,4,0.010958904109589041,1.0521823599523241,ITM
2023-08-25,2023-08-29,PUT,4413.905,4200.0,0.25,0.3,0.275,2367,1752,4,0.010958904109589041,1.050929761904762,ITM
2023-08-25,2023-08-29,PUT,4413.905,4205.0,0.25,0.35,0.3,23,49,4,0.010958904109589041,1.049680142687277,ITM
2023-08-25,2023-08-29,PUT,4413.905,4210.0,0.25,0.35,0.3,19,132,4,0.010958904109589041,1.0484334916864608,ITM
2023-08-25,2023-08-29,PUT,4413.905,4215.0,0.25,0.35,0.3,91,143,4,0.010958904109589041,1.0471897983392644,ITM
2023-08-25,2023-08-29,PUT,4413.905,4220.0,0.3,0.35,0.32499999999999996,16,325,4,0.010958904109589041,1.0459490521327013,ITM
2023-08-25,2023-08-29,PUT,4413.905,4225.0,0.3,0.35,0.32499999999999996,79,107,4,0.010958904109589041,1.0447112426035503,ITM
2023-08-25,2023-08-29,PUT,4413.905,4230.0,0.3,0.4,0.35,91,354,4,0.010958904109589041,1.0434763593380614,ITM
2023-08-25,2023-08-29,PUT,4413.905,4235.0,0.3,0.4,0.35,56,186,4,0.010958904109589041,1.0422443919716646,ITM
2023-08-25,2023-08-29,PUT,4413.905,4240.0,0.35,0.4,0.375,71,191,4,0.010958904109589041,1.041015330188679,ITM
2023-08-25,2023-08-29,PUT,4413.905,4245.0,0.35,0.45,0.4,100,181,4,0.010958904109589041,1.0397891637220258,ITM
2023-08-25,2023-08-29,PUT,4413.905,4250.0,0.4,0.45,0.42500000000000004,2099,918,4,0.010958904109589041,1.0385658823529411,ITM
2023-08-25,2023-08-29,PUT,4413.905,4255.0,0.4,0.5,0.45,143,140,4,0.010958904109589041,1.0373454759106933,ITM
2023-08-25,2023-08-29,PUT,4413.905,4260.0,0.45,0.5,0.475,235,156,4,0.010958904109589041,1.0361279342723004,ITM
2023-08-25,2023-08-29,PUT,4413.905,4265.0,0.45,0.55,0.5,215,111,4,0.010958904109589041,1.0349132473622509,ITM
2023-08-25,2023-08-29,PUT,4413.905,4270.0,0.5,0.55,0.525,347,100,4,0.010958904109589041,1.0337014051522249,ITM
2023-08-25,2023-08-29,PUT,4413.905,4275.0,0.55,0.6,0.575,1285,345,4,0.010958904109589041,1.0324923976608187,ITM
2023-08-25,2023-08-29,CALL,4413.905,4280.0,134.7,136.7,135.7,2,3,4,0.010958904109589041,1.0312862149532709,ITM
2023-08-25,2023-08-29,PUT,4413.905,4280.0,0.6,0.65,0.625,230,254,4,0.010958904109589041,1.0312862149532709,ITM
2023-08-25,2023-08-29,PUT,4413.905,4285.0,0.65,0.75,0.7,355,66,4,0.010958904109589041,1.0300828471411902,ITM
2023-08-25,2023-08-29,CALL,4413.905,4290.0,125.1,126.8,125.94999999999999,5,4,4,0.010958904109589041,1.0288822843822842,ATM
2023-08-25,2023-08-29,PUT,4413.905,4290.0,0.7,0.8,0.75,428,180,4,0.010958904109589041,1.0288822843822842,ATM
2023-08-25,2023-08-29,PUT,4413.905,4295.0,0.8,0.9,0.8500000000000001,354,141,4,0.010958904109589041,1.027684516880093,ATM
2023-08-25,2023-08-29,CALL,4413.905,4300.0,115.0,117.1,116.05,55,25,4,0.010958904109589041,1.0264895348837209,ATM
2023-08-25,2023-08-29,PUT,4413.905,4300.0,0.9,0.95,0.925,1945,759,4,0.010958904109589041,1.0264895348837209,ATM
2023-08-25,2023-08-29,CALL,4413.905,4305.0,110.3,111.8,111.05,30,2,4,0.010958904109589041,1.0252973286875726,ATM
2023-08-25,2023-08-29,PUT,4413.905,4305.0,1.0,1.1,1.05,382,136,4,0.010958904109589041,1.0252973286875726,ATM
2023-08-25,2023-08-29,CALL,4413.905,4310.0,105.1,107.5,106.3,2,3,4,0.010958904109589041,1.0241078886310904,ATM
2023-08-25,2023-08-29,PUT,4413.905,4310.0,1.1,1.2,1.15,423,209,4,0.010958904109589041,1.0241078886310904,ATM
2023-08-25,2023-08-29,PUT,4413.905,4315.0,1.25,1.35,1.3,527,99,4,0.010958904109589041,1.0229212050984935,ATM
2023-08-25,2023-08-29,CALL,4413.905,4320.0,95.3,97.6,96.44999999999999,6,1,4,0.010958904109589041,1.0217372685185184,ATM
2023-08-25,2023-08-29,PUT,4413.905,4320.0,1.45,1.55,1.5,375,250,4,0.010958904109589041,1.0217372685185184,ATM
2023-08-25,2023-08-29,CALL,4413.905,4325.0,90.8,92.5,91.65,12,4,4,0.010958904109589041,1.0205560693641618,ATM
2023-08-25,2023-08-29,PUT,4413.905,4325.0,1.65,1.75,1.7,532,276,4,0.010958904109589041,1.0205560693641618,ATM
2023-08-25,2023-08-29,CALL,4413.905,4330.0,86.3,87.7,87.0,4,5,4,0.010958904109589041,1.019377598152425,ATM
2023-08-25,2023-08-29,PUT,4413.905,4330.0,1.9,2.05,1.9749999999999999,331,139,4,0.010958904109589041,1.019377598152425,ATM
2023-08-25,2023-08-29,PUT,4413.905,4335.0,2.2,2.35,2.2750000000000004,296,266,4,0.010958904109589041,1.01820184544406,ATM
2023-08-25,2023-08-29,CALL,4413.905,4340.0,77.0,78.4,77.7,69,2,4,0.010958904109589041,1.017028801843318,ATM
2023-08-25,2023-08-29,PUT,4413.905,4340.0,2.55,2.7,2.625,950,373,4,0.010958904109589041,1.017028801843318,ATM
2023-08-25,2023-08-29,CALL,4413.905,4345.0,72.4,74.0,73.2,31,8,4,0.010958904109589041,1.0158584579976984,ATM
2023-08-25,2023-08-29,PUT,4413.905,4345.0,3.0,3.1,3.05,545,247,4,0.010958904109589041,1.0158584579976984,ATM
2023-08-25,2023-08-29,CALL,4413.905,4350.0,68.0,69.5,68.75,49,99,4,0.010958904109589041,1.014690804597701,ATM
2023-08-25,2023-08-29,PUT,4413.905,4350.0,3.4,3.6,3.5,987,1307,4,0.010958904109589041,1.014690804597701,ATM
2023-08-25,2023-08-29,CALL,4413.905,4355.0,63.4,65.0,64.2,26,71,4,0.010958904109589041,1.0135258323765786,ATM
2023-08-25,2023-08-29,PUT,4413.905,4355.0,4.0,4.2,4.1,372,175,4,0.010958904109589041,1.0135258323765786,ATM
2023-08-25,2023-08-29,CALL,4413.905,4360.0,58.4,60.8,59.599999999999994,48,35,4,0.010958904109589041,1.0123635321100917,ATM
2023-08-25,2023-08-29,PUT,4413.905,4360.0,4.6,4.8,4.699999999999999,1093,238,4,0.010958904109589041,1.0123635321100917,ATM
2023-08-25,2023-08-29,CALL,4413.905,4365.0,55.0,56.3,55.65,66,33,4,0.010958904109589041,1.0112038946162656,ATM
2023-08-25,2023-08-29,PUT,4413.905,4365.0,5.4,5.5,5.45,448,290,4,0.010958904109589041,1.0112038946162656,ATM
2023-08-25,2023-08-29,CALL,4413.905,4370.0,50.9,52.2,51.55,103,58,4,0.010958904109589041,1.0100469107551486,ATM
2023-08-25,2023-08-29,PUT,4413.905,4370.0,6.2,6.4,6.300000000000001,758,710,4,0.010958904109589041,1.0100469107551486,ATM
2023-08-25,2023-08-29,CALL,4413.905,4375.0,46.9,47.9,47.4,179,63,4,0.010958904109589041,1.0088925714285715,ATM
2023-08-25,2023-08-29,PUT,4413.905,4375.0,7.1,7.3,7.199999999999999,711,301,4,0.010958904109589041,1.0088925714285715,ATM
2023-08-25,2023-08-29,CALL,4413.905,4380.0,43.2,44.1,43.650000000000006,259,48,4,0.010958904109589041,1.0077408675799087,ATM
2023-08-25,2023-08-29,PUT,4413.905,4380.0,8.2,8.4,8.3,642,295,4,0.010958904109589041,1.0077408675799087,ATM
2023-08-25,2023-08-29,CALL,4413.905,4385.0,39.2,40.2,39.7,253,136,4,0.010958904109589041,1.0065917901938426,ATM
2023-08-25,2023-08-29,PUT,4413.905,4385.0,9.4,9.6,9.5,421,425,4,0.010958904109589041,1.0065917901938426,ATM
2023-08-25,2023-08-29,CALL,4413.905,4390.0,36.0,36.3,36.15,294,127,4,0.010958904109589041,1.0054453302961275,ATM
2023-08-25,2023-08-29,PUT,4413.905,4390.0,10.7,10.9,10.8,893,227,4,0.010958904109589041,1.0054453302961275,ATM
2023-08-25,2023-08-29,CALL,4413.905,4395.0,32.5,32.8,32.65,355,102,4,0.010958904109589041,1.004301478953356,ATM
2023-08-25,2023-08-29,PUT,4413.905,4395.0,12.2,12.4,12.3,694,200,4,0.010958904109589041,1.004301478953356,ATM
2023-08-25,2023-08-29,CALL,4413.905,4400.0,29.2,29.5,29.35,1569,147,4,0.010958904109589041,1.0031602272727271,ATM
2023-08-25,2023-08-29,PUT,4413.905,4400.0,13.9,14.2,14.05,1757,1606,4,0.010958904109589041,1.0031602272727271,ATM
2023-08-25,2023-08-29,CALL,4413.905,4405.0,26.0,26.3,26.15,373,74,4,0.010958904109589041,1.0020215664018162,ATM
2023-08-25,2023-08-29,PUT,4413.905,4405.0,15.7,16.0,15.85,314,348,4,0.010958904109589041,1.0020215664018162,ATM
2023-08-25,2023-08-29,CALL,4413.905,4410.0,23.1,23.4,23.25,603,104,4,0.010958904109589041,1.0008854875283446,ATM
2023-08-25,2023-08-29,PUT,4413.905,4410.0,17.8,18.0,17.9,227,190,4,0.010958904109589041,1.0008854875283446,ATM
2023-08-25,2023-08-29,CALL,4413.905,4415.0,20.3,20.6,20.450000000000003,443,140,4,0.010958904109589041,0.9997519818799546,ATM
2023-08-25,2023-08-29,PUT,4413.905,4415.0,20.0,20.4,20.2,154,99,4,0.010958904109589041,0.9997519818799546,ATM
2023-08-25,2023-08-29,CALL,4413.905,4420.0,17.8,18.0,17.9,673,117,4,0.010958904109589041,0.9986210407239818,ATM
2023-08-25,2023-08-29,PUT,4413.905,4420.0,22.4,22.8,22.6,112,172,4,0.010958904109589041,0.9986210407239818,ATM
2023-08-25,2023-08-29,CALL,4413.905,4425.0,15.4,15.7,15.55,394,368,4,0.010958904109589041,0.9974926553672315,ATM
2023-08-25,2023-08-29,PUT,4413.905,4425.0,25.0,25.5,25.25,271,397,4,0.010958904109589041,0.9974926553672315,ATM
2023-08-25,2023-08-29,CALL,4413.905,4430.0,13.3,13.5,13.4,634,353,4,0.010958904109589041,0.9963668171557561,ATM
2023-08-25,2023-08-29,PUT,4413.905,4430.0,28.0,28.2,28.1,219,305,4,0.010958904109589041,0.9963668171557561,ATM
2023-08-25,2023-08-29,CALL,4413.905,4435.0,11.4,11.6,11.5,333,66,4,0.010958904109589041,0.9952435174746336,ATM
2023-08-25,2023-08-29,PUT,4413.905,4435.0,30.9,31.3,31.1,34,365,4,0.010958904109589041,0.9952435174746336,ATM
2023-08-25,2023-08-29,CALL,4413.905,4440.0,9.6,9.8,9.7,587,393,4,0.010958904109589041,0.9941227477477477,ATM
2023-08-25,2023-08-29,PUT,4413.905,4440.0,33.9,34.9,34.4,126,601,4,0.010958904109589041,0.9941227477477477,ATM
2023-08-25,2023-08-29,CALL,4413.905,4445.0,8.1,8.3,8.2,454,310,4,0.010958904109589041,0.9930044994375703,ATM
2023-08-25,2023-08-29,PUT,4413.905,4445.0,37.5,38.7,38.1,21,66,4,0.010958904109589041,0.9930044994375703,ATM
2023-08-25,2023-08-29,CALL,4413.905,4450.0,6.7,6.9,6.800000000000001,818,1997,4,0.010958904109589041,0.9918887640449437,ATM
2023-08-25,2023-08-29,PUT,4413.905,4450.0,41.0,42.0,41.5,379,421,4,0.010958904109589041,0.9918887640449437,ATM
2023-08-25,2023-08-29,CALL,4413.905,4455.0,5.5,5.8,5.65,2158,1078,4,0.010958904109589041,0.9907755331088663,ATM
2023-08-25,2023-08-29,PUT,4413.905,4455.0,44.7,46.0,45.35,26,67,4,0.010958904109589041,0.9907755331088663,ATM
2023-08-25,2023-08-29,CALL,4413.905,4460.0,4.5,4.7,4.6,1251,953,4,0.010958904109589041,0.989664798206278,ATM
2023-08-25,2023-08-29,PUT,4413.905,4460.0,48.6,50.0,49.3,43,115,4,0.010958904109589041,0.989664798206278,ATM
2023-08-25,2023-08-29,CALL,4413.905,4465.0,3.7,3.9,3.8,368,213,4,0.010958904109589041,0.9885565509518477,ATM
2023-08-25,2023-08-29,PUT,4413.905,4465.0,52.7,54.1,53.400000000000006,37,27,4,0.010958904109589041,0.9885565509518477,ATM
2023-08-25,2023-08-29,CALL,4413.905,4470.0,2.95,3.1,3.0250000000000004,971,777,4,0.010958904109589041,0.9874507829977628,ATM
2023-08-25,2023-08-29,PUT,4413.905,4470.0,57.2,58.6,57.900000000000006,23,112,4,0.010958904109589041,0.9874507829977628,ATM
2023-08-25,2023-08-29,CALL,4413.905,4475.0,2.35,2.5,2.425,1290,689,4,0.010958904109589041,0.9863474860335195,ATM
2023-08-25,2023-08-29,PUT,4413.905,4475.0,61.6,63.0,62.3,8,87,4,0.010958904109589041,0.9863474860335195,ATM
2023-08-25,2023-08-29,CALL,4413.905,4480.0,1.9,2.0,1.95,657,593,4,0.010958904109589041,0.9852466517857142,ATM
2023-08-25,2023-08-29,PUT,4413.905,4480.0,66.1,67.7,66.9,20,29,4,0.010958904109589041,0.9852466517857142,ATM
2023-08-25,2023-08-29,CALL,4413.905,4485.0,1.5,1.6,1.55,385,456,4,0.010958904109589041,0.9841482720178372,ATM
2023-08-25,2023-08-29,PUT,4413.905,4485.0,70.5,72.2,71.35,35,171,4,0.010958904109589041,0.9841482720178372,ATM
2023-08-25,2023-08-29,CALL,4413.905,4490.0,1.15,1.25,1.2,1046,940,4,0.010958904109589041,0.9830523385300668,ATM
2023-08-25,2023-08-29,PUT,4413.905,4490.0,75.4,77.0,76.2,88,16,4,0.010958904109589041,0.9830523385300668,ATM
2023-08-25,2023-08-29,CALL,4413.905,4495.0,0.9,1.0,0.95,1035,822,4,0.010958904109589041,0.9819588431590656,ATM
2023-08-25,2023-08-29,PUT,4413.905,4495.0,80.1,81.6,80.85,10,3,4,0.010958904109589041,0.9819588431590656,ATM
2023-08-25,2023-08-29,CALL,4413.905,4500.0,0.7,0.8,0.75,1775,1933,4,0.010958904109589041,0.9808677777777777,ATM
2023-08-25,2023-08-29,PUT,4413.905,4500.0,84.9,86.4,85.65,21,547,4,0.010958904109589041,0.9808677777777777,ATM
2023-08-25,2023-08-29,CALL,4413.905,4505.0,0.55,0.65,0.6000000000000001,723,503,4,0.010958904109589041,0.9797791342952274,ATM
2023-08-25,2023-08-29,PUT,4413.905,4505.0,89.5,91.3,90.4,13,9,4,0.010958904109589041,0.9797791342952274,ATM
2023-08-25,2023-08-29,CALL,4413.905,4510.0,0.4,0.5,0.45,699,603,4,0.010958904109589041,0.9786929046563192,ATM
2023-08-25,2023-08-29,PUT,4413.905,4510.0,94.4,96.2,95.30000000000001,3,13,4,0.010958904109589041,0.9786929046563192,ATM
2023-08-25,2023-08-29,CALL,4413.905,4515.0,0.35,0.4,0.375,163,334,4,0.010958904109589041,0.9776090808416389,ATM
2023-08-25,2023-08-29,PUT,4413.905,4515.0,99.4,101.2,100.30000000000001,1,66,4,0.010958904109589041,0.9776090808416389,ATM
2023-08-25,2023-08-29,CALL,4413.905,4520.0,0.25,0.35,0.3,128,368,4,0.010958904109589041,0.9765276548672566,ATM
2023-08-25,2023-08-29,PUT,4413.905,4520.0,103.5,107.2,105.35,13,49,4,0.010958904109589041,0.9765276548672566,ATM
2023-08-25,2023-08-29,CALL,4413.905,4525.0,0.2,0.3,0.25,233,407,4,0.010958904109589041,0.9754486187845304,ATM
2023-08-25,2023-08-29,PUT,4413.905,4525.0,108.2,112.1,110.15,10,35,4,0.010958904109589041,0.9754486187845304,ATM
2023-08-25,2023-08-29,CALL,4413.905,4530.0,0.15,0.25,0.2,124,353,4,0.010958904109589041,0.9743719646799116,ATM
2023-08-25,2023-08-29,PUT,4413.905,4530.0,113.4,117.1,115.25,2,45,4,0.010958904109589041,0.9743719646799116,ATM
2023-08-25,2023-08-29,CALL,4413.905,4535.0,0.15,0.2,0.175,87,251,4,0.010958904109589041,0.9732976846747519,ATM
2023-08-25,2023-08-29,CALL,4413.905,4540.0,0.1,0.2,0.15000000000000002,73,265,4,0.010958904109589041,0.9722257709251101,ATM
2023-08-25,2023-08-29,CALL,4413.905,4545.0,0.1,0.15,0.125,40,222,4,0.010958904109589041,0.9711562156215621,ATM
2023-08-25,2023-08-29,PUT,4413.905,4545.0,128.0,132.0,130.0,10,16,4,0.010958904109589041,0.9711562156215621,ATM
2023-08-25,2023-08-29,PUT,4413.905,4550.0,133.0,137.0,135.0,20,65,4,0.010958904109589041,0.9700890109890109,ATM
2023-08-25,2023-08-29,PUT,4413.905,4555.0,138.0,142.0,140.0,20,2,4,0.010958904109589041,0.9690241492864983,OTM
2023-08-25,2023-08-29,PUT,4413.905,4560.0,143.0,147.0,145.0,24,26,4,0.010958904109589041,0.9679616228070175,OTM
2023-08-25,2023-08-29,PUT,4413.905,4570.0,152.9,156.9,154.9,24,34,4,0.010958904109589041,0.965843544857768,OTM
2023-08-25,2023-08-29,PUT,4413.905,4600.0,182.9,186.9,184.9,1,40,4,0.010958904109589041,0.9595445652173913,OTM
2023-08-25,2023-08-29,PUT,4413.905,4675.0,257.9,261.9,259.9,4,5,4,0.010958904109589041,0.9441508021390373,OTM
2023-08-25,2023-08-30,PUT,4413.905,4025.0,0.2,0.3,0.25,1,644,5,0.0136986301369863,1.096622360248447,ITM
2023-08-25,2023-08-30,PUT,4413.905,4050.0,0.25,0.3,0.275,16,574,5,0.0136986301369863,1.089853086419753,ITM
2023-08-25,2023-08-30,PUT,4413.905,4075.0,0.25,0.3,0.275,1,216,5,0.0136986301369863,1.0831668711656441,ITM
2023-08-25,2023-08-30,PUT,4413.905,4080.0,0.25,0.3,0.275,525,561,5,0.0136986301369863,1.0818394607843136,ITM
2023-08-25,2023-08-30,PUT,4413.905,4100.0,0.25,0.35,0.3,15,1123,5,0.0136986301369863,1.076562195121951,ITM
2023-08-25,2023-08-30,PUT,4413.905,4110.0,0.25,0.35,0.3,25,319,5,0.0136986301369863,1.073942822384428,ITM
2023-08-25,2023-08-30,PUT,4413.905,4120.0,0.25,0.35,0.3,20,135,5,0.0136986301369863,1.0713361650485436,ITM
2023-08-25,2023-08-30,PUT,4413.905,4125.0,0.3,0.35,0.32499999999999996,174,199,5,0.0136986301369863,1.0700375757575757,ITM
2023-08-25,2023-08-30,PUT,4413.905,4130.0,0.3,0.35,0.32499999999999996,43,143,5,0.0136986301369863,1.0687421307506053,ITM
2023-08-25,2023-08-30,PUT,4413.905,4140.0,0.3,0.35,0.32499999999999996,143,1405,5,0.0136986301369863,1.0661606280193237,ITM
2023-08-25,2023-08-30,PUT,4413.905,4150.0,0.3,0.35,0.32499999999999996,151,475,5,0.0136986301369863,1.0635915662650601,ITM
2023-08-25,2023-08-30,PUT,4413.905,4155.0,0.3,0.4,0.35,116,260,5,0.0136986301369863,1.0623116726835138,ITM
2023-08-25,2023-08-30,PUT,4413.905,4160.0,0.35,0.4,0.375,62,238,5,0.0136986301369863,1.0610348557692306,ITM
2023-08-25,2023-08-30,PUT,4413.905,4165.0,0.35,0.4,0.375,31,66,5,0.0136986301369863,1.0597611044417767,ITM
2023-08-25,2023-08-30,PUT,4413.905,4170.0,0.35,0.4,0.375,29,51,5,0.0136986301369863,1.0584904076738608,ITM
2023-08-25,2023-08-30,PUT,4413.905,4175.0,0.35,0.4,0.375,2779,201,5,0.0136986301369863,1.057222754491018,ITM
2023-08-25,2023-08-30,PUT,4413.905,4180.0,0.35,0.45,0.4,260,189,5,0.0136986301369863,1.0559581339712918,ITM
2023-08-25,2023-08-30,PUT,4413.905,4185.0,0.35,0.45,0.4,25,110,5,0.0136986301369863,1.0546965352449222,ITM
2023-08-25,2023-08-30,PUT,4413.905,4190.0,0.4,0.45,0.42500000000000004,45,100,5,0.0136986301369863,1.0534379474940334,ITM
2023-08-25,2023-08-30,PUT,4413.905,4195.0,0.4,0.45,0.42500000000000004,47,185,5,0.0136986301369863,1.0521823599523241,ITM
2023-08-25,2023-08-30,PUT,4413.905,4200.0,0.4,0.5,0.45,807,840,5,0.0136986301369863,1.050929761904762,ITM
2023-08-25,2023-08-30,PUT,4413.905,4205.0,0.4,0.5,0.45,586,188,5,0.0136986301369863,1.049680142687277,ITM
2023-08-25,2023-08-30,PUT,4413.905,4210.0,0.45,0.5,0.475,15,4093,5,0.0136986301369863,1.0484334916864608,ITM
2023-08-25,2023-08-30,PUT,4413.905,4215.0,0.45,0.55,0.5,31,123,5,0.0136986301369863,1.0471897983392644,ITM
2023-08-25,2023-08-30,PUT,4413.905,4220.0,0.5,0.55,0.525,158,1089,5,0.0136986301369863,1.0459490521327013,ITM
2023-08-25,2023-08-30,PUT,4413.905,4225.0,0.5,0.6,0.55,131,405,5,0.0136986301369863,1.0447112426035503,ITM
2023-08-25,2023-08-30,PUT,4413.905,4230.0,0.55,0.6,0.575,392,241,5,0.0136986301369863,1.0434763593380614,ITM
2023-08-25,2023-08-30,PUT,4413.905,4235.0,0.55,0.65,0.6000000000000001,32,305,5,0.0136986301369863,1.0422443919716646,ITM
2023-08-25,2023-08-30,PUT,4413.905,4240.0,0.6,0.7,0.6499999999999999,357,269,5,0.0136986301369863,1.041015330188679,ITM
2023-08-25,2023-08-30,PUT,4413.905,4245.0,0.65,0.75,0.7,482,300,5,0.0136986301369863,1.0397891637220258,ITM
2023-08-25,2023-08-30,PUT,4413.905,4250.0,0.7,0.75,0.725,1151,698,5,0.0136986301369863,1.0385658823529411,ITM
2023-08-25,2023-08-30,PUT,4413.905,4255.0,0.75,0.85,0.8,105,201,5,0.0136986301369863,1.0373454759106933,ITM
2023-08-25,2023-08-30,PUT,4413.905,4260.0,0.8,0.9,0.8500000000000001,104,753,5,0.0136986301369863,1.0361279342723004,ITM
2023-08-25,2023-08-30,PUT,4413.905,4265.0,0.9,0.95,0.925,273,384,5,0.0136986301369863,1.0349132473622509,ITM
2023-08-25,2023-08-30,CALL,4413.905,4270.0,145.0,146.9,145.95,1,10,5,0.0136986301369863,1.0337014051522249,ITM
2023-08-25,2023-08-30,PUT,4413.905,4270.0,0.95,1.05,1.0,467,276,5,0.0136986301369863,1.0337014051522249,ITM
2023-08-25,2023-08-30,PUT,4413.905,4275.0,1.05,1.15,1.1,2052,1253,5,0.0136986301369863,1.0324923976608187,ITM
2023-08-25,2023-08-30,CALL,4413.905,4280.0,135.3,137.1,136.2,2,3,5,0.0136986301369863,1.0312862149532709,ITM
2023-08-25,2023-08-30,PUT,4413.905,4280.0,1.15,1.25,1.2,220,360,5,0.0136986301369863,1.0312862149532709,ITM
2023-08-25,2023-08-30,CALL,4413.905,4285.0,130.5,132.2,131.35,2,6,5,0.0136986301369863,1.0300828471411902,ITM
2023-08-25,2023-08-30,PUT,4413.905,4285.0,1.25,1.35,1.3,199,324,5,0.0136986301369863,1.0300828471411902,ITM
2023-08-25,2023-08-30,PUT,4413.905,4290.0,1.4,1.5,1.45,442,321,5,0.0136986301369863,1.0288822843822842,ATM
2023-08-25,2023-08-30,PUT,4413.905,4295.0,1.55,1.65,1.6,83,184,5,0.0136986301369863,1.027684516880093,ATM
2023-08-25,2023-08-30,CALL,4413.905,4300.0,115.8,117.5,116.65,8,29,5,0.0136986301369863,1.0264895348837209,ATM
2023-08-25,2023-08-30,PUT,4413.905,4300.0,1.75,1.85,1.8,2111,1937,5,0.0136986301369863,1.0264895348837209,ATM
2023-08-25,2023-08-30,CALL,4413.905,4305.0,111.2,112.7,111.95,2,8,5,0.0136986301369863,1.0252973286875726,ATM
2023-08-25,2023-08-30,PUT,4413.905,4305.0,1.95,2.05,2.0,161,250,5,0.0136986301369863,1.0252973286875726,ATM
2023-08-25,2023-08-30,PUT,4413.905,4310.0,2.15,2.3,2.2249999999999996,277,236,5,0.0136986301369863,1.0241078886310904,ATM
2023-08-25,2023-08-30,CALL,4413.905,4315.0,101.7,103.4,102.55000000000001,2,6,5,0.0136986301369863,1.0229212050984935,ATM
2023-08-25,2023-08-30,PUT,4413.905,4315.0,2.45,2.55,2.5,135,309,5,0.0136986301369863,1.0229212050984935,ATM
2023-08-25,2023-08-30,CALL,4413.905,4320.0,96.9,98.5,97.7,1,14,5,0.0136986301369863,1.0217372685185184,ATM
2023-08-25,2023-08-30,PUT,4413.905,4320.0,2.75,2.85,2.8,263,1110,5,0.0136986301369863,1.0217372685185184,ATM
2023-08-25,2023-08-30,CALL,4413.905,4325.0,92.3,93.8,93.05,9,16,5,0.0136986301369863,1.0205560693641618,ATM
2023-08-25,2023-08-30,PUT,4413.905,4325.0,3.1,3.3,3.2,362,968,5,0.0136986301369863,1.0205560693641618,ATM
2023-08-25,2023-08-30,CALL,4413.905,4330.0,87.8,89.2,88.5,1,18,5,0.0136986301369863,1.019377598152425,ATM
2023-08-25,2023-08-30,PUT,4413.905,4330.0,3.5,3.7,3.6,290,483,5,0.0136986301369863,1.019377598152425,ATM
2023-08-25,2023-08-30,CALL,4413.905,4335.0,83.2,84.9,84.05000000000001,15,31,5,0.0136986301369863,1.01820184544406,ATM
2023-08-25,2023-08-30,PUT,4413.905,4335.0,3.9,4.1,4.0,129,1053,5,0.0136986301369863,1.01820184544406,ATM
2023-08-25,2023-08-30,CALL,4413.905,4340.0,79.0,80.4,79.7,12,35,5,0.0136986301369863,1.017028801843318,ATM
2023-08-25,2023-08-30,PUT,4413.905,4340.0,4.5,4.7,4.6,353,350,5,0.0136986301369863,1.017028801843318,ATM
2023-08-25,2023-08-30,CALL,4413.905,4345.0,74.5,76.0,75.25,35,125,5,0.0136986301369863,1.0158584579976984,ATM
2023-08-25,2023-08-30,PUT,4413.905,4345.0,5.1,5.2,5.15,738,548,5,0.0136986301369863,1.0158584579976984,ATM
2023-08-25,2023-08-30,CALL,4413.905,4350.0,70.4,71.7,71.05000000000001,45,691,5,0.0136986301369863,1.014690804597701,ATM
2023-08-25,2023-08-30,PUT,4413.905,4350.0,5.7,5.9,5.800000000000001,2269,1726,5,0.0136986301369863,1.014690804597701,ATM
2023-08-25,2023-08-30,CALL,4413.905,4355.0,65.8,67.2,66.5,27,57,5,0.0136986301369863,1.0135258323765786,ATM
2023-08-25,2023-08-30,PUT,4413.905,4355.0,6.5,6.7,6.6,501,493,5,0.0136986301369863,1.0135258323765786,ATM
2023-08-25,2023-08-30,CALL,4413.905,4360.0,62.0,63.2,62.6,88,251,5,0.0136986301369863,1.0123635321100917,ATM
2023-08-25,2023-08-30,PUT,4413.905,4360.0,7.3,7.5,7.4,372,1315,5,0.0136986301369863,1.0123635321100917,ATM
2023-08-25,2023-08-30,CALL,4413.905,4365.0,57.9,59.1,58.5,91,86,5,0.0136986301369863,1.0112038946162656,ATM
2023-08-25,2023-08-30,PUT,4413.905,4365.0,8.2,8.4,8.3,280,233,5,0.0136986301369863,1.0112038946162656,ATM
2023-08-25,2023-08-30,CALL,4413.905,4370.0,54.0,55.2,54.6,98,100,5,0.0136986301369863,1.0100469107551486,ATM
2023-08-25,2023-08-30,PUT,4413.905,4370.0,9.3,9.5,9.4,616,286,5,0.0136986301369863,1.0100469107551486,ATM
2023-08-25,2023-08-30,CALL,4413.905,4375.0,50.0,51.1,50.55,170,88,5,0.0136986301369863,1.0088925714285715,ATM
2023-08-25,2023-08-30,PUT,4413.905,4375.0,10.4,10.6,10.5,853,1049,5,0.0136986301369863,1.0088925714285715,ATM
2023-08-25,2023-08-30,CALL,4413.905,4380.0,46.5,47.3,46.9,153,122,5,0.0136986301369863,1.0077408675799087,ATM
2023-08-25,2023-08-30,PUT,4413.905,4380.0,11.6,11.8,11.7,507,296,5,0.0136986301369863,1.0077408675799087,ATM
2023-08-25,2023-08-30,CALL,4413.905,4385.0,43.2,43.5,43.35,308,91,5,0.0136986301369863,1.0065917901938426,ATM
2023-08-25,2023-08-30,PUT,4413.905,4385.0,13.0,13.2,13.1,383,147,5,0.0136986301369863,1.0065917901938426,ATM
2023-08-25,2023-08-30,CALL,4413.905,4390.0,39.7,40.0,39.85,219,95,5,0.0136986301369863,1.0054453302961275,ATM
2023-08-25,2023-08-30,PUT,4413.905,4390.0,14.5,14.7,14.6,435,250,5,0.0136986301369863,1.0054453302961275,ATM
2023-08-25,2023-08-30,CALL,4413.905,4395.0,36.3,36.6,36.45,227,96,5,0.0136986301369863,1.004301478953356,ATM
2023-08-25,2023-08-30,PUT,4413.905,4395.0,16.1,16.4,16.25,221,611,5,0.0136986301369863,1.004301478953356,ATM
2023-08-25,2023-08-30,CALL,4413.905,4400.0,33.1,33.5,33.3,1261,501,5,0.0136986301369863,1.0031602272727271,ATM
2023-08-25,2023-08-30,PUT,4413.905,4400.0,17.9,18.2,18.049999999999997,1303,989,5,0.0136986301369863,1.0031602272727271,ATM
2023-08-25,2023-08-30,CALL,4413.905,4405.0,30.0,30.3,30.15,249,155,5,0.0136986301369863,1.0020215664018162,ATM
2023-08-25,2023-08-30,PUT,4413.905,4405.0,19.8,20.1,19.950000000000003,328,160,5,0.0136986301369863,1.0020215664018162,ATM
2023-08-25,2023-08-30,CALL,4413.905,4410.0,27.1,27.4,27.25,443,180,5,0.0136986301369863,1.0008854875283446,ATM
2023-08-25,2023-08-30,PUT,4413.905,4410.0,21.9,22.2,22.049999999999997,377,563,5,0.0136986301369863,1.0008854875283446,ATM
2023-08-25,2023-08-30,CALL,4413.905,4415.0,24.4,24.7,24.549999999999997,252,125,5,0.0136986301369863,0.9997519818799546,ATM
2023-08-25,2023-08-30,PUT,4413.905,4415.0,24.2,24.4,24.299999999999997,182,549,5,0.0136986301369863,0.9997519818799546,ATM
2023-08-25,2023-08-30,CALL,4413.905,4420.0,21.8,22.1,21.950000000000003,326,144,5,0.0136986301369863,0.9986210407239818,ATM
2023-08-25,2023-08-30,PUT,4413.905,4420.0,26.6,26.8,26.700000000000003,204,181,5,0.0136986301369863,0.9986210407239818,ATM
2023-08-25,2023-08-30,CALL,4413.905,4425.0,19.4,19.6,19.5,1205,228,5,0.0136986301369863,0.9974926553672315,ATM
2023-08-25,2023-08-30,PUT,4413.905,4425.0,29.1,29.4,29.25,65,387,5,0.0136986301369863,0.9974926553672315,ATM
2023-08-25,2023-08-30,CALL,4413.905,4430.0,17.1,17.4,17.25,209,323,5,0.0136986301369863,0.9963668171557561,ATM
2023-08-25,2023-08-30,PUT,4413.905,4430.0,31.9,32.2,32.05,58,163,5,0.0136986301369863,0.9963668171557561,ATM
2023-08-25,2023-08-30,CALL,4413.905,4435.0,15.0,15.3,15.15,265,223,5,0.0136986301369863,0.9952435174746336,ATM
2023-08-25,2023-08-30,PUT,4413.905,4435.0,34.8,35.1,34.95,21,203,5,0.0136986301369863,0.9952435174746336,ATM
2023-08-25,2023-08-30,CALL,4413.905,4440.0,13.1,13.4,13.25,682,195,5,0.0136986301369863,0.9941227477477477,ATM
2023-08-25,2023-08-30,PUT,4413.905,4440.0,37.9,38.2,38.05,23,298,5,0.0136986301369863,0.9941227477477477,ATM
2023-08-25,2023-08-30,CALL,4413.905,4445.0,11.4,11.6,11.5,936,518,5,0.0136986301369863,0.9930044994375703,ATM
2023-08-25,2023-08-30,PUT,4413.905,4445.0,40.8,42.0,41.4,11,166,5,0.0136986301369863,0.9930044994375703,ATM
2023-08-25,2023-08-30,CALL,4413.905,4450.0,9.8,10.1,9.95,2758,1521,5,0.0136986301369863,0.9918887640449437,ATM
2023-08-25,2023-08-30,PUT,4413.905,4450.0,44.1,45.5,44.8,85,768,5,0.0136986301369863,0.9918887640449437,ATM
2023-08-25,2023-08-30,CALL,4413.905,4455.0,8.4,8.6,8.5,293,509,5,0.0136986301369863,0.9907755331088663,ATM
2023-08-25,2023-08-30,PUT,4413.905,4455.0,47.8,49.1,48.45,2,262,5,0.0136986301369863,0.9907755331088663,ATM
2023-08-25,2023-08-30,CALL,4413.905,4460.0,7.2,7.4,7.300000000000001,349,645,5,0.0136986301369863,0.989664798206278,ATM
2023-08-25,2023-08-30,PUT,4413.905,4460.0,51.5,52.8,52.15,6,178,5,0.0136986301369863,0.989664798206278,ATM
2023-08-25,2023-08-30,CALL,4413.905,4465.0,6.0,6.2,6.1,968,1877,5,0.0136986301369863,0.9885565509518477,ATM
2023-08-25,2023-08-30,PUT,4413.905,4465.0,55.1,56.9,56.0,3,170,5,0.0136986301369863,0.9885565509518477,ATM
2023-08-25,2023-08-30,CALL,4413.905,4470.0,5.1,5.2,5.15,1245,1020,5,0.0136986301369863,0.9874507829977628,ATM
2023-08-25,2023-08-30,PUT,4413.905,4470.0,59.2,60.5,59.85,34,128,5,0.0136986301369863,0.9874507829977628,ATM
2023-08-25,2023-08-30,CALL,4413.905,4475.0,4.2,4.4,4.300000000000001,1217,1356,5,0.0136986301369863,0.9863474860335195,ATM
2023-08-25,2023-08-30,PUT,4413.905,4475.0,63.5,65.5,64.5,5,385,5,0.0136986301369863,0.9863474860335195,ATM
2023-08-25,2023-08-30,CALL,4413.905,4480.0,3.5,3.7,3.6,2968,2205,5,0.0136986301369863,0.9852466517857142,ATM
2023-08-25,2023-08-30,PUT,4413.905,4480.0,67.8,69.2,68.5,3,56,5,0.0136986301369863,0.9852466517857142,ATM
2023-08-25,2023-08-30,CALL,4413.905,4485.0,2.9,3.1,3.0,138,1998,5,0.0136986301369863,0.9841482720178372,ATM
2023-08-25,2023-08-30,CALL,4413.905,4490.0,2.4,2.5,2.45,1726,1963,5,0.0136986301369863,0.9830523385300668,ATM
2023-08-25,2023-08-30,PUT,4413.905,4490.0,76.4,78.1,77.25,30,69,5,0.0136986301369863,0.9830523385300668,ATM
2023-08-25,2023-08-30,CALL,4413.905,4495.0,1.95,2.1,2.025,140,269,5,0.0136986301369863,0.9819588431590656,ATM
2023-08-25,2023-08-30,CALL,4413.905,4500.0,1.6,1.7,1.65,2547,3058,5,0.0136986301369863,0.9808677777777777,ATM
2023-08-25,2023-08-30,PUT,4413.905,4500.0,85.6,87.3,86.44999999999999,15,1117,5,0.0136986301369863,0.9808677777777777,ATM
2023-08-25,2023-08-30,CALL,4413.905,4505.0,1.3,1.4,1.35,465,564,5,0.0136986301369863,0.9797791342952274,ATM
2023-08-25,2023-08-30,CALL,4413.905,4510.0,1.05,1.15,1.1,497,1004,5,0.0136986301369863,0.9786929046563192,ATM
2023-08-25,2023-08-30,PUT,4413.905,4510.0,95.0,96.8,95.9,1,99,5,0.0136986301369863,0.9786929046563192,ATM
2023-08-25,2023-08-30,CALL,4413.905,4515.0,0.85,0.95,0.8999999999999999,296,651,5,0.0136986301369863,0.9776090808416389,ATM
2023-08-25,2023-08-30,PUT,4413.905,4515.0,100.0,101.7,100.85,1,106,5,0.0136986301369863,0.9776090808416389,ATM
2023-08-25,2023-08-30,CALL,4413.905,4520.0,0.7,0.8,0.75,707,804,5,0.0136986301369863,0.9765276548672566,ATM
2023-08-25,2023-08-30,PUT,4413.905,4520.0,104.6,106.4,105.5,5,109,5,0.0136986301369863,0.9765276548672566,ATM
2023-08-25,2023-08-30,CALL,4413.905,4525.0,0.55,0.65,0.6000000000000001,283,642,5,0.0136986301369863,0.9754486187845304,ATM
2023-08-25,2023-08-30,CALL,4413.905,4530.0,0.45,0.55,0.5,136,1289,5,0.0136986301369863,0.9743719646799116,ATM
2023-08-25,2023-08-30,PUT,4413.905,4530.0,114.6,116.2,115.4,2,244,5,0.0136986301369863,0.9743719646799116,ATM
2023-08-25,2023-08-30,CALL,4413.905,4535.0,0.35,0.45,0.4,60,861,5,0.0136986301369863,0.9732976846747519,ATM
2023-08-25,2023-08-30,CALL,4413.905,4540.0,0.3,0.4,0.35,81,1051,5,0.0136986301369863,0.9722257709251101,ATM
2023-08-25,2023-08-30,CALL,4413.905,4545.0,0.25,0.35,0.3,98,697,5,0.0136986301369863,0.9711562156215621,ATM
2023-08-25,2023-08-30,PUT,4413.905,4545.0,128.2,132.2,130.2,4,19,5,0.0136986301369863,0.9711562156215621,ATM
2023-08-25,2023-08-30,CALL,4413.905,4550.0,0.2,0.3,0.25,139,2324,5,0.0136986301369863,0.9700890109890109,ATM
2023-08-25,2023-08-30,CALL,4413.905,4555.0,0.15,0.25,0.2,48,644,5,0.0136986301369863,0.9690241492864983,OTM
2023-08-25,2023-08-30,CALL,4413.905,4560.0,0.15,0.2,0.175,141,521,5,0.0136986301369863,0.9679616228070175,OTM
2023-08-25,2023-08-30,PUT,4413.905,4560.0,143.1,147.1,145.1,2,57,5,0.0136986301369863,0.9679616228070175,OTM
2023-08-25,2023-08-30,CALL,4413.905,4565.0,0.1,0.2,0.15000000000000002,55,1150,5,0.0136986301369863,0.9669014238773275,OTM
2023-08-25,2023-08-30,PUT,4413.905,4565.0,148.1,152.0,150.05,5,167,5,0.0136986301369863,0.9669014238773275,OTM
2023-08-25,2023-08-30,CALL,4413.905,4570.0,0.1,0.15,0.125,42,404,5,0.0136986301369863,0.965843544857768,OTM
2023-08-25,2023-08-30,PUT,4413.905,4570.0,153.1,157.0,155.05,6,40,5,0.0136986301369863,0.965843544857768,OTM
2023-08-25,2023-08-30,CALL,4413.905,4575.0,0.1,0.15,0.125,4,203,5,0.0136986301369863,0.9647879781420764,OTM
2023-08-25,2023-08-30,PUT,4413.905,4575.0,158.0,162.0,160.0,4,102,5,0.0136986301369863,0.9647879781420764,OTM
2023-08-25,2023-08-30,PUT,4413.905,4600.0,183.0,186.9,184.95,5,59,5,0.0136986301369863,0.9595445652173913,OTM
2023-08-25,2023-08-31,PUT,4413.905,4015.0,0.3,0.4,0.35,10,189,6,0.01643835616438356,1.0993536737235368,ITM
2023-08-25,2023-08-31,PUT,4413.905,4025.0,0.3,0.4,0.35,5,446,6,0.01643835616438356,1.096622360248447,ITM
2023-08-25,2023-08-31,PUT,4413.905,4030.0,0.3,0.4,0.35,367,128,6,0.01643835616438356,1.0952617866004961,ITM
2023-08-25,2023-08-31,PUT,4413.905,4035.0,0.3,0.4,0.35,88,378,6,0.01643835616438356,1.09390458488228,ITM
2023-08-25,2023-08-31,PUT,4413.905,4040.0,0.3,0.4,0.35,18,251,6,0.01643835616438356,1.0925507425742573,ITM
2023-08-25,2023-08-31,PUT,4413.905,4045.0,0.35,0.4,0.375,40,402,6,0.01643835616438356,1.0912002472187885,ITM
2023-08-25,2023-08-31,PUT,4413.905,4050.0,0.35,0.4,0.375,31,2577,6,0.01643835616438356,1.089853086419753,ITM
2023-08-25,2023-08-31,PUT,4413.905,4055.0,0.35,0.4,0.375,11,150,6,0.01643835616438356,1.08850924784217,ITM
2023-08-25,2023-08-31,PUT,4413.905,4065.0,0.35,0.4,0.375,146,330,6,0.01643835616438356,1.0858314883148832,ITM
2023-08-25,2023-08-31,PUT,4413.905,4070.0,0.35,0.4,0.375,155,284,6,0.01643835616438356,1.084497542997543,ITM
2023-08-25,2023-08-31,PUT,4413.905,4075.0,0.35,0.45,0.4,147,484,6,0.01643835616438356,1.0831668711656441,ITM
2023-08-25,2023-08-31,PUT,4413.905,4080.0,0.35,0.45,0.4,57,237,6,0.01643835616438356,1.0818394607843136,ITM
2023-08-25,2023-08-31,PUT,4413.905,4085.0,0.4,0.45,0.42500000000000004,43,257,6,0.01643835616438356,1.0805152998776009,ITM
2023-08-25,2023-08-31,PUT,4413.905,4090.0,0.4,0.45,0.42500000000000004,99,224,6,0.01643835616438356,1.0791943765281173,ITM
2023-08-25,2023-08-31,PUT,4413.905,4095.0,0.4,0.45,0.42500000000000004,91,126,6,0.01643835616438356,1.0778766788766787,ITM
2023-08-25,2023-08-31,PUT,4413.905,4100.0,0.4,0.45,0.42500000000000004,2089,7748,6,0.01643835616438356,1.076562195121951,ITM
2023-08-25,2023-08-31,PUT,4413.905,4105.0,0.4,0.45,0.42500000000000004,275,338,6,0.01643835616438356,1.0752509135200974,ITM
2023-08-25,2023-08-31,PUT,4413.905,4110.0,0.4,0.45,0.42500000000000004,429,281,6,0.01643835616438356,1.073942822384428,ITM
2023-08-25,2023-08-31,PUT,4413.905,4115.0,0.4,0.5,0.45,826,569,6,0.01643835616438356,1.0726379100850547,ITM
2023-08-25,2023-08-31,PUT,4413.905,4120.0,0.45,0.5,0.475,83,594,6,0.01643835616438356,1.0713361650485436,ITM
2023-08-25,2023-08-31,PUT,4413.905,4125.0,0.45,0.5,0.475,131,772,6,0.01643835616438356,1.0700375757575757,ITM
2023-08-25,2023-08-31,CALL,4413.905,4130.0,285.0,289.0,287.0,2,23,6,0.01643835616438356,1.0687421307506053,ITM
2023-08-25,2023-08-31,PUT,4413.905,4130.0,0.45,0.5,0.475,530,500,6,0.01643835616438356,1.0687421307506053,ITM
2023-08-25,2023-08-31,CALL,4413.905,4135.0,280.0,284.0,282.0,1,31,6,0.01643835616438356,1.0674498186215235,ITM
2023-08-25,2023-08-31,PUT,4413.905,4135.0,0.45,0.5,0.475,1339,148,6,0.01643835616438356,1.0674498186215235,ITM
2023-08-25,2023-08-31,PUT,4413.905,4140.0,0.45,0.5,0.475,1765,1136,6,0.01643835616438356,1.0661606280193237,ITM
2023-08-25,2023-08-31,PUT,4413.905,4145.0,0.5,0.55,0.525,57,129,6,0.01643835616438356,1.0648745476477683,ITM
2023-08-25,2023-08-31,CALL,4413.905,4150.0,265.1,269.1,267.1,6,100,6,0.01643835616438356,1.0635915662650601,ITM
2023-08-25,2023-08-31,PUT,4413.905,4150.0,0.5,0.55,0.525,251,7710,6,0.01643835616438356,1.0635915662650601,ITM
2023-08-25,2023-08-31,CALL,4413.905,4155.0,260.1,264.1,262.1,3,24,6,0.01643835616438356,1.0623116726835138,ITM
2023-08-25,2023-08-31,PUT,4413.905,4155.0,0.5,0.55,0.525,250,227,6,0.01643835616438356,1.0623116726835138,ITM
2023-08-25,2023-08-31,CALL,4413.905,4160.0,255.1,259.1,257.1,3,21,6,0.01643835616438356,1.0610348557692306,ITM
2023-08-25,2023-08-31,PUT,4413.905,4160.0,0.5,0.6,0.55,63,362,6,0.01643835616438356,1.0610348557692306,ITM
2023-08-25,2023-08-31,PUT,4413.905,4165.0,0.55,0.6,0.575,10,234,6,0.01643835616438356,1.0597611044417767,ITM
2023-08-25,2023-08-31,CALL,4413.905,4170.0,245.1,249.1,247.1,5,153,6,0.01643835616438356,1.0584904076738608,ITM
2023-08-25,2023-08-31,PUT,4413.905,4170.0,0.55,0.6,0.575,145,610,6,0.01643835616438356,1.0584904076738608,ITM
2023-08-25,2023-08-31,PUT,4413.905,4175.0,0.55,0.65,0.6000000000000001,3180,1115,6,0.01643835616438356,1.057222754491018,ITM
2023-08-25,2023-08-31,PUT,4413.905,4180.0,0.6,0.65,0.625,51,285,6,0.01643835616438356,1.0559581339712918,ITM
2023-08-25,2023-08-31,PUT,4413.905,4185.0,0.6,0.7,0.6499999999999999,93,4057,6,0.01643835616438356,1.0546965352449222,ITM
2023-08-25,2023-08-31,PUT,4413.905,4190.0,0.6,0.7,0.6499999999999999,102,427,6,0.01643835616438356,1.0534379474940334,ITM
2023-08-25,2023-08-31,CALL,4413.905,4195.0,220.2,224.2,222.2,3,125,6,0.01643835616438356,1.0521823599523241,ITM
2023-08-25,2023-08-31,PUT,4413.905,4195.0,0.65,0.75,0.7,98,1017,6,0.01643835616438356,1.0521823599523241,ITM
2023-08-25,2023-08-31,CALL,4413.905,4200.0,215.3,219.3,217.3,10,957,6,0.01643835616438356,1.050929761904762,ITM
2023-08-25,2023-08-31,PUT,4413.905,4200.0,0.7,0.75,0.725,677,16551,6,0.01643835616438356,1.050929761904762,ITM
2023-08-25,2023-08-31,PUT,4413.905,4205.0,0.7,0.8,0.75,44,704,6,0.01643835616438356,1.049680142687277,ITM
2023-08-25,2023-08-31,PUT,4413.905,4210.0,0.75,0.8,0.775,190,325,6,0.01643835616438356,1.0484334916864608,ITM
2023-08-25,2023-08-31,PUT,4413.905,4215.0,0.8,0.85,0.825,95,306,6,0.01643835616438356,1.0471897983392644,ITM
2023-08-25,2023-08-31,PUT,4413.905,4220.0,0.8,0.9,0.8500000000000001,485,1432,6,0.01643835616438356,1.0459490521327013,ITM
2023-08-25,2023-08-31,PUT,4413.905,4225.0,0.85,0.95,0.8999999999999999,288,866,6,0.01643835616438356,1.0447112426035503,ITM
2023-08-25,2023-08-31,PUT,4413.905,4230.0,0.9,1.0,0.95,595,843,6,0.01643835616438356,1.0434763593380614,ITM
2023-08-25,2023-08-31,PUT,4413.905,4235.0,0.95,1.05,1.0,1582,391,6,0.01643835616438356,1.0422443919716646,ITM
2023-08-25,2023-08-31,PUT,4413.905,4240.0,1.05,1.15,1.1,942,725,6,0.01643835616438356,1.041015330188679,ITM
2023-08-25,2023-08-31,CALL,4413.905,4245.0,171.6,173.6,172.6,50,162,6,0.01643835616438356,1.0397891637220258,ITM
2023-08-25,2023-08-31,PUT,4413.905,4245.0,1.1,1.2,1.15,354,377,6,0.01643835616438356,1.0397891637220258,ITM
2023-08-25,2023-08-31,CALL,4413.905,4250.0,167.2,168.7,167.95,23,396,6,0.01643835616438356,1.0385658823529411,ITM
2023-08-25,2023-08-31,PUT,4413.905,4250.0,1.2,1.3,1.25,1477,5100,6,0.01643835616438356,1.0385658823529411,ITM
2023-08-25,2023-08-31,PUT,4413.905,4255.0,1.3,1.35,1.3250000000000002,335,263,6,0.01643835616438356,1.0373454759106933,ITM
2023-08-25,2023-08-31,CALL,4413.905,4260.0,157.4,158.9,158.15,2,61,6,0.01643835616438356,1.0361279342723004,ITM
2023-08-25,2023-08-31,PUT,4413.905,4260.0,1.35,1.45,1.4,230,908,6,0.01643835616438356,1.0361279342723004,ITM
2023-08-25,2023-08-31,CALL,4413.905,4265.0,152.1,154.1,153.1,5,79,6,0.01643835616438356,1.0349132473622509,ITM
2023-08-25,2023-08-31,PUT,4413.905,4265.0,1.5,1.6,1.55,148,193,6,0.01643835616438356,1.0349132473622509,ITM
2023-08-25,2023-08-31,CALL,4413.905,4270.0,147.5,149.1,148.3,2,29,6,0.01643835616438356,1.0337014051522249,ITM
2023-08-25,2023-08-31,PUT,4413.905,4270.0,1.6,1.7,1.65,270,847,6,0.01643835616438356,1.0337014051522249,ITM
2023-08-25,2023-08-31,CALL,4413.905,4275.0,142.4,144.4,143.4,15,150,6,0.01643835616438356,1.0324923976608187,ITM
2023-08-25,2023-08-31,PUT,4413.905,4275.0,1.75,1.85,1.8,226,1858,6,0.01643835616438356,1.0324923976608187,ITM
2023-08-25,2023-08-31,CALL,4413.905,4280.0,137.9,139.4,138.65,10,970,6,0.01643835616438356,1.0312862149532709,ITM
2023-08-25,2023-08-31,PUT,4413.905,4280.0,1.9,2.0,1.95,75,1776,6,0.01643835616438356,1.0312862149532709,ITM
2023-08-25,2023-08-31,CALL,4413.905,4285.0,132.9,134.7,133.8,1,46,6,0.01643835616438356,1.0300828471411902,ITM
2023-08-25,2023-08-31,PUT,4413.905,4285.0,2.1,2.2,2.1500000000000004,2164,861,6,0.01643835616438356,1.0300828471411902,ITM
2023-08-25,2023-08-31,PUT,4413.905,4290.0,2.3,2.4,2.3499999999999996,306,700,6,0.01643835616438356,1.0288822843822842,ATM
2023-08-25,2023-08-31,PUT,4413.905,4295.0,2.5,2.65,2.575,168,1371,6,0.01643835616438356,1.027684516880093,ATM
2023-08-25,2023-08-31,CALL,4413.905,4300.0,118.9,120.1,119.5,123,2696,6,0.01643835616438356,1.0264895348837209,ATM
2023-08-25,2023-08-31,PUT,4413.905,4300.0,2.75,2.85,2.8,7372,15547,6,0.01643835616438356,1.0264895348837209,ATM
2023-08-25,2023-08-31,PUT,4413.905,4305.0,3.0,3.2,3.1,1931,327,6,0.01643835616438356,1.0252973286875726,ATM
2023-08-25,2023-08-31,CALL,4413.905,4310.0,109.5,110.7,110.1,1,160,6,0.01643835616438356,1.0241078886310904,ATM
2023-08-25,2023-08-31,PUT,4413.905,4310.0,3.4,3.5,3.45,231,826,6,0.01643835616438356,1.0241078886310904,ATM
2023-08-25,2023-08-31,PUT,4413.905,4315.0,3.7,3.9,3.8,206,310,6,0.01643835616438356,1.0229212050984935,ATM
2023-08-25,2023-08-31,CALL,4413.905,4320.0,100.0,101.7,100.85,8,143,6,0.01643835616438356,1.0217372685185184,ATM
2023-08-25,2023-08-31,PUT,4413.905,4320.0,4.1,4.3,4.199999999999999,1959,1040,6,0.01643835616438356,1.0217372685185184,ATM
2023-08-25,2023-08-31,CALL,4413.905,4325.0,95.6,96.9,96.25,35,407,6,0.01643835616438356,1.0205560693641618,ATM
2023-08-25,2023-08-31,PUT,4413.905,4325.0,4.6,4.8,4.699999999999999,563,2045,6,0.01643835616438356,1.0205560693641618,ATM
2023-08-25,2023-08-31,CALL,4413.905,4330.0,91.3,92.4,91.85,25,114,6,0.01643835616438356,1.019377598152425,ATM
2023-08-25,2023-08-31,PUT,4413.905,4330.0,5.1,5.3,5.199999999999999,150,1276,6,0.01643835616438356,1.019377598152425,ATM
2023-08-25,2023-08-31,CALL,4413.905,4335.0,86.6,88.2,87.4,1,80,6,0.01643835616438356,1.01820184544406,ATM
2023-08-25,2023-08-31,PUT,4413.905,4335.0,5.7,5.9,5.800000000000001,197,755,6,0.01643835616438356,1.01820184544406,ATM
2023-08-25,2023-08-31,CALL,4413.905,4340.0,82.3,83.8,83.05,16,184,6,0.01643835616438356,1.017028801843318,ATM
2023-08-25,2023-08-31,PUT,4413.905,4340.0,6.3,6.5,6.4,326,863,6,0.01643835616438356,1.017028801843318,ATM
2023-08-25,2023-08-31,CALL,4413.905,4345.0,78.3,79.5,78.9,23,348,6,0.01643835616438356,1.0158584579976984,ATM
2023-08-25,2023-08-31,PUT,4413.905,4345.0,7.0,7.2,7.1,166,770,6,0.01643835616438356,1.0158584579976984,ATM
2023-08-25,2023-08-31,CALL,4413.905,4350.0,74.1,75.0,74.55,55,5930,6,0.01643835616438356,1.014690804597701,ATM
2023-08-25,2023-08-31,PUT,4413.905,4350.0,7.8,8.0,7.9,6440,12287,6,0.01643835616438356,1.014690804597701,ATM
2023-08-25,2023-08-31,CALL,4413.905,4355.0,70.0,71.1,70.55,42,1318,6,0.01643835616438356,1.0135258323765786,ATM
2023-08-25,2023-08-31,PUT,4413.905,4355.0,8.6,8.8,8.7,328,503,6,0.01643835616438356,1.0135258323765786,ATM
2023-08-25,2023-08-31,CALL,4413.905,4360.0,65.8,67.0,66.4,43,907,6,0.01643835616438356,1.0123635321100917,ATM
2023-08-25,2023-08-31,PUT,4413.905,4360.0,9.6,9.8,9.7,530,330,6,0.01643835616438356,1.0123635321100917,ATM
2023-08-25,2023-08-31,CALL,4413.905,4365.0,62.0,63.1,62.55,63,242,6,0.01643835616438356,1.0112038946162656,ATM
2023-08-25,2023-08-31,PUT,4413.905,4365.0,10.6,10.8,10.7,289,452,6,0.01643835616438356,1.0112038946162656,ATM
2023-08-25,2023-08-31,CALL,4413.905,4370.0,58.1,59.2,58.650000000000006,176,892,6,0.01643835616438356,1.0100469107551486,ATM
2023-08-25,2023-08-31,PUT,4413.905,4370.0,11.7,11.9,11.8,298,460,6,0.01643835616438356,1.0100469107551486,ATM
2023-08-25,2023-08-31,CALL,4413.905,4375.0,54.4,55.3,54.849999999999994,129,1770,6,0.01643835616438356,1.0088925714285715,ATM
2023-08-25,2023-08-31,PUT,4413.905,4375.0,12.9,13.1,13.0,1059,2220,6,0.01643835616438356,1.0088925714285715,ATM
2023-08-25,2023-08-31,CALL,4413.905,4380.0,51.0,51.3,51.15,219,478,6,0.01643835616438356,1.0077408675799087,ATM
2023-08-25,2023-08-31,PUT,4413.905,4380.0,14.2,14.5,14.35,267,1046,6,0.01643835616438356,1.0077408675799087,ATM
2023-08-25,2023-08-31,CALL,4413.905,4385.0,47.4,47.7,47.55,136,241,6,0.01643835616438356,1.0065917901938426,ATM
2023-08-25,2023-08-31,PUT,4413.905,4385.0,15.6,15.9,15.75,116,342,6,0.01643835616438356,1.0065917901938426,ATM
2023-08-25,2023-08-31,CALL,4413.905,4390.0,44.0,44.3,44.15,276,5525,6,0.01643835616438356,1.0054453302961275,ATM
2023-08-25,2023-08-31,PUT,4413.905,4390.0,17.2,17.4,17.299999999999997,537,682,6,0.01643835616438356,1.0054453302961275,ATM
2023-08-25,2023-08-31,CALL,4413.905,4395.0,40.7,40.9,40.8,286,293,6,0.01643835616438356,1.004301478953356,ATM
2023-08-25,2023-08-31,PUT,4413.905,4395.0,18.8,19.1,18.950000000000003,128,380,6,0.01643835616438356,1.004301478953356,ATM
2023-08-25,2023-08-31,CALL,4413.905,4400.0,37.5,37.7,37.6,2176,5944,6,0.01643835616438356,1.0031602272727271,ATM
2023-08-25,2023-08-31,PUT,4413.905,4400.0,20.6,20.9,20.75,2500,9634,6,0.01643835616438356,1.0031602272727271,ATM
2023-08-25,2023-08-31,CALL,4413.905,4405.0,34.4,34.7,34.55,395,86,6,0.01643835616438356,1.0020215664018162,ATM
2023-08-25,2023-08-31,PUT,4413.905,4405.0,22.6,22.8,22.700000000000003,229,436,6,0.01643835616438356,1.0020215664018162,ATM
2023-08-25,2023-08-31,CALL,4413.905,4410.0,31.4,31.7,31.549999999999997,335,626,6,0.01643835616438356,1.0008854875283446,ATM
2023-08-25,2023-08-31,PUT,4413.905,4410.0,24.6,24.9,24.75,182,454,6,0.01643835616438356,1.0008854875283446,ATM
2023-08-25,2023-08-31,CALL,4413.905,4415.0,28.6,28.9,28.75,164,274,6,0.01643835616438356,0.9997519818799546,ATM
2023-08-25,2023-08-31,PUT,4413.905,4415.0,26.8,27.1,26.950000000000003,150,188,6,0.01643835616438356,0.9997519818799546,ATM
2023-08-25,2023-08-31,CALL,4413.905,4420.0,26.0,26.2,26.1,384,524,6,0.01643835616438356,0.9986210407239818,ATM
2023-08-25,2023-08-31,PUT,4413.905,4420.0,29.1,29.4,29.25,111,517,6,0.01643835616438356,0.9986210407239818,ATM
2023-08-25,2023-08-31,CALL,4413.905,4425.0,23.5,23.7,23.6,298,1417,6,0.01643835616438356,0.9974926553672315,ATM
2023-08-25,2023-08-31,PUT,4413.905,4425.0,31.5,31.9,31.7,149,3365,6,0.01643835616438356,0.9974926553672315,ATM
2023-08-25,2023-08-31,CALL,4413.905,4430.0,21.1,21.3,21.200000000000003,313,438,6,0.01643835616438356,0.9963668171557561,ATM
2023-08-25,2023-08-31,PUT,4413.905,4430.0,34.2,34.5,34.35,56,380,6,0.01643835616438356,0.9963668171557561,ATM
2023-08-25,2023-08-31,CALL,4413.905,4435.0,18.9,19.1,19.0,362,177,6,0.01643835616438356,0.9952435174746336,ATM
2023-08-25,2023-08-31,PUT,4413.905,4435.0,37.0,37.3,37.15,28,293,6,0.01643835616438356,0.9952435174746336,ATM
2023-08-25,2023-08-31,CALL,4413.905,4440.0,16.8,17.0,16.9,221,580,6,0.01643835616438356,0.9941227477477477,ATM
2023-08-25,2023-08-31,PUT,4413.905,4440.0,39.8,40.2,40.0,73,337,6,0.01643835616438356,0.9941227477477477,ATM
2023-08-25,2023-08-31,CALL,4413.905,4445.0,14.9,15.1,15.0,221,248,6,0.01643835616438356,0.9930044994375703,ATM
2023-08-25,2023-08-31,PUT,4413.905,4445.0,43.0,43.3,43.15,9,239,6,0.01643835616438356,0.9930044994375703,ATM
2023-08-25,2023-08-31,CALL,4413.905,4450.0,13.1,13.3,13.2,1900,6705,6,0.01643835616438356,0.9918887640449437,ATM
2023-08-25,2023-08-31,PUT,4413.905,4450.0,45.8,46.7,46.25,173,5431,6,0.01643835616438356,0.9918887640449437,ATM
2023-08-25,2023-08-31,CALL,4413.905,4455.0,11.5,11.7,11.6,512,255,6,0.01643835616438356,0.9907755331088663,ATM
2023-08-25,2023-08-31,PUT,4413.905,4455.0,49.4,50.2,49.8,61,250,6,0.01643835616438356,0.9907755331088663,ATM
2023-08-25,2023-08-31,CALL,4413.905,4460.0,9.9,10.2,10.05,1192,2174,6,0.01643835616438356,0.989664798206278,ATM
2023-08-25,2023-08-31,PUT,4413.905,4460.0,52.8,53.8,53.3,14,1405,6,0.01643835616438356,0.989664798206278,ATM
2023-08-25,2023-08-31,CALL,4413.905,4465.0,8.6,8.9,8.75,430,273,6,0.01643835616438356,0.9885565509518477,ATM
2023-08-25,2023-08-31,PUT,4413.905,4465.0,56.4,57.5,56.95,14,141,6,0.01643835616438356,0.9885565509518477,ATM
2023-08-25,2023-08-31,CALL,4413.905,4470.0,7.4,7.7,7.550000000000001,1036,952,6,0.01643835616438356,0.9874507829977628,ATM
2023-08-25,2023-08-31,PUT,4413.905,4470.0,60.3,61.2,60.75,62,492,6,0.01643835616438356,0.9874507829977628,ATM
2023-08-25,2023-08-31,CALL,4413.905,4475.0,6.4,6.6,6.5,1130,2752,6,0.01643835616438356,0.9863474860335195,ATM
2023-08-25,2023-08-31,PUT,4413.905,4475.0,64.2,65.2,64.7,76,1290,6,0.01643835616438356,0.9863474860335195,ATM
2023-08-25,2023-08-31,CALL,4413.905,4480.0,5.4,5.7,5.550000000000001,428,457,6,0.01643835616438356,0.9852466517857142,ATM
2023-08-25,2023-08-31,PUT,4413.905,4480.0,68.0,69.4,68.7,27,236,6,0.01643835616438356,0.9852466517857142,ATM
2023-08-25,2023-08-31,CALL,4413.905,4485.0,4.6,4.8,4.699999999999999,233,428,6,0.01643835616438356,0.9841482720178372,ATM
2023-08-25,2023-08-31,PUT,4413.905,4485.0,72.4,73.6,73.0,1,750,6,0.01643835616438356,0.9841482720178372,ATM
2023-08-25,2023-08-31,CALL,4413.905,4490.0,3.9,4.1,4.0,819,1472,6,0.01643835616438356,0.9830523385300668,ATM
2023-08-25,2023-08-31,PUT,4413.905,4490.0,76.6,77.9,77.25,2,317,6,0.01643835616438356,0.9830523385300668,ATM
2023-08-25,2023-08-31,CALL,4413.905,4495.0,3.3,3.5,3.4,146,445,6,0.01643835616438356,0.9819588431590656,ATM
2023-08-25,2023-08-31,CALL,4413.905,4500.0,2.8,2.9,2.8499999999999996,2504,6460,6,0.01643835616438356,0.9808677777777777,ATM
2023-08-25,2023-08-31,PUT,4413.905,4500.0,85.4,86.8,86.1,26,16734,6,0.01643835616438356,0.9808677777777777,ATM
2023-08-25,2023-08-31,CALL,4413.905,4505.0,2.35,2.45,2.4000000000000004,179,438,6,0.01643835616438356,0.9797791342952274,ATM
2023-08-25,2023-08-31,PUT,4413.905,4505.0,90.0,91.2,90.6,5,319,6,0.01643835616438356,0.9797791342952274,ATM
2023-08-25,2023-08-31,CALL,4413.905,4510.0,1.95,2.05,2.0,283,522,6,0.01643835616438356,0.9786929046563192,ATM
2023-08-25,2023-08-31,PUT,4413.905,4510.0,94.6,95.8,95.19999999999999,2,687,6,0.01643835616438356,0.9786929046563192,ATM
2023-08-25,2023-08-31,CALL,4413.905,4515.0,1.6,1.7,1.65,106,637,6,0.01643835616438356,0.9776090808416389,ATM
2023-08-25,2023-08-31,PUT,4413.905,4515.0,99.2,100.6,99.9,8,806,6,0.01643835616438356,0.9776090808416389,ATM
2023-08-25,2023-08-31,CALL,4413.905,4520.0,1.35,1.45,1.4,402,680,6,0.01643835616438356,0.9765276548672566,ATM
2023-08-25,2023-08-31,PUT,4413.905,4520.0,104.0,105.2,104.6,5,188,6,0.01643835616438356,0.9765276548672566,ATM
2023-08-25,2023-08-31,CALL,4413.905,4525.0,1.1,1.2,1.15,611,1834,6,0.01643835616438356,0.9754486187845304,ATM
2023-08-25,2023-08-31,PUT,4413.905,4525.0,108.7,110.0,109.35,7,2031,6,0.01643835616438356,0.9754486187845304,ATM
2023-08-25,2023-08-31,CALL,4413.905,4530.0,0.9,1.0,0.95,322,414,6,0.01643835616438356,0.9743719646799116,ATM
2023-08-25,2023-08-31,PUT,4413.905,4530.0,113.5,114.8,114.15,2,512,6,0.01643835616438356,0.9743719646799116,ATM
2023-08-25,2023-08-31,CALL,4413.905,4535.0,0.75,0.85,0.8,55,373,6,0.01643835616438356,0.9732976846747519,ATM
2023-08-25,2023-08-31,PUT,4413.905,4535.0,118.4,119.8,119.1,1,241,6,0.01643835616438356,0.9732976846747519,ATM
2023-08-25,2023-08-31,CALL,4413.905,4540.0,0.65,0.7,0.675,181,2033,6,0.01643835616438356,0.9722257709251101,ATM
2023-08-25,2023-08-31,PUT,4413.905,4540.0,123.0,124.7,123.85,9,347,6,0.01643835616438356,0.9722257709251101,ATM
2023-08-25,2023-08-31,CALL,4413.905,4545.0,0.5,0.6,0.55,133,576,6,0.01643835616438356,0.9711562156215621,ATM
2023-08-25,2023-08-31,PUT,4413.905,4545.0,127.9,129.5,128.7,3,866,6,0.01643835616438356,0.9711562156215621,ATM
2023-08-25,2023-08-31,CALL,4413.905,4550.0,0.45,0.5,0.475,711,7741,6,0.01643835616438356,0.9700890109890109,ATM
2023-08-25,2023-08-31,PUT,4413.905,4550.0,132.8,134.4,133.60000000000002,2,9067,6,0.01643835616438356,0.9700890109890109,ATM
2023-08-25,2023-08-31,CALL,4413.905,4555.0,0.35,0.45,0.4,494,502,6,0.01643835616438356,0.9690241492864983,OTM
2023-08-25,2023-08-31,CALL,4413.905,4560.0,0.3,0.35,0.32499999999999996,167,891,6,0.01643835616438356,0.9679616228070175,OTM
2023-08-25,2023-08-31,PUT,4413.905,4560.0,141.6,145.6,143.6,2,1496,6,0.01643835616438356,0.9679616228070175,OTM
2023-08-25,2023-08-31,CALL,4413.905,4565.0,0.25,0.35,0.3,844,383,6,0.01643835616438356,0.9669014238773275,OTM
2023-08-25,2023-08-31,PUT,4413.905,4565.0,146.5,150.5,148.5,44,288,6,0.01643835616438356,0.9669014238773275,OTM
2023-08-25,2023-08-31,CALL,4413.905,4570.0,0.2,0.3,0.25,63,1103,6,0.01643835616438356,0.965843544857768,OTM
2023-08-25,2023-08-31,PUT,4413.905,4570.0,151.5,155.5,153.5,43,640,6,0.01643835616438356,0.965843544857768,OTM
2023-08-25,2023-08-31,CALL,4413.905,4575.0,0.2,0.25,0.225,230,1848,6,0.01643835616438356,0.9647879781420764,OTM
2023-08-25,2023-08-31,CALL,4413.905,4580.0,0.15,0.25,0.2,34,943,6,0.01643835616438356,0.9637347161572052,OTM
2023-08-25,2023-08-31,CALL,4413.905,4585.0,0.15,0.2,0.175,26,650,6,0.01643835616438356,0.9626837513631407,OTM
2023-08-25,2023-08-31,PUT,4413.905,4585.0,166.4,170.4,168.4,2,95,6,0.01643835616438356,0.9626837513631407,OTM
2023-08-25,2023-08-31,CALL,4413.905,4590.0,0.1,0.2,0.15000000000000002,49,599,6,0.01643835616438356,0.9616350762527233,OTM
2023-08-25,2023-08-31,CALL,4413.905,4595.0,0.1,0.2,0.15000000000000002,9,547,6,0.01643835616438356,0.960588683351469,OTM
2023-08-25,2023-08-31,CALL,4413.905,4600.0,0.1,0.15,0.125,185,7183,6,0.01643835616438356,0.9595445652173913,OTM
2023-08-25,2023-08-31,PUT,4413.905,4630.0,211.2,215.2,213.2,1,100,6,0.01643835616438356,0.9533272138228941,OTM
2023-08-25,2023-08-31,PUT,4413.905,4640.0,221.2,225.2,223.2,1,58,6,0.01643835616438356,0.9512726293103447,OTM
2023-08-25,2023-08-31,PUT,4413.905,4655.0,236.2,240.2,238.2,1,44,6,0.01643835616438356,0.9482073039742213,OTM
2023-08-25,2023-08-31,PUT,4413.905,4665.0,246.2,250.2,248.2,1,10,6,0.01643835616438356,0.9461747052518756,OTM
2023-08-25,2023-08-31,PUT,4413.905,4675.0,256.2,260.2,258.2,4,13,6,0.01643835616438356,0.9441508021390373,OTM
2023-08-25,2023-08-31,PUT,4413.905,4700.0,281.1,285.2,283.15,1,85,6,0.01643835616438356,0.9391287234042552,OTM
2023-08-25,2023-09-01,PUT,4413.905,4020.0,0.4,0.5,0.45,289,579,7,0.019178082191780823,1.0979863184079601,ITM
2023-08-25,2023-09-01,PUT,4413.905,4025.0,0.4,0.5,0.45,1142,394,7,0.019178082191780823,1.096622360248447,ITM
2023-08-25,2023-09-01,PUT,4413.905,4030.0,0.45,0.5,0.475,803,1134,7,0.019178082191780823,1.0952617866004961,ITM
2023-08-25,2023-09-01,PUT,4413.905,4040.0,0.45,0.5,0.475,333,530,7,0.019178082191780823,1.0925507425742573,ITM
2023-08-25,2023-09-01,PUT,4413.905,4050.0,0.45,0.55,0.5,631,1666,7,0.019178082191780823,1.089853086419753,ITM
2023-08-25,2023-09-01,PUT,4413.905,4060.0,0.5,0.55,0.525,371,134,7,0.019178082191780823,1.0871687192118227,ITM
2023-08-25,2023-09-01,PUT,4413.905,4070.0,0.5,0.55,0.525,499,191,7,0.019178082191780823,1.084497542997543,ITM
2023-08-25,2023-09-01,PUT,4413.905,4075.0,0.5,0.6,0.55,602,1154,7,0.019178082191780823,1.0831668711656441,ITM
2023-08-25,2023-09-01,PUT,4413.905,4080.0,0.5,0.6,0.55,337,174,7,0.019178082191780823,1.0818394607843136,ITM
2023-08-25,2023-09-01,PUT,4413.905,4090.0,0.55,0.6,0.575,416,1363,7,0.019178082191780823,1.0791943765281173,ITM
2023-08-25,2023-09-01,CALL,4413.905,4100.0,315.4,319.4,317.4,4,14,7,0.019178082191780823,1.076562195121951,ITM
2023-08-25,2023-09-01,PUT,4413.905,4100.0,0.55,0.65,0.6000000000000001,1478,5030,7,0.019178082191780823,1.076562195121951,ITM
2023-08-25,2023-09-01,CALL,4413.905,4110.0,305.4,309.5,307.45,1,5,7,0.019178082191780823,1.073942822384428,ITM
2023-08-25,2023-09-01,PUT,4413.905,4110.0,0.6,0.65,0.625,305,1958,7,0.019178082191780823,1.073942822384428,ITM
2023-08-25,2023-09-01,CALL,4413.905,4120.0,295.5,299.5,297.5,1,5,7,0.019178082191780823,1.0713361650485436,ITM
2023-08-25,2023-09-01,PUT,4413.905,4120.0,0.6,0.7,0.6499999999999999,202,110,7,0.019178082191780823,1.0713361650485436,ITM
2023-08-25,2023-09-01,PUT,4413.905,4125.0,0.65,0.7,0.675,648,3931,7,0.019178082191780823,1.0700375757575757,ITM
2023-08-25,2023-09-01,PUT,4413.905,4130.0,0.65,0.7,0.675,376,303,7,0.019178082191780823,1.0687421307506053,ITM
2023-08-25,2023-09-01,CALL,4413.905,4140.0,275.6,279.6,277.6,1,1,7,0.019178082191780823,1.0661606280193237,ITM
2023-08-25,2023-09-01,PUT,4413.905,4140.0,0.7,0.75,0.725,568,377,7,0.019178082191780823,1.0661606280193237,ITM
2023-08-25,2023-09-01,PUT,4413.905,4150.0,0.75,0.8,0.775,3056,5949,7,0.019178082191780823,1.0635915662650601,ITM
2023-08-25,2023-09-01,CALL,4413.905,4160.0,255.7,259.7,257.7,1,301,7,0.019178082191780823,1.0610348557692306,ITM
2023-08-25,2023-09-01,PUT,4413.905,4160.0,0.8,0.85,0.825,4685,296,7,0.019178082191780823,1.0610348557692306,ITM
2023-08-25,2023-09-01,PUT,4413.905,4170.0,0.85,0.9,0.875,140,427,7,0.019178082191780823,1.0584904076738608,ITM
2023-08-25,2023-09-01,CALL,4413.905,4175.0,240.8,244.8,242.8,1,20,7,0.019178082191780823,1.057222754491018,ITM
2023-08-25,2023-09-01,PUT,4413.905,4175.0,0.85,0.95,0.8999999999999999,1294,2534,7,0.019178082191780823,1.057222754491018,ITM
2023-08-25,2023-09-01,PUT,4413.905,4180.0,0.9,1.0,0.95,396,499,7,0.019178082191780823,1.0559581339712918,ITM
2023-08-25,2023-09-01,PUT,4413.905,4190.0,0.95,1.05,1.0,770,654,7,0.019178082191780823,1.0534379474940334,ITM
2023-08-25,2023-09-01,CALL,4413.905,4200.0,217.1,219.1,218.1,3,21,7,0.019178082191780823,1.050929761904762,ITM
2023-08-25,2023-09-01,PUT,4413.905,4200.0,1.1,1.15,1.125,9438,4915,7,0.019178082191780823,1.050929761904762,ITM
2023-08-25,2023-09-01,PUT,4413.905,4210.0,1.15,1.25,1.2,736,4166,7,0.019178082191780823,1.0484334916864608,ITM
2023-08-25,2023-09-01,PUT,4413.905,4220.0,1.3,1.4,1.35,741,616,7,0.019178082191780823,1.0459490521327013,ITM
2023-08-25,2023-09-01,PUT,4413.905,4225.0,1.35,1.45,1.4,3122,561,7,0.019178082191780823,1.0447112426035503,ITM
2023-08-25,2023-09-01,PUT,4413.905,4230.0,1.45,1.55,1.5,889,412,7,0.019178082191780823,1.0434763593380614,ITM
2023-08-25,2023-09-01,CALL,4413.905,4240.0,177.9,179.7,178.8,4,10,7,0.019178082191780823,1.041015330188679,ITM
2023-08-25,2023-09-01,PUT,4413.905,4240.0,1.65,1.75,1.7,977,512,7,0.019178082191780823,1.041015330188679,ITM
2023-08-25,2023-09-01,CALL,4413.905,4245.0,173.0,174.9,173.95,6,1,7,0.019178082191780823,1.0397891637220258,ITM
2023-08-25,2023-09-01,PUT,4413.905,4245.0,1.75,1.85,1.8,800,448,7,0.019178082191780823,1.0397891637220258,ITM
2023-08-25,2023-09-01,CALL,4413.905,4250.0,168.2,170.0,169.1,20,83,7,0.019178082191780823,1.0385658823529411,ITM
2023-08-25,2023-09-01,PUT,4413.905,4250.0,1.85,2.0,1.925,3118,4809,7,0.019178082191780823,1.0385658823529411,ITM
2023-08-25,2023-09-01,CALL,4413.905,4255.0,163.2,165.1,164.14999999999998,106,10,7,0.019178082191780823,1.0373454759106933,ITM
2023-08-25,2023-09-01,PUT,4413.905,4255.0,2.0,2.1,2.05,677,2136,7,0.019178082191780823,1.0373454759106933,ITM
2023-08-25,2023-09-01,CALL,4413.905,4260.0,158.4,160.3,159.35000000000002,108,4,7,0.019178082191780823,1.0361279342723004,ITM
2023-08-25,2023-09-01,PUT,4413.905,4260.0,2.15,2.25,2.2,685,619,7,0.019178082191780823,1.0361279342723004,ITM
2023-08-25,2023-09-01,PUT,4413.905,4265.0,2.35,2.45,2.4000000000000004,632,394,7,0.019178082191780823,1.0349132473622509,ITM
2023-08-25,2023-09-01,PUT,4413.905,4270.0,2.5,2.65,2.575,686,542,7,0.019178082191780823,1.0337014051522249,ITM
2023-08-25,2023-09-01,CALL,4413.905,4275.0,144.0,145.9,144.95,8,81,7,0.019178082191780823,1.0324923976608187,ITM
2023-08-25,2023-09-01,PUT,4413.905,4275.0,2.75,2.85,2.8,1167,3417,7,0.019178082191780823,1.0324923976608187,ITM
2023-08-25,2023-09-01,CALL,4413.905,4280.0,139.2,141.1,140.14999999999998,3,250,7,0.019178082191780823,1.0312862149532709,ITM
2023-08-25,2023-09-01,PUT,4413.905,4280.0,3.0,3.1,3.05,1289,638,7,0.019178082191780823,1.0312862149532709,ITM
2023-08-25,2023-09-01,CALL,4413.905,4285.0,134.6,136.4,135.5,6,29,7,0.019178082191780823,1.0300828471411902,ITM
2023-08-25,2023-09-01,PUT,4413.905,4285.0,3.2,3.4,3.3,470,205,7,0.019178082191780823,1.0300828471411902,ITM
2023-08-25,2023-09-01,CALL,4413.905,4290.0,129.9,131.7,130.8,4,31,7,0.019178082191780823,1.0288822843822842,ATM
2023-08-25,2023-09-01,PUT,4413.905,4290.0,3.5,3.7,3.6,390,575,7,0.019178082191780823,1.0288822843822842,ATM
2023-08-25,2023-09-01,PUT,4413.905,4295.0,3.8,4.0,3.9,1608,551,7,0.019178082191780823,1.027684516880093,ATM
2023-08-25,2023-09-01,CALL,4413.905,4300.0,120.9,122.3,121.6,105,685,7,0.019178082191780823,1.0264895348837209,ATM
2023-08-25,2023-09-01,PUT,4413.905,4300.0,4.2,4.4,4.300000000000001,5207,5912,7,0.019178082191780823,1.0264895348837209,ATM
2023-08-25,2023-09-01,CALL,4413.905,4305.0,116.0,117.7,116.85,9,31,7,0.019178082191780823,1.0252973286875726,ATM
2023-08-25,2023-09-01,PUT,4413.905,4305.0,4.6,4.8,4.699999999999999,542,1338,7,0.019178082191780823,1.0252973286875726,ATM
2023-08-25,2023-09-01,CALL,4413.905,4310.0,111.5,113.0,112.25,17,57,7,0.019178082191780823,1.0241078886310904,ATM
2023-08-25,2023-09-01,PUT,4413.905,4310.0,5.0,5.2,5.1,1633,637,7,0.019178082191780823,1.0241078886310904,ATM
2023-08-25,2023-09-01,PUT,4413.905,4315.0,5.5,5.7,5.6,805,992,7,0.019178082191780823,1.0229212050984935,ATM
2023-08-25,2023-09-01,CALL,4413.905,4320.0,102.6,104.0,103.3,8,103,7,0.019178082191780823,1.0217372685185184,ATM
2023-08-25,2023-09-01,PUT,4413.905,4320.0,6.0,6.2,6.1,1009,536,7,0.019178082191780823,1.0217372685185184,ATM
2023-08-25,2023-09-01,CALL,4413.905,4325.0,98.2,99.8,99.0,12,535,7,0.019178082191780823,1.0205560693641618,ATM
2023-08-25,2023-09-01,PUT,4413.905,4325.0,6.6,6.8,6.699999999999999,1510,932,7,0.019178082191780823,1.0205560693641618,ATM
2023-08-25,2023-09-01,CALL,4413.905,4330.0,94.0,95.4,94.7,55,79,7,0.019178082191780823,1.019377598152425,ATM
2023-08-25,2023-09-01,PUT,4413.905,4330.0,7.2,7.4,7.300000000000001,835,716,7,0.019178082191780823,1.019377598152425,ATM
2023-08-25,2023-09-01,CALL,4413.905,4335.0,88.8,90.9,89.85,14,44,7,0.019178082191780823,1.01820184544406,ATM
2023-08-25,2023-09-01,PUT,4413.905,4335.0,7.9,8.1,8.0,408,337,7,0.019178082191780823,1.01820184544406,ATM
2023-08-25,2023-09-01,CALL,4413.905,4340.0,85.5,86.6,86.05,102,108,7,0.019178082191780823,1.017028801843318,ATM
2023-08-25,2023-09-01,PUT,4413.905,4340.0,8.7,8.9,8.8,909,571,7,0.019178082191780823,1.017028801843318,ATM
2023-08-25,2023-09-01,CALL,4413.905,4345.0,81.0,82.6,81.8,24,91,7,0.019178082191780823,1.0158584579976984,ATM
2023-08-25,2023-09-01,PUT,4413.905,4345.0,9.5,9.7,9.6,753,532,7,0.019178082191780823,1.0158584579976984,ATM
2023-08-25,2023-09-01,CALL,4413.905,4350.0,77.1,78.3,77.69999999999999,196,341,7,0.019178082191780823,1.014690804597701,ATM
2023-08-25,2023-09-01,PUT,4413.905,4350.0,10.4,10.6,10.5,3246,4489,7,0.019178082191780823,1.014690804597701,ATM
2023-08-25,2023-09-01,CALL,4413.905,4355.0,73.3,74.3,73.8,77,449,7,0.019178082191780823,1.0135258323765786,ATM
2023-08-25,2023-09-01,PUT,4413.905,4355.0,11.3,11.5,11.4,630,297,7,0.019178082191780823,1.0135258323765786,ATM
2023-08-25,2023-09-01,CALL,4413.905,4360.0,69.3,70.5,69.9,199,289,7,0.019178082191780823,1.0123635321100917,ATM
2023-08-25,2023-09-01,PUT,4413.905,4360.0,12.4,12.6,12.5,1506,1808,7,0.019178082191780823,1.0123635321100917,ATM
2023-08-25,2023-09-01,CALL,4413.905,4365.0,65.3,66.6,65.94999999999999,202,85,7,0.019178082191780823,1.0112038946162656,ATM
2023-08-25,2023-09-01,PUT,4413.905,4365.0,13.5,13.7,13.6,944,681,7,0.019178082191780823,1.0112038946162656,ATM
2023-08-25,2023-09-01,CALL,4413.905,4370.0,61.6,62.7,62.150000000000006,174,181,7,0.019178082191780823,1.0100469107551486,ATM
2023-08-25,2023-09-01,PUT,4413.905,4370.0,14.7,14.9,14.8,1882,643,7,0.019178082191780823,1.0100469107551486,ATM
2023-08-25,2023-09-01,CALL,4413.905,4375.0,58.3,58.6,58.45,297,634,7,0.019178082191780823,1.0088925714285715,ATM
2023-08-25,2023-09-01,PUT,4413.905,4375.0,16.0,16.2,16.1,1010,2300,7,0.019178082191780823,1.0088925714285715,ATM
2023-08-25,2023-09-01,CALL,4413.905,4380.0,54.7,55.0,54.85,184,326,7,0.019178082191780823,1.0077408675799087,ATM
2023-08-25,2023-09-01,PUT,4413.905,4380.0,17.4,17.7,17.549999999999997,886,1825,7,0.019178082191780823,1.0077408675799087,ATM
2023-08-25,2023-09-01,CALL,4413.905,4385.0,51.2,51.5,51.35,307,337,7,0.019178082191780823,1.0065917901938426,ATM
2023-08-25,2023-09-01,PUT,4413.905,4385.0,18.9,19.1,19.0,1138,424,7,0.019178082191780823,1.0065917901938426,ATM
2023-08-25,2023-09-01,CALL,4413.905,4390.0,47.7,48.1,47.900000000000006,543,526,7,0.019178082191780823,1.0054453302961275,ATM
2023-08-25,2023-09-01,PUT,4413.905,4390.0,20.5,20.7,20.6,493,534,7,0.019178082191780823,1.0054453302961275,ATM
2023-08-25,2023-09-01,CALL,4413.905,4395.0,44.5,44.8,44.65,359,113,7,0.019178082191780823,1.004301478953356,ATM
2023-08-25,2023-09-01,PUT,4413.905,4395.0,22.2,22.4,22.299999999999997,765,356,7,0.019178082191780823,1.004301478953356,ATM
2023-08-25,2023-09-01,CALL,4413.905,4400.0,41.3,41.6,41.45,2680,1915,7,0.019178082191780823,1.0031602272727271,ATM
2023-08-25,2023-09-01,PUT,4413.905,4400.0,24.0,24.2,24.1,5223,5756,7,0.019178082191780823,1.0031602272727271,ATM
2023-08-25,2023-09-01,CALL,4413.905,4405.0,38.3,38.6,38.45,654,196,7,0.019178082191780823,1.0020215664018162,ATM
2023-08-25,2023-09-01,PUT,4413.905,4405.0,25.9,26.2,26.049999999999997,326,406,7,0.019178082191780823,1.0020215664018162,ATM
2023-08-25,2023-09-01,CALL,4413.905,4410.0,35.3,35.6,35.45,829,678,7,0.019178082191780823,1.0008854875283446,ATM
2023-08-25,2023-09-01,PUT,4413.905,4410.0,28.0,28.2,28.1,454,1308,7,0.019178082191780823,1.0008854875283446,ATM
2023-08-25,2023-09-01,CALL,4413.905,4415.0,32.5,32.8,32.65,852,412,7,0.019178082191780823,0.9997519818799546,ATM
2023-08-25,2023-09-01,PUT,4413.905,4415.0,30.1,30.4,30.25,383,291,7,0.019178082191780823,0.9997519818799546,ATM
2023-08-25,2023-09-01,CALL,4413.905,4420.0,29.8,30.1,29.950000000000003,1356,948,7,0.019178082191780823,0.9986210407239818,ATM
2023-08-25,2023-09-01,PUT,4413.905,4420.0,32.4,32.7,32.55,1176,702,7,0.019178082191780823,0.9986210407239818,ATM
2023-08-25,2023-09-01,CALL,4413.905,4425.0,27.2,27.5,27.35,1600,1521,7,0.019178082191780823,0.9974926553672315,ATM
2023-08-25,2023-09-01,PUT,4413.905,4425.0,34.9,35.1,35.0,211,2043,7,0.019178082191780823,0.9974926553672315,ATM
2023-08-25,2023-09-01,CALL,4413.905,4430.0,24.8,25.1,24.950000000000003,650,486,7,0.019178082191780823,0.9963668171557561,ATM
2023-08-25,2023-09-01,PUT,4413.905,4430.0,37.3,37.7,37.5,568,528,7,0.019178082191780823,0.9963668171557561,ATM
2023-08-25,2023-09-01,CALL,4413.905,4435.0,22.5,22.8,22.65,570,311,7,0.019178082191780823,0.9952435174746336,ATM
2023-08-25,2023-09-01,PUT,4413.905,4435.0,40.1,40.4,40.25,42,190,7,0.019178082191780823,0.9952435174746336,ATM
2023-08-25,2023-09-01,CALL,4413.905,4440.0,20.3,20.6,20.450000000000003,743,597,7,0.019178082191780823,0.9941227477477477,ATM
2023-08-25,2023-09-01,PUT,4413.905,4440.0,42.9,43.2,43.05,87,488,7,0.019178082191780823,0.9941227477477477,ATM
2023-08-25,2023-09-01,CALL,4413.905,4445.0,18.3,18.5,18.4,1418,378,7,0.019178082191780823,0.9930044994375703,ATM
2023-08-25,2023-09-01,PUT,4413.905,4445.0,45.7,46.3,46.0,13,541,7,0.019178082191780823,0.9930044994375703,ATM
2023-08-25,2023-09-01,CALL,4413.905,4450.0,16.4,16.6,16.5,4117,1699,7,0.019178082191780823,0.9918887640449437,ATM
2023-08-25,2023-09-01,PUT,4413.905,4450.0,48.9,49.2,49.05,2415,2643,7,0.019178082191780823,0.9918887640449437,ATM
2023-08-25,2023-09-01,CALL,4413.905,4455.0,14.6,14.8,14.7,1032,256,7,0.019178082191780823,0.9907755331088663,ATM
2023-08-25,2023-09-01,PUT,4413.905,4455.0,51.7,52.6,52.150000000000006,38,254,7,0.019178082191780823,0.9907755331088663,ATM
2023-08-25,2023-09-01,CALL,4413.905,4460.0,12.9,13.1,13.0,1240,676,7,0.019178082191780823,0.989664798206278,ATM
2023-08-25,2023-09-01,PUT,4413.905,4460.0,54.9,56.1,55.5,127,1205,7,0.019178082191780823,0.989664798206278,ATM
2023-08-25,2023-09-01,CALL,4413.905,4465.0,11.4,11.6,11.5,1118,1003,7,0.019178082191780823,0.9885565509518477,ATM
2023-08-25,2023-09-01,PUT,4413.905,4465.0,58.5,60.3,59.4,7,225,7,0.019178082191780823,0.9885565509518477,ATM
2023-08-25,2023-09-01,CALL,4413.905,4470.0,10.0,10.2,10.1,814,919,7,0.019178082191780823,0.9874507829977628,ATM
2023-08-25,2023-09-01,PUT,4413.905,4470.0,62.0,63.0,62.5,117,448,7,0.019178082191780823,0.9874507829977628,ATM
2023-08-25,2023-09-01,CALL,4413.905,4475.0,8.8,9.0,8.9,1209,2352,7,0.019178082191780823,0.9863474860335195,ATM
2023-08-25,2023-09-01,PUT,4413.905,4475.0,65.7,66.9,66.30000000000001,122,1051,7,0.019178082191780823,0.9863474860335195,ATM
2023-08-25,2023-09-01,CALL,4413.905,4480.0,7.6,7.8,7.699999999999999,741,579,7,0.019178082191780823,0.9852466517857142,ATM
2023-08-25,2023-09-01,PUT,4413.905,4480.0,69.5,70.8,70.15,110,477,7,0.019178082191780823,0.9852466517857142,ATM
2023-08-25,2023-09-01,CALL,4413.905,4485.0,6.6,6.8,6.699999999999999,673,283,7,0.019178082191780823,0.9841482720178372,ATM
2023-08-25,2023-09-01,PUT,4413.905,4485.0,73.3,75.1,74.19999999999999,31,155,7,0.019178082191780823,0.9841482720178372,ATM
2023-08-25,2023-09-01,CALL,4413.905,4490.0,5.7,5.9,5.800000000000001,833,479,7,0.019178082191780823,0.9830523385300668,ATM
2023-08-25,2023-09-01,PUT,4413.905,4490.0,77.7,79.2,78.45,13,552,7,0.019178082191780823,0.9830523385300668,ATM
2023-08-25,2023-09-01,CALL,4413.905,4495.0,4.9,5.1,5.0,536,331,7,0.019178082191780823,0.9819588431590656,ATM
2023-08-25,2023-09-01,PUT,4413.905,4495.0,81.7,83.1,82.4,11,161,7,0.019178082191780823,0.9819588431590656,ATM
2023-08-25,2023-09-01,CALL,4413.905,4500.0,4.2,4.4,4.300000000000001,3582,7169,7,0.019178082191780823,0.9808677777777777,ATM
2023-08-25,2023-09-01,PUT,4413.905,4500.0,85.9,87.4,86.65,24,1458,7,0.019178082191780823,0.9808677777777777,ATM
2023-08-25,2023-09-01,CALL,4413.905,4505.0,3.6,3.8,3.7,618,553,7,0.019178082191780823,0.9797791342952274,ATM
2023-08-25,2023-09-01,CALL,4413.905,4510.0,3.0,3.2,3.1,1733,474,7,0.019178082191780823,0.9786929046563192,ATM
2023-08-25,2023-09-01,PUT,4413.905,4510.0,95.0,96.5,95.75,3,282,7,0.019178082191780823,0.9786929046563192,ATM
2023-08-25,2023-09-01,CALL,4413.905,4515.0,2.6,2.75,2.675,609,303,7,0.019178082191780823,0.9776090808416389,ATM
2023-08-25,2023-09-01,PUT,4413.905,4515.0,99.3,101.0,100.15,2,138,7,0.019178082191780823,0.9776090808416389,ATM
2023-08-25,2023-09-01,CALL,4413.905,4520.0,2.2,2.3,2.25,709,476,7,0.019178082191780823,0.9765276548672566,ATM
2023-08-25,2023-09-01,PUT,4413.905,4520.0,103.9,105.6,104.75,37,316,7,0.019178082191780823,0.9765276548672566,ATM
2023-08-25,2023-09-01,CALL,4413.905,4525.0,1.85,2.0,1.925,742,1941,7,0.019178082191780823,0.9754486187845304,ATM
2023-08-25,2023-09-01,PUT,4413.905,4525.0,108.7,110.4,109.55000000000001,238,1903,7,0.019178082191780823,0.9754486187845304,ATM
2023-08-25,2023-09-01,CALL,4413.905,4530.0,1.55,1.7,1.625,2619,1248,7,0.019178082191780823,0.9743719646799116,ATM
2023-08-25,2023-09-01,PUT,4413.905,4530.0,113.4,115.1,114.25,24,236,7,0.019178082191780823,0.9743719646799116,ATM
2023-08-25,2023-09-01,CALL,4413.905,4535.0,1.3,1.45,1.375,472,792,7,0.019178082191780823,0.9732976846747519,ATM
2023-08-25,2023-09-01,PUT,4413.905,4535.0,118.2,119.7,118.95,1,180,7,0.019178082191780823,0.9732976846747519,ATM
2023-08-25,2023-09-01,CALL,4413.905,4540.0,1.1,1.2,1.15,680,767,7,0.019178082191780823,0.9722257709251101,ATM
2023-08-25,2023-09-01,PUT,4413.905,4540.0,122.8,124.6,123.69999999999999,24,498,7,0.019178082191780823,0.9722257709251101,ATM
2023-08-25,2023-09-01,CALL,4413.905,4545.0,0.95,1.05,1.0,307,286,7,0.019178082191780823,0.9711562156215621,ATM
2023-08-25,2023-09-01,CALL,4413.905,4550.0,0.8,0.9,0.8500000000000001,2350,2031,7,0.019178082191780823,0.9700890109890109,ATM
2023-08-25,2023-09-01,PUT,4413.905,4550.0,132.4,134.2,133.3,18,653,7,0.019178082191780823,0.9700890109890109,ATM
2023-08-25,2023-09-01,CALL,4413.905,4555.0,0.65,0.75,0.7,236,1243,7,0.019178082191780823,0.9690241492864983,OTM
2023-08-25,2023-09-01,PUT,4413.905,4555.0,137.3,139.1,138.2,43,290,7,0.019178082191780823,0.9690241492864983,OTM
2023-08-25,2023-09-01,CALL,4413.905,4560.0,0.55,0.65,0.6000000000000001,1412,1466,7,0.019178082191780823,0.9679616228070175,OTM
2023-08-25,2023-09-01,PUT,4413.905,4560.0,142.2,144.0,143.1,44,382,7,0.019178082191780823,0.9679616228070175,OTM
2023-08-25,2023-09-01,CALL,4413.905,4565.0,0.5,0.55,0.525,332,315,7,0.019178082191780823,0.9669014238773275,OTM
2023-08-25,2023-09-01,CALL,4413.905,4570.0,0.4,0.5,0.45,199,378,7,0.019178082191780823,0.965843544857768,OTM
2023-08-25,2023-09-01,PUT,4413.905,4570.0,151.1,155.1,153.1,8,188,7,0.019178082191780823,0.965843544857768,OTM
2023-08-25,2023-09-01,CALL,4413.905,4575.0,0.35,0.45,0.4,563,853,7,0.019178082191780823,0.9647879781420764,OTM
2023-08-25,2023-09-01,CALL,4413.905,4580.0,0.3,0.4,0.35,393,329,7,0.019178082191780823,0.9637347161572052,OTM
2023-08-25,2023-09-01,CALL,4413.905,4585.0,0.25,0.35,0.3,512,466,7,0.019178082191780823,0.9626837513631407,OTM
2023-08-25,2023-09-01,PUT,4413.905,4585.0,165.9,169.9,167.9,2,117,7,0.019178082191780823,0.9626837513631407,OTM
2023-08-25,2023-09-01,CALL,4413.905,4590.0,0.25,0.3,0.275,147,1285,7,0.019178082191780823,0.9616350762527233,OTM
2023-08-25,2023-09-01,CALL,4413.905,4595.0,0.2,0.3,0.25,32,271,7,0.019178082191780823,0.960588683351469,OTM
2023-08-25,2023-09-01,CALL,4413.905,4600.0,0.2,0.25,0.225,1268,3687,7,0.019178082191780823,0.9595445652173913,OTM
2023-08-25,2023-09-01,PUT,4413.905,4600.0,180.8,184.8,182.8,13,880,7,0.019178082191780823,0.9595445652173913,OTM
2023-08-25,2023-09-01,CALL,4413.905,4605.0,0.15,0.25,0.2,16,243,7,0.019178082191780823,0.9585027144408251,OTM
2023-08-25,2023-09-01,CALL,4413.905,4610.0,0.15,0.2,0.175,33,269,7,0.019178082191780823,0.9574631236442516,OTM
2023-08-25,2023-09-01,CALL,4413.905,4615.0,0.15,0.2,0.175,517,357,7,0.019178082191780823,0.9564257854821234,OTM
2023-08-25,2023-09-01,PUT,4413.905,4615.0,195.7,199.7,197.7,39,47,7,0.019178082191780823,0.9564257854821234,OTM
2023-08-25,2023-09-01,CALL,4413.905,4620.0,0.1,0.2,0.15000000000000002,7,419,7,0.019178082191780823,0.9553906926406925,OTM
2023-08-25,2023-09-01,CALL,4413.905,4625.0,0.1,0.15,0.125,824,1048,7,0.019178082191780823,0.9543578378378378,OTM
2023-08-25,2023-09-01,CALL,4413.905,4630.0,0.1,0.15,0.125,505,527,7,0.019178082191780823,0.9533272138228941,OTM
2023-08-25,2023-09-01,CALL,4413.905,4635.0,0.1,0.15,0.125,2,458,7,0.019178082191780823,0.9522988133764833,OTM
2023-08-25,2023-09-01,PUT,4413.905,4635.0,215.6,219.7,217.64999999999998,1,26,7,0.019178082191780823,0.9522988133764833,OTM
2023-08-25,2023-09-01,CALL,4413.905,4640.0,0.1,0.15,0.125,13,638,7,0.019178082191780823,0.9512726293103447,OTM
2023-08-25,2023-09-01,PUT,4413.905,4660.0,240.6,244.6,242.6,1,34,7,0.019178082191780823,0.9471899141630901,OTM
2023-08-25,2023-09-01,PUT,4413.905,4680.0,260.5,264.5,262.5,1,12,7,0.019178082191780823,0.9431420940170939,OTM
2023-08-25,2023-09-01,PUT,4413.905,4685.0,265.5,269.5,267.5,1,11,7,0.019178082191780823,0.9421355389541088,OTM
2023-08-25,2023-09-01,PUT,4413.905,4690.0,270.5,274.5,272.5,1,14,7,0.019178082191780823,0.9411311300639659,OTM
2023-08-25,2023-09-01,PUT,4413.905,4700.0,280.5,284.5,282.5,8,282,7,0.019178082191780823,0.9391287234042552,OTM
2023-08-25,2023-09-05,PUT,4413.905,4025.0,0.7,0.8,0.75,28,42,11,0.030136986301369864,1.096622360248447,ITM
2023-08-25,2023-09-05,PUT,4413.905,4050.0,0.8,0.9,0.8500000000000001,44,326,11,0.030136986301369864,1.089853086419753,ITM
2023-08-25,2023-09-05,PUT,4413.905,4075.0,0.9,1.0,0.95,115,96,11,0.030136986301369864,1.0831668711656441,ITM
2023-08-25,2023-09-05,PUT,4413.905,4090.0,0.95,1.05,1.0,2,35,11,0.030136986301369864,1.0791943765281173,ITM
2023-08-25,2023-09-05,PUT,4413.905,4100.0,1.0,1.1,1.05,129,147,11,0.030136986301369864,1.076562195121951,ITM
2023-08-25,2023-09-05,PUT,4413.905,4110.0,1.05,1.15,1.1,24,77,11,0.030136986301369864,1.073942822384428,ITM
2023-08-25,2023-09-05,PUT,4413.905,4120.0,1.1,1.2,1.15,5,36,11,0.030136986301369864,1.0713361650485436,ITM
2023-08-25,2023-09-05,PUT,4413.905,4125.0,1.1,1.25,1.175,28,28,11,0.030136986301369864,1.0700375757575757,ITM
2023-08-25,2023-09-05,PUT,4413.905,4130.0,1.15,1.25,1.2,29,37,11,0.030136986301369864,1.0687421307506053,ITM
2023-08-25,2023-09-05,PUT,4413.905,4140.0,1.2,1.3,1.25,65,101,11,0.030136986301369864,1.0661606280193237,ITM
2023-08-25,2023-09-05,PUT,4413.905,4150.0,1.3,1.4,1.35,2111,150,11,0.030136986301369864,1.0635915662650601,ITM
2023-08-25,2023-09-05,PUT,4413.905,4160.0,1.4,1.5,1.45,51,145,11,0.030136986301369864,1.0610348557692306,ITM
2023-08-25,2023-09-05,PUT,4413.905,4170.0,1.5,1.6,1.55,124,126,11,0.030136986301369864,1.0584904076738608,ITM
2023-08-25,2023-09-05,PUT,4413.905,4175.0,1.55,1.65,1.6,24,327,11,0.030136986301369864,1.057222754491018,ITM
2023-08-25,2023-09-05,PUT,4413.905,4180.0,1.6,1.7,1.65,6,66,11,0.030136986301369864,1.0559581339712918,ITM
2023-08-25,2023-09-05,PUT,4413.905,4185.0,1.65,1.8,1.725,68,40,11,0.030136986301369864,1.0546965352449222,ITM
2023-08-25,2023-09-05,PUT,4413.905,4190.0,1.75,1.85,1.8,18,55,11,0.030136986301369864,1.0534379474940334,ITM
2023-08-25,2023-09-05,PUT,4413.905,4195.0,1.8,1.95,1.875,17,33,11,0.030136986301369864,1.0521823599523241,ITM
2023-08-25,2023-09-05,PUT,4413.905,4200.0,1.9,2.05,1.9749999999999999,2186,777,11,0.030136986301369864,1.050929761904762,ITM
2023-08-25,2023-09-05,PUT,4413.905,4205.0,2.0,2.1,2.05,41,97,11,0.030136986301369864,1.049680142687277,ITM
2023-08-25,2023-09-05,PUT,4413.905,4210.0,2.1,2.2,2.1500000000000004,53,54,11,0.030136986301369864,1.0484334916864608,ITM
2023-08-25,2023-09-05,PUT,4413.905,4215.0,2.2,2.3,2.25,27,80,11,0.030136986301369864,1.0471897983392644,ITM
2023-08-25,2023-09-05,PUT,4413.905,4220.0,2.3,2.4,2.3499999999999996,99,98,11,0.030136986301369864,1.0459490521327013,ITM
2023-08-25,2023-09-05,PUT,4413.905,4225.0,2.45,2.55,2.5,180,230,11,0.030136986301369864,1.0447112426035503,ITM
2023-08-25,2023-09-05,PUT,4413.905,4230.0,2.6,2.7,2.6500000000000004,37,163,11,0.030136986301369864,1.0434763593380614,ITM
2023-08-25,2023-09-05,PUT,4413.905,4235.0,2.75,2.85,2.8,20,61,11,0.030136986301369864,1.0422443919716646,ITM
2023-08-25,2023-09-05,PUT,4413.905,4240.0,2.9,3.1,3.0,11,43,11,0.030136986301369864,1.041015330188679,ITM
2023-08-25,2023-09-05,PUT,4413.905,4245.0,3.1,3.2,3.1500000000000004,15,857,11,0.030136986301369864,1.0397891637220258,ITM
2023-08-25,2023-09-05,PUT,4413.905,4250.0,3.3,3.4,3.3499999999999996,102,358,11,0.030136986301369864,1.0385658823529411,ITM
2023-08-25,2023-09-05,PUT,4413.905,4255.0,3.5,3.7,3.6,102,49,11,0.030136986301369864,1.0373454759106933,ITM
2023-08-25,2023-09-05,PUT,4413.905,4260.0,3.7,3.9,3.8,99,283,11,0.030136986301369864,1.0361279342723004,ITM
2023-08-25,2023-09-05,PUT,4413.905,4265.0,4.0,4.2,4.1,126,37,11,0.030136986301369864,1.0349132473622509,ITM
2023-08-25,2023-09-05,CALL,4413.905,4270.0,151.1,152.9,152.0,3,3,11,0.030136986301369864,1.0337014051522249,ITM
2023-08-25,2023-09-05,PUT,4413.905,4270.0,4.2,4.4,4.300000000000001,39,132,11,0.030136986301369864,1.0337014051522249,ITM
2023-08-25,2023-09-05,PUT,4413.905,4275.0,4.5,4.7,4.6,32,181,11,0.030136986301369864,1.0324923976608187,ITM
2023-08-25,2023-09-05,CALL,4413.905,4280.0,141.6,143.8,142.7,1,17,11,0.030136986301369864,1.0312862149532709,ITM
2023-08-25,2023-09-05,PUT,4413.905,4280.0,4.8,5.1,4.949999999999999,61,104,11,0.030136986301369864,1.0312862149532709,ITM
2023-08-25,2023-09-05,PUT,4413.905,4285.0,5.2,5.4,5.300000000000001,53,74,11,0.030136986301369864,1.0300828471411902,ITM
2023-08-25,2023-09-05,CALL,4413.905,4290.0,131.9,134.2,133.05,6,18,11,0.030136986301369864,1.0288822843822842,ATM
2023-08-25,2023-09-05,PUT,4413.905,4290.0,5.6,5.8,5.699999999999999,43,138,11,0.030136986301369864,1.0288822843822842,ATM
2023-08-25,2023-09-05,PUT,4413.905,4295.0,6.0,6.2,6.1,3,216,11,0.030136986301369864,1.027684516880093,ATM
2023-08-25,2023-09-05,CALL,4413.905,4300.0,123.1,125.1,124.1,33,35,11,0.030136986301369864,1.0264895348837209,ATM
2023-08-25,2023-09-05,PUT,4413.905,4300.0,6.4,6.7,6.550000000000001,141,575,11,0.030136986301369864,1.0264895348837209,ATM
2023-08-25,2023-09-05,PUT,4413.905,4305.0,6.9,7.2,7.050000000000001,47,53,11,0.030136986301369864,1.0252973286875726,ATM
2023-08-25,2023-09-05,CALL,4413.905,4310.0,113.9,116.1,115.0,13,37,11,0.030136986301369864,1.0241078886310904,ATM
2023-08-25,2023-09-05,PUT,4413.905,4310.0,7.4,7.7,7.550000000000001,222,446,11,0.030136986301369864,1.0241078886310904,ATM
2023-08-25,2023-09-05,PUT,4413.905,4315.0,8.0,8.3,8.15,40,129,11,0.030136986301369864,1.0229212050984935,ATM
2023-08-25,2023-09-05,CALL,4413.905,4320.0,105.4,107.3,106.35,7,15,11,0.030136986301369864,1.0217372685185184,ATM
2023-08-25,2023-09-05,PUT,4413.905,4320.0,8.6,8.9,8.75,147,108,11,0.030136986301369864,1.0217372685185184,ATM
2023-08-25,2023-09-05,PUT,4413.905,4325.0,9.3,9.6,9.45,207,844,11,0.030136986301369864,1.0205560693641618,ATM
2023-08-25,2023-09-05,PUT,4413.905,4330.0,10.0,10.3,10.15,98,144,11,0.030136986301369864,1.019377598152425,ATM
2023-08-25,2023-09-05,CALL,4413.905,4335.0,92.6,94.4,93.5,1,16,11,0.030136986301369864,1.01820184544406,ATM
2023-08-25,2023-09-05,PUT,4413.905,4335.0,10.8,11.1,10.95,99,76,11,0.030136986301369864,1.01820184544406,ATM
2023-08-25,2023-09-05,PUT,4413.905,4340.0,11.6,11.9,11.75,129,151,11,0.030136986301369864,1.017028801843318,ATM
2023-08-25,2023-09-05,CALL,4413.905,4345.0,84.5,86.3,85.4,3,2,11,0.030136986301369864,1.0158584579976984,ATM
2023-08-25,2023-09-05,PUT,4413.905,4345.0,12.5,12.8,12.65,90,103,11,0.030136986301369864,1.0158584579976984,ATM
2023-08-25,2023-09-05,CALL,4413.905,4350.0,80.4,82.1,81.25,24,44,11,0.030136986301369864,1.014690804597701,ATM
2023-08-25,2023-09-05,PUT,4413.905,4350.0,13.4,13.7,13.55,1170,511,11,0.030136986301369864,1.014690804597701,ATM
2023-08-25,2023-09-05,CALL,4413.905,4355.0,76.5,78.2,77.35,10,38,11,0.030136986301369864,1.0135258323765786,ATM
2023-08-25,2023-09-05,PUT,4413.905,4355.0,14.4,14.8,14.600000000000001,69,78,11,0.030136986301369864,1.0135258323765786,ATM
2023-08-25,2023-09-05,CALL,4413.905,4360.0,73.1,74.2,73.65,10,63,11,0.030136986301369864,1.0123635321100917,ATM
2023-08-25,2023-09-05,PUT,4413.905,4360.0,15.5,15.8,15.65,242,158,11,0.030136986301369864,1.0123635321100917,ATM
2023-08-25,2023-09-05,CALL,4413.905,4365.0,68.9,70.4,69.65,4,86,11,0.030136986301369864,1.0112038946162656,ATM
2023-08-25,2023-09-05,PUT,4413.905,4365.0,16.7,17.0,16.85,221,200,11,0.030136986301369864,1.0112038946162656,ATM
2023-08-25,2023-09-05,CALL,4413.905,4370.0,65.8,66.2,66.0,9,67,11,0.030136986301369864,1.0100469107551486,ATM
2023-08-25,2023-09-05,PUT,4413.905,4370.0,17.9,18.3,18.1,161,62,11,0.030136986301369864,1.0100469107551486,ATM
2023-08-25,2023-09-05,CALL,4413.905,4375.0,62.1,62.5,62.3,12,686,11,0.030136986301369864,1.0088925714285715,ATM
2023-08-25,2023-09-05,PUT,4413.905,4375.0,19.3,19.6,19.450000000000003,472,1731,11,0.030136986301369864,1.0088925714285715,ATM
2023-08-25,2023-09-05,CALL,4413.905,4380.0,58.5,58.9,58.7,15,34,11,0.030136986301369864,1.0077408675799087,ATM
2023-08-25,2023-09-05,PUT,4413.905,4380.0,20.7,21.0,20.85,124,155,11,0.030136986301369864,1.0077408675799087,ATM
2023-08-25,2023-09-05,CALL,4413.905,4385.0,55.0,55.4,55.2,64,73,11,0.030136986301369864,1.0065917901938426,ATM
2023-08-25,2023-09-05,PUT,4413.905,4385.0,22.2,22.5,22.35,36,239,11,0.030136986301369864,1.0065917901938426,ATM
2023-08-25,2023-09-05,CALL,4413.905,4390.0,51.6,52.0,51.8,67,80,11,0.030136986301369864,1.0054453302961275,ATM
2023-08-25,2023-09-05,PUT,4413.905,4390.0,23.7,24.1,23.9,119,121,11,0.030136986301369864,1.0054453302961275,ATM
2023-08-25,2023-09-05,CALL,4413.905,4395.0,48.3,48.7,48.5,47,36,11,0.030136986301369864,1.004301478953356,ATM
2023-08-25,2023-09-05,PUT,4413.905,4395.0,25.4,25.8,25.6,248,81,11,0.030136986301369864,1.004301478953356,ATM
2023-08-25,2023-09-05,CALL,4413.905,4400.0,45.1,45.5,45.3,539,1754,11,0.030136986301369864,1.0031602272727271,ATM
2023-08-25,2023-09-05,PUT,4413.905,4400.0,27.2,27.6,27.4,495,2215,11,0.030136986301369864,1.0031602272727271,ATM
2023-08-25,2023-09-05,CALL,4413.905,4405.0,41.9,42.5,42.2,45,53,11,0.030136986301369864,1.0020215664018162,ATM
2023-08-25,2023-09-05,PUT,4413.905,4405.0,29.1,29.5,29.3,114,126,11,0.030136986301369864,1.0020215664018162,ATM
2023-08-25,2023-09-05,CALL,4413.905,4410.0,39.0,39.4,39.2,75,87,11,0.030136986301369864,1.0008854875283446,ATM
2023-08-25,2023-09-05,PUT,4413.905,4410.0,31.1,31.5,31.3,146,187,11,0.030136986301369864,1.0008854875283446,ATM
2023-08-25,2023-09-05,CALL,4413.905,4415.0,36.2,36.5,36.35,515,98,11,0.030136986301369864,0.9997519818799546,ATM
2023-08-25,2023-09-05,PUT,4413.905,4415.0,33.2,33.6,33.400000000000006,25,62,11,0.030136986301369864,0.9997519818799546,ATM
2023-08-25,2023-09-05,CALL,4413.905,4420.0,33.4,33.8,33.599999999999994,322,58,11,0.030136986301369864,0.9986210407239818,ATM
2023-08-25,2023-09-05,PUT,4413.905,4420.0,35.5,35.8,35.65,106,272,11,0.030136986301369864,0.9986210407239818,ATM
2023-08-25,2023-09-05,CALL,4413.905,4425.0,30.8,31.2,31.0,295,742,11,0.030136986301369864,0.9974926553672315,ATM
2023-08-25,2023-09-05,PUT,4413.905,4425.0,37.8,38.2,38.0,19,375,11,0.030136986301369864,0.9974926553672315,ATM
2023-08-25,2023-09-05,CALL,4413.905,4430.0,28.2,28.6,28.4,216,201,11,0.030136986301369864,0.9963668171557561,ATM
2023-08-25,2023-09-05,PUT,4413.905,4430.0,40.3,40.6,40.45,10,291,11,0.030136986301369864,0.9963668171557561,ATM
2023-08-25,2023-09-05,CALL,4413.905,4435.0,25.8,26.2,26.0,195,83,11,0.030136986301369864,0.9952435174746336,ATM
2023-08-25,2023-09-05,PUT,4413.905,4435.0,42.9,43.2,43.05,9,110,11,0.030136986301369864,0.9952435174746336,ATM
2023-08-25,2023-09-05,CALL,4413.905,4440.0,23.6,23.9,23.75,136,45,11,0.030136986301369864,0.9941227477477477,ATM
2023-08-25,2023-09-05,PUT,4413.905,4440.0,45.6,46.0,45.8,10,139,11,0.030136986301369864,0.9941227477477477,ATM
2023-08-25,2023-09-05,CALL,4413.905,4445.0,21.4,21.8,21.6,147,66,11,0.030136986301369864,0.9930044994375703,ATM
2023-08-25,2023-09-05,PUT,4413.905,4445.0,48.4,48.8,48.599999999999994,1,84,11,0.030136986301369864,0.9930044994375703,ATM
2023-08-25,2023-09-05,CALL,4413.905,4450.0,19.4,19.7,19.549999999999997,1939,653,11,0.030136986301369864,0.9918887640449437,ATM
2023-08-25,2023-09-05,PUT,4413.905,4450.0,51.4,51.8,51.599999999999994,204,1905,11,0.030136986301369864,0.9918887640449437,ATM
2023-08-25,2023-09-05,CALL,4413.905,4455.0,17.5,17.8,17.65,318,73,11,0.030136986301369864,0.9907755331088663,ATM
2023-08-25,2023-09-05,PUT,4413.905,4455.0,54.5,54.9,54.7,87,107,11,0.030136986301369864,0.9907755331088663,ATM
2023-08-25,2023-09-05,CALL,4413.905,4460.0,15.8,16.1,15.950000000000001,93,521,11,0.030136986301369864,0.989664798206278,ATM
2023-08-25,2023-09-05,PUT,4413.905,4460.0,57.3,58.9,58.099999999999994,12,102,11,0.030136986301369864,0.989664798206278,ATM
2023-08-25,2023-09-05,CALL,4413.905,4465.0,14.1,14.4,14.25,67,41,11,0.030136986301369864,0.9885565509518477,ATM
2023-08-25,2023-09-05,PUT,4413.905,4465.0,60.5,62.2,61.35,6,65,11,0.030136986301369864,0.9885565509518477,ATM
2023-08-25,2023-09-05,CALL,4413.905,4470.0,12.6,12.9,12.75,101,918,11,0.030136986301369864,0.9874507829977628,ATM
2023-08-25,2023-09-05,PUT,4413.905,4470.0,64.1,65.4,64.75,24,67,11,0.030136986301369864,0.9874507829977628,ATM
2023-08-25,2023-09-05,CALL,4413.905,4475.0,11.2,11.5,11.35,1709,411,11,0.030136986301369864,0.9863474860335195,ATM
2023-08-25,2023-09-05,PUT,4413.905,4475.0,67.6,69.6,68.6,17,45,11,0.030136986301369864,0.9863474860335195,ATM
2023-08-25,2023-09-05,CALL,4413.905,4480.0,9.9,10.2,10.05,595,119,11,0.030136986301369864,0.9852466517857142,ATM
2023-08-25,2023-09-05,PUT,4413.905,4480.0,71.2,73.2,72.2,2,79,11,0.030136986301369864,0.9852466517857142,ATM
2023-08-25,2023-09-05,CALL,4413.905,4485.0,8.8,9.1,8.95,450,86,11,0.030136986301369864,0.9841482720178372,ATM
2023-08-25,2023-09-05,PUT,4413.905,4485.0,75.1,76.9,76.0,1,9,11,0.030136986301369864,0.9841482720178372,ATM
2023-08-25,2023-09-05,CALL,4413.905,4490.0,7.7,8.0,7.85,155,270,11,0.030136986301369864,0.9830523385300668,ATM
2023-08-25,2023-09-05,PUT,4413.905,4490.0,79.1,81.0,80.05,3,178,11,0.030136986301369864,0.9830523385300668,ATM
2023-08-25,2023-09-05,CALL,4413.905,4495.0,6.8,7.0,6.9,110,102,11,0.030136986301369864,0.9819588431590656,ATM
2023-08-25,2023-09-05,CALL,4413.905,4500.0,5.9,6.2,6.050000000000001,1378,904,11,0.030136986301369864,0.9808677777777777,ATM
2023-08-25,2023-09-05,PUT,4413.905,4500.0,87.2,88.6,87.9,2,1762,11,0.030136986301369864,0.9808677777777777,ATM
2023-08-25,2023-09-05,CALL,4413.905,4505.0,5.1,5.4,5.25,125,171,11,0.030136986301369864,0.9797791342952274,ATM
2023-08-25,2023-09-05,CALL,4413.905,4510.0,4.5,4.7,4.6,166,152,11,0.030136986301369864,0.9786929046563192,ATM
2023-08-25,2023-09-05,PUT,4413.905,4510.0,95.7,97.8,96.75,1,58,11,0.030136986301369864,0.9786929046563192,ATM
2023-08-25,2023-09-05,CALL,4413.905,4515.0,3.9,4.1,4.0,124,44,11,0.030136986301369864,0.9776090808416389,ATM
2023-08-25,2023-09-05,PUT,4413.905,4515.0,100.1,101.9,101.0,10,13,11,0.030136986301369864,0.9776090808416389,ATM
2023-08-25,2023-09-05,CALL,4413.905,4520.0,3.3,3.6,3.45,186,140,11,0.030136986301369864,0.9765276548672566,ATM
2023-08-25,2023-09-05,PUT,4413.905,4520.0,104.5,106.4,105.45,1,37,11,0.030136986301369864,0.9765276548672566,ATM
2023-08-25,2023-09-05,CALL,4413.905,4525.0,2.9,3.1,3.0,115,285,11,0.030136986301369864,0.9754486187845304,ATM
2023-08-25,2023-09-05,CALL,4413.905,4530.0,2.5,2.65,2.575,53,124,11,0.030136986301369864,0.9743719646799116,ATM
2023-08-25,2023-09-05,PUT,4413.905,4530.0,113.6,115.6,114.6,10,21,11,0.030136986301369864,0.9743719646799116,ATM
2023-08-25,2023-09-05,CALL,4413.905,4535.0,2.15,2.3,2.2249999999999996,32,140,11,0.030136986301369864,0.9732976846747519,ATM
2023-08-25,2023-09-05,CALL,4413.905,4540.0,1.85,2.0,1.925,448,229,11,0.030136986301369864,0.9722257709251101,ATM
2023-08-25,2023-09-05,PUT,4413.905,4540.0,122.9,124.7,123.80000000000001,1,6,11,0.030136986301369864,0.9722257709251101,ATM
2023-08-25,2023-09-05,CALL,4413.905,4545.0,1.6,1.7,1.65,83,202,11,0.030136986301369864,0.9711562156215621,ATM
2023-08-25,2023-09-05,CALL,4413.905,4550.0,1.35,1.5,1.425,153,815,11,0.030136986301369864,0.9700890109890109,ATM
2023-08-25,2023-09-05,CALL,4413.905,4555.0,1.15,1.3,1.225,49,69,11,0.030136986301369864,0.9690241492864983,OTM
2023-08-25,2023-09-05,CALL,4413.905,4560.0,1.0,1.1,1.05,86,115,11,0.030136986301369864,0.9679616228070175,OTM
2023-08-25,2023-09-05,CALL,4413.905,4565.0,0.85,0.95,0.8999999999999999,29,62,11,0.030136986301369864,0.9669014238773275,OTM
2023-08-25,2023-09-05,CALL,4413.905,4570.0,0.75,0.85,0.8,41,55,11,0.030136986301369864,0.965843544857768,OTM
2023-08-25,2023-09-05,CALL,4413.905,4575.0,0.65,0.75,0.7,46,409,11,0.030136986301369864,0.9647879781420764,OTM
2023-08-25,2023-09-05,CALL,4413.905,4580.0,0.55,0.65,0.6000000000000001,12,252,11,0.030136986301369864,0.9637347161572052,OTM
2023-08-25,2023-09-05,CALL,4413.905,4590.0,0.45,0.5,0.475,5,273,11,0.030136986301369864,0.9616350762527233,OTM
2023-08-25,2023-09-05,CALL,4413.905,4600.0,0.35,0.4,0.375,175,345,11,0.030136986301369864,0.9595445652173913,OTM
2023-08-25,2023-09-05,PUT,4413.905,4600.0,180.0,185.1,182.55,2,125,11,0.030136986301369864,0.9595445652173913,OTM
2023-08-25,2023-09-05,CALL,4413.905,4610.0,0.25,0.35,0.3,1,86,11,0.030136986301369864,0.9574631236442516,OTM
2023-08-25,2023-09-05,CALL,4413.905,4625.0,0.2,0.25,0.225,36,313,11,0.030136986301369864,0.9543578378378378,OTM
2023-08-25,2023-09-05,CALL,4413.905,4650.0,0.15,0.2,0.175,585,1090,11,0.030136986301369864,0.94922688172043,OTM
2023-08-25,2023-09-06,PUT,4413.905,4050.0,1.05,1.15,1.1,3,399,12,0.03287671232876712,1.089853086419753,ITM
2023-08-25,2023-09-06,PUT,4413.905,4075.0,1.15,1.25,1.2,74,99,12,0.03287671232876712,1.0831668711656441,ITM
2023-08-25,2023-09-06,PUT,4413.905,4100.0,1.3,1.4,1.35,97,542,12,0.03287671232876712,1.076562195121951,ITM
2023-08-25,2023-09-06,PUT,4413.905,4120.0,1.45,1.55,1.5,51,29,12,0.03287671232876712,1.0713361650485436,ITM
2023-08-25,2023-09-06,PUT,4413.905,4130.0,1.55,1.65,1.6,25,37,12,0.03287671232876712,1.0687421307506053,ITM
2023-08-25,2023-09-06,PUT,4413.905,4140.0,1.65,1.75,1.7,2,45,12,0.03287671232876712,1.0661606280193237,ITM
2023-08-25,2023-09-06,PUT,4413.905,4150.0,1.75,1.85,1.8,85,346,12,0.03287671232876712,1.0635915662650601,ITM
2023-08-25,2023-09-06,PUT,4413.905,4160.0,1.9,2.0,1.95,5,35,12,0.03287671232876712,1.0610348557692306,ITM
2023-08-25,2023-09-06,PUT,4413.905,4170.0,2.05,2.15,2.0999999999999996,29,163,12,0.03287671232876712,1.0584904076738608,ITM
2023-08-25,2023-09-06,PUT,4413.905,4175.0,2.1,2.2,2.1500000000000004,1,179,12,0.03287671232876712,1.057222754491018,ITM
2023-08-25,2023-09-06,PUT,4413.905,4180.0,2.2,2.3,2.25,2,92,12,0.03287671232876712,1.0559581339712918,ITM
2023-08-25,2023-09-06,PUT,4413.905,4190.0,2.4,2.5,2.45,23,49,12,0.03287671232876712,1.0534379474940334,ITM
2023-08-25,2023-09-06,PUT,4413.905,4200.0,2.6,2.7,2.6500000000000004,108,456,12,0.03287671232876712,1.050929761904762,ITM
2023-08-25,2023-09-06,PUT,4413.905,4205.0,2.75,2.85,2.8,24,55,12,0.03287671232876712,1.049680142687277,ITM
2023-08-25,2023-09-06,PUT,4413.905,4210.0,2.85,3.0,2.925,35,66,12,0.03287671232876712,1.0484334916864608,ITM
2023-08-25,2023-09-06,PUT,4413.905,4220.0,3.1,3.3,3.2,1,61,12,0.03287671232876712,1.0459490521327013,ITM
2023-08-25,2023-09-06,PUT,4413.905,4225.0,3.3,3.5,3.4,63,55,12,0.03287671232876712,1.0447112426035503,ITM
2023-08-25,2023-09-06,PUT,4413.905,4230.0,3.5,3.7,3.6,28,97,12,0.03287671232876712,1.0434763593380614,ITM
2023-08-25,2023-09-06,PUT,4413.905,4235.0,3.7,3.9,3.8,2,38,12,0.03287671232876712,1.0422443919716646,ITM
2023-08-25,2023-09-06,PUT,4413.905,4245.0,4.1,4.3,4.199999999999999,20,54,12,0.03287671232876712,1.0397891637220258,ITM
2023-08-25,2023-09-06,PUT,4413.905,4250.0,4.4,4.6,4.5,56,363,12,0.03287671232876712,1.0385658823529411,ITM
2023-08-25,2023-09-06,PUT,4413.905,4255.0,4.6,4.8,4.699999999999999,3,127,12,0.03287671232876712,1.0373454759106933,ITM
2023-08-25,2023-09-06,PUT,4413.905,4260.0,4.9,5.1,5.0,5,125,12,0.03287671232876712,1.0361279342723004,ITM
2023-08-25,2023-09-06,PUT,4413.905,4265.0,5.2,5.4,5.300000000000001,7,39,12,0.03287671232876712,1.0349132473622509,ITM
2023-08-25,2023-09-06,PUT,4413.905,4270.0,5.6,5.8,5.699999999999999,9,85,12,0.03287671232876712,1.0337014051522249,ITM
2023-08-25,2023-09-06,PUT,4413.905,4275.0,5.9,6.1,6.0,2,43,12,0.03287671232876712,1.0324923976608187,ITM
2023-08-25,2023-09-06,PUT,4413.905,4280.0,6.3,6.5,6.4,30,42,12,0.03287671232876712,1.0312862149532709,ITM
2023-08-25,2023-09-06,PUT,4413.905,4285.0,6.7,6.9,6.800000000000001,6,196,12,0.03287671232876712,1.0300828471411902,ITM
2023-08-25,2023-09-06,PUT,4413.905,4290.0,7.2,7.4,7.300000000000001,22,232,12,0.03287671232876712,1.0288822843822842,ATM
2023-08-25,2023-09-06,CALL,4413.905,4295.0,129.9,131.9,130.9,2,6,12,0.03287671232876712,1.027684516880093,ATM
2023-08-25,2023-09-06,PUT,4413.905,4295.0,7.6,7.9,7.75,4,74,12,0.03287671232876712,1.027684516880093,ATM
2023-08-25,2023-09-06,CALL,4413.905,4300.0,125.6,127.3,126.44999999999999,1,4,12,0.03287671232876712,1.0264895348837209,ATM
2023-08-25,2023-09-06,PUT,4413.905,4300.0,8.1,8.4,8.25,16,447,12,0.03287671232876712,1.0264895348837209,ATM
2023-08-25,2023-09-06,PUT,4413.905,4305.0,8.7,8.9,8.8,5,52,12,0.03287671232876712,1.0252973286875726,ATM
2023-08-25,2023-09-06,CALL,4413.905,4310.0,116.7,118.6,117.65,3,25,12,0.03287671232876712,1.0241078886310904,ATM
2023-08-25,2023-09-06,PUT,4413.905,4310.0,9.3,9.5,9.4,38,216,12,0.03287671232876712,1.0241078886310904,ATM
2023-08-25,2023-09-06,PUT,4413.905,4315.0,9.9,10.1,10.0,28,226,12,0.03287671232876712,1.0229212050984935,ATM
2023-08-25,2023-09-06,CALL,4413.905,4320.0,108.1,109.9,109.0,5,16,12,0.03287671232876712,1.0217372685185184,ATM
2023-08-25,2023-09-06,PUT,4413.905,4320.0,10.6,10.8,10.7,118,158,12,0.03287671232876712,1.0217372685185184,ATM
2023-08-25,2023-09-06,CALL,4413.905,4325.0,103.8,105.7,104.75,1,18,12,0.03287671232876712,1.0205560693641618,ATM
2023-08-25,2023-09-06,PUT,4413.905,4325.0,11.3,11.5,11.4,109,968,12,0.03287671232876712,1.0205560693641618,ATM
2023-08-25,2023-09-06,CALL,4413.905,4330.0,99.2,101.2,100.2,1,5,12,0.03287671232876712,1.019377598152425,ATM
2023-08-25,2023-09-06,PUT,4413.905,4330.0,12.0,12.3,12.15,63,95,12,0.03287671232876712,1.019377598152425,ATM
2023-08-25,2023-09-06,CALL,4413.905,4335.0,95.2,97.1,96.15,1,2,12,0.03287671232876712,1.01820184544406,ATM
2023-08-25,2023-09-06,PUT,4413.905,4335.0,12.9,13.1,13.0,45,170,12,0.03287671232876712,1.01820184544406,ATM
2023-08-25,2023-09-06,CALL,4413.905,4340.0,90.8,92.9,91.85,2,13,12,0.03287671232876712,1.017028801843318,ATM
2023-08-25,2023-09-06,PUT,4413.905,4340.0,13.7,14.0,13.85,170,160,12,0.03287671232876712,1.017028801843318,ATM
2023-08-25,2023-09-06,PUT,4413.905,4345.0,14.7,14.9,14.8,20,119,12,0.03287671232876712,1.0158584579976984,ATM
2023-08-25,2023-09-06,PUT,4413.905,4350.0,15.7,15.9,15.8,82,1191,12,0.03287671232876712,1.014690804597701,ATM
2023-08-25,2023-09-06,PUT,4413.905,4355.0,16.7,17.0,16.85,56,42,12,0.03287671232876712,1.0135258323765786,ATM
2023-08-25,2023-09-06,PUT,4413.905,4360.0,17.8,18.1,17.950000000000003,91,121,12,0.03287671232876712,1.0123635321100917,ATM
2023-08-25,2023-09-06,CALL,4413.905,4365.0,71.7,73.2,72.45,1,23,12,0.03287671232876712,1.0112038946162656,ATM
2023-08-25,2023-09-06,PUT,4413.905,4365.0,19.0,19.3,19.15,48,52,12,0.03287671232876712,1.0112038946162656,ATM
2023-08-25,2023-09-06,CALL,4413.905,4370.0,68.7,69.0,68.85,16,37,12,0.03287671232876712,1.0100469107551486,ATM
2023-08-25,2023-09-06,PUT,4413.905,4370.0,20.3,20.6,20.450000000000003,81,137,12,0.03287671232876712,1.0100469107551486,ATM
2023-08-25,2023-09-06,CALL,4413.905,4375.0,64.9,65.5,65.2,19,10,12,0.03287671232876712,1.0088925714285715,ATM
2023-08-25,2023-09-06,PUT,4413.905,4375.0,21.5,21.9,21.7,62,778,12,0.03287671232876712,1.0088925714285715,ATM
2023-08-25,2023-09-06,CALL,4413.905,4380.0,61.5,61.8,61.65,31,46,12,0.03287671232876712,1.0077408675799087,ATM
2023-08-25,2023-09-06,PUT,4413.905,4380.0,23.0,23.3,23.15,80,137,12,0.03287671232876712,1.0077408675799087,ATM
2023-08-25,2023-09-06,CALL,4413.905,4385.0,58.0,58.3,58.15,31,52,12,0.03287671232876712,1.0065917901938426,ATM
2023-08-25,2023-09-06,PUT,4413.905,4385.0,24.5,24.8,24.65,76,178,12,0.03287671232876712,1.0065917901938426,ATM
2023-08-25,2023-09-06,CALL,4413.905,4390.0,54.5,54.9,54.7,26,90,12,0.03287671232876712,1.0054453302961275,ATM
2023-08-25,2023-09-06,PUT,4413.905,4390.0,26.1,26.5,26.3,53,129,12,0.03287671232876712,1.0054453302961275,ATM
2023-08-25,2023-09-06,CALL,4413.905,4395.0,51.3,51.6,51.45,37,40,12,0.03287671232876712,1.004301478953356,ATM
2023-08-25,2023-09-06,PUT,4413.905,4395.0,27.8,28.1,27.950000000000003,22,169,12,0.03287671232876712,1.004301478953356,ATM
2023-08-25,2023-09-06,CALL,4413.905,4400.0,48.1,48.5,48.3,115,145,12,0.03287671232876712,1.0031602272727271,ATM
2023-08-25,2023-09-06,PUT,4413.905,4400.0,29.5,29.9,29.7,54,629,12,0.03287671232876712,1.0031602272727271,ATM
2023-08-25,2023-09-06,CALL,4413.905,4405.0,45.0,45.3,45.15,82,49,12,0.03287671232876712,1.0020215664018162,ATM
2023-08-25,2023-09-06,PUT,4413.905,4405.0,31.5,31.8,31.65,20,24,12,0.03287671232876712,1.0020215664018162,ATM
2023-08-25,2023-09-06,CALL,4413.905,4410.0,41.9,42.3,42.099999999999994,79,65,12,0.03287671232876712,1.0008854875283446,ATM
2023-08-25,2023-09-06,PUT,4413.905,4410.0,33.3,33.9,33.599999999999994,46,70,12,0.03287671232876712,1.0008854875283446,ATM
2023-08-25,2023-09-06,CALL,4413.905,4415.0,39.0,39.4,39.2,77,47,12,0.03287671232876712,0.9997519818799546,ATM
2023-08-25,2023-09-06,PUT,4413.905,4415.0,35.5,35.9,35.7,26,41,12,0.03287671232876712,0.9997519818799546,ATM
2023-08-25,2023-09-06,CALL,4413.905,4420.0,36.2,36.6,36.400000000000006,96,52,12,0.03287671232876712,0.9986210407239818,ATM
2023-08-25,2023-09-06,PUT,4413.905,4420.0,37.7,38.1,37.900000000000006,37,67,12,0.03287671232876712,0.9986210407239818,ATM
2023-08-25,2023-09-06,CALL,4413.905,4425.0,33.5,33.9,33.7,133,130,12,0.03287671232876712,0.9974926553672315,ATM
2023-08-25,2023-09-06,PUT,4413.905,4425.0,40.0,40.4,40.2,120,88,12,0.03287671232876712,0.9974926553672315,ATM
2023-08-25,2023-09-06,CALL,4413.905,4430.0,31.0,31.3,31.15,94,76,12,0.03287671232876712,0.9963668171557561,ATM
2023-08-25,2023-09-06,PUT,4413.905,4430.0,42.5,42.8,42.65,129,109,12,0.03287671232876712,0.9963668171557561,ATM
2023-08-25,2023-09-06,CALL,4413.905,4435.0,28.5,28.9,28.7,49,46,12,0.03287671232876712,0.9952435174746336,ATM
2023-08-25,2023-09-06,PUT,4413.905,4435.0,45.0,45.3,45.15,27,53,12,0.03287671232876712,0.9952435174746336,ATM
2023-08-25,2023-09-06,CALL,4413.905,4440.0,26.2,26.5,26.35,16,264,12,0.03287671232876712,0.9941227477477477,ATM
2023-08-25,2023-09-06,PUT,4413.905,4440.0,47.6,48.0,47.8,73,224,12,0.03287671232876712,0.9941227477477477,ATM
2023-08-25,2023-09-06,CALL,4413.905,4445.0,24.0,24.3,24.15,5,142,12,0.03287671232876712,0.9930044994375703,ATM
2023-08-25,2023-09-06,PUT,4413.905,4445.0,50.4,50.8,50.599999999999994,7,57,12,0.03287671232876712,0.9930044994375703,ATM
2023-08-25,2023-09-06,CALL,4413.905,4450.0,21.9,22.2,22.049999999999997,23,238,12,0.03287671232876712,0.9918887640449437,ATM
2023-08-25,2023-09-06,PUT,4413.905,4450.0,53.3,53.7,53.5,14,66,12,0.03287671232876712,0.9918887640449437,ATM
2023-08-25,2023-09-06,CALL,4413.905,4455.0,19.9,20.2,20.049999999999997,15,19,12,0.03287671232876712,0.9907755331088663,ATM
2023-08-25,2023-09-06,PUT,4413.905,4455.0,55.7,57.5,56.6,5,32,12,0.03287671232876712,0.9907755331088663,ATM
2023-08-25,2023-09-06,CALL,4413.905,4460.0,18.1,18.4,18.25,9,1242,12,0.03287671232876712,0.989664798206278,ATM
2023-08-25,2023-09-06,PUT,4413.905,4460.0,59.0,60.6,59.8,18,51,12,0.03287671232876712,0.989664798206278,ATM
2023-08-25,2023-09-06,CALL,4413.905,4465.0,16.4,16.7,16.549999999999997,534,15,12,0.03287671232876712,0.9885565509518477,ATM
2023-08-25,2023-09-06,PUT,4413.905,4465.0,62.2,63.9,63.05,9,23,12,0.03287671232876712,0.9885565509518477,ATM
2023-08-25,2023-09-06,CALL,4413.905,4470.0,14.8,15.1,14.95,14,86,12,0.03287671232876712,0.9874507829977628,ATM
2023-08-25,2023-09-06,PUT,4413.905,4470.0,65.5,67.3,66.4,1,53,12,0.03287671232876712,0.9874507829977628,ATM
2023-08-25,2023-09-06,CALL,4413.905,4475.0,13.3,13.6,13.45,39,52,12,0.03287671232876712,0.9863474860335195,ATM
2023-08-25,2023-09-06,PUT,4413.905,4475.0,69.0,71.0,70.0,10,39,12,0.03287671232876712,0.9863474860335195,ATM
2023-08-25,2023-09-06,CALL,4413.905,4480.0,11.9,12.2,12.05,34,100,12,0.03287671232876712,0.9852466517857142,ATM
2023-08-25,2023-09-06,CALL,4413.905,4485.0,10.6,10.9,10.75,51,52,12,0.03287671232876712,0.9841482720178372,ATM
2023-08-25,2023-09-06,PUT,4413.905,4485.0,76.3,78.2,77.25,1,7,12,0.03287671232876712,0.9841482720178372,ATM
2023-08-25,2023-09-06,CALL,4413.905,4490.0,9.5,9.7,9.6,50,182,12,0.03287671232876712,0.9830523385300668,ATM
2023-08-25,2023-09-06,PUT,4413.905,4490.0,80.3,82.2,81.25,1,92,12,0.03287671232876712,0.9830523385300668,ATM
2023-08-25,2023-09-06,CALL,4413.905,4495.0,8.4,8.7,8.55,14,72,12,0.03287671232876712,0.9819588431590656,ATM
2023-08-25,2023-09-06,CALL,4413.905,4500.0,7.4,7.7,7.550000000000001,104,2106,12,0.03287671232876712,0.9808677777777777,ATM
2023-08-25,2023-09-06,PUT,4413.905,4500.0,88.2,89.7,88.95,10,11,12,0.03287671232876712,0.9808677777777777,ATM
2023-08-25,2023-09-06,CALL,4413.905,4505.0,6.6,6.8,6.699999999999999,221,85,12,0.03287671232876712,0.9797791342952274,ATM
2023-08-25,2023-09-06,CALL,4413.905,4510.0,5.8,6.0,5.9,216,89,12,0.03287671232876712,0.9786929046563192,ATM
2023-08-25,2023-09-06,PUT,4413.905,4510.0,96.5,98.5,97.5,1,14,12,0.03287671232876712,0.9786929046563192,ATM
2023-08-25,2023-09-06,CALL,4413.905,4515.0,5.1,5.3,5.199999999999999,466,90,12,0.03287671232876712,0.9776090808416389,ATM
2023-08-25,2023-09-06,CALL,4413.905,4520.0,4.4,4.7,4.550000000000001,93,137,12,0.03287671232876712,0.9765276548672566,ATM
2023-08-25,2023-09-06,CALL,4413.905,4525.0,3.9,4.1,4.0,7,141,12,0.03287671232876712,0.9754486187845304,ATM
2023-08-25,2023-09-06,PUT,4413.905,4525.0,109.5,111.3,110.4,11,356,12,0.03287671232876712,0.9754486187845304,ATM
2023-08-25,2023-09-06,CALL,4413.905,4530.0,3.4,3.6,3.5,74,83,12,0.03287671232876712,0.9743719646799116,ATM
2023-08-25,2023-09-06,CALL,4413.905,4535.0,2.95,3.1,3.0250000000000004,14,112,12,0.03287671232876712,0.9732976846747519,ATM
2023-08-25,2023-09-06,CALL,4413.905,4540.0,2.6,2.7,2.6500000000000004,7,46,12,0.03287671232876712,0.9722257709251101,ATM
2023-08-25,2023-09-06,PUT,4413.905,4540.0,123.1,125.1,124.1,3,4,12,0.03287671232876712,0.9722257709251101,ATM
2023-08-25,2023-09-06,CALL,4413.905,4545.0,2.25,2.4,2.325,31,10,12,0.03287671232876712,0.9711562156215621,ATM
2023-08-25,2023-09-06,CALL,4413.905,4550.0,1.95,2.1,2.025,15,1192,12,0.03287671232876712,0.9700890109890109,ATM
2023-08-25,2023-09-06,PUT,4413.905,4550.0,132.5,134.2,133.35,2,8,12,0.03287671232876712,0.9700890109890109,ATM
2023-08-25,2023-09-06,CALL,4413.905,4555.0,1.7,1.8,1.75,3,37,12,0.03287671232876712,0.9690241492864983,OTM
2023-08-25,2023-09-06,CALL,4413.905,4560.0,1.45,1.6,1.525,2,245,12,0.03287671232876712,0.9679616228070175,OTM
2023-08-25,2023-09-06,PUT,4413.905,4560.0,141.7,143.7,142.7,4,28,12,0.03287671232876712,0.9679616228070175,OTM
2023-08-25,2023-09-06,CALL,4413.905,4565.0,1.25,1.4,1.325,1,71,12,0.03287671232876712,0.9669014238773275,OTM
2023-08-25,2023-09-06,CALL,4413.905,4570.0,1.1,1.2,1.15,2,154,12,0.03287671232876712,0.965843544857768,OTM
2023-08-25,2023-09-06,PUT,4413.905,4570.0,151.6,153.3,152.45,1,1,12,0.03287671232876712,0.965843544857768,OTM
2023-08-25,2023-09-06,CALL,4413.905,4580.0,0.85,0.95,0.8999999999999999,5,244,12,0.03287671232876712,0.9637347161572052,OTM
2023-08-25,2023-09-06,CALL,4413.905,4585.0,0.75,0.85,0.8,3,406,12,0.03287671232876712,0.9626837513631407,OTM
2023-08-25,2023-09-06,CALL,4413.905,4590.0,0.65,0.75,0.7,4,286,12,0.03287671232876712,0.9616350762527233,OTM
2023-08-25,2023-09-06,CALL,4413.905,4600.0,0.5,0.6,0.55,34,283,12,0.03287671232876712,0.9595445652173913,OTM
2023-08-25,2023-09-06,PUT,4413.905,4600.0,179.6,184.7,182.14999999999998,2,6,12,0.03287671232876712,0.9595445652173913,OTM
2023-08-25,2023-09-06,CALL,4413.905,4610.0,0.4,0.5,0.45,14,50,12,0.03287671232876712,0.9574631236442516,OTM
2023-08-25,2023-09-06,CALL,4413.905,4620.0,0.3,0.4,0.35,9,114,12,0.03287671232876712,0.9553906926406925,OTM
2023-08-25,2023-09-06,CALL,4413.905,4625.0,0.3,0.35,0.32499999999999996,15,967,12,0.03287671232876712,0.9543578378378378,OTM
2023-08-25,2023-09-06,CALL,4413.905,4630.0,0.25,0.35,0.3,1,339,12,0.03287671232876712,0.9533272138228941,OTM
2023-08-25,2023-09-06,CALL,4413.905,4650.0,0.15,0.25,0.2,20,154,12,0.03287671232876712,0.94922688172043,OTM
2023-08-25,2023-09-06,CALL,4413.905,4675.0,0.1,0.2,0.15000000000000002,10,42,12,0.03287671232876712,0.9441508021390373,OTM
2023-08-25,2023-09-06,CALL,4413.905,4700.0,0.1,0.15,0.125,1,389,12,0.03287671232876712,0.9391287234042552,OTM
2023-08-25,2023-09-07,PUT,4413.905,4025.0,1.15,1.25,1.2,1,76,13,0.03561643835616438,1.096622360248447,ITM
2023-08-25,2023-09-07,PUT,4413.905,4050.0,1.3,1.4,1.35,7,230,13,0.03561643835616438,1.089853086419753,ITM
2023-08-25,2023-09-07,PUT,4413.905,4075.0,1.45,1.55,1.5,12,102,13,0.03561643835616438,1.0831668711656441,ITM
2023-08-25,2023-09-07,CALL,4413.905,4100.0,319.8,321.9,320.85,1,2,13,0.03561643835616438,1.076562195121951,ITM
2023-08-25,2023-09-07,PUT,4413.905,4125.0,1.9,2.0,1.95,10,57,13,0.03561643835616438,1.0700375757575757,ITM
2023-08-25,2023-09-07,PUT,4413.905,4130.0,1.95,2.05,2.0,1,99,13,0.03561643835616438,1.0687421307506053,ITM
2023-08-25,2023-09-07,PUT,4413.905,4140.0,2.1,2.2,2.1500000000000004,23,1,13,0.03561643835616438,1.0661606280193237,ITM
2023-08-25,2023-09-07,CALL,4413.905,4150.0,270.7,272.6,271.65,2,1,13,0.03561643835616438,1.0635915662650601,ITM
2023-08-25,2023-09-07,PUT,4413.905,4150.0,2.25,2.35,2.3,26,135,13,0.03561643835616438,1.0635915662650601,ITM
2023-08-25,2023-09-07,PUT,4413.905,4170.0,2.6,2.7,2.6500000000000004,8,38,13,0.03561643835616438,1.0584904076738608,ITM
2023-08-25,2023-09-07,PUT,4413.905,4175.0,2.7,2.8,2.75,76,46,13,0.03561643835616438,1.057222754491018,ITM
2023-08-25,2023-09-07,PUT,4413.905,4180.0,2.8,2.95,2.875,5,24,13,0.03561643835616438,1.0559581339712918,ITM
2023-08-25,2023-09-07,PUT,4413.905,4190.0,3.0,3.2,3.1,30,26,13,0.03561643835616438,1.0534379474940334,ITM
2023-08-25,2023-09-07,PUT,4413.905,4200.0,3.3,3.5,3.4,14,1517,13,0.03561643835616438,1.050929761904762,ITM
2023-08-25,2023-09-07,PUT,4413.905,4210.0,3.6,3.8,3.7,29,9,13,0.03561643835616438,1.0484334916864608,ITM
2023-08-25,2023-09-07,PUT,4413.905,4215.0,3.8,4.0,3.9,2,39,13,0.03561643835616438,1.0471897983392644,ITM
2023-08-25,2023-09-07,PUT,4413.905,4225.0,4.2,4.4,4.300000000000001,4,63,13,0.03561643835616438,1.0447112426035503,ITM
2023-08-25,2023-09-07,PUT,4413.905,4230.0,4.4,4.6,4.5,4,14,13,0.03561643835616438,1.0434763593380614,ITM
2023-08-25,2023-09-07,PUT,4413.905,4235.0,4.7,4.9,4.800000000000001,13,57,13,0.03561643835616438,1.0422443919716646,ITM
2023-08-25,2023-09-07,PUT,4413.905,4240.0,4.9,5.1,5.0,7,48,13,0.03561643835616438,1.041015330188679,ITM
2023-08-25,2023-09-07,PUT,4413.905,4245.0,5.2,5.4,5.300000000000001,3,15,13,0.03561643835616438,1.0397891637220258,ITM
2023-08-25,2023-09-07,PUT,4413.905,4250.0,5.5,5.7,5.6,42,287,13,0.03561643835616438,1.0385658823529411,ITM
2023-08-25,2023-09-07,PUT,4413.905,4260.0,6.1,6.3,6.199999999999999,69,39,13,0.03561643835616438,1.0361279342723004,ITM
2023-08-25,2023-09-07,PUT,4413.905,4265.0,6.4,6.7,6.550000000000001,37,85,13,0.03561643835616438,1.0349132473622509,ITM
2023-08-25,2023-09-07,PUT,4413.905,4270.0,6.8,7.1,6.949999999999999,25,100,13,0.03561643835616438,1.0337014051522249,ITM
2023-08-25,2023-09-07,PUT,4413.905,4275.0,7.2,7.5,7.35,4,279,13,0.03561643835616438,1.0324923976608187,ITM
2023-08-25,2023-09-07,PUT,4413.905,4280.0,7.7,7.9,7.800000000000001,22,28,13,0.03561643835616438,1.0312862149532709,ITM
2023-08-25,2023-09-07,PUT,4413.905,4285.0,8.1,8.4,8.25,4,28,13,0.03561643835616438,1.0300828471411902,ITM
2023-08-25,2023-09-07,PUT,4413.905,4290.0,8.6,8.9,8.75,106,24,13,0.03561643835616438,1.0288822843822842,ATM
2023-08-25,2023-09-07,PUT,4413.905,4295.0,9.1,9.4,9.25,21,52,13,0.03561643835616438,1.027684516880093,ATM
2023-08-25,2023-09-07,PUT,4413.905,4300.0,9.7,10.0,9.85,21,170,13,0.03561643835616438,1.0264895348837209,ATM
2023-08-25,2023-09-07,PUT,4413.905,4305.0,10.3,10.5,10.4,11,70,13,0.03561643835616438,1.0252973286875726,ATM
2023-08-25,2023-09-07,PUT,4413.905,4310.0,10.9,11.2,11.05,40,30,13,0.03561643835616438,1.0241078886310904,ATM
2023-08-25,2023-09-07,PUT,4413.905,4315.0,11.6,11.9,11.75,24,43,13,0.03561643835616438,1.0229212050984935,ATM
2023-08-25,2023-09-07,CALL,4413.905,4320.0,111.0,112.8,111.9,4,20,13,0.03561643835616438,1.0217372685185184,ATM
2023-08-25,2023-09-07,PUT,4413.905,4320.0,12.3,12.6,12.45,103,52,13,0.03561643835616438,1.0217372685185184,ATM
2023-08-25,2023-09-07,PUT,4413.905,4325.0,13.0,13.3,13.15,163,369,13,0.03561643835616438,1.0205560693641618,ATM
2023-08-25,2023-09-07,PUT,4413.905,4330.0,13.8,14.2,14.0,18,47,13,0.03561643835616438,1.019377598152425,ATM
2023-08-25,2023-09-07,CALL,4413.905,4340.0,94.9,96.1,95.5,52,66,13,0.03561643835616438,1.017028801843318,ATM
2023-08-25,2023-09-07,PUT,4413.905,4340.0,15.6,16.0,15.8,60,564,13,0.03561643835616438,1.017028801843318,ATM
2023-08-25,2023-09-07,CALL,4413.905,4345.0,90.9,92.1,91.5,56,31,13,0.03561643835616438,1.0158584579976984,ATM
2023-08-25,2023-09-07,PUT,4413.905,4345.0,16.6,16.9,16.75,56,92,13,0.03561643835616438,1.0158584579976984,ATM
2023-08-25,2023-09-07,PUT,4413.905,4350.0,17.6,18.0,17.8,44,265,13,0.03561643835616438,1.014690804597701,ATM
2023-08-25,2023-09-07,CALL,4413.905,4355.0,83.1,84.2,83.65,13,28,13,0.03561643835616438,1.0135258323765786,ATM
2023-08-25,2023-09-07,PUT,4413.905,4355.0,18.6,19.0,18.8,5,13,13,0.03561643835616438,1.0135258323765786,ATM
2023-08-25,2023-09-07,CALL,4413.905,4360.0,79.3,80.3,79.8,5,32,13,0.03561643835616438,1.0123635321100917,ATM
2023-08-25,2023-09-07,PUT,4413.905,4360.0,19.8,20.2,20.0,14,23,13,0.03561643835616438,1.0123635321100917,ATM
2023-08-25,2023-09-07,CALL,4413.905,4365.0,75.8,76.2,76.0,2,14,13,0.03561643835616438,1.0112038946162656,ATM
2023-08-25,2023-09-07,PUT,4413.905,4365.0,21.0,21.4,21.2,27,63,13,0.03561643835616438,1.0112038946162656,ATM
2023-08-25,2023-09-07,CALL,4413.905,4370.0,72.0,72.6,72.3,6,11,13,0.03561643835616438,1.0100469107551486,ATM
2023-08-25,2023-09-07,PUT,4413.905,4370.0,22.3,22.6,22.450000000000003,29,92,13,0.03561643835616438,1.0100469107551486,ATM
2023-08-25,2023-09-07,CALL,4413.905,4375.0,68.4,69.0,68.7,14,74,13,0.03561643835616438,1.0088925714285715,ATM
2023-08-25,2023-09-07,PUT,4413.905,4375.0,23.6,24.0,23.8,117,255,13,0.03561643835616438,1.0088925714285715,ATM
2023-08-25,2023-09-07,CALL,4413.905,4380.0,64.8,65.4,65.1,15,105,13,0.03561643835616438,1.0077408675799087,ATM
2023-08-25,2023-09-07,PUT,4413.905,4380.0,25.0,25.4,25.2,32,170,13,0.03561643835616438,1.0077408675799087,ATM
2023-08-25,2023-09-07,CALL,4413.905,4385.0,61.4,61.8,61.599999999999994,63,41,13,0.03561643835616438,1.0065917901938426,ATM
2023-08-25,2023-09-07,PUT,4413.905,4385.0,26.6,27.0,26.8,31,50,13,0.03561643835616438,1.0065917901938426,ATM
2023-08-25,2023-09-07,CALL,4413.905,4390.0,58.0,58.4,58.2,31,53,13,0.03561643835616438,1.0054453302961275,ATM
2023-08-25,2023-09-07,PUT,4413.905,4390.0,28.0,28.5,28.25,447,677,13,0.03561643835616438,1.0054453302961275,ATM
2023-08-25,2023-09-07,PUT,4413.905,4395.0,29.8,30.2,30.0,20,95,13,0.03561643835616438,1.004301478953356,ATM
2023-08-25,2023-09-07,CALL,4413.905,4400.0,51.4,52.0,51.7,31,79,13,0.03561643835616438,1.0031602272727271,ATM
2023-08-25,2023-09-07,PUT,4413.905,4400.0,31.6,32.0,31.8,24,109,13,0.03561643835616438,1.0031602272727271,ATM
2023-08-25,2023-09-07,CALL,4413.905,4405.0,48.3,48.7,48.5,11,28,13,0.03561643835616438,1.0020215664018162,ATM
2023-08-25,2023-09-07,PUT,4413.905,4405.0,33.4,33.8,33.599999999999994,86,12,13,0.03561643835616438,1.0020215664018162,ATM
2023-08-25,2023-09-07,CALL,4413.905,4410.0,45.2,45.8,45.5,21,23,13,0.03561643835616438,1.0008854875283446,ATM
2023-08-25,2023-09-07,PUT,4413.905,4410.0,35.2,35.8,35.5,23,35,13,0.03561643835616438,1.0008854875283446,ATM
2023-08-25,2023-09-07,CALL,4413.905,4415.0,42.3,42.7,42.5,23,60,13,0.03561643835616438,0.9997519818799546,ATM
2023-08-25,2023-09-07,PUT,4413.905,4415.0,37.4,37.8,37.599999999999994,13,30,13,0.03561643835616438,0.9997519818799546,ATM
2023-08-25,2023-09-07,CALL,4413.905,4420.0,39.3,39.9,39.599999999999994,38,163,13,0.03561643835616438,0.9986210407239818,ATM
2023-08-25,2023-09-07,PUT,4413.905,4420.0,39.5,39.9,39.7,179,279,13,0.03561643835616438,0.9986210407239818,ATM
2023-08-25,2023-09-07,CALL,4413.905,4425.0,36.7,37.1,36.900000000000006,16,68,13,0.03561643835616438,0.9974926553672315,ATM
2023-08-25,2023-09-07,PUT,4413.905,4425.0,41.8,42.2,42.0,11,7,13,0.03561643835616438,0.9974926553672315,ATM
2023-08-25,2023-09-07,CALL,4413.905,4430.0,34.1,34.5,34.3,37,42,13,0.03561643835616438,0.9963668171557561,ATM
2023-08-25,2023-09-07,CALL,4413.905,4435.0,31.6,32.0,31.8,49,26,13,0.03561643835616438,0.9952435174746336,ATM
2023-08-25,2023-09-07,CALL,4413.905,4440.0,29.2,29.5,29.35,41,183,13,0.03561643835616438,0.9941227477477477,ATM
2023-08-25,2023-09-07,PUT,4413.905,4440.0,49.2,49.6,49.400000000000006,2,97,13,0.03561643835616438,0.9941227477477477,ATM
2023-08-25,2023-09-07,CALL,4413.905,4445.0,26.8,27.2,27.0,31,41,13,0.03561643835616438,0.9930044994375703,ATM
2023-08-25,2023-09-07,CALL,4413.905,4450.0,24.7,25.0,24.85,923,117,13,0.03561643835616438,0.9918887640449437,ATM
2023-08-25,2023-09-07,CALL,4413.905,4455.0,22.6,23.0,22.8,113,61,13,0.03561643835616438,0.9907755331088663,ATM
2023-08-25,2023-09-07,CALL,4413.905,4460.0,20.6,21.0,20.8,20,61,13,0.03561643835616438,0.989664798206278,ATM
2023-08-25,2023-09-07,CALL,4413.905,4465.0,18.8,19.2,19.0,31,208,13,0.03561643835616438,0.9885565509518477,ATM
2023-08-25,2023-09-07,CALL,4413.905,4470.0,17.1,17.5,17.3,60,66,13,0.03561643835616438,0.9874507829977628,ATM
2023-08-25,2023-09-07,CALL,4413.905,4475.0,15.5,15.9,15.7,218,72,13,0.03561643835616438,0.9863474860335195,ATM
2023-08-25,2023-09-07,CALL,4413.905,4480.0,14.0,14.4,14.2,235,56,13,0.03561643835616438,0.9852466517857142,ATM
2023-08-25,2023-09-07,CALL,4413.905,4485.0,12.7,13.0,12.85,422,37,13,0.03561643835616438,0.9841482720178372,ATM
2023-08-25,2023-09-07,CALL,4413.905,4490.0,11.4,11.7,11.55,31,54,13,0.03561643835616438,0.9830523385300668,ATM
2023-08-25,2023-09-07,CALL,4413.905,4495.0,10.2,10.5,10.35,6,69,13,0.03561643835616438,0.9819588431590656,ATM
2023-08-25,2023-09-07,CALL,4413.905,4500.0,9.1,9.4,9.25,96,368,13,0.03561643835616438,0.9808677777777777,ATM
2023-08-25,2023-09-07,CALL,4413.905,4505.0,8.2,8.4,8.3,11,234,13,0.03561643835616438,0.9797791342952274,ATM
2023-08-25,2023-09-07,PUT,4413.905,4505.0,92.5,94.4,93.45,6,6,13,0.03561643835616438,0.9797791342952274,ATM
2023-08-25,2023-09-07,CALL,4413.905,4510.0,7.2,7.5,7.35,8,61,13,0.03561643835616438,0.9786929046563192,ATM
2023-08-25,2023-09-07,CALL,4413.905,4515.0,6.4,6.7,6.550000000000001,39,54,13,0.03561643835616438,0.9776090808416389,ATM
2023-08-25,2023-09-07,CALL,4413.905,4520.0,5.7,5.9,5.800000000000001,91,35,13,0.03561643835616438,0.9765276548672566,ATM
2023-08-25,2023-09-07,CALL,4413.905,4525.0,5.0,5.3,5.15,8,83,13,0.03561643835616438,0.9754486187845304,ATM
2023-08-25,2023-09-07,CALL,4413.905,4530.0,4.4,4.7,4.550000000000001,11,214,13,0.03561643835616438,0.9743719646799116,ATM
2023-08-25,2023-09-07,CALL,4413.905,4535.0,3.9,4.1,4.0,7,62,13,0.03561643835616438,0.9732976846747519,ATM
2023-08-25,2023-09-07,CALL,4413.905,4540.0,3.4,3.6,3.5,33,150,13,0.03561643835616438,0.9722257709251101,ATM
2023-08-25,2023-09-07,CALL,4413.905,4545.0,3.0,3.2,3.1,7,45,13,0.03561643835616438,0.9711562156215621,ATM
2023-08-25,2023-09-07,CALL,4413.905,4550.0,2.6,2.8,2.7,24,169,13,0.03561643835616438,0.9700890109890109,ATM
2023-08-25,2023-09-07,CALL,4413.905,4555.0,2.3,2.45,2.375,15,30,13,0.03561643835616438,0.9690241492864983,OTM
2023-08-25,2023-09-07,CALL,4413.905,4560.0,2.0,2.15,2.075,2,15,13,0.03561643835616438,0.9679616228070175,OTM
2023-08-25,2023-09-07,CALL,4413.905,4570.0,1.5,1.65,1.575,1,103,13,0.03561643835616438,0.965843544857768,OTM
2023-08-25,2023-09-07,CALL,4413.905,4575.0,1.3,1.45,1.375,7,573,13,0.03561643835616438,0.9647879781420764,OTM
2023-08-25,2023-09-07,CALL,4413.905,4580.0,1.15,1.3,1.225,6,240,13,0.03561643835616438,0.9637347161572052,OTM
2023-08-25,2023-09-07,CALL,4413.905,4590.0,0.9,1.0,0.95,3,86,13,0.03561643835616438,0.9616350762527233,OTM
2023-08-25,2023-09-07,CALL,4413.905,4600.0,0.7,0.8,0.75,2,345,13,0.03561643835616438,0.9595445652173913,OTM
2023-08-25,2023-09-07,CALL,4413.905,4625.0,0.4,0.5,0.45,12,270,13,0.03561643835616438,0.9543578378378378,OTM
2023-08-25,2023-09-07,CALL,4413.905,4650.0,0.25,0.3,0.275,52,87,13,0.03561643835616438,0.94922688172043,OTM
2023-08-25,2023-09-08,PUT,4413.905,4020.0,1.4,1.5,1.45,3,196,14,0.038356164383561646,1.0979863184079601,ITM
2023-08-25,2023-09-08,PUT,4413.905,4025.0,1.4,1.5,1.45,4,100,14,0.038356164383561646,1.096622360248447,ITM
2023-08-25,2023-09-08,PUT,4413.905,4030.0,1.45,1.55,1.5,7,140,14,0.038356164383561646,1.0952617866004961,ITM
2023-08-25,2023-09-08,PUT,4413.905,4050.0,1.6,1.7,1.65,91,622,14,0.038356164383561646,1.089853086419753,ITM
2023-08-25,2023-09-08,PUT,4413.905,4060.0,1.65,1.75,1.7,5,86,14,0.038356164383561646,1.0871687192118227,ITM
2023-08-25,2023-09-08,PUT,4413.905,4070.0,1.75,1.85,1.8,1,693,14,0.038356164383561646,1.084497542997543,ITM
2023-08-25,2023-09-08,PUT,4413.905,4075.0,1.8,1.9,1.85,67,192,14,0.038356164383561646,1.0831668711656441,ITM
2023-08-25,2023-09-08,PUT,4413.905,4080.0,1.8,1.95,1.875,131,142,14,0.038356164383561646,1.0818394607843136,ITM
2023-08-25,2023-09-08,PUT,4413.905,4090.0,1.9,2.05,1.9749999999999999,5,264,14,0.038356164383561646,1.0791943765281173,ITM
2023-08-25,2023-09-08,CALL,4413.905,4100.0,320.5,322.6,321.55,1,10,14,0.038356164383561646,1.076562195121951,ITM
2023-08-25,2023-09-08,PUT,4413.905,4100.0,2.0,2.15,2.075,70,502,14,0.038356164383561646,1.076562195121951,ITM
2023-08-25,2023-09-08,PUT,4413.905,4110.0,2.15,2.25,2.2,3,249,14,0.038356164383561646,1.073942822384428,ITM
2023-08-25,2023-09-08,PUT,4413.905,4120.0,2.25,2.4,2.325,24,158,14,0.038356164383561646,1.0713361650485436,ITM
2023-08-25,2023-09-08,PUT,4413.905,4125.0,2.35,2.45,2.4000000000000004,58,594,14,0.038356164383561646,1.0700375757575757,ITM
2023-08-25,2023-09-08,PUT,4413.905,4130.0,2.4,2.55,2.4749999999999996,34,258,14,0.038356164383561646,1.0687421307506053,ITM
2023-08-25,2023-09-08,PUT,4413.905,4140.0,2.6,2.7,2.6500000000000004,69,190,14,0.038356164383561646,1.0661606280193237,ITM
2023-08-25,2023-09-08,CALL,4413.905,4150.0,271.7,273.4,272.54999999999995,1,12,14,0.038356164383561646,1.0635915662650601,ITM
2023-08-25,2023-09-08,PUT,4413.905,4150.0,2.75,2.9,2.825,214,997,14,0.038356164383561646,1.0635915662650601,ITM
2023-08-25,2023-09-08,PUT,4413.905,4155.0,2.85,3.0,2.925,411,37,14,0.038356164383561646,1.0623116726835138,ITM
2023-08-25,2023-09-08,PUT,4413.905,4160.0,2.95,3.1,3.0250000000000004,75,511,14,0.038356164383561646,1.0610348557692306,ITM
2023-08-25,2023-09-08,PUT,4413.905,4165.0,3.1,3.2,3.1500000000000004,3,27,14,0.038356164383561646,1.0597611044417767,ITM
2023-08-25,2023-09-08,CALL,4413.905,4170.0,252.0,253.9,252.95,40,258,14,0.038356164383561646,1.0584904076738608,ITM
2023-08-25,2023-09-08,PUT,4413.905,4170.0,3.2,3.4,3.3,178,222,14,0.038356164383561646,1.0584904076738608,ITM
2023-08-25,2023-09-08,PUT,4413.905,4175.0,3.3,3.5,3.4,200,1063,14,0.038356164383561646,1.057222754491018,ITM
2023-08-25,2023-09-08,PUT,4413.905,4180.0,3.4,3.6,3.5,109,1964,14,0.038356164383561646,1.0559581339712918,ITM
2023-08-25,2023-09-08,PUT,4413.905,4185.0,3.6,3.8,3.7,31,70,14,0.038356164383561646,1.0546965352449222,ITM
2023-08-25,2023-09-08,PUT,4413.905,4190.0,3.8,4.0,3.9,91,212,14,0.038356164383561646,1.0534379474940334,ITM
2023-08-25,2023-09-08,PUT,4413.905,4195.0,3.9,4.1,4.0,14,39,14,0.038356164383561646,1.0521823599523241,ITM
2023-08-25,2023-09-08,CALL,4413.905,4200.0,223.1,224.9,224.0,5,27,14,0.038356164383561646,1.050929761904762,ITM
2023-08-25,2023-09-08,PUT,4413.905,4200.0,4.1,4.3,4.199999999999999,816,1134,14,0.038356164383561646,1.050929761904762,ITM
2023-08-25,2023-09-08,PUT,4413.905,4205.0,4.3,4.5,4.4,5,107,14,0.038356164383561646,1.049680142687277,ITM
2023-08-25,2023-09-08,CALL,4413.905,4210.0,213.4,215.3,214.35000000000002,1,1,14,0.038356164383561646,1.0484334916864608,ITM
2023-08-25,2023-09-08,PUT,4413.905,4210.0,4.5,4.7,4.6,270,195,14,0.038356164383561646,1.0484334916864608,ITM
2023-08-25,2023-09-08,PUT,4413.905,4215.0,4.7,4.9,4.800000000000001,237,57,14,0.038356164383561646,1.0471897983392644,ITM
2023-08-25,2023-09-08,CALL,4413.905,4220.0,203.9,205.9,204.9,1,31,14,0.038356164383561646,1.0459490521327013,ITM
2023-08-25,2023-09-08,PUT,4413.905,4220.0,4.9,5.1,5.0,194,253,14,0.038356164383561646,1.0459490521327013,ITM
2023-08-25,2023-09-08,PUT,4413.905,4225.0,5.2,5.4,5.300000000000001,144,2091,14,0.038356164383561646,1.0447112426035503,ITM
2023-08-25,2023-09-08,PUT,4413.905,4230.0,5.4,5.7,5.550000000000001,44,468,14,0.038356164383561646,1.0434763593380614,ITM
2023-08-25,2023-09-08,PUT,4413.905,4235.0,5.7,5.9,5.800000000000001,23,59,14,0.038356164383561646,1.0422443919716646,ITM
2023-08-25,2023-09-08,CALL,4413.905,4240.0,185.0,186.8,185.9,1,11,14,0.038356164383561646,1.041015330188679,ITM
2023-08-25,2023-09-08,PUT,4413.905,4240.0,6.0,6.2,6.1,109,287,14,0.038356164383561646,1.041015330188679,ITM
2023-08-25,2023-09-08,PUT,4413.905,4245.0,6.3,6.5,6.4,20,86,14,0.038356164383561646,1.0397891637220258,ITM
2023-08-25,2023-09-08,CALL,4413.905,4250.0,176.0,177.5,176.75,17,310,14,0.038356164383561646,1.0385658823529411,ITM
2023-08-25,2023-09-08,PUT,4413.905,4250.0,6.6,6.8,6.699999999999999,537,992,14,0.038356164383561646,1.0385658823529411,ITM
2023-08-25,2023-09-08,CALL,4413.905,4255.0,170.6,172.8,171.7,3,30,14,0.038356164383561646,1.0373454759106933,ITM
2023-08-25,2023-09-08,PUT,4413.905,4255.0,7.0,7.2,7.1,47,136,14,0.038356164383561646,1.0373454759106933,ITM
2023-08-25,2023-09-08,CALL,4413.905,4260.0,166.1,168.2,167.14999999999998,2,16,14,0.038356164383561646,1.0361279342723004,ITM
2023-08-25,2023-09-08,PUT,4413.905,4260.0,7.4,7.6,7.5,786,3898,14,0.038356164383561646,1.0361279342723004,ITM
2023-08-25,2023-09-08,PUT,4413.905,4265.0,7.8,8.0,7.9,57,179,14,0.038356164383561646,1.0349132473622509,ITM
2023-08-25,2023-09-08,PUT,4413.905,4270.0,8.2,8.4,8.3,88,409,14,0.038356164383561646,1.0337014051522249,ITM
2023-08-25,2023-09-08,PUT,4413.905,4275.0,8.6,8.8,8.7,951,1382,14,0.038356164383561646,1.0324923976608187,ITM
2023-08-25,2023-09-08,PUT,4413.905,4280.0,9.1,9.3,9.2,346,295,14,0.038356164383561646,1.0312862149532709,ITM
2023-08-25,2023-09-08,PUT,4413.905,4285.0,9.6,9.8,9.7,59,500,14,0.038356164383561646,1.0300828471411902,ITM
2023-08-25,2023-09-08,PUT,4413.905,4290.0,10.1,10.3,10.2,3042,286,14,0.038356164383561646,1.0288822843822842,ATM
2023-08-25,2023-09-08,PUT,4413.905,4295.0,10.7,10.9,10.8,314,171,14,0.038356164383561646,1.027684516880093,ATM
2023-08-25,2023-09-08,CALL,4413.905,4300.0,130.7,132.1,131.39999999999998,70,695,14,0.038356164383561646,1.0264895348837209,ATM
2023-08-25,2023-09-08,PUT,4413.905,4300.0,11.3,11.5,11.4,547,3060,14,0.038356164383561646,1.0264895348837209,ATM
2023-08-25,2023-09-08,CALL,4413.905,4305.0,126.5,127.8,127.15,76,52,14,0.038356164383561646,1.0252973286875726,ATM
2023-08-25,2023-09-08,PUT,4413.905,4305.0,11.9,12.2,12.05,111,107,14,0.038356164383561646,1.0252973286875726,ATM
2023-08-25,2023-09-08,CALL,4413.905,4310.0,122.1,123.4,122.75,95,49,14,0.038356164383561646,1.0241078886310904,ATM
2023-08-25,2023-09-08,PUT,4413.905,4310.0,12.6,12.8,12.7,723,2382,14,0.038356164383561646,1.0241078886310904,ATM
2023-08-25,2023-09-08,PUT,4413.905,4315.0,13.3,13.5,13.4,1224,152,14,0.038356164383561646,1.0229212050984935,ATM
2023-08-25,2023-09-08,CALL,4413.905,4320.0,113.7,114.9,114.30000000000001,145,380,14,0.038356164383561646,1.0217372685185184,ATM
2023-08-25,2023-09-08,PUT,4413.905,4320.0,14.0,14.3,14.15,282,339,14,0.038356164383561646,1.0217372685185184,ATM
2023-08-25,2023-09-08,CALL,4413.905,4325.0,108.9,110.9,109.9,31,91,14,0.038356164383561646,1.0205560693641618,ATM
2023-08-25,2023-09-08,PUT,4413.905,4325.0,14.8,15.1,14.95,1252,1170,14,0.038356164383561646,1.0205560693641618,ATM
2023-08-25,2023-09-08,CALL,4413.905,4330.0,105.0,106.8,105.9,4,115,14,0.038356164383561646,1.019377598152425,ATM
2023-08-25,2023-09-08,PUT,4413.905,4330.0,15.7,15.9,15.8,1076,526,14,0.038356164383561646,1.019377598152425,ATM
2023-08-25,2023-09-08,CALL,4413.905,4335.0,101.0,102.4,101.7,15,14,14,0.038356164383561646,1.01820184544406,ATM
2023-08-25,2023-09-08,PUT,4413.905,4335.0,16.6,16.8,16.700000000000003,511,295,14,0.038356164383561646,1.01820184544406,ATM
2023-08-25,2023-09-08,CALL,4413.905,4340.0,97.2,98.4,97.80000000000001,149,72,14,0.038356164383561646,1.017028801843318,ATM
2023-08-25,2023-09-08,PUT,4413.905,4340.0,17.5,17.8,17.65,579,2030,14,0.038356164383561646,1.017028801843318,ATM
2023-08-25,2023-09-08,CALL,4413.905,4345.0,92.6,94.4,93.5,14,52,14,0.038356164383561646,1.0158584579976984,ATM
2023-08-25,2023-09-08,PUT,4413.905,4345.0,18.5,18.8,18.65,273,136,14,0.038356164383561646,1.0158584579976984,ATM
2023-08-25,2023-09-08,CALL,4413.905,4350.0,89.3,90.4,89.85,77,223,14,0.038356164383561646,1.014690804597701,ATM
2023-08-25,2023-09-08,PUT,4413.905,4350.0,19.5,19.8,19.65,684,1271,14,0.038356164383561646,1.014690804597701,ATM
2023-08-25,2023-09-08,CALL,4413.905,4355.0,85.4,86.5,85.95,12,72,14,0.038356164383561646,1.0135258323765786,ATM
2023-08-25,2023-09-08,PUT,4413.905,4355.0,20.6,20.9,20.75,267,1022,14,0.038356164383561646,1.0135258323765786,ATM
2023-08-25,2023-09-08,CALL,4413.905,4360.0,81.6,82.7,82.15,48,300,14,0.038356164383561646,1.0123635321100917,ATM
2023-08-25,2023-09-08,PUT,4413.905,4360.0,21.8,22.1,21.950000000000003,1094,513,14,0.038356164383561646,1.0123635321100917,ATM
2023-08-25,2023-09-08,CALL,4413.905,4365.0,77.7,79.0,78.35,23,113,14,0.038356164383561646,1.0112038946162656,ATM
2023-08-25,2023-09-08,PUT,4413.905,4365.0,23.0,23.3,23.15,495,233,14,0.038356164383561646,1.0112038946162656,ATM
2023-08-25,2023-09-08,CALL,4413.905,4370.0,74.5,74.9,74.7,52,117,14,0.038356164383561646,1.0100469107551486,ATM
2023-08-25,2023-09-08,PUT,4413.905,4370.0,24.3,24.6,24.450000000000003,455,771,14,0.038356164383561646,1.0100469107551486,ATM
2023-08-25,2023-09-08,CALL,4413.905,4375.0,70.9,71.2,71.05000000000001,117,238,14,0.038356164383561646,1.0088925714285715,ATM
2023-08-25,2023-09-08,PUT,4413.905,4375.0,25.7,26.0,25.85,840,1282,14,0.038356164383561646,1.0088925714285715,ATM
2023-08-25,2023-09-08,CALL,4413.905,4380.0,67.3,67.7,67.5,229,243,14,0.038356164383561646,1.0077408675799087,ATM
2023-08-25,2023-09-08,PUT,4413.905,4380.0,27.1,27.4,27.25,1692,1064,14,0.038356164383561646,1.0077408675799087,ATM
2023-08-25,2023-09-08,CALL,4413.905,4385.0,63.8,64.2,64.0,55,134,14,0.038356164383561646,1.0065917901938426,ATM
2023-08-25,2023-09-08,PUT,4413.905,4385.0,28.6,28.9,28.75,191,124,14,0.038356164383561646,1.0065917901938426,ATM
2023-08-25,2023-09-08,CALL,4413.905,4390.0,60.4,60.8,60.599999999999994,168,166,14,0.038356164383561646,1.0054453302961275,ATM
2023-08-25,2023-09-08,PUT,4413.905,4390.0,30.2,30.5,30.35,498,416,14,0.038356164383561646,1.0054453302961275,ATM
2023-08-25,2023-09-08,CALL,4413.905,4395.0,57.1,57.5,57.3,59,68,14,0.038356164383561646,1.004301478953356,ATM
2023-08-25,2023-09-08,PUT,4413.905,4395.0,31.9,32.2,32.05,73,187,14,0.038356164383561646,1.004301478953356,ATM
2023-08-25,2023-09-08,CALL,4413.905,4400.0,53.9,54.2,54.05,766,2616,14,0.038356164383561646,1.0031602272727271,ATM
2023-08-25,2023-09-08,PUT,4413.905,4400.0,33.6,34.0,33.8,895,2969,14,0.038356164383561646,1.0031602272727271,ATM
2023-08-25,2023-09-08,CALL,4413.905,4405.0,50.7,51.1,50.900000000000006,56,294,14,0.038356164383561646,1.0020215664018162,ATM
2023-08-25,2023-09-08,PUT,4413.905,4405.0,35.5,35.8,35.65,262,328,14,0.038356164383561646,1.0020215664018162,ATM
2023-08-25,2023-09-08,CALL,4413.905,4410.0,47.7,48.0,47.85,193,484,14,0.038356164383561646,1.0008854875283446,ATM
2023-08-25,2023-09-08,PUT,4413.905,4410.0,37.4,37.8,37.599999999999994,513,682,14,0.038356164383561646,1.0008854875283446,ATM
2023-08-25,2023-09-08,CALL,4413.905,4415.0,44.7,45.1,44.900000000000006,29,128,14,0.038356164383561646,0.9997519818799546,ATM
2023-08-25,2023-09-08,PUT,4413.905,4415.0,39.4,39.8,39.599999999999994,145,285,14,0.038356164383561646,0.9997519818799546,ATM
2023-08-25,2023-09-08,CALL,4413.905,4420.0,41.9,42.2,42.05,103,134,14,0.038356164383561646,0.9986210407239818,ATM
2023-08-25,2023-09-08,PUT,4413.905,4420.0,41.6,41.9,41.75,159,297,14,0.038356164383561646,0.9986210407239818,ATM
2023-08-25,2023-09-08,CALL,4413.905,4425.0,39.1,39.4,39.25,696,589,14,0.038356164383561646,0.9974926553672315,ATM
2023-08-25,2023-09-08,PUT,4413.905,4425.0,43.8,44.1,43.95,617,1598,14,0.038356164383561646,0.9974926553672315,ATM
2023-08-25,2023-09-08,CALL,4413.905,4430.0,36.4,36.8,36.599999999999994,280,207,14,0.038356164383561646,0.9963668171557561,ATM
2023-08-25,2023-09-08,PUT,4413.905,4430.0,46.1,46.5,46.3,310,449,14,0.038356164383561646,0.9963668171557561,ATM
2023-08-25,2023-09-08,CALL,4413.905,4435.0,33.9,34.2,34.05,60,267,14,0.038356164383561646,0.9952435174746336,ATM
2023-08-25,2023-09-08,PUT,4413.905,4435.0,48.5,48.9,48.7,123,115,14,0.038356164383561646,0.9952435174746336,ATM
2023-08-25,2023-09-08,CALL,4413.905,4440.0,31.4,31.8,31.6,343,758,14,0.038356164383561646,0.9941227477477477,ATM
2023-08-25,2023-09-08,PUT,4413.905,4440.0,51.1,51.4,51.25,178,223,14,0.038356164383561646,0.9941227477477477,ATM
2023-08-25,2023-09-08,CALL,4413.905,4445.0,29.1,29.4,29.25,69,325,14,0.038356164383561646,0.9930044994375703,ATM
2023-08-25,2023-09-08,PUT,4413.905,4445.0,53.6,54.2,53.900000000000006,35,198,14,0.038356164383561646,0.9930044994375703,ATM
2023-08-25,2023-09-08,CALL,4413.905,4450.0,26.9,27.2,27.049999999999997,617,2821,14,0.038356164383561646,0.9918887640449437,ATM
2023-08-25,2023-09-08,PUT,4413.905,4450.0,56.5,56.8,56.65,177,3405,14,0.038356164383561646,0.9918887640449437,ATM
2023-08-25,2023-09-08,CALL,4413.905,4455.0,24.7,25.1,24.9,330,401,14,0.038356164383561646,0.9907755331088663,ATM
2023-08-25,2023-09-08,PUT,4413.905,4455.0,59.3,59.7,59.5,46,110,14,0.038356164383561646,0.9907755331088663,ATM
2023-08-25,2023-09-08,CALL,4413.905,4460.0,22.7,23.0,22.85,216,358,14,0.038356164383561646,0.989664798206278,ATM
2023-08-25,2023-09-08,PUT,4413.905,4460.0,62.2,62.8,62.5,56,224,14,0.038356164383561646,0.989664798206278,ATM
2023-08-25,2023-09-08,CALL,4413.905,4465.0,20.8,21.1,20.950000000000003,204,254,14,0.038356164383561646,0.9885565509518477,ATM
2023-08-25,2023-09-08,PUT,4413.905,4465.0,64.9,66.4,65.65,5,199,14,0.038356164383561646,0.9885565509518477,ATM
2023-08-25,2023-09-08,CALL,4413.905,4470.0,19.0,19.4,19.2,492,574,14,0.038356164383561646,0.9874507829977628,ATM
2023-08-25,2023-09-08,PUT,4413.905,4470.0,67.8,69.7,68.75,2,1652,14,0.038356164383561646,0.9874507829977628,ATM
2023-08-25,2023-09-08,CALL,4413.905,4475.0,17.4,17.7,17.549999999999997,3020,432,14,0.038356164383561646,0.9863474860335195,ATM
2023-08-25,2023-09-08,PUT,4413.905,4475.0,71.2,72.9,72.05000000000001,10,326,14,0.038356164383561646,0.9863474860335195,ATM
2023-08-25,2023-09-08,CALL,4413.905,4480.0,15.7,16.1,15.9,212,382,14,0.038356164383561646,0.9852466517857142,ATM
2023-08-25,2023-09-08,PUT,4413.905,4480.0,74.8,76.3,75.55,7,694,14,0.038356164383561646,0.9852466517857142,ATM
2023-08-25,2023-09-08,CALL,4413.905,4485.0,14.4,14.6,14.5,2736,266,14,0.038356164383561646,0.9841482720178372,ATM
2023-08-25,2023-09-08,PUT,4413.905,4485.0,78.2,80.0,79.1,5,415,14,0.038356164383561646,0.9841482720178372,ATM
2023-08-25,2023-09-08,CALL,4413.905,4490.0,13.0,13.3,13.15,207,1015,14,0.038356164383561646,0.9830523385300668,ATM
2023-08-25,2023-09-08,CALL,4413.905,4495.0,11.7,12.0,11.85,53,287,14,0.038356164383561646,0.9819588431590656,ATM
2023-08-25,2023-09-08,PUT,4413.905,4495.0,85.5,87.4,86.45,1,69,14,0.038356164383561646,0.9819588431590656,ATM
2023-08-25,2023-09-08,CALL,4413.905,4500.0,10.5,10.8,10.65,630,2718,14,0.038356164383561646,0.9808677777777777,ATM
2023-08-25,2023-09-08,PUT,4413.905,4500.0,89.5,91.0,90.25,31,1859,14,0.038356164383561646,0.9808677777777777,ATM
2023-08-25,2023-09-08,CALL,4413.905,4505.0,9.5,9.8,9.65,29,587,14,0.038356164383561646,0.9797791342952274,ATM
2023-08-25,2023-09-08,PUT,4413.905,4505.0,93.1,95.2,94.15,1,25,14,0.038356164383561646,0.9797791342952274,ATM
2023-08-25,2023-09-08,CALL,4413.905,4510.0,8.5,8.8,8.65,258,1641,14,0.038356164383561646,0.9786929046563192,ATM
2023-08-25,2023-09-08,PUT,4413.905,4510.0,97.4,99.4,98.4,2,188,14,0.038356164383561646,0.9786929046563192,ATM
2023-08-25,2023-09-08,CALL,4413.905,4515.0,7.6,7.9,7.75,74,870,14,0.038356164383561646,0.9776090808416389,ATM
2023-08-25,2023-09-08,PUT,4413.905,4515.0,101.4,103.7,102.55000000000001,1,102,14,0.038356164383561646,0.9776090808416389,ATM
2023-08-25,2023-09-08,CALL,4413.905,4520.0,6.8,7.1,6.949999999999999,136,369,14,0.038356164383561646,0.9765276548672566,ATM
2023-08-25,2023-09-08,PUT,4413.905,4520.0,105.6,107.6,106.6,1,309,14,0.038356164383561646,0.9765276548672566,ATM
2023-08-25,2023-09-08,CALL,4413.905,4525.0,6.0,6.3,6.15,288,924,14,0.038356164383561646,0.9754486187845304,ATM
2023-08-25,2023-09-08,PUT,4413.905,4525.0,109.8,112.0,110.9,3,596,14,0.038356164383561646,0.9754486187845304,ATM
2023-08-25,2023-09-08,CALL,4413.905,4530.0,5.4,5.6,5.5,173,1951,14,0.038356164383561646,0.9743719646799116,ATM
2023-08-25,2023-09-08,PUT,4413.905,4530.0,114.1,116.5,115.3,4,240,14,0.038356164383561646,0.9743719646799116,ATM
2023-08-25,2023-09-08,CALL,4413.905,4535.0,4.8,5.0,4.9,133,167,14,0.038356164383561646,0.9732976846747519,ATM
2023-08-25,2023-09-08,PUT,4413.905,4535.0,118.5,120.3,119.4,5,43,14,0.038356164383561646,0.9732976846747519,ATM
2023-08-25,2023-09-08,CALL,4413.905,4540.0,4.2,4.4,4.300000000000001,162,1901,14,0.038356164383561646,0.9722257709251101,ATM
2023-08-25,2023-09-08,PUT,4413.905,4540.0,122.9,124.6,123.75,9,68,14,0.038356164383561646,0.9722257709251101,ATM
2023-08-25,2023-09-08,CALL,4413.905,4545.0,3.7,3.9,3.8,14,156,14,0.038356164383561646,0.9711562156215621,ATM
2023-08-25,2023-09-08,CALL,4413.905,4550.0,3.3,3.5,3.4,176,1853,14,0.038356164383561646,0.9700890109890109,ATM
2023-08-25,2023-09-08,PUT,4413.905,4550.0,131.9,133.8,132.85000000000002,18,244,14,0.038356164383561646,0.9700890109890109,ATM
2023-08-25,2023-09-08,CALL,4413.905,4555.0,2.95,3.1,3.0250000000000004,111,343,14,0.038356164383561646,0.9690241492864983,OTM
2023-08-25,2023-09-08,CALL,4413.905,4560.0,2.6,2.75,2.675,108,361,14,0.038356164383561646,0.9679616228070175,OTM
2023-08-25,2023-09-08,CALL,4413.905,4565.0,2.3,2.4,2.3499999999999996,26,335,14,0.038356164383561646,0.9669014238773275,OTM
2023-08-25,2023-09-08,CALL,4413.905,4570.0,2.0,2.15,2.075,92,444,14,0.038356164383561646,0.965843544857768,OTM
2023-08-25,2023-09-08,CALL,4413.905,4575.0,1.75,1.9,1.825,119,1202,14,0.038356164383561646,0.9647879781420764,OTM
2023-08-25,2023-09-08,CALL,4413.905,4580.0,1.55,1.65,1.6,129,655,14,0.038356164383561646,0.9637347161572052,OTM
2023-08-25,2023-09-08,CALL,4413.905,4585.0,1.35,1.5,1.425,28,320,14,0.038356164383561646,0.9626837513631407,OTM
2023-08-25,2023-09-08,CALL,4413.905,4590.0,1.2,1.3,1.25,53,500,14,0.038356164383561646,0.9616350762527233,OTM
2023-08-25,2023-09-08,CALL,4413.905,4595.0,1.05,1.15,1.1,2,2411,14,0.038356164383561646,0.960588683351469,OTM
2023-08-25,2023-09-08,CALL,4413.905,4600.0,0.9,1.05,0.9750000000000001,244,2925,14,0.038356164383561646,0.9595445652173913,OTM
2023-08-25,2023-09-08,PUT,4413.905,4600.0,179.0,181.4,180.2,15,273,14,0.038356164383561646,0.9595445652173913,OTM
2023-08-25,2023-09-08,CALL,4413.905,4605.0,0.8,0.95,0.875,1,276,14,0.038356164383561646,0.9585027144408251,OTM
2023-08-25,2023-09-08,CALL,4413.905,4610.0,0.7,0.85,0.7749999999999999,117,435,14,0.038356164383561646,0.9574631236442516,OTM
2023-08-25,2023-09-08,CALL,4413.905,4615.0,0.65,0.75,0.7,53,507,14,0.038356164383561646,0.9564257854821234,OTM
2023-08-25,2023-09-08,CALL,4413.905,4620.0,0.55,0.7,0.625,57,540,14,0.038356164383561646,0.9553906926406925,OTM
2023-08-25,2023-09-08,CALL,4413.905,4625.0,0.5,0.6,0.55,68,1115,14,0.038356164383561646,0.9543578378378378,OTM
2023-08-25,2023-09-08,CALL,4413.905,4630.0,0.45,0.55,0.5,7,788,14,0.038356164383561646,0.9533272138228941,OTM
2023-08-25,2023-09-08,CALL,4413.905,4640.0,0.35,0.5,0.425,1,946,14,0.038356164383561646,0.9512726293103447,OTM
2023-08-25,2023-09-08,CALL,4413.905,4650.0,0.3,0.4,0.35,67,4497,14,0.038356164383561646,0.94922688172043,OTM
2023-08-25,2023-09-08,CALL,4413.905,4660.0,0.25,0.35,0.3,6,481,14,0.038356164383561646,0.9471899141630901,OTM
2023-08-25,2023-09-08,CALL,4413.905,4670.0,0.2,0.3,0.25,35,1389,14,0.038356164383561646,0.945161670235546,OTM
2023-08-25,2023-09-08,CALL,4413.905,4675.0,0.2,0.3,0.25,20,184,14,0.038356164383561646,0.9441508021390373,OTM
2023-08-25,2023-09-08,CALL,4413.905,4680.0,0.2,0.25,0.225,2,297,14,0.038356164383561646,0.9431420940170939,OTM
2023-08-25,2023-09-08,CALL,4413.905,4690.0,0.15,0.25,0.2,3,449,14,0.038356164383561646,0.9411311300639659,OTM
2023-08-25,2023-09-08,CALL,4413.905,4700.0,0.15,0.2,0.175,5,938,14,0.038356164383561646,0.9391287234042552,OTM
2023-08-25,2023-09-08,PUT,4413.905,4700.0,277.1,281.8,279.45000000000005,2,12,14,0.038356164383561646,0.9391287234042552,OTM
2023-08-25,2023-09-08,CALL,4413.905,4710.0,0.1,0.2,0.15000000000000002,2,161,14,0.038356164383561646,0.9371348195329087,OTM
2023-08-25,2023-09-08,CALL,4413.905,4720.0,0.1,0.15,0.125,26,326,14,0.038356164383561646,0.9351493644067796,OTM
2023-08-25,2023-09-08,CALL,4413.905,4725.0,0.1,0.15,0.125,10,840,14,0.038356164383561646,0.9341597883597883,OTM
2023-08-25,2023-09-08,CALL,4413.905,4750.0,0.1,0.15,0.125,18,1911,14,0.038356164383561646,0.9292431578947368,OTM
2023-08-25,2023-09-11,PUT,4413.905,4025.0,1.75,1.85,1.8,1,62,17,0.04657534246575343,1.096622360248447,ITM
2023-08-25,2023-09-11,PUT,4413.905,4100.0,2.5,2.65,2.575,1,165,17,0.04657534246575343,1.076562195121951,ITM
2023-08-25,2023-09-11,PUT,4413.905,4120.0,2.85,2.95,2.9000000000000004,2,10,17,0.04657534246575343,1.0713361650485436,ITM
2023-08-25,2023-09-11,PUT,4413.905,4140.0,3.2,3.4,3.3,61,21,17,0.04657534246575343,1.0661606280193237,ITM
2023-08-25,2023-09-11,PUT,4413.905,4150.0,3.4,3.6,3.5,40,86,17,0.04657534246575343,1.0635915662650601,ITM
2023-08-25,2023-09-11,PUT,4413.905,4155.0,3.6,3.8,3.7,2,1,17,0.04657534246575343,1.0623116726835138,ITM
2023-08-25,2023-09-11,PUT,4413.905,4165.0,3.8,4.0,3.9,1,2,17,0.04657534246575343,1.0597611044417767,ITM
2023-08-25,2023-09-11,PUT,4413.905,4170.0,4.0,4.2,4.1,21,2,17,0.04657534246575343,1.0584904076738608,ITM
2023-08-25,2023-09-11,PUT,4413.905,4175.0,4.1,4.4,4.25,100,103,17,0.04657534246575343,1.057222754491018,ITM
2023-08-25,2023-09-11,PUT,4413.905,4195.0,4.9,5.1,5.0,46,2,17,0.04657534246575343,1.0521823599523241,ITM
2023-08-25,2023-09-11,PUT,4413.905,4200.0,5.1,5.3,5.199999999999999,89,2250,17,0.04657534246575343,1.050929761904762,ITM
2023-08-25,2023-09-11,PUT,4413.905,4205.0,5.3,5.5,5.4,31,15,17,0.04657534246575343,1.049680142687277,ITM
2023-08-25,2023-09-11,PUT,4413.905,4210.0,5.6,5.8,5.699999999999999,1,13,17,0.04657534246575343,1.0484334916864608,ITM
2023-08-25,2023-09-11,PUT,4413.905,4220.0,6.1,6.3,6.199999999999999,2,7,17,0.04657534246575343,1.0459490521327013,ITM
2023-08-25,2023-09-11,PUT,4413.905,4225.0,6.3,6.6,6.449999999999999,69,26,17,0.04657534246575343,1.0447112426035503,ITM
2023-08-25,2023-09-11,PUT,4413.905,4230.0,6.6,6.9,6.75,30,312,17,0.04657534246575343,1.0434763593380614,ITM
2023-08-25,2023-09-11,PUT,4413.905,4235.0,7.0,7.2,7.1,2,2,17,0.04657534246575343,1.0422443919716646,ITM
2023-08-25,2023-09-11,PUT,4413.905,4240.0,7.3,7.6,7.449999999999999,67,340,17,0.04657534246575343,1.041015330188679,ITM
2023-08-25,2023-09-11,PUT,4413.905,4245.0,7.6,7.9,7.75,4,18,17,0.04657534246575343,1.0397891637220258,ITM
2023-08-25,2023-09-11,PUT,4413.905,4250.0,8.0,8.2,8.1,11,73,17,0.04657534246575343,1.0385658823529411,ITM
2023-08-25,2023-09-11,CALL,4413.905,4255.0,172.9,175.0,173.95,4,1,17,0.04657534246575343,1.0373454759106933,ITM
2023-08-25,2023-09-11,PUT,4413.905,4255.0,8.4,8.7,8.55,2,2,17,0.04657534246575343,1.0373454759106933,ITM
2023-08-25,2023-09-11,PUT,4413.905,4260.0,8.8,9.1,8.95,2,30,17,0.04657534246575343,1.0361279342723004,ITM
2023-08-25,2023-09-11,PUT,4413.905,4265.0,9.3,9.5,9.4,9,4,17,0.04657534246575343,1.0349132473622509,ITM
2023-08-25,2023-09-11,PUT,4413.905,4270.0,9.7,10.0,9.85,14,72,17,0.04657534246575343,1.0337014051522249,ITM
2023-08-25,2023-09-11,PUT,4413.905,4275.0,10.2,10.5,10.35,39,56,17,0.04657534246575343,1.0324923976608187,ITM
2023-08-25,2023-09-11,PUT,4413.905,4280.0,10.7,11.0,10.85,7,35,17,0.04657534246575343,1.0312862149532709,ITM
2023-08-25,2023-09-11,CALL,4413.905,4285.0,146.1,148.2,147.14999999999998,1,1,17,0.04657534246575343,1.0300828471411902,ITM
2023-08-25,2023-09-11,PUT,4413.905,4285.0,11.3,11.6,11.45,5,36,17,0.04657534246575343,1.0300828471411902,ITM
2023-08-25,2023-09-11,PUT,4413.905,4290.0,11.8,12.1,11.95,247,40,17,0.04657534246575343,1.0288822843822842,ATM
2023-08-25,2023-09-11,PUT,4413.905,4295.0,12.4,12.7,12.55,20,27,17,0.04657534246575343,1.027684516880093,ATM
2023-08-25,2023-09-11,CALL,4413.905,4300.0,132.8,134.8,133.8,10,37,17,0.04657534246575343,1.0264895348837209,ATM
2023-08-25,2023-09-11,PUT,4413.905,4300.0,13.1,13.4,13.25,1125,368,17,0.04657534246575343,1.0264895348837209,ATM
2023-08-25,2023-09-11,CALL,4413.905,4305.0,128.6,130.5,129.55,1,1,17,0.04657534246575343,1.0252973286875726,ATM
2023-08-25,2023-09-11,PUT,4413.905,4310.0,14.5,14.8,14.65,48,33,17,0.04657534246575343,1.0241078886310904,ATM
2023-08-25,2023-09-11,PUT,4413.905,4315.0,15.2,15.5,15.35,1,53,17,0.04657534246575343,1.0229212050984935,ATM
2023-08-25,2023-09-11,PUT,4413.905,4320.0,16.0,16.3,16.15,1,50,17,0.04657534246575343,1.0217372685185184,ATM
2023-08-25,2023-09-11,PUT,4413.905,4325.0,16.8,17.2,17.0,12,660,17,0.04657534246575343,1.0205560693641618,ATM
2023-08-25,2023-09-11,PUT,4413.905,4330.0,17.7,18.0,17.85,6,323,17,0.04657534246575343,1.019377598152425,ATM
2023-08-25,2023-09-11,PUT,4413.905,4335.0,18.7,19.0,18.85,31,130,17,0.04657534246575343,1.01820184544406,ATM
2023-08-25,2023-09-11,PUT,4413.905,4340.0,19.6,20.0,19.8,20,983,17,0.04657534246575343,1.017028801843318,ATM
2023-08-25,2023-09-11,CALL,4413.905,4345.0,95.7,97.5,96.6,4,1,17,0.04657534246575343,1.0158584579976984,ATM
2023-08-25,2023-09-11,PUT,4413.905,4345.0,20.7,21.0,20.85,8,41,17,0.04657534246575343,1.0158584579976984,ATM
2023-08-25,2023-09-11,CALL,4413.905,4350.0,92.3,93.5,92.9,4,19,17,0.04657534246575343,1.014690804597701,ATM
2023-08-25,2023-09-11,PUT,4413.905,4350.0,21.7,22.1,21.9,265,699,17,0.04657534246575343,1.014690804597701,ATM
2023-08-25,2023-09-11,CALL,4413.905,4355.0,88.5,89.6,89.05,11,66,17,0.04657534246575343,1.0135258323765786,ATM
2023-08-25,2023-09-11,PUT,4413.905,4355.0,22.9,23.2,23.049999999999997,4,7,17,0.04657534246575343,1.0135258323765786,ATM
2023-08-25,2023-09-11,CALL,4413.905,4360.0,84.3,85.7,85.0,10,14,17,0.04657534246575343,1.0123635321100917,ATM
2023-08-25,2023-09-11,PUT,4413.905,4360.0,24.1,24.4,24.25,11,23,17,0.04657534246575343,1.0123635321100917,ATM
2023-08-25,2023-09-11,CALL,4413.905,4365.0,81.2,81.6,81.4,15,27,17,0.04657534246575343,1.0112038946162656,ATM
2023-08-25,2023-09-11,PUT,4413.905,4365.0,25.3,25.7,25.5,13,47,17,0.04657534246575343,1.0112038946162656,ATM
2023-08-25,2023-09-11,CALL,4413.905,4370.0,77.5,77.9,77.7,46,20,17,0.04657534246575343,1.0100469107551486,ATM
2023-08-25,2023-09-11,PUT,4413.905,4370.0,26.6,27.0,26.8,106,106,17,0.04657534246575343,1.0100469107551486,ATM
2023-08-25,2023-09-11,CALL,4413.905,4375.0,73.9,74.3,74.1,30,625,17,0.04657534246575343,1.0088925714285715,ATM
2023-08-25,2023-09-11,PUT,4413.905,4375.0,28.0,28.3,28.15,11,620,17,0.04657534246575343,1.0088925714285715,ATM
2023-08-25,2023-09-11,CALL,4413.905,4380.0,70.3,70.7,70.5,10,24,17,0.04657534246575343,1.0077408675799087,ATM
2023-08-25,2023-09-11,PUT,4413.905,4380.0,29.4,29.8,29.6,57,58,17,0.04657534246575343,1.0077408675799087,ATM
2023-08-25,2023-09-11,CALL,4413.905,4385.0,66.9,67.3,67.1,15,39,17,0.04657534246575343,1.0065917901938426,ATM
2023-08-25,2023-09-11,PUT,4413.905,4385.0,30.9,31.3,31.1,4,128,17,0.04657534246575343,1.0065917901938426,ATM
2023-08-25,2023-09-11,CALL,4413.905,4390.0,63.5,63.9,63.7,9,65,17,0.04657534246575343,1.0054453302961275,ATM
2023-08-25,2023-09-11,PUT,4413.905,4390.0,32.5,32.9,32.7,150,167,17,0.04657534246575343,1.0054453302961275,ATM
2023-08-25,2023-09-11,CALL,4413.905,4395.0,60.1,60.5,60.3,5,9,17,0.04657534246575343,1.004301478953356,ATM
2023-08-25,2023-09-11,PUT,4413.905,4395.0,34.2,34.6,34.400000000000006,15,82,17,0.04657534246575343,1.004301478953356,ATM
2023-08-25,2023-09-11,CALL,4413.905,4400.0,56.9,57.3,57.099999999999994,14,46,17,0.04657534246575343,1.0031602272727271,ATM
2023-08-25,2023-09-11,PUT,4413.905,4400.0,35.9,36.3,36.099999999999994,55,666,17,0.04657534246575343,1.0031602272727271,ATM
2023-08-25,2023-09-11,CALL,4413.905,4405.0,53.8,54.1,53.95,4,26,17,0.04657534246575343,1.0020215664018162,ATM
2023-08-25,2023-09-11,PUT,4413.905,4405.0,37.8,38.2,38.0,53,59,17,0.04657534246575343,1.0020215664018162,ATM
2023-08-25,2023-09-11,CALL,4413.905,4410.0,50.7,51.1,50.900000000000006,3,25,17,0.04657534246575343,1.0008854875283446,ATM
2023-08-25,2023-09-11,PUT,4413.905,4410.0,39.7,40.1,39.900000000000006,9,34,17,0.04657534246575343,1.0008854875283446,ATM
2023-08-25,2023-09-11,CALL,4413.905,4415.0,47.7,48.1,47.900000000000006,8,61,17,0.04657534246575343,0.9997519818799546,ATM
2023-08-25,2023-09-11,PUT,4413.905,4415.0,41.7,42.1,41.900000000000006,7,16,17,0.04657534246575343,0.9997519818799546,ATM
2023-08-25,2023-09-11,CALL,4413.905,4420.0,44.8,45.2,45.0,17,83,17,0.04657534246575343,0.9986210407239818,ATM
2023-08-25,2023-09-11,PUT,4413.905,4420.0,43.8,44.2,44.0,27,180,17,0.04657534246575343,0.9986210407239818,ATM
2023-08-25,2023-09-11,CALL,4413.905,4425.0,42.0,42.4,42.2,5,376,17,0.04657534246575343,0.9974926553672315,ATM
2023-08-25,2023-09-11,PUT,4413.905,4425.0,46.0,46.4,46.2,71,438,17,0.04657534246575343,0.9974926553672315,ATM
2023-08-25,2023-09-11,CALL,4413.905,4430.0,39.3,39.7,39.5,138,78,17,0.04657534246575343,0.9963668171557561,ATM
2023-08-25,2023-09-11,PUT,4413.905,4430.0,48.3,48.7,48.5,27,36,17,0.04657534246575343,0.9963668171557561,ATM
2023-08-25,2023-09-11,CALL,4413.905,4435.0,36.7,37.1,36.900000000000006,6,44,17,0.04657534246575343,0.9952435174746336,ATM
2023-08-25,2023-09-11,PUT,4413.905,4435.0,50.6,51.1,50.85,23,75,17,0.04657534246575343,0.9952435174746336,ATM
2023-08-25,2023-09-11,CALL,4413.905,4440.0,34.2,34.6,34.400000000000006,7,134,17,0.04657534246575343,0.9941227477477477,ATM
2023-08-25,2023-09-11,PUT,4413.905,4440.0,53.1,53.5,53.3,52,56,17,0.04657534246575343,0.9941227477477477,ATM
2023-08-25,2023-09-11,CALL,4413.905,4445.0,31.8,32.2,32.0,5,114,17,0.04657534246575343,0.9930044994375703,ATM
2023-08-25,2023-09-11,PUT,4413.905,4445.0,55.7,56.1,55.900000000000006,2,10,17,0.04657534246575343,0.9930044994375703,ATM
2023-08-25,2023-09-11,CALL,4413.905,4450.0,29.5,29.9,29.7,22,919,17,0.04657534246575343,0.9918887640449437,ATM
2023-08-25,2023-09-11,PUT,4413.905,4450.0,58.4,58.8,58.599999999999994,150,1114,17,0.04657534246575343,0.9918887640449437,ATM
2023-08-25,2023-09-11,CALL,4413.905,4455.0,27.4,27.7,27.549999999999997,52,63,17,0.04657534246575343,0.9907755331088663,ATM
2023-08-25,2023-09-11,PUT,4413.905,4455.0,61.2,61.6,61.400000000000006,50,62,17,0.04657534246575343,0.9907755331088663,ATM
2023-08-25,2023-09-11,CALL,4413.905,4460.0,25.3,25.6,25.450000000000003,84,350,17,0.04657534246575343,0.989664798206278,ATM
2023-08-25,2023-09-11,CALL,4413.905,4465.0,23.3,23.6,23.450000000000003,12,126,17,0.04657534246575343,0.9885565509518477,ATM
2023-08-25,2023-09-11,PUT,4413.905,4465.0,67.2,67.6,67.4,1,17,17,0.04657534246575343,0.9885565509518477,ATM
2023-08-25,2023-09-11,CALL,4413.905,4470.0,21.4,21.8,21.6,125,105,17,0.04657534246575343,0.9874507829977628,ATM
2023-08-25,2023-09-11,PUT,4413.905,4470.0,69.6,71.2,70.4,6,42,17,0.04657534246575343,0.9874507829977628,ATM
2023-08-25,2023-09-11,CALL,4413.905,4475.0,19.7,20.0,19.85,52,86,17,0.04657534246575343,0.9863474860335195,ATM
2023-08-25,2023-09-11,PUT,4413.905,4475.0,72.9,74.6,73.75,1,44,17,0.04657534246575343,0.9863474860335195,ATM
2023-08-25,2023-09-11,CALL,4413.905,4480.0,18.0,18.3,18.15,35,45,17,0.04657534246575343,0.9852466517857142,ATM
2023-08-25,2023-09-11,PUT,4413.905,4480.0,76.2,77.6,76.9,5,39,17,0.04657534246575343,0.9852466517857142,ATM
2023-08-25,2023-09-11,CALL,4413.905,4485.0,16.5,16.8,16.65,52,77,17,0.04657534246575343,0.9841482720178372,ATM
2023-08-25,2023-09-11,CALL,4413.905,4490.0,15.0,15.3,15.15,42,360,17,0.04657534246575343,0.9830523385300668,ATM
2023-08-25,2023-09-11,CALL,4413.905,4495.0,13.6,13.9,13.75,13,114,17,0.04657534246575343,0.9819588431590656,ATM
2023-08-25,2023-09-11,PUT,4413.905,4495.0,86.6,88.5,87.55,1,19,17,0.04657534246575343,0.9819588431590656,ATM
2023-08-25,2023-09-11,CALL,4413.905,4500.0,12.4,12.7,12.55,137,542,17,0.04657534246575343,0.9808677777777777,ATM
2023-08-25,2023-09-11,PUT,4413.905,4500.0,90.4,92.3,91.35,4,278,17,0.04657534246575343,0.9808677777777777,ATM
2023-08-25,2023-09-11,CALL,4413.905,4505.0,11.2,11.5,11.35,3,12,17,0.04657534246575343,0.9797791342952274,ATM
2023-08-25,2023-09-11,PUT,4413.905,4505.0,94.1,96.1,95.1,1,20,17,0.04657534246575343,0.9797791342952274,ATM
2023-08-25,2023-09-11,CALL,4413.905,4510.0,10.1,10.4,10.25,6,35,17,0.04657534246575343,0.9786929046563192,ATM
2023-08-25,2023-09-11,PUT,4413.905,4510.0,98.2,100.1,99.15,1,12,17,0.04657534246575343,0.9786929046563192,ATM
2023-08-25,2023-09-11,CALL,4413.905,4515.0,9.1,9.4,9.25,2,32,17,0.04657534246575343,0.9776090808416389,ATM
2023-08-25,2023-09-11,PUT,4413.905,4515.0,102.1,104.4,103.25,1,19,17,0.04657534246575343,0.9776090808416389,ATM
2023-08-25,2023-09-11,CALL,4413.905,4520.0,8.2,8.5,8.35,19,694,17,0.04657534246575343,0.9765276548672566,ATM
2023-08-25,2023-09-11,CALL,4413.905,4525.0,7.4,7.6,7.5,58,686,17,0.04657534246575343,0.9754486187845304,ATM
2023-08-25,2023-09-11,CALL,4413.905,4530.0,6.6,6.9,6.75,10,19,17,0.04657534246575343,0.9743719646799116,ATM
2023-08-25,2023-09-11,PUT,4413.905,4530.0,114.5,116.6,115.55,2,19,17,0.04657534246575343,0.9743719646799116,ATM
2023-08-25,2023-09-11,CALL,4413.905,4535.0,5.9,6.2,6.050000000000001,97,28,17,0.04657534246575343,0.9732976846747519,ATM
2023-08-25,2023-09-11,CALL,4413.905,4540.0,5.3,5.5,5.4,25,77,17,0.04657534246575343,0.9722257709251101,ATM
2023-08-25,2023-09-11,CALL,4413.905,4545.0,4.7,4.9,4.800000000000001,2,34,17,0.04657534246575343,0.9711562156215621,ATM
2023-08-25,2023-09-11,CALL,4413.905,4550.0,4.2,4.4,4.300000000000001,45,2199,17,0.04657534246575343,0.9700890109890109,ATM
2023-08-25,2023-09-11,PUT,4413.905,4550.0,132.0,133.9,132.95,17,166,17,0.04657534246575343,0.9700890109890109,ATM
2023-08-25,2023-09-11,CALL,4413.905,4555.0,3.7,3.9,3.8,8,136,17,0.04657534246575343,0.9690241492864983,OTM
2023-08-25,2023-09-11,CALL,4413.905,4560.0,3.3,3.5,3.4,21,72,17,0.04657534246575343,0.9679616228070175,OTM
2023-08-25,2023-09-11,CALL,4413.905,4565.0,2.95,3.1,3.0250000000000004,1,28,17,0.04657534246575343,0.9669014238773275,OTM
2023-08-25,2023-09-11,CALL,4413.905,4570.0,2.6,2.8,2.7,2,55,17,0.04657534246575343,0.965843544857768,OTM
2023-08-25,2023-09-11,CALL,4413.905,4575.0,2.3,2.5,2.4,5,228,17,0.04657534246575343,0.9647879781420764,OTM
2023-08-25,2023-09-11,PUT,4413.905,4575.0,155.1,156.9,156.0,1,28,17,0.04657534246575343,0.9647879781420764,OTM
2023-08-25,2023-09-11,CALL,4413.905,4580.0,2.05,2.2,2.125,57,56,17,0.04657534246575343,0.9637347161572052,OTM
2023-08-25,2023-09-11,CALL,4413.905,4585.0,1.8,1.95,1.875,3,23,17,0.04657534246575343,0.9626837513631407,OTM
2023-08-25,2023-09-11,CALL,4413.905,4590.0,1.6,1.75,1.675,2,44,17,0.04657534246575343,0.9616350762527233,OTM
2023-08-25,2023-09-11,CALL,4413.905,4595.0,1.45,1.55,1.5,1,43,17,0.04657534246575343,0.960588683351469,OTM
2023-08-25,2023-09-11,CALL,4413.905,4600.0,1.25,1.4,1.325,6,399,17,0.04657534246575343,0.9595445652173913,OTM
2023-08-25,2023-09-11,PUT,4413.905,4600.0,178.9,180.9,179.9,6,179,17,0.04657534246575343,0.9595445652173913,OTM
2023-08-25,2023-09-11,CALL,4413.905,4610.0,1.0,1.1,1.05,2,41,17,0.04657534246575343,0.9574631236442516,OTM
2023-08-25,2023-09-11,CALL,4413.905,4625.0,0.7,0.8,0.75,162,107,17,0.04657534246575343,0.9543578378378378,OTM
2023-08-25,2023-09-11,CALL,4413.905,4650.0,0.4,0.55,0.47500000000000003,2,280,17,0.04657534246575343,0.94922688172043,OTM
2023-08-25,2023-09-11,CALL,4413.905,4800.0,0.1,0.15,0.125,5,52,17,0.04657534246575343,0.9195635416666667,OTM
2023-08-25,2023-09-12,PUT,4413.905,4050.0,2.3,2.45,2.375,1,92,18,0.049315068493150684,1.089853086419753,ITM
2023-08-25,2023-09-12,PUT,4413.905,4075.0,2.6,2.75,2.675,1,10,18,0.049315068493150684,1.0831668711656441,ITM
2023-08-25,2023-09-12,PUT,4413.905,4100.0,3.0,3.2,3.1,1,76,18,0.049315068493150684,1.076562195121951,ITM
2023-08-25,2023-09-12,PUT,4413.905,4125.0,3.5,3.7,3.6,9,64,18,0.049315068493150684,1.0700375757575757,ITM
2023-08-25,2023-09-12,PUT,4413.905,4150.0,4.1,4.3,4.199999999999999,4,234,18,0.049315068493150684,1.0635915662650601,ITM
2023-08-25,2023-09-12,PUT,4413.905,4175.0,4.9,5.1,5.0,10,12,18,0.049315068493150684,1.057222754491018,ITM
2023-08-25,2023-09-12,PUT,4413.905,4200.0,6.0,6.2,6.1,16,221,18,0.049315068493150684,1.050929761904762,ITM
2023-08-25,2023-09-12,PUT,4413.905,4210.0,6.5,6.8,6.65,1,3,18,0.049315068493150684,1.0484334916864608,ITM
2023-08-25,2023-09-12,PUT,4413.905,4215.0,6.8,7.0,6.9,5,1,18,0.049315068493150684,1.0471897983392644,ITM
2023-08-25,2023-09-12,PUT,4413.905,4225.0,7.4,7.7,7.550000000000001,9,3,18,0.049315068493150684,1.0447112426035503,ITM
2023-08-25,2023-09-12,PUT,4413.905,4230.0,7.7,8.0,7.85,2,1,18,0.049315068493150684,1.0434763593380614,ITM
2023-08-25,2023-09-12,PUT,4413.905,4240.0,8.4,8.7,8.55,3,4,18,0.049315068493150684,1.041015330188679,ITM
2023-08-25,2023-09-12,PUT,4413.905,4250.0,9.2,9.5,9.35,3,495,18,0.049315068493150684,1.0385658823529411,ITM
2023-08-25,2023-09-12,PUT,4413.905,4255.0,9.7,9.9,9.8,5,9,18,0.049315068493150684,1.0373454759106933,ITM
2023-08-25,2023-09-12,PUT,4413.905,4275.0,11.6,11.9,11.75,5,17,18,0.049315068493150684,1.0324923976608187,ITM
2023-08-25,2023-09-12,PUT,4413.905,4280.0,12.1,12.4,12.25,2,4,18,0.049315068493150684,1.0312862149532709,ITM
2023-08-25,2023-09-12,PUT,4413.905,4290.0,13.3,13.6,13.45,4,48,18,0.049315068493150684,1.0288822843822842,ATM
2023-08-25,2023-09-12,PUT,4413.905,4295.0,14.0,14.3,14.15,4,4,18,0.049315068493150684,1.027684516880093,ATM
2023-08-25,2023-09-12,CALL,4413.905,4300.0,134.8,138.0,136.4,22,35,18,0.049315068493150684,1.0264895348837209,ATM
2023-08-25,2023-09-12,PUT,4413.905,4300.0,14.7,14.9,14.8,4,53,18,0.049315068493150684,1.0264895348837209,ATM
2023-08-25,2023-09-12,PUT,4413.905,4305.0,15.3,15.6,15.45,3,3,18,0.049315068493150684,1.0252973286875726,ATM
2023-08-25,2023-09-12,PUT,4413.905,4310.0,16.1,16.4,16.25,3,4,18,0.049315068493150684,1.0241078886310904,ATM
2023-08-25,2023-09-12,CALL,4413.905,4315.0,122.1,125.1,123.6,2,2,18,0.049315068493150684,1.0229212050984935,ATM
2023-08-25,2023-09-12,PUT,4413.905,4315.0,16.9,17.2,17.049999999999997,6,8,18,0.049315068493150684,1.0229212050984935,ATM
2023-08-25,2023-09-12,CALL,4413.905,4325.0,113.8,116.8,115.3,2,11,18,0.049315068493150684,1.0205560693641618,ATM
2023-08-25,2023-09-12,PUT,4413.905,4325.0,18.5,18.9,18.7,6,112,18,0.049315068493150684,1.0205560693641618,ATM
2023-08-25,2023-09-12,PUT,4413.905,4340.0,21.4,21.8,21.6,18,3,18,0.049315068493150684,1.017028801843318,ATM
2023-08-25,2023-09-12,CALL,4413.905,4345.0,98.0,100.7,99.35,2,1,18,0.049315068493150684,1.0158584579976984,ATM
2023-08-25,2023-09-12,PUT,4413.905,4345.0,22.5,22.8,22.65,18,16,18,0.049315068493150684,1.0158584579976984,ATM
2023-08-25,2023-09-12,CALL,4413.905,4350.0,94.9,96.8,95.85,6,24,18,0.049315068493150684,1.014690804597701,ATM
2023-08-25,2023-09-12,CALL,4413.905,4355.0,90.9,93.4,92.15,5,8,18,0.049315068493150684,1.0135258323765786,ATM
2023-08-25,2023-09-12,PUT,4413.905,4355.0,24.7,25.1,24.9,276,320,18,0.049315068493150684,1.0135258323765786,ATM
2023-08-25,2023-09-12,CALL,4413.905,4360.0,86.8,89.1,87.94999999999999,1,58,18,0.049315068493150684,1.0123635321100917,ATM
2023-08-25,2023-09-12,PUT,4413.905,4360.0,25.9,26.3,26.1,18,9,18,0.049315068493150684,1.0123635321100917,ATM
2023-08-25,2023-09-12,PUT,4413.905,4370.0,28.5,29.0,28.75,1,1,18,0.049315068493150684,1.0100469107551486,ATM
2023-08-25,2023-09-12,PUT,4413.905,4375.0,29.8,30.3,30.05,1,4,18,0.049315068493150684,1.0088925714285715,ATM
2023-08-25,2023-09-12,CALL,4413.905,4380.0,72.3,74.5,73.4,2,19,18,0.049315068493150684,1.0077408675799087,ATM
2023-08-25,2023-09-12,PUT,4413.905,4380.0,31.3,31.8,31.55,9,19,18,0.049315068493150684,1.0077408675799087,ATM
2023-08-25,2023-09-12,PUT,4413.905,4385.0,32.8,33.3,33.05,2,23,18,0.049315068493150684,1.0065917901938426,ATM
2023-08-25,2023-09-12,PUT,4413.905,4390.0,34.4,34.9,34.65,27,26,18,0.049315068493150684,1.0054453302961275,ATM
2023-08-25,2023-09-12,CALL,4413.905,4395.0,62.1,63.5,62.8,6,24,18,0.049315068493150684,1.004301478953356,ATM
2023-08-25,2023-09-12,CALL,4413.905,4400.0,59.3,60.2,59.75,12,16,18,0.049315068493150684,1.0031602272727271,ATM
2023-08-25,2023-09-12,PUT,4413.905,4400.0,37.8,38.2,38.0,573,676,18,0.049315068493150684,1.0031602272727271,ATM
2023-08-25,2023-09-12,CALL,4413.905,4405.0,56.2,56.6,56.400000000000006,3,2,18,0.049315068493150684,1.0020215664018162,ATM
2023-08-25,2023-09-12,PUT,4413.905,4405.0,39.6,40.1,39.85,3,16,18,0.049315068493150684,1.0020215664018162,ATM
2023-08-25,2023-09-12,CALL,4413.905,4410.0,52.9,53.6,53.25,16,41,18,0.049315068493150684,1.0008854875283446,ATM
2023-08-25,2023-09-12,PUT,4413.905,4410.0,41.4,42.0,41.7,507,20,18,0.049315068493150684,1.0008854875283446,ATM
2023-08-25,2023-09-12,CALL,4413.905,4415.0,50.2,50.6,50.400000000000006,1,8,18,0.049315068493150684,0.9997519818799546,ATM
2023-08-25,2023-09-12,PUT,4413.905,4415.0,43.6,44.0,43.8,9,14,18,0.049315068493150684,0.9997519818799546,ATM
2023-08-25,2023-09-12,CALL,4413.905,4420.0,47.2,47.7,47.45,1,73,18,0.049315068493150684,0.9986210407239818,ATM
2023-08-25,2023-09-12,PUT,4413.905,4420.0,45.7,46.1,45.900000000000006,1,34,18,0.049315068493150684,0.9986210407239818,ATM
2023-08-25,2023-09-12,CALL,4413.905,4425.0,44.3,44.8,44.55,6,87,18,0.049315068493150684,0.9974926553672315,ATM
2023-08-25,2023-09-12,PUT,4413.905,4430.0,50.0,50.5,50.25,161,36,18,0.049315068493150684,0.9963668171557561,ATM
2023-08-25,2023-09-12,CALL,4413.905,4435.0,39.0,39.4,39.2,4,15,18,0.049315068493150684,0.9952435174746336,ATM
2023-08-25,2023-09-12,PUT,4413.905,4435.0,52.5,52.9,52.7,5,2,18,0.049315068493150684,0.9952435174746336,ATM
2023-08-25,2023-09-12,CALL,4413.905,4440.0,36.4,36.9,36.65,4,12,18,0.049315068493150684,0.9941227477477477,ATM
2023-08-25,2023-09-12,PUT,4413.905,4440.0,54.8,55.3,55.05,284,360,18,0.049315068493150684,0.9941227477477477,ATM
2023-08-25,2023-09-12,PUT,4413.905,4445.0,57.5,57.9,57.7,10,2,18,0.049315068493150684,0.9930044994375703,ATM
2023-08-25,2023-09-12,PUT,4413.905,4450.0,60.1,60.5,60.3,8,37,18,0.049315068493150684,0.9918887640449437,ATM
2023-08-25,2023-09-12,CALL,4413.905,4455.0,29.4,29.9,29.65,1,54,18,0.049315068493150684,0.9907755331088663,ATM
2023-08-25,2023-09-12,PUT,4413.905,4455.0,62.9,63.3,63.099999999999994,19,32,18,0.049315068493150684,0.9907755331088663,ATM
2023-08-25,2023-09-12,CALL,4413.905,4460.0,27.4,27.7,27.549999999999997,1330,1461,18,0.049315068493150684,0.989664798206278,ATM
2023-08-25,2023-09-12,PUT,4413.905,4460.0,65.7,66.2,65.95,5,14,18,0.049315068493150684,0.989664798206278,ATM
2023-08-25,2023-09-12,CALL,4413.905,4465.0,25.4,25.7,25.549999999999997,4,17,18,0.049315068493150684,0.9885565509518477,ATM
2023-08-25,2023-09-12,PUT,4413.905,4465.0,68.7,69.1,68.9,1,7,18,0.049315068493150684,0.9885565509518477,ATM
2023-08-25,2023-09-12,CALL,4413.905,4470.0,23.4,23.8,23.6,5,26,18,0.049315068493150684,0.9874507829977628,ATM
2023-08-25,2023-09-12,CALL,4413.905,4475.0,21.6,21.9,21.75,5,57,18,0.049315068493150684,0.9863474860335195,ATM
2023-08-25,2023-09-12,CALL,4413.905,4480.0,19.9,20.2,20.049999999999997,5,6,18,0.049315068493150684,0.9852466517857142,ATM
2023-08-25,2023-09-12,CALL,4413.905,4485.0,18.3,18.6,18.450000000000003,5,10,18,0.049315068493150684,0.9841482720178372,ATM
2023-08-25,2023-09-12,CALL,4413.905,4490.0,16.8,17.1,16.950000000000003,5,52,18,0.049315068493150684,0.9830523385300668,ATM
2023-08-25,2023-09-12,CALL,4413.905,4500.0,14.0,14.3,14.15,13,646,18,0.049315068493150684,0.9808677777777777,ATM
2023-08-25,2023-09-12,PUT,4413.905,4500.0,91.6,93.2,92.4,2,4,18,0.049315068493150684,0.9808677777777777,ATM
2023-08-25,2023-09-12,CALL,4413.905,4510.0,11.5,11.9,11.7,8,36,18,0.049315068493150684,0.9786929046563192,ATM
2023-08-25,2023-09-12,CALL,4413.905,4525.0,8.6,8.9,8.75,16,745,18,0.049315068493150684,0.9754486187845304,ATM
2023-08-25,2023-09-12,CALL,4413.905,4530.0,7.7,8.0,7.85,21,27,18,0.049315068493150684,0.9743719646799116,ATM
2023-08-25,2023-09-12,CALL,4413.905,4540.0,6.3,6.5,6.4,33,55,18,0.049315068493150684,0.9722257709251101,ATM
2023-08-25,2023-09-12,CALL,4413.905,4550.0,5.0,5.3,5.15,36,202,18,0.049315068493150684,0.9700890109890109,ATM
2023-08-25,2023-09-12,CALL,4413.905,4560.0,4.1,4.3,4.199999999999999,7,9,18,0.049315068493150684,0.9679616228070175,OTM
2023-08-25,2023-09-12,CALL,4413.905,4575.0,2.9,3.1,3.0,35,152,18,0.049315068493150684,0.9647879781420764,OTM
2023-08-25,2023-09-12,CALL,4413.905,4600.0,1.65,1.8,1.725,16,249,18,0.049315068493150684,0.9595445652173913,OTM
2023-08-25,2023-09-12,CALL,4413.905,4625.0,0.95,1.05,1.0,11,68,18,0.049315068493150684,0.9543578378378378,OTM
2023-08-25,2023-09-13,PUT,4413.905,4050.0,2.8,2.95,2.875,6,330,19,0.052054794520547946,1.089853086419753,ITM
2023-08-25,2023-09-13,PUT,4413.905,4100.0,3.7,3.8,3.75,7,277,19,0.052054794520547946,1.076562195121951,ITM
2023-08-25,2023-09-13,PUT,4413.905,4140.0,4.7,4.9,4.800000000000001,49,43,19,0.052054794520547946,1.0661606280193237,ITM
2023-08-25,2023-09-13,PUT,4413.905,4150.0,5.0,5.2,5.1,7,194,19,0.052054794520547946,1.0635915662650601,ITM
2023-08-25,2023-09-13,PUT,4413.905,4160.0,5.4,5.6,5.5,1,50,19,0.052054794520547946,1.0610348557692306,ITM
2023-08-25,2023-09-13,PUT,4413.905,4170.0,5.8,6.0,5.9,3,3,19,0.052054794520547946,1.0584904076738608,ITM
2023-08-25,2023-09-13,PUT,4413.905,4190.0,6.7,7.0,6.85,6,5,19,0.052054794520547946,1.0534379474940334,ITM
2023-08-25,2023-09-13,PUT,4413.905,4200.0,7.3,7.5,7.4,3,172,19,0.052054794520547946,1.050929761904762,ITM
2023-08-25,2023-09-13,PUT,4413.905,4205.0,7.6,7.8,7.699999999999999,23,12,19,0.052054794520547946,1.049680142687277,ITM
2023-08-25,2023-09-13,PUT,4413.905,4210.0,7.9,8.1,8.0,28,30,19,0.052054794520547946,1.0484334916864608,ITM
2023-08-25,2023-09-13,PUT,4413.905,4215.0,8.2,8.5,8.35,4,6,19,0.052054794520547946,1.0471897983392644,ITM
2023-08-25,2023-09-13,PUT,4413.905,4225.0,8.9,9.2,9.05,4,39,19,0.052054794520547946,1.0447112426035503,ITM
2023-08-25,2023-09-13,PUT,4413.905,4230.0,9.3,9.5,9.4,8,38,19,0.052054794520547946,1.0434763593380614,ITM
2023-08-25,2023-09-13,PUT,4413.905,4240.0,10.1,10.3,10.2,2,49,19,0.052054794520547946,1.041015330188679,ITM
2023-08-25,2023-09-13,PUT,4413.905,4250.0,10.9,11.2,11.05,44,187,19,0.052054794520547946,1.0385658823529411,ITM
2023-08-25,2023-09-13,PUT,4413.905,4255.0,11.4,11.7,11.55,2,2,19,0.052054794520547946,1.0373454759106933,ITM
2023-08-25,2023-09-13,CALL,4413.905,4260.0,172.3,175.7,174.0,5,6,19,0.052054794520547946,1.0361279342723004,ITM
2023-08-25,2023-09-13,PUT,4413.905,4260.0,11.9,12.2,12.05,12,10,19,0.052054794520547946,1.0361279342723004,ITM
2023-08-25,2023-09-13,PUT,4413.905,4265.0,12.4,12.7,12.55,4,57,19,0.052054794520547946,1.0349132473622509,ITM
2023-08-25,2023-09-13,PUT,4413.905,4270.0,13.0,13.2,13.1,9,10,19,0.052054794520547946,1.0337014051522249,ITM
2023-08-25,2023-09-13,PUT,4413.905,4275.0,13.5,13.8,13.65,34,410,19,0.052054794520547946,1.0324923976608187,ITM
2023-08-25,2023-09-13,CALL,4413.905,4280.0,154.8,158.0,156.4,1,13,19,0.052054794520547946,1.0312862149532709,ITM
2023-08-25,2023-09-13,PUT,4413.905,4280.0,14.1,14.4,14.25,9,14,19,0.052054794520547946,1.0312862149532709,ITM
2023-08-25,2023-09-13,PUT,4413.905,4285.0,14.8,15.1,14.95,1,28,19,0.052054794520547946,1.0300828471411902,ITM
2023-08-25,2023-09-13,PUT,4413.905,4290.0,15.4,15.7,15.55,7,130,19,0.052054794520547946,1.0288822843822842,ATM
2023-08-25,2023-09-13,PUT,4413.905,4295.0,16.1,16.4,16.25,28,40,19,0.052054794520547946,1.027684516880093,ATM
2023-08-25,2023-09-13,CALL,4413.905,4300.0,137.4,140.7,139.05,3,36,19,0.052054794520547946,1.0264895348837209,ATM
2023-08-25,2023-09-13,PUT,4413.905,4300.0,16.9,17.2,17.049999999999997,29,61,19,0.052054794520547946,1.0264895348837209,ATM
2023-08-25,2023-09-13,PUT,4413.905,4305.0,17.6,18.0,17.8,5,29,19,0.052054794520547946,1.0252973286875726,ATM
2023-08-25,2023-09-13,CALL,4413.905,4310.0,129.0,132.2,130.6,2,3,19,0.052054794520547946,1.0241078886310904,ATM
2023-08-25,2023-09-13,PUT,4413.905,4310.0,18.4,18.8,18.6,12,44,19,0.052054794520547946,1.0241078886310904,ATM
2023-08-25,2023-09-13,PUT,4413.905,4315.0,19.2,19.6,19.4,1,18,19,0.052054794520547946,1.0229212050984935,ATM
2023-08-25,2023-09-13,CALL,4413.905,4320.0,120.8,123.9,122.35,2,6,19,0.052054794520547946,1.0217372685185184,ATM
2023-08-25,2023-09-13,PUT,4413.905,4320.0,20.1,20.4,20.25,418,87,19,0.052054794520547946,1.0217372685185184,ATM
2023-08-25,2023-09-13,PUT,4413.905,4325.0,21.0,21.4,21.2,101,756,19,0.052054794520547946,1.0205560693641618,ATM
2023-08-25,2023-09-13,PUT,4413.905,4330.0,21.9,22.3,22.1,8,18,19,0.052054794520547946,1.019377598152425,ATM
2023-08-25,2023-09-13,PUT,4413.905,4335.0,22.9,23.3,23.1,2,32,19,0.052054794520547946,1.01820184544406,ATM
2023-08-25,2023-09-13,CALL,4413.905,4340.0,104.8,107.9,106.35,1,30,19,0.052054794520547946,1.017028801843318,ATM
2023-08-25,2023-09-13,PUT,4413.905,4340.0,23.9,24.4,24.15,22,3,19,0.052054794520547946,1.017028801843318,ATM
2023-08-25,2023-09-13,CALL,4413.905,4350.0,97.7,100.0,98.85,1,35,19,0.052054794520547946,1.014690804597701,ATM
2023-08-25,2023-09-13,PUT,4413.905,4350.0,26.2,26.6,26.4,114,253,19,0.052054794520547946,1.014690804597701,ATM
2023-08-25,2023-09-13,CALL,4413.905,4355.0,94.0,96.1,95.05,5,27,19,0.052054794520547946,1.0135258323765786,ATM
2023-08-25,2023-09-13,PUT,4413.905,4355.0,27.4,27.8,27.6,18,42,19,0.052054794520547946,1.0135258323765786,ATM
2023-08-25,2023-09-13,PUT,4413.905,4360.0,28.6,29.0,28.8,22,36,19,0.052054794520547946,1.0123635321100917,ATM
2023-08-25,2023-09-13,PUT,4413.905,4365.0,29.9,30.2,30.049999999999997,2,33,19,0.052054794520547946,1.0112038946162656,ATM
2023-08-25,2023-09-13,PUT,4413.905,4370.0,31.2,31.6,31.4,1064,6,19,0.052054794520547946,1.0100469107551486,ATM
2023-08-25,2023-09-13,PUT,4413.905,4375.0,32.6,33.0,32.8,5,177,19,0.052054794520547946,1.0088925714285715,ATM
2023-08-25,2023-09-13,CALL,4413.905,4380.0,76.2,76.6,76.4,7,30,19,0.052054794520547946,1.0077408675799087,ATM
2023-08-25,2023-09-13,PUT,4413.905,4380.0,34.1,34.6,34.35,86,30,19,0.052054794520547946,1.0077408675799087,ATM
2023-08-25,2023-09-13,CALL,4413.905,4385.0,72.6,73.2,72.9,7,40,19,0.052054794520547946,1.0065917901938426,ATM
2023-08-25,2023-09-13,PUT,4413.905,4385.0,35.6,36.0,35.8,4,15,19,0.052054794520547946,1.0065917901938426,ATM
2023-08-25,2023-09-13,CALL,4413.905,4390.0,69.4,69.8,69.6,14,21,19,0.052054794520547946,1.0054453302961275,ATM
2023-08-25,2023-09-13,PUT,4413.905,4390.0,37.2,37.6,37.400000000000006,15,50,19,0.052054794520547946,1.0054453302961275,ATM
2023-08-25,2023-09-13,CALL,4413.905,4395.0,66.0,66.6,66.3,8,11,19,0.052054794520547946,1.004301478953356,ATM
2023-08-25,2023-09-13,PUT,4413.905,4395.0,38.9,39.4,39.15,25,2,19,0.052054794520547946,1.004301478953356,ATM
2023-08-25,2023-09-13,CALL,4413.905,4400.0,62.5,63.6,63.05,22,69,19,0.052054794520547946,1.0031602272727271,ATM
2023-08-25,2023-09-13,PUT,4413.905,4400.0,40.6,41.1,40.85,69,392,19,0.052054794520547946,1.0031602272727271,ATM
2023-08-25,2023-09-13,CALL,4413.905,4410.0,56.4,57.1,56.75,39,41,19,0.052054794520547946,1.0008854875283446,ATM
2023-08-25,2023-09-13,PUT,4413.905,4410.0,44.3,44.8,44.55,1,26,19,0.052054794520547946,1.0008854875283446,ATM
2023-08-25,2023-09-13,PUT,4413.905,4415.0,46.3,46.7,46.5,399,40,19,0.052054794520547946,0.9997519818799546,ATM
2023-08-25,2023-09-13,CALL,4413.905,4420.0,50.6,51.0,50.8,3,36,19,0.052054794520547946,0.9986210407239818,ATM
2023-08-25,2023-09-13,PUT,4413.905,4420.0,48.4,48.8,48.599999999999994,4,125,19,0.052054794520547946,0.9986210407239818,ATM
2023-08-25,2023-09-13,CALL,4413.905,4425.0,47.8,48.2,48.0,6,35,19,0.052054794520547946,0.9974926553672315,ATM
2023-08-25,2023-09-13,PUT,4413.905,4425.0,50.6,50.9,50.75,12,80,19,0.052054794520547946,0.9974926553672315,ATM
2023-08-25,2023-09-13,CALL,4413.905,4430.0,45.0,45.4,45.2,30,22,19,0.052054794520547946,0.9963668171557561,ATM
2023-08-25,2023-09-13,PUT,4413.905,4430.0,52.8,53.2,53.0,1,46,19,0.052054794520547946,0.9963668171557561,ATM
2023-08-25,2023-09-13,PUT,4413.905,4435.0,55.0,55.6,55.3,30,65,19,0.052054794520547946,0.9952435174746336,ATM
2023-08-25,2023-09-13,CALL,4413.905,4440.0,39.8,40.2,40.0,28,62,19,0.052054794520547946,0.9941227477477477,ATM
2023-08-25,2023-09-13,CALL,4413.905,4445.0,37.2,37.8,37.5,10,28,19,0.052054794520547946,0.9930044994375703,ATM
2023-08-25,2023-09-13,CALL,4413.905,4450.0,34.8,35.3,35.05,28,42,19,0.052054794520547946,0.9918887640449437,ATM
2023-08-25,2023-09-13,PUT,4413.905,4450.0,62.6,63.0,62.8,6,58,19,0.052054794520547946,0.9918887640449437,ATM
2023-08-25,2023-09-13,CALL,4413.905,4455.0,32.6,33.0,32.8,12,24,19,0.052054794520547946,0.9907755331088663,ATM
2023-08-25,2023-09-13,PUT,4413.905,4455.0,65.3,65.7,65.5,2,15,19,0.052054794520547946,0.9907755331088663,ATM
2023-08-25,2023-09-13,CALL,4413.905,4460.0,30.5,30.8,30.65,6,7,19,0.052054794520547946,0.989664798206278,ATM
2023-08-25,2023-09-13,PUT,4413.905,4460.0,68.1,68.5,68.3,21,82,19,0.052054794520547946,0.989664798206278,ATM
2023-08-25,2023-09-13,CALL,4413.905,4465.0,28.4,28.7,28.549999999999997,4,58,19,0.052054794520547946,0.9885565509518477,ATM
2023-08-25,2023-09-13,CALL,4413.905,4470.0,26.4,26.7,26.549999999999997,3,12,19,0.052054794520547946,0.9874507829977628,ATM
2023-08-25,2023-09-13,CALL,4413.905,4475.0,24.4,24.8,24.6,28,25,19,0.052054794520547946,0.9863474860335195,ATM
2023-08-25,2023-09-13,CALL,4413.905,4480.0,22.6,23.0,22.8,8,66,19,0.052054794520547946,0.9852466517857142,ATM
2023-08-25,2023-09-13,CALL,4413.905,4485.0,20.9,21.2,21.049999999999997,15,20,19,0.052054794520547946,0.9841482720178372,ATM
2023-08-25,2023-09-13,CALL,4413.905,4490.0,19.3,19.6,19.450000000000003,10,54,19,0.052054794520547946,0.9830523385300668,ATM
2023-08-25,2023-09-13,CALL,4413.905,4495.0,17.8,18.1,17.950000000000003,4,37,19,0.052054794520547946,0.9819588431590656,ATM
2023-08-25,2023-09-13,CALL,4413.905,4500.0,16.3,16.6,16.450000000000003,21,186,19,0.052054794520547946,0.9808677777777777,ATM
2023-08-25,2023-09-13,CALL,4413.905,4505.0,14.9,15.3,15.100000000000001,19,639,19,0.052054794520547946,0.9797791342952274,ATM
2023-08-25,2023-09-13,CALL,4413.905,4510.0,13.7,14.0,13.85,4,6,19,0.052054794520547946,0.9786929046563192,ATM
2023-08-25,2023-09-13,CALL,4413.905,4515.0,12.5,12.8,12.65,32,46,19,0.052054794520547946,0.9776090808416389,ATM
2023-08-25,2023-09-13,CALL,4413.905,4520.0,11.4,11.7,11.55,23,227,19,0.052054794520547946,0.9765276548672566,ATM
2023-08-25,2023-09-13,PUT,4413.905,4520.0,107.1,110.5,108.8,1,2,19,0.052054794520547946,0.9765276548672566,ATM
2023-08-25,2023-09-13,CALL,4413.905,4525.0,10.4,10.7,10.55,14,598,19,0.052054794520547946,0.9754486187845304,ATM
2023-08-25,2023-09-13,CALL,4413.905,4540.0,7.8,8.1,7.949999999999999,3,68,19,0.052054794520547946,0.9722257709251101,ATM
2023-08-25,2023-09-13,CALL,4413.905,4550.0,6.4,6.6,6.5,9,327,19,0.052054794520547946,0.9700890109890109,ATM
2023-08-25,2023-09-13,CALL,4413.905,4560.0,5.2,5.4,5.300000000000001,7,76,19,0.052054794520547946,0.9679616228070175,OTM
2023-08-25,2023-09-13,CALL,4413.905,4580.0,3.4,3.6,3.5,2,156,19,0.052054794520547946,0.9637347161572052,OTM
2023-08-25,2023-09-13,CALL,4413.905,4600.0,2.2,2.35,2.2750000000000004,7,356,19,0.052054794520547946,0.9595445652173913,OTM
2023-08-25,2023-09-13,CALL,4413.905,4625.0,1.3,1.4,1.35,46,142,19,0.052054794520547946,0.9543578378378378,OTM
2023-08-25,2023-09-13,CALL,4413.905,4650.0,0.75,0.85,0.8,15,79,19,0.052054794520547946,0.94922688172043,OTM
2023-08-25,2023-09-13,CALL,4413.905,4700.0,0.3,0.4,0.35,2,63,19,0.052054794520547946,0.9391287234042552,OTM
2023-08-25,2023-09-13,CALL,4413.905,4800.0,0.1,0.15,0.125,2,28,19,0.052054794520547946,0.9195635416666667,OTM
2023-08-25,2023-09-14,PUT,4413.905,4050.0,3.2,3.4,3.3,1,150,20,0.0547945205479452,1.089853086419753,ITM
2023-08-25,2023-09-14,PUT,4413.905,4075.0,3.7,3.9,3.8,4,34,20,0.0547945205479452,1.0831668711656441,ITM
2023-08-25,2023-09-14,PUT,4413.905,4100.0,4.2,4.4,4.300000000000001,6,90,20,0.0547945205479452,1.076562195121951,ITM
2023-08-25,2023-09-14,PUT,4413.905,4125.0,4.9,5.2,5.050000000000001,2,19,20,0.0547945205479452,1.0700375757575757,ITM
2023-08-25,2023-09-14,PUT,4413.905,4160.0,6.3,6.5,6.4,7,24,20,0.0547945205479452,1.0610348557692306,ITM
2023-08-25,2023-09-14,PUT,4413.905,4170.0,6.7,6.9,6.800000000000001,7,4,20,0.0547945205479452,1.0584904076738608,ITM
2023-08-25,2023-09-14,PUT,4413.905,4175.0,7.0,7.2,7.1,4,13,20,0.0547945205479452,1.057222754491018,ITM
2023-08-25,2023-09-14,PUT,4413.905,4180.0,7.2,7.4,7.300000000000001,2,12,20,0.0547945205479452,1.0559581339712918,ITM
2023-08-25,2023-09-14,PUT,4413.905,4190.0,7.7,8.0,7.85,15,25,20,0.0547945205479452,1.0534379474940334,ITM
2023-08-25,2023-09-14,PUT,4413.905,4200.0,8.3,8.6,8.45,31,82,20,0.0547945205479452,1.050929761904762,ITM
2023-08-25,2023-09-14,PUT,4413.905,4210.0,9.0,9.3,9.15,2,2,20,0.0547945205479452,1.0484334916864608,ITM
2023-08-25,2023-09-14,PUT,4413.905,4225.0,10.1,10.4,10.25,2,5,20,0.0547945205479452,1.0447112426035503,ITM
2023-08-25,2023-09-14,PUT,4413.905,4230.0,10.5,10.8,10.65,31,52,20,0.0547945205479452,1.0434763593380614,ITM
2023-08-25,2023-09-14,PUT,4413.905,4240.0,11.3,11.7,11.5,6,15,20,0.0547945205479452,1.041015330188679,ITM
2023-08-25,2023-09-14,PUT,4413.905,4250.0,12.3,12.6,12.45,20,248,20,0.0547945205479452,1.0385658823529411,ITM
2023-08-25,2023-09-14,PUT,4413.905,4255.0,12.8,13.1,12.95,1,18,20,0.0547945205479452,1.0373454759106933,ITM
2023-08-25,2023-09-14,CALL,4413.905,4260.0,173.5,178.0,175.75,6,1,20,0.0547945205479452,1.0361279342723004,ITM
2023-08-25,2023-09-14,PUT,4413.905,4260.0,13.3,13.6,13.45,11,21,20,0.0547945205479452,1.0361279342723004,ITM
2023-08-25,2023-09-14,PUT,4413.905,4265.0,13.9,14.2,14.05,27,16,20,0.0547945205479452,1.0349132473622509,ITM
2023-08-25,2023-09-14,PUT,4413.905,4270.0,14.5,14.8,14.65,42,1,20,0.0547945205479452,1.0337014051522249,ITM
2023-08-25,2023-09-14,PUT,4413.905,4275.0,15.1,15.4,15.25,6,13,20,0.0547945205479452,1.0324923976608187,ITM
2023-08-25,2023-09-14,PUT,4413.905,4280.0,15.7,16.0,15.85,1,4,20,0.0547945205479452,1.0312862149532709,ITM
2023-08-25,2023-09-14,PUT,4413.905,4285.0,16.3,16.7,16.5,23,15,20,0.0547945205479452,1.0300828471411902,ITM
2023-08-25,2023-09-14,PUT,4413.905,4290.0,17.0,17.3,17.15,6,2,20,0.0547945205479452,1.0288822843822842,ATM
2023-08-25,2023-09-14,PUT,4413.905,4295.0,17.7,18.1,17.9,8,2,20,0.0547945205479452,1.027684516880093,ATM
2023-08-25,2023-09-14,CALL,4413.905,4300.0,139.8,143.2,141.5,1,8,20,0.0547945205479452,1.0264895348837209,ATM
2023-08-25,2023-09-14,PUT,4413.905,4300.0,18.5,18.8,18.65,142,631,20,0.0547945205479452,1.0264895348837209,ATM
2023-08-25,2023-09-14,PUT,4413.905,4305.0,19.3,19.6,19.450000000000003,5,12,20,0.0547945205479452,1.0252973286875726,ATM
2023-08-25,2023-09-14,CALL,4413.905,4310.0,130.6,134.8,132.7,2,2,20,0.0547945205479452,1.0241078886310904,ATM
2023-08-25,2023-09-14,PUT,4413.905,4310.0,20.1,20.4,20.25,11,20,20,0.0547945205479452,1.0241078886310904,ATM
2023-08-25,2023-09-14,PUT,4413.905,4315.0,20.9,21.3,21.1,4,38,20,0.0547945205479452,1.0229212050984935,ATM
2023-08-25,2023-09-14,PUT,4413.905,4320.0,21.8,22.2,22.0,6,20,20,0.0547945205479452,1.0217372685185184,ATM
2023-08-25,2023-09-14,CALL,4413.905,4325.0,119.3,122.4,120.85,4,13,20,0.0547945205479452,1.0205560693641618,ATM
2023-08-25,2023-09-14,PUT,4413.905,4325.0,22.8,23.1,22.950000000000003,3,7,20,0.0547945205479452,1.0205560693641618,ATM
2023-08-25,2023-09-14,PUT,4413.905,4330.0,23.7,24.1,23.9,2,12,20,0.0547945205479452,1.019377598152425,ATM
2023-08-25,2023-09-14,PUT,4413.905,4335.0,24.7,25.1,24.9,7,6,20,0.0547945205479452,1.01820184544406,ATM
2023-08-25,2023-09-14,CALL,4413.905,4340.0,106.5,110.9,108.7,2,6,20,0.0547945205479452,1.017028801843318,ATM
2023-08-25,2023-09-14,PUT,4413.905,4340.0,25.8,26.2,26.0,14,14,20,0.0547945205479452,1.017028801843318,ATM
2023-08-25,2023-09-14,CALL,4413.905,4345.0,102.8,106.6,104.69999999999999,2,3,20,0.0547945205479452,1.0158584579976984,ATM
2023-08-25,2023-09-14,CALL,4413.905,4350.0,100.5,102.7,101.6,21,29,20,0.0547945205479452,1.014690804597701,ATM
2023-08-25,2023-09-14,PUT,4413.905,4350.0,28.1,28.4,28.25,16,119,20,0.0547945205479452,1.014690804597701,ATM
2023-08-25,2023-09-14,CALL,4413.905,4355.0,97.1,97.5,97.3,25,50,20,0.0547945205479452,1.0135258323765786,ATM
2023-08-25,2023-09-14,PUT,4413.905,4355.0,29.2,29.6,29.4,1,3,20,0.0547945205479452,1.0135258323765786,ATM
2023-08-25,2023-09-14,CALL,4413.905,4360.0,93.3,93.8,93.55,23,50,20,0.0547945205479452,1.0123635321100917,ATM
2023-08-25,2023-09-14,PUT,4413.905,4360.0,30.5,30.9,30.7,3,6,20,0.0547945205479452,1.0123635321100917,ATM
2023-08-25,2023-09-14,CALL,4413.905,4365.0,89.6,90.1,89.85,5,13,20,0.0547945205479452,1.0112038946162656,ATM
2023-08-25,2023-09-14,PUT,4413.905,4365.0,31.8,32.2,32.0,1,1,20,0.0547945205479452,1.0112038946162656,ATM
2023-08-25,2023-09-14,CALL,4413.905,4370.0,86.0,86.5,86.25,3,4,20,0.0547945205479452,1.0100469107551486,ATM
2023-08-25,2023-09-14,CALL,4413.905,4375.0,82.4,82.9,82.65,48,22,20,0.0547945205479452,1.0088925714285715,ATM
2023-08-25,2023-09-14,PUT,4413.905,4375.0,34.6,35.0,34.8,7,86,20,0.0547945205479452,1.0088925714285715,ATM
2023-08-25,2023-09-14,CALL,4413.905,4380.0,78.9,79.4,79.15,3,9,20,0.0547945205479452,1.0077408675799087,ATM
2023-08-25,2023-09-14,PUT,4413.905,4380.0,36.0,36.5,36.25,7,22,20,0.0547945205479452,1.0077408675799087,ATM
2023-08-25,2023-09-14,CALL,4413.905,4385.0,75.5,75.9,75.7,2,7,20,0.0547945205479452,1.0065917901938426,ATM
2023-08-25,2023-09-14,CALL,4413.905,4395.0,68.8,69.2,69.0,8,3,20,0.0547945205479452,1.004301478953356,ATM
2023-08-25,2023-09-14,CALL,4413.905,4400.0,65.5,66.0,65.75,77,47,20,0.0547945205479452,1.0031602272727271,ATM
2023-08-25,2023-09-14,PUT,4413.905,4400.0,42.6,43.0,42.8,16,670,20,0.0547945205479452,1.0031602272727271,ATM
2023-08-25,2023-09-14,CALL,4413.905,4405.0,62.3,62.8,62.55,3,36,20,0.0547945205479452,1.0020215664018162,ATM
2023-08-25,2023-09-14,PUT,4413.905,4405.0,44.4,44.8,44.599999999999994,19,11,20,0.0547945205479452,1.0020215664018162,ATM
2023-08-25,2023-09-14,CALL,4413.905,4410.0,59.2,59.7,59.45,2,12,20,0.0547945205479452,1.0008854875283446,ATM
2023-08-25,2023-09-14,PUT,4413.905,4415.0,48.2,48.7,48.45,7,9,20,0.0547945205479452,0.9997519818799546,ATM
2023-08-25,2023-09-14,CALL,4413.905,4420.0,53.3,53.7,53.5,1,15,20,0.0547945205479452,0.9986210407239818,ATM
2023-08-25,2023-09-14,PUT,4413.905,4420.0,50.3,50.7,50.5,1,58,20,0.0547945205479452,0.9986210407239818,ATM
2023-08-25,2023-09-14,PUT,4413.905,4425.0,52.4,52.8,52.599999999999994,42,20,20,0.0547945205479452,0.9974926553672315,ATM
2023-08-25,2023-09-14,CALL,4413.905,4430.0,47.6,48.1,47.85,6,39,20,0.0547945205479452,0.9963668171557561,ATM
2023-08-25,2023-09-14,PUT,4413.905,4430.0,54.6,55.0,54.8,2,16,20,0.0547945205479452,0.9963668171557561,ATM
2023-08-25,2023-09-14,CALL,4413.905,4440.0,42.3,42.8,42.55,1,36,20,0.0547945205479452,0.9941227477477477,ATM
2023-08-25,2023-09-14,CALL,4413.905,4445.0,39.8,40.3,40.05,2,15,20,0.0547945205479452,0.9930044994375703,ATM
2023-08-25,2023-09-14,CALL,4413.905,4450.0,37.4,37.8,37.599999999999994,3,125,20,0.0547945205479452,0.9918887640449437,ATM
2023-08-25,2023-09-14,PUT,4413.905,4455.0,66.9,67.4,67.15,3,2,20,0.0547945205479452,0.9907755331088663,ATM
2023-08-25,2023-09-14,CALL,4413.905,4460.0,32.8,33.2,33.0,7,50,20,0.0547945205479452,0.989664798206278,ATM
2023-08-25,2023-09-14,CALL,4413.905,4465.0,30.6,31.0,30.8,6,19,20,0.0547945205479452,0.9885565509518477,ATM
2023-08-25,2023-09-14,CALL,4413.905,4470.0,28.6,29.0,28.8,6,24,20,0.0547945205479452,0.9874507829977628,ATM
2023-08-25,2023-09-14,CALL,4413.905,4475.0,26.6,27.0,26.8,42,65,20,0.0547945205479452,0.9863474860335195,ATM
2023-08-25,2023-09-14,CALL,4413.905,4480.0,24.8,25.1,24.950000000000003,1,48,20,0.0547945205479452,0.9852466517857142,ATM
2023-08-25,2023-09-14,CALL,4413.905,4485.0,22.9,23.3,23.1,5,1,20,0.0547945205479452,0.9841482720178372,ATM
2023-08-25,2023-09-14,CALL,4413.905,4490.0,21.3,21.6,21.450000000000003,41,33,20,0.0547945205479452,0.9830523385300668,ATM
2023-08-25,2023-09-14,CALL,4413.905,4500.0,18.2,18.5,18.35,35,54,20,0.0547945205479452,0.9808677777777777,ATM
2023-08-25,2023-09-14,PUT,4413.905,4500.0,93.3,96.4,94.85,2,5,20,0.0547945205479452,0.9808677777777777,ATM
2023-08-25,2023-09-14,CALL,4413.905,4510.0,15.4,15.7,15.55,1,23,20,0.0547945205479452,0.9786929046563192,ATM
2023-08-25,2023-09-14,CALL,4413.905,4520.0,12.9,13.3,13.100000000000001,2,113,20,0.0547945205479452,0.9765276548672566,ATM
2023-08-25,2023-09-14,CALL,4413.905,4525.0,11.8,12.2,12.0,3,29,20,0.0547945205479452,0.9754486187845304,ATM
2023-08-25,2023-09-14,CALL,4413.905,4530.0,10.8,11.1,10.95,1,131,20,0.0547945205479452,0.9743719646799116,ATM
2023-08-25,2023-09-14,CALL,4413.905,4550.0,7.5,7.7,7.6,1,741,20,0.0547945205479452,0.9700890109890109,ATM
2023-08-25,2023-09-14,CALL,4413.905,4575.0,4.6,4.8,4.699999999999999,50,111,20,0.0547945205479452,0.9647879781420764,OTM
2023-08-25,2023-09-14,CALL,4413.905,4650.0,1.0,1.1,1.05,48,6,20,0.0547945205479452,0.94922688172043,OTM
2023-08-25,2023-09-14,CALL,4413.905,4800.0,0.1,0.2,0.15000000000000002,1,8,20,0.0547945205479452,0.9195635416666667,OTM
2023-08-25,2023-09-14,PUT,4413.905,4800.0,373.8,378.8,376.3,10,10,20,0.0547945205479452,0.9195635416666667,OTM
2023-08-25,2023-09-15,PUT,4413.905,4015.0,3.1,3.2,3.1500000000000004,34,108,21,0.057534246575342465,1.0993536737235368,ITM
2023-08-25,2023-09-15,PUT,4413.905,4025.0,3.2,3.4,3.3,14,830,21,0.057534246575342465,1.096622360248447,ITM
2023-08-25,2023-09-15,PUT,4413.905,4035.0,3.4,3.5,3.45,40,215,21,0.057534246575342465,1.09390458488228,ITM
2023-08-25,2023-09-15,PUT,4413.905,4040.0,3.5,3.6,3.55,25,726,21,0.057534246575342465,1.0925507425742573,ITM
2023-08-25,2023-09-15,PUT,4413.905,4045.0,3.6,3.7,3.6500000000000004,52,1203,21,0.057534246575342465,1.0912002472187885,ITM
2023-08-25,2023-09-15,PUT,4413.905,4050.0,3.6,3.8,3.7,64,1796,21,0.057534246575342465,1.089853086419753,ITM
2023-08-25,2023-09-15,PUT,4413.905,4055.0,3.7,3.9,3.8,26,238,21,0.057534246575342465,1.08850924784217,ITM
2023-08-25,2023-09-15,PUT,4413.905,4060.0,3.8,4.0,3.9,6,655,21,0.057534246575342465,1.0871687192118227,ITM
2023-08-25,2023-09-15,PUT,4413.905,4065.0,3.9,4.1,4.0,72,99,21,0.057534246575342465,1.0858314883148832,ITM
2023-08-25,2023-09-15,PUT,4413.905,4070.0,4.0,4.2,4.1,16,1260,21,0.057534246575342465,1.084497542997543,ITM
2023-08-25,2023-09-15,PUT,4413.905,4075.0,4.2,4.3,4.25,22,1072,21,0.057534246575342465,1.0831668711656441,ITM
2023-08-25,2023-09-15,PUT,4413.905,4080.0,4.3,4.4,4.35,63,549,21,0.057534246575342465,1.0818394607843136,ITM
2023-08-25,2023-09-15,PUT,4413.905,4085.0,4.4,4.6,4.5,1,208,21,0.057534246575342465,1.0805152998776009,ITM
2023-08-25,2023-09-15,PUT,4413.905,4090.0,4.5,4.7,4.6,91,924,21,0.057534246575342465,1.0791943765281173,ITM
2023-08-25,2023-09-15,PUT,4413.905,4095.0,4.7,4.8,4.75,2,1638,21,0.057534246575342465,1.0778766788766787,ITM
2023-08-25,2023-09-15,CALL,4413.905,4100.0,326.5,328.3,327.4,192,336,21,0.057534246575342465,1.076562195121951,ITM
2023-08-25,2023-09-15,PUT,4413.905,4100.0,4.8,5.0,4.9,96,2385,21,0.057534246575342465,1.076562195121951,ITM
2023-08-25,2023-09-15,PUT,4413.905,4105.0,4.9,5.1,5.0,47,317,21,0.057534246575342465,1.0752509135200974,ITM
2023-08-25,2023-09-15,PUT,4413.905,4110.0,5.1,5.3,5.199999999999999,53,571,21,0.057534246575342465,1.073942822384428,ITM
2023-08-25,2023-09-15,PUT,4413.905,4115.0,5.2,5.4,5.300000000000001,22,251,21,0.057534246575342465,1.0726379100850547,ITM
2023-08-25,2023-09-15,PUT,4413.905,4120.0,5.4,5.6,5.5,17,1314,21,0.057534246575342465,1.0713361650485436,ITM
2023-08-25,2023-09-15,CALL,4413.905,4125.0,302.4,304.2,303.29999999999995,192,266,21,0.057534246575342465,1.0700375757575757,ITM
2023-08-25,2023-09-15,PUT,4413.905,4125.0,5.6,5.8,5.699999999999999,38,529,21,0.057534246575342465,1.0700375757575757,ITM
2023-08-25,2023-09-15,PUT,4413.905,4130.0,5.8,5.9,5.85,375,216,21,0.057534246575342465,1.0687421307506053,ITM
2023-08-25,2023-09-15,CALL,4413.905,4135.0,292.7,294.6,293.65,10,52,21,0.057534246575342465,1.0674498186215235,ITM
2023-08-25,2023-09-15,PUT,4413.905,4135.0,5.9,6.1,6.0,87,417,21,0.057534246575342465,1.0674498186215235,ITM
2023-08-25,2023-09-15,PUT,4413.905,4140.0,6.1,6.3,6.199999999999999,238,710,21,0.057534246575342465,1.0661606280193237,ITM
2023-08-25,2023-09-15,PUT,4413.905,4145.0,6.3,6.5,6.4,44,497,21,0.057534246575342465,1.0648745476477683,ITM
2023-08-25,2023-09-15,CALL,4413.905,4150.0,278.2,280.3,279.25,4,179,21,0.057534246575342465,1.0635915662650601,ITM
2023-08-25,2023-09-15,PUT,4413.905,4150.0,6.6,6.7,6.65,351,2193,21,0.057534246575342465,1.0635915662650601,ITM
2023-08-25,2023-09-15,PUT,4413.905,4155.0,6.8,7.0,6.9,23,343,21,0.057534246575342465,1.0623116726835138,ITM
2023-08-25,2023-09-15,CALL,4413.905,4160.0,269.0,270.9,269.95,4,136,21,0.057534246575342465,1.0610348557692306,ITM
2023-08-25,2023-09-15,PUT,4413.905,4160.0,7.0,7.2,7.1,7,506,21,0.057534246575342465,1.0610348557692306,ITM
2023-08-25,2023-09-15,PUT,4413.905,4165.0,7.3,7.4,7.35,3,422,21,0.057534246575342465,1.0597611044417767,ITM
2023-08-25,2023-09-15,PUT,4413.905,4170.0,7.5,7.7,7.6,25,396,21,0.057534246575342465,1.0584904076738608,ITM
2023-08-25,2023-09-15,PUT,4413.905,4175.0,7.8,8.0,7.9,61,756,21,0.057534246575342465,1.057222754491018,ITM
2023-08-25,2023-09-15,PUT,4413.905,4180.0,8.0,8.2,8.1,196,2163,21,0.057534246575342465,1.0559581339712918,ITM
2023-08-25,2023-09-15,CALL,4413.905,4185.0,244.8,247.1,245.95,10,81,21,0.057534246575342465,1.0546965352449222,ITM
2023-08-25,2023-09-15,PUT,4413.905,4185.0,8.3,8.5,8.4,124,330,21,0.057534246575342465,1.0546965352449222,ITM
2023-08-25,2023-09-15,PUT,4413.905,4190.0,8.6,8.8,8.7,34,560,21,0.057534246575342465,1.0534379474940334,ITM
2023-08-25,2023-09-15,CALL,4413.905,4195.0,235.5,237.8,236.65,4,37,21,0.057534246575342465,1.0521823599523241,ITM
2023-08-25,2023-09-15,PUT,4413.905,4195.0,9.0,9.2,9.1,17,1249,21,0.057534246575342465,1.0521823599523241,ITM
2023-08-25,2023-09-15,CALL,4413.905,4200.0,231.6,233.3,232.45,16,729,21,0.057534246575342465,1.050929761904762,ITM
2023-08-25,2023-09-15,PUT,4413.905,4200.0,9.3,9.5,9.4,815,3923,21,0.057534246575342465,1.050929761904762,ITM
2023-08-25,2023-09-15,PUT,4413.905,4205.0,9.6,9.8,9.7,49,271,21,0.057534246575342465,1.049680142687277,ITM
2023-08-25,2023-09-15,PUT,4413.905,4210.0,10.0,10.2,10.1,47,2159,21,0.057534246575342465,1.0484334916864608,ITM
2023-08-25,2023-09-15,PUT,4413.905,4215.0,10.4,10.6,10.5,29,539,21,0.057534246575342465,1.0471897983392644,ITM
2023-08-25,2023-09-15,PUT,4413.905,4220.0,10.8,11.0,10.9,44,924,21,0.057534246575342465,1.0459490521327013,ITM
2023-08-25,2023-09-15,CALL,4413.905,4225.0,207.7,210.2,208.95,5,106,21,0.057534246575342465,1.0447112426035503,ITM
2023-08-25,2023-09-15,PUT,4413.905,4225.0,11.2,11.4,11.3,840,1284,21,0.057534246575342465,1.0447112426035503,ITM
2023-08-25,2023-09-15,PUT,4413.905,4230.0,11.6,11.8,11.7,69,765,21,0.057534246575342465,1.0434763593380614,ITM
2023-08-25,2023-09-15,PUT,4413.905,4235.0,12.0,12.3,12.15,53,189,21,0.057534246575342465,1.0422443919716646,ITM
2023-08-25,2023-09-15,CALL,4413.905,4240.0,195.0,196.4,195.7,40,352,21,0.057534246575342465,1.041015330188679,ITM
2023-08-25,2023-09-15,PUT,4413.905,4240.0,12.5,12.7,12.6,91,2479,21,0.057534246575342465,1.041015330188679,ITM
2023-08-25,2023-09-15,PUT,4413.905,4245.0,13.0,13.2,13.1,21,830,21,0.057534246575342465,1.0397891637220258,ITM
2023-08-25,2023-09-15,CALL,4413.905,4250.0,185.4,187.4,186.4,2,584,21,0.057534246575342465,1.0385658823529411,ITM
2023-08-25,2023-09-15,PUT,4413.905,4250.0,13.5,13.7,13.6,1796,2820,21,0.057534246575342465,1.0385658823529411,ITM
2023-08-25,2023-09-15,PUT,4413.905,4255.0,14.0,14.2,14.1,16,399,21,0.057534246575342465,1.0373454759106933,ITM
2023-08-25,2023-09-15,CALL,4413.905,4260.0,176.3,178.9,177.60000000000002,2,319,21,0.057534246575342465,1.0361279342723004,ITM
2023-08-25,2023-09-15,PUT,4413.905,4260.0,14.6,14.8,14.7,116,631,21,0.057534246575342465,1.0361279342723004,ITM
2023-08-25,2023-09-15,PUT,4413.905,4265.0,15.2,15.4,15.3,31,1114,21,0.057534246575342465,1.0349132473622509,ITM
2023-08-25,2023-09-15,CALL,4413.905,4270.0,167.8,169.8,168.8,3,189,21,0.057534246575342465,1.0337014051522249,ITM
2023-08-25,2023-09-15,PUT,4413.905,4270.0,15.8,16.0,15.9,39,586,21,0.057534246575342465,1.0337014051522249,ITM
2023-08-25,2023-09-15,CALL,4413.905,4275.0,163.4,165.4,164.4,25,845,21,0.057534246575342465,1.0324923976608187,ITM
2023-08-25,2023-09-15,PUT,4413.905,4275.0,16.4,16.6,16.5,390,2247,21,0.057534246575342465,1.0324923976608187,ITM
2023-08-25,2023-09-15,PUT,4413.905,4280.0,17.0,17.3,17.15,157,1694,21,0.057534246575342465,1.0312862149532709,ITM
2023-08-25,2023-09-15,CALL,4413.905,4285.0,155.1,156.8,155.95,2,69,21,0.057534246575342465,1.0300828471411902,ITM
2023-08-25,2023-09-15,PUT,4413.905,4285.0,17.7,18.1,17.9,79,1008,21,0.057534246575342465,1.0300828471411902,ITM
2023-08-25,2023-09-15,PUT,4413.905,4290.0,18.4,18.7,18.549999999999997,458,1040,21,0.057534246575342465,1.0288822843822842,ATM
2023-08-25,2023-09-15,CALL,4413.905,4295.0,146.7,148.2,147.45,2,104,21,0.057534246575342465,1.027684516880093,ATM
2023-08-25,2023-09-15,PUT,4413.905,4295.0,19.1,19.5,19.3,101,524,21,0.057534246575342465,1.027684516880093,ATM
2023-08-25,2023-09-15,CALL,4413.905,4300.0,141.9,144.0,142.95,71,2953,21,0.057534246575342465,1.0264895348837209,ATM
2023-08-25,2023-09-15,PUT,4413.905,4300.0,19.9,20.3,20.1,607,4400,21,0.057534246575342465,1.0264895348837209,ATM
2023-08-25,2023-09-15,CALL,4413.905,4305.0,138.0,139.9,138.95,6,260,21,0.057534246575342465,1.0252973286875726,ATM
2023-08-25,2023-09-15,PUT,4413.905,4305.0,20.7,21.1,20.9,101,1393,21,0.057534246575342465,1.0252973286875726,ATM
2023-08-25,2023-09-15,CALL,4413.905,4310.0,133.6,136.1,134.85,3,727,21,0.057534246575342465,1.0241078886310904,ATM
2023-08-25,2023-09-15,PUT,4413.905,4310.0,21.6,21.9,21.75,91,933,21,0.057534246575342465,1.0241078886310904,ATM
2023-08-25,2023-09-15,CALL,4413.905,4315.0,129.6,131.6,130.6,5,83,21,0.057534246575342465,1.0229212050984935,ATM
2023-08-25,2023-09-15,PUT,4413.905,4315.0,22.5,22.7,22.6,89,377,21,0.057534246575342465,1.0229212050984935,ATM
2023-08-25,2023-09-15,CALL,4413.905,4320.0,125.5,127.4,126.45,7,330,21,0.057534246575342465,1.0217372685185184,ATM
2023-08-25,2023-09-15,PUT,4413.905,4320.0,23.4,23.7,23.549999999999997,230,684,21,0.057534246575342465,1.0217372685185184,ATM
2023-08-25,2023-09-15,CALL,4413.905,4325.0,121.6,123.5,122.55,24,650,21,0.057534246575342465,1.0205560693641618,ATM
2023-08-25,2023-09-15,PUT,4413.905,4325.0,24.4,24.6,24.5,812,2857,21,0.057534246575342465,1.0205560693641618,ATM
2023-08-25,2023-09-15,CALL,4413.905,4330.0,118.2,119.5,118.85,44,256,21,0.057534246575342465,1.019377598152425,ATM
2023-08-25,2023-09-15,PUT,4413.905,4330.0,25.4,25.6,25.5,309,1082,21,0.057534246575342465,1.019377598152425,ATM
2023-08-25,2023-09-15,CALL,4413.905,4335.0,114.2,115.5,114.85,26,100,21,0.057534246575342465,1.01820184544406,ATM
2023-08-25,2023-09-15,PUT,4413.905,4335.0,26.3,26.7,26.5,132,497,21,0.057534246575342465,1.01820184544406,ATM
2023-08-25,2023-09-15,CALL,4413.905,4340.0,109.9,112.1,111.0,44,380,21,0.057534246575342465,1.017028801843318,ATM
2023-08-25,2023-09-15,PUT,4413.905,4340.0,27.5,27.7,27.6,107,688,21,0.057534246575342465,1.017028801843318,ATM
2023-08-25,2023-09-15,CALL,4413.905,4345.0,106.6,107.7,107.15,51,207,21,0.057534246575342465,1.0158584579976984,ATM
2023-08-25,2023-09-15,PUT,4413.905,4345.0,28.5,28.9,28.7,73,328,21,0.057534246575342465,1.0158584579976984,ATM
2023-08-25,2023-09-15,CALL,4413.905,4350.0,102.9,103.9,103.4,157,1518,21,0.057534246575342465,1.014690804597701,ATM
2023-08-25,2023-09-15,PUT,4413.905,4350.0,29.8,30.0,29.9,359,2623,21,0.057534246575342465,1.014690804597701,ATM
2023-08-25,2023-09-15,CALL,4413.905,4355.0,99.3,99.7,99.5,87,281,21,0.057534246575342465,1.0135258323765786,ATM
2023-08-25,2023-09-15,PUT,4413.905,4355.0,31.0,31.2,31.1,115,583,21,0.057534246575342465,1.0135258323765786,ATM
2023-08-25,2023-09-15,CALL,4413.905,4360.0,95.6,95.9,95.75,64,442,21,0.057534246575342465,1.0123635321100917,ATM
2023-08-25,2023-09-15,PUT,4413.905,4360.0,32.2,32.5,32.35,144,933,21,0.057534246575342465,1.0123635321100917,ATM
2023-08-25,2023-09-15,CALL,4413.905,4365.0,91.9,92.3,92.1,60,95,21,0.057534246575342465,1.0112038946162656,ATM
2023-08-25,2023-09-15,PUT,4413.905,4365.0,33.5,33.9,33.7,53,323,21,0.057534246575342465,1.0112038946162656,ATM
2023-08-25,2023-09-15,CALL,4413.905,4370.0,88.3,88.6,88.44999999999999,167,545,21,0.057534246575342465,1.0100469107551486,ATM
2023-08-25,2023-09-15,PUT,4413.905,4370.0,34.9,35.2,35.05,696,941,21,0.057534246575342465,1.0100469107551486,ATM
2023-08-25,2023-09-15,CALL,4413.905,4375.0,84.8,85.1,84.94999999999999,84,720,21,0.057534246575342465,1.0088925714285715,ATM
2023-08-25,2023-09-15,PUT,4413.905,4375.0,36.3,36.6,36.45,832,1659,21,0.057534246575342465,1.0088925714285715,ATM
2023-08-25,2023-09-15,CALL,4413.905,4380.0,81.1,81.7,81.4,110,324,21,0.057534246575342465,1.0077408675799087,ATM
2023-08-25,2023-09-15,PUT,4413.905,4380.0,37.8,38.1,37.95,134,633,21,0.057534246575342465,1.0077408675799087,ATM
2023-08-25,2023-09-15,CALL,4413.905,4385.0,77.7,78.1,77.9,102,145,21,0.057534246575342465,1.0065917901938426,ATM
2023-08-25,2023-09-15,PUT,4413.905,4385.0,39.3,39.7,39.5,197,404,21,0.057534246575342465,1.0065917901938426,ATM
2023-08-25,2023-09-15,CALL,4413.905,4390.0,74.4,74.7,74.55000000000001,160,361,21,0.057534246575342465,1.0054453302961275,ATM
2023-08-25,2023-09-15,PUT,4413.905,4390.0,40.9,41.2,41.05,146,753,21,0.057534246575342465,1.0054453302961275,ATM
2023-08-25,2023-09-15,CALL,4413.905,4395.0,71.1,71.5,71.3,174,308,21,0.057534246575342465,1.004301478953356,ATM
2023-08-25,2023-09-15,PUT,4413.905,4395.0,42.5,42.9,42.7,301,692,21,0.057534246575342465,1.004301478953356,ATM
2023-08-25,2023-09-15,CALL,4413.905,4400.0,67.8,68.2,68.0,389,2099,21,0.057534246575342465,1.0031602272727271,ATM
2023-08-25,2023-09-15,PUT,4413.905,4400.0,44.3,44.6,44.45,567,3559,21,0.057534246575342465,1.0031602272727271,ATM
2023-08-25,2023-09-15,CALL,4413.905,4405.0,64.7,65.1,64.9,145,484,21,0.057534246575342465,1.0020215664018162,ATM
2023-08-25,2023-09-15,PUT,4413.905,4405.0,46.1,46.5,46.3,65,578,21,0.057534246575342465,1.0020215664018162,ATM
2023-08-25,2023-09-15,CALL,4413.905,4410.0,61.6,61.9,61.75,304,340,21,0.057534246575342465,1.0008854875283446,ATM
2023-08-25,2023-09-15,PUT,4413.905,4410.0,48.0,48.3,48.15,268,729,21,0.057534246575342465,1.0008854875283446,ATM
2023-08-25,2023-09-15,CALL,4413.905,4415.0,58.5,58.9,58.7,163,451,21,0.057534246575342465,0.9997519818799546,ATM
2023-08-25,2023-09-15,PUT,4413.905,4415.0,49.9,50.3,50.099999999999994,53,341,21,0.057534246575342465,0.9997519818799546,ATM
2023-08-25,2023-09-15,CALL,4413.905,4420.0,55.5,55.9,55.7,51,1366,21,0.057534246575342465,0.9986210407239818,ATM
2023-08-25,2023-09-15,PUT,4413.905,4420.0,51.9,52.3,52.099999999999994,92,1182,21,0.057534246575342465,0.9986210407239818,ATM
2023-08-25,2023-09-15,CALL,4413.905,4425.0,52.7,53.0,52.85,117,1019,21,0.057534246575342465,0.9974926553672315,ATM
2023-08-25,2023-09-15,PUT,4413.905,4425.0,54.1,54.5,54.3,201,998,21,0.057534246575342465,0.9974926553672315,ATM
2023-08-25,2023-09-15,CALL,4413.905,4430.0,49.9,50.2,50.05,133,716,21,0.057534246575342465,0.9963668171557561,ATM
2023-08-25,2023-09-15,PUT,4413.905,4430.0,56.3,56.6,56.45,172,567,21,0.057534246575342465,0.9963668171557561,ATM
2023-08-25,2023-09-15,CALL,4413.905,4435.0,47.1,47.5,47.3,49,509,21,0.057534246575342465,0.9952435174746336,ATM
2023-08-25,2023-09-15,PUT,4413.905,4435.0,58.5,58.9,58.7,195,267,21,0.057534246575342465,0.9952435174746336,ATM
2023-08-25,2023-09-15,CALL,4413.905,4440.0,44.5,44.8,44.65,319,1537,21,0.057534246575342465,0.9941227477477477,ATM
2023-08-25,2023-09-15,PUT,4413.905,4440.0,60.9,61.2,61.05,181,1089,21,0.057534246575342465,0.9941227477477477,ATM
2023-08-25,2023-09-15,CALL,4413.905,4445.0,41.9,42.3,42.099999999999994,109,872,21,0.057534246575342465,0.9930044994375703,ATM
2023-08-25,2023-09-15,PUT,4413.905,4445.0,63.2,63.6,63.400000000000006,115,448,21,0.057534246575342465,0.9930044994375703,ATM
2023-08-25,2023-09-15,CALL,4413.905,4450.0,39.5,39.8,39.65,173,3491,21,0.057534246575342465,0.9918887640449437,ATM
2023-08-25,2023-09-15,PUT,4413.905,4450.0,65.8,66.1,65.94999999999999,729,2935,21,0.057534246575342465,0.9918887640449437,ATM
2023-08-25,2023-09-15,CALL,4413.905,4455.0,37.1,37.4,37.25,148,785,21,0.057534246575342465,0.9907755331088663,ATM
2023-08-25,2023-09-15,PUT,4413.905,4455.0,67.9,69.0,68.45,120,455,21,0.057534246575342465,0.9907755331088663,ATM
2023-08-25,2023-09-15,CALL,4413.905,4460.0,34.8,35.1,34.95,228,864,21,0.057534246575342465,0.989664798206278,ATM
2023-08-25,2023-09-15,PUT,4413.905,4460.0,71.0,71.4,71.2,56,610,21,0.057534246575342465,0.989664798206278,ATM
2023-08-25,2023-09-15,CALL,4413.905,4465.0,32.5,32.9,32.7,218,519,21,0.057534246575342465,0.9885565509518477,ATM
2023-08-25,2023-09-15,PUT,4413.905,4465.0,73.9,74.2,74.05000000000001,21,506,21,0.057534246575342465,0.9885565509518477,ATM
2023-08-25,2023-09-15,CALL,4413.905,4470.0,30.5,30.9,30.7,436,769,21,0.057534246575342465,0.9874507829977628,ATM
2023-08-25,2023-09-15,PUT,4413.905,4470.0,76.8,77.2,77.0,51,378,21,0.057534246575342465,0.9874507829977628,ATM
2023-08-25,2023-09-15,CALL,4413.905,4475.0,28.5,28.8,28.65,296,1897,21,0.057534246575342465,0.9863474860335195,ATM
2023-08-25,2023-09-15,PUT,4413.905,4475.0,79.7,80.0,79.85,168,777,21,0.057534246575342465,0.9863474860335195,ATM
2023-08-25,2023-09-15,CALL,4413.905,4480.0,26.5,26.9,26.7,226,1291,21,0.057534246575342465,0.9852466517857142,ATM
2023-08-25,2023-09-15,PUT,4413.905,4480.0,82.2,83.4,82.80000000000001,114,829,21,0.057534246575342465,0.9852466517857142,ATM
2023-08-25,2023-09-15,CALL,4413.905,4485.0,24.7,25.1,24.9,60,289,21,0.057534246575342465,0.9841482720178372,ATM
2023-08-25,2023-09-15,PUT,4413.905,4485.0,85.3,87.3,86.3,6,317,21,0.057534246575342465,0.9841482720178372,ATM
2023-08-25,2023-09-15,CALL,4413.905,4490.0,22.9,23.3,23.1,182,1261,21,0.057534246575342465,0.9830523385300668,ATM
2023-08-25,2023-09-15,PUT,4413.905,4490.0,88.6,90.4,89.5,13,512,21,0.057534246575342465,0.9830523385300668,ATM
2023-08-25,2023-09-15,CALL,4413.905,4495.0,21.3,21.6,21.450000000000003,178,738,21,0.057534246575342465,0.9819588431590656,ATM
2023-08-25,2023-09-15,PUT,4413.905,4495.0,91.9,93.9,92.9,9,506,21,0.057534246575342465,0.9819588431590656,ATM
2023-08-25,2023-09-15,CALL,4413.905,4500.0,19.8,20.0,19.9,342,2968,21,0.057534246575342465,0.9808677777777777,ATM
2023-08-25,2023-09-15,PUT,4413.905,4500.0,95.3,96.6,95.94999999999999,49,2037,21,0.057534246575342465,0.9808677777777777,ATM
2023-08-25,2023-09-15,CALL,4413.905,4505.0,18.3,18.5,18.4,108,722,21,0.057534246575342465,0.9797791342952274,ATM
2023-08-25,2023-09-15,PUT,4413.905,4505.0,98.8,100.7,99.75,3,277,21,0.057534246575342465,0.9797791342952274,ATM
2023-08-25,2023-09-15,CALL,4413.905,4510.0,16.8,17.2,17.0,140,447,21,0.057534246575342465,0.9786929046563192,ATM
2023-08-25,2023-09-15,PUT,4413.905,4510.0,101.9,104.5,103.2,2,250,21,0.057534246575342465,0.9786929046563192,ATM
2023-08-25,2023-09-15,CALL,4413.905,4515.0,15.6,15.8,15.7,24,1061,21,0.057534246575342465,0.9776090808416389,ATM
2023-08-25,2023-09-15,CALL,4413.905,4520.0,14.3,14.6,14.45,87,511,21,0.057534246575342465,0.9765276548672566,ATM
2023-08-25,2023-09-15,PUT,4413.905,4520.0,109.8,111.9,110.85,1,275,21,0.057534246575342465,0.9765276548672566,ATM
2023-08-25,2023-09-15,CALL,4413.905,4525.0,13.1,13.4,13.25,266,1780,21,0.057534246575342465,0.9754486187845304,ATM
2023-08-25,2023-09-15,PUT,4413.905,4525.0,113.2,115.8,114.5,3,501,21,0.057534246575342465,0.9754486187845304,ATM
2023-08-25,2023-09-15,CALL,4413.905,4530.0,12.1,12.3,12.2,106,488,21,0.057534246575342465,0.9743719646799116,ATM
2023-08-25,2023-09-15,PUT,4413.905,4530.0,117.5,119.5,118.5,11,877,21,0.057534246575342465,0.9743719646799116,ATM
2023-08-25,2023-09-15,CALL,4413.905,4535.0,11.1,11.3,11.2,77,495,21,0.057534246575342465,0.9732976846747519,ATM
2023-08-25,2023-09-15,PUT,4413.905,4535.0,121.4,123.5,122.45,5,168,21,0.057534246575342465,0.9732976846747519,ATM
2023-08-25,2023-09-15,CALL,4413.905,4540.0,10.1,10.3,10.2,114,669,21,0.057534246575342465,0.9722257709251101,ATM
2023-08-25,2023-09-15,CALL,4413.905,4545.0,9.3,9.5,9.4,61,564,21,0.057534246575342465,0.9711562156215621,ATM
2023-08-25,2023-09-15,PUT,4413.905,4545.0,129.6,132.0,130.8,1,335,21,0.057534246575342465,0.9711562156215621,ATM
2023-08-25,2023-09-15,CALL,4413.905,4550.0,8.5,8.7,8.6,308,6080,21,0.057534246575342465,0.9700890109890109,ATM
2023-08-25,2023-09-15,PUT,4413.905,4550.0,133.7,135.3,134.5,7,992,21,0.057534246575342465,0.9700890109890109,ATM
2023-08-25,2023-09-15,CALL,4413.905,4555.0,7.7,7.9,7.800000000000001,106,956,21,0.057534246575342465,0.9690241492864983,OTM
2023-08-25,2023-09-15,PUT,4413.905,4555.0,138.0,140.1,139.05,1,146,21,0.057534246575342465,0.9690241492864983,OTM
2023-08-25,2023-09-15,CALL,4413.905,4560.0,7.0,7.2,7.1,1934,2279,21,0.057534246575342465,0.9679616228070175,OTM
2023-08-25,2023-09-15,PUT,4413.905,4560.0,142.3,143.9,143.10000000000002,1,298,21,0.057534246575342465,0.9679616228070175,OTM
2023-08-25,2023-09-15,CALL,4413.905,4565.0,6.4,6.6,6.5,60,526,21,0.057534246575342465,0.9669014238773275,OTM
2023-08-25,2023-09-15,CALL,4413.905,4570.0,5.8,6.0,5.9,135,1633,21,0.057534246575342465,0.965843544857768,OTM
2023-08-25,2023-09-15,CALL,4413.905,4575.0,5.3,5.5,5.4,156,2371,21,0.057534246575342465,0.9647879781420764,OTM
2023-08-25,2023-09-15,PUT,4413.905,4575.0,155.4,157.4,156.4,10,706,21,0.057534246575342465,0.9647879781420764,OTM
2023-08-25,2023-09-15,CALL,4413.905,4580.0,4.8,5.0,4.9,494,1692,21,0.057534246575342465,0.9637347161572052,OTM
2023-08-25,2023-09-15,CALL,4413.905,4585.0,4.4,4.5,4.45,178,417,21,0.057534246575342465,0.9626837513631407,OTM
2023-08-25,2023-09-15,CALL,4413.905,4590.0,4.0,4.1,4.05,36,1048,21,0.057534246575342465,0.9616350762527233,OTM
2023-08-25,2023-09-15,CALL,4413.905,4595.0,3.6,3.7,3.6500000000000004,202,695,21,0.057534246575342465,0.960588683351469,OTM
2023-08-25,2023-09-15,CALL,4413.905,4600.0,3.3,3.4,3.3499999999999996,494,5921,21,0.057534246575342465,0.9595445652173913,OTM
2023-08-25,2023-09-15,PUT,4413.905,4600.0,177.7,180.8,179.25,5,824,21,0.057534246575342465,0.9595445652173913,OTM
2023-08-25,2023-09-15,CALL,4413.905,4605.0,2.95,3.1,3.0250000000000004,46,1415,21,0.057534246575342465,0.9585027144408251,OTM
2023-08-25,2023-09-15,CALL,4413.905,4610.0,2.7,2.8,2.75,126,683,21,0.057534246575342465,0.9574631236442516,OTM
2023-08-25,2023-09-15,CALL,4413.905,4615.0,2.45,2.55,2.5,77,572,21,0.057534246575342465,0.9564257854821234,OTM
2023-08-25,2023-09-15,CALL,4413.905,4620.0,2.2,2.3,2.25,137,397,21,0.057534246575342465,0.9553906926406925,OTM
2023-08-25,2023-09-15,CALL,4413.905,4625.0,2.0,2.1,2.05,70,1282,21,0.057534246575342465,0.9543578378378378,OTM
2023-08-25,2023-09-15,CALL,4413.905,4630.0,1.8,1.9,1.85,24,594,21,0.057534246575342465,0.9533272138228941,OTM
2023-08-25,2023-09-15,PUT,4413.905,4630.0,206.7,208.7,207.7,1,257,21,0.057534246575342465,0.9533272138228941,OTM
2023-08-25,2023-09-15,CALL,4413.905,4635.0,1.6,1.75,1.675,8,275,21,0.057534246575342465,0.9522988133764833,OTM
2023-08-25,2023-09-15,CALL,4413.905,4640.0,1.45,1.55,1.5,17,1053,21,0.057534246575342465,0.9512726293103447,OTM
2023-08-25,2023-09-15,CALL,4413.905,4650.0,1.2,1.3,1.25,250,1592,21,0.057534246575342465,0.94922688172043,OTM
2023-08-25,2023-09-15,PUT,4413.905,4650.0,226.0,228.4,227.2,104,245,21,0.057534246575342465,0.94922688172043,OTM
2023-08-25,2023-09-15,CALL,4413.905,4655.0,1.1,1.2,1.15,24,889,21,0.057534246575342465,0.9482073039742213,OTM
2023-08-25,2023-09-15,CALL,4413.905,4660.0,1.0,1.1,1.05,66,674,21,0.057534246575342465,0.9471899141630901,OTM
2023-08-25,2023-09-15,PUT,4413.905,4660.0,235.8,239.1,237.45,1,31,21,0.057534246575342465,0.9471899141630901,OTM
2023-08-25,2023-09-15,CALL,4413.905,4665.0,0.9,1.0,0.95,56,641,21,0.057534246575342465,0.9461747052518756,OTM
2023-08-25,2023-09-15,CALL,4413.905,4670.0,0.8,0.9,0.8500000000000001,9,602,21,0.057534246575342465,0.945161670235546,OTM
2023-08-25,2023-09-15,CALL,4413.905,4675.0,0.75,0.85,0.8,68,1007,21,0.057534246575342465,0.9441508021390373,OTM
2023-08-25,2023-09-15,CALL,4413.905,4680.0,0.7,0.75,0.725,7,345,21,0.057534246575342465,0.9431420940170939,OTM
2023-08-25,2023-09-15,CALL,4413.905,4685.0,0.6,0.7,0.6499999999999999,1,402,21,0.057534246575342465,0.9421355389541088,OTM
2023-08-25,2023-09-15,CALL,4413.905,4690.0,0.55,0.65,0.6000000000000001,17,717,21,0.057534246575342465,0.9411311300639659,OTM
2023-08-25,2023-09-15,CALL,4413.905,4695.0,0.5,0.6,0.55,6,678,21,0.057534246575342465,0.9401288604898828,OTM
2023-08-25,2023-09-15,CALL,4413.905,4700.0,0.5,0.6,0.55,40,2657,21,0.057534246575342465,0.9391287234042552,OTM
2023-08-25,2023-09-15,PUT,4413.905,4700.0,273.6,278.8,276.20000000000005,3,45,21,0.057534246575342465,0.9391287234042552,OTM
2023-08-25,2023-09-15,CALL,4413.905,4705.0,0.45,0.55,0.5,19,1110,21,0.057534246575342465,0.9381307120085015,OTM
2023-08-25,2023-09-15,CALL,4413.905,4710.0,0.4,0.5,0.45,14,789,21,0.057534246575342465,0.9371348195329087,OTM
2023-08-25,2023-09-15,CALL,4413.905,4715.0,0.4,0.45,0.42500000000000004,40,352,21,0.057534246575342465,0.9361410392364793,OTM
2023-08-25,2023-09-15,CALL,4413.905,4720.0,0.35,0.45,0.4,28,905,21,0.057534246575342465,0.9351493644067796,OTM
2023-08-25,2023-09-15,CALL,4413.905,4725.0,0.35,0.4,0.375,34,962,21,0.057534246575342465,0.9341597883597883,OTM
2023-08-25,2023-09-15,CALL,4413.905,4730.0,0.3,0.4,0.35,30,704,21,0.057534246575342465,0.9331723044397462,OTM
2023-08-25,2023-09-15,CALL,4413.905,4735.0,0.3,0.4,0.35,7,3057,21,0.057534246575342465,0.9321869060190073,OTM
2023-08-25,2023-09-15,CALL,4413.905,4740.0,0.25,0.35,0.3,2,596,21,0.057534246575342465,0.9312035864978903,OTM
2023-08-25,2023-09-15,CALL,4413.905,4745.0,0.25,0.35,0.3,4,386,21,0.057534246575342465,0.930222339304531,OTM
2023-08-25,2023-09-15,CALL,4413.905,4750.0,0.25,0.35,0.3,92,1513,21,0.057534246575342465,0.9292431578947368,OTM
2023-08-25,2023-09-15,CALL,4413.905,4755.0,0.2,0.3,0.25,50,528,21,0.057534246575342465,0.9282660357518401,OTM
2023-08-25,2023-09-15,CALL,4413.905,4770.0,0.2,0.3,0.25,3,262,21,0.057534246575342465,0.9253469601677148,OTM
2023-08-25,2023-09-15,CALL,4413.905,4780.0,0.15,0.25,0.2,2,450,21,0.057534246575342465,0.9234110878661087,OTM
2023-08-25,2023-09-15,CALL,4413.905,4800.0,0.15,0.2,0.175,34,1084,21,0.057534246575342465,0.9195635416666667,OTM
2023-08-25,2023-09-15,CALL,4413.905,4850.0,0.1,0.15,0.125,18,774,21,0.057534246575342465,0.9100835051546391,OTM
2023-08-25,2023-09-18,PUT,4413.905,4050.0,4.1,4.3,4.199999999999999,11,85,24,0.06575342465753424,1.089853086419753,ITM
2023-08-25,2023-09-18,PUT,4413.905,4100.0,5.4,5.7,5.550000000000001,8,132,24,0.06575342465753424,1.076562195121951,ITM
2023-08-25,2023-09-18,PUT,4413.905,4120.0,6.1,6.4,6.25,1,37,24,0.06575342465753424,1.0713361650485436,ITM
2023-08-25,2023-09-18,PUT,4413.905,4125.0,6.3,6.6,6.449999999999999,21,9,24,0.06575342465753424,1.0700375757575757,ITM
2023-08-25,2023-09-18,PUT,4413.905,4130.0,6.5,6.8,6.65,2,11,24,0.06575342465753424,1.0687421307506053,ITM
2023-08-25,2023-09-18,PUT,4413.905,4150.0,7.4,7.7,7.550000000000001,21,215,24,0.06575342465753424,1.0635915662650601,ITM
2023-08-25,2023-09-18,PUT,4413.905,4175.0,8.8,9.1,8.95,10,336,24,0.06575342465753424,1.057222754491018,ITM
2023-08-25,2023-09-18,CALL,4413.905,4180.0,251.4,253.6,252.5,1,30,24,0.06575342465753424,1.0559581339712918,ITM
2023-08-25,2023-09-18,PUT,4413.905,4200.0,10.4,10.7,10.55,143,740,24,0.06575342465753424,1.050929761904762,ITM
2023-08-25,2023-09-18,PUT,4413.905,4205.0,10.8,11.1,10.95,4,20,24,0.06575342465753424,1.049680142687277,ITM
2023-08-25,2023-09-18,PUT,4413.905,4210.0,11.2,11.5,11.35,4,8,24,0.06575342465753424,1.0484334916864608,ITM
2023-08-25,2023-09-18,PUT,4413.905,4225.0,12.4,12.8,12.600000000000001,52,159,24,0.06575342465753424,1.0447112426035503,ITM
2023-08-25,2023-09-18,PUT,4413.905,4230.0,12.9,13.2,13.05,1,34,24,0.06575342465753424,1.0434763593380614,ITM
2023-08-25,2023-09-18,PUT,4413.905,4245.0,14.4,14.7,14.55,22,11,24,0.06575342465753424,1.0397891637220258,ITM
2023-08-25,2023-09-18,CALL,4413.905,4250.0,187.4,189.5,188.45,1,6,24,0.06575342465753424,1.0385658823529411,ITM
2023-08-25,2023-09-18,PUT,4413.905,4250.0,14.9,15.3,15.100000000000001,91,124,24,0.06575342465753424,1.0385658823529411,ITM
2023-08-25,2023-09-18,PUT,4413.905,4255.0,15.5,15.8,15.65,1,10,24,0.06575342465753424,1.0373454759106933,ITM
2023-08-25,2023-09-18,PUT,4413.905,4260.0,16.0,16.4,16.2,3,84,24,0.06575342465753424,1.0361279342723004,ITM
2023-08-25,2023-09-18,PUT,4413.905,4265.0,16.6,17.0,16.8,100,102,24,0.06575342465753424,1.0349132473622509,ITM
2023-08-25,2023-09-18,PUT,4413.905,4275.0,17.9,18.3,18.1,4,33,24,0.06575342465753424,1.0324923976608187,ITM
2023-08-25,2023-09-18,PUT,4413.905,4280.0,18.6,19.1,18.85,18,237,24,0.06575342465753424,1.0312862149532709,ITM
2023-08-25,2023-09-18,PUT,4413.905,4285.0,19.3,19.7,19.5,5,100,24,0.06575342465753424,1.0300828471411902,ITM
2023-08-25,2023-09-18,PUT,4413.905,4290.0,20.0,20.4,20.2,6,43,24,0.06575342465753424,1.0288822843822842,ATM
2023-08-25,2023-09-18,PUT,4413.905,4300.0,21.6,22.1,21.85,36,694,24,0.06575342465753424,1.0264895348837209,ATM
2023-08-25,2023-09-18,CALL,4413.905,4310.0,136.1,138.6,137.35,16,5,24,0.06575342465753424,1.0241078886310904,ATM
2023-08-25,2023-09-18,PUT,4413.905,4320.0,25.1,25.5,25.3,3,11,24,0.06575342465753424,1.0217372685185184,ATM
2023-08-25,2023-09-18,PUT,4413.905,4325.0,26.1,26.5,26.3,7,787,24,0.06575342465753424,1.0205560693641618,ATM
2023-08-25,2023-09-18,PUT,4413.905,4330.0,27.1,27.5,27.3,2,20,24,0.06575342465753424,1.019377598152425,ATM
2023-08-25,2023-09-18,PUT,4413.905,4335.0,28.2,28.6,28.4,2,57,24,0.06575342465753424,1.01820184544406,ATM
2023-08-25,2023-09-18,PUT,4413.905,4340.0,29.2,29.7,29.45,2,22,24,0.06575342465753424,1.017028801843318,ATM
2023-08-25,2023-09-18,PUT,4413.905,4345.0,30.4,30.8,30.6,31,47,24,0.06575342465753424,1.0158584579976984,ATM
2023-08-25,2023-09-18,CALL,4413.905,4350.0,105.5,106.0,105.75,1,38,24,0.06575342465753424,1.014690804597701,ATM
2023-08-25,2023-09-18,PUT,4413.905,4350.0,31.5,32.0,31.75,28,130,24,0.06575342465753424,1.014690804597701,ATM
2023-08-25,2023-09-18,PUT,4413.905,4355.0,32.7,33.4,33.05,5,29,24,0.06575342465753424,1.0135258323765786,ATM
2023-08-25,2023-09-18,CALL,4413.905,4360.0,97.6,98.9,98.25,1,24,24,0.06575342465753424,1.0123635321100917,ATM
2023-08-25,2023-09-18,PUT,4413.905,4360.0,34.0,34.4,34.2,1,41,24,0.06575342465753424,1.0123635321100917,ATM
2023-08-25,2023-09-18,CALL,4413.905,4365.0,94.4,94.9,94.65,2,23,24,0.06575342465753424,1.0112038946162656,ATM
2023-08-25,2023-09-18,PUT,4413.905,4365.0,35.3,35.8,35.55,6,51,24,0.06575342465753424,1.0112038946162656,ATM
2023-08-25,2023-09-18,PUT,4413.905,4375.0,38.1,38.7,38.400000000000006,1,87,24,0.06575342465753424,1.0088925714285715,ATM
2023-08-25,2023-09-18,CALL,4413.905,4380.0,83.3,84.5,83.9,2,13,24,0.06575342465753424,1.0077408675799087,ATM
2023-08-25,2023-09-18,PUT,4413.905,4380.0,39.5,40.2,39.85,52,27,24,0.06575342465753424,1.0077408675799087,ATM
2023-08-25,2023-09-18,CALL,4413.905,4385.0,79.8,81.1,80.44999999999999,1,64,24,0.06575342465753424,1.0065917901938426,ATM
2023-08-25,2023-09-18,PUT,4413.905,4385.0,41.1,41.8,41.45,2,29,24,0.06575342465753424,1.0065917901938426,ATM
2023-08-25,2023-09-18,PUT,4413.905,4390.0,42.6,43.4,43.0,2,27,24,0.06575342465753424,1.0054453302961275,ATM
2023-08-25,2023-09-18,CALL,4413.905,4395.0,73.0,74.3,73.65,81,16,24,0.06575342465753424,1.004301478953356,ATM
2023-08-25,2023-09-18,PUT,4413.905,4395.0,44.3,45.0,44.65,3,22,24,0.06575342465753424,1.004301478953356,ATM
2023-08-25,2023-09-18,CALL,4413.905,4400.0,70.0,71.2,70.6,10,824,24,0.06575342465753424,1.0031602272727271,ATM
2023-08-25,2023-09-18,PUT,4413.905,4400.0,46.0,46.6,46.3,126,67,24,0.06575342465753424,1.0031602272727271,ATM
2023-08-25,2023-09-18,PUT,4413.905,4405.0,47.8,48.3,48.05,1,4,24,0.06575342465753424,1.0020215664018162,ATM
2023-08-25,2023-09-18,CALL,4413.905,4410.0,63.8,64.5,64.15,5,45,24,0.06575342465753424,1.0008854875283446,ATM
2023-08-25,2023-09-18,PUT,4413.905,4410.0,49.7,50.4,50.05,1,31,24,0.06575342465753424,1.0008854875283446,ATM
2023-08-25,2023-09-18,CALL,4413.905,4415.0,60.9,61.3,61.099999999999994,2,26,24,0.06575342465753424,0.9997519818799546,ATM
2023-08-25,2023-09-18,PUT,4413.905,4415.0,51.6,52.1,51.85,1,40,24,0.06575342465753424,0.9997519818799546,ATM
2023-08-25,2023-09-18,CALL,4413.905,4420.0,57.7,58.5,58.1,6,28,24,0.06575342465753424,0.9986210407239818,ATM
2023-08-25,2023-09-18,CALL,4413.905,4425.0,54.9,55.4,55.15,304,17,24,0.06575342465753424,0.9974926553672315,ATM
2023-08-25,2023-09-18,PUT,4413.905,4430.0,57.8,58.6,58.2,1,45,24,0.06575342465753424,0.9963668171557561,ATM
2023-08-25,2023-09-18,PUT,4413.905,4435.0,60.1,60.5,60.3,16,19,24,0.06575342465753424,0.9952435174746336,ATM
2023-08-25,2023-09-18,CALL,4413.905,4440.0,46.6,47.2,46.900000000000006,37,64,24,0.06575342465753424,0.9941227477477477,ATM
2023-08-25,2023-09-18,CALL,4413.905,4445.0,44.1,44.6,44.35,2,39,24,0.06575342465753424,0.9930044994375703,ATM
2023-08-25,2023-09-18,CALL,4413.905,4450.0,41.6,42.1,41.85,52,711,24,0.06575342465753424,0.9918887640449437,ATM
2023-08-25,2023-09-18,PUT,4413.905,4450.0,67.3,67.7,67.5,1,121,24,0.06575342465753424,0.9918887640449437,ATM
2023-08-25,2023-09-18,CALL,4413.905,4460.0,36.9,37.3,37.099999999999994,14,31,24,0.06575342465753424,0.989664798206278,ATM
2023-08-25,2023-09-18,PUT,4413.905,4460.0,72.5,72.9,72.7,49,74,24,0.06575342465753424,0.989664798206278,ATM
2023-08-25,2023-09-18,CALL,4413.905,4465.0,34.6,35.1,34.85,6,32,24,0.06575342465753424,0.9885565509518477,ATM
2023-08-25,2023-09-18,CALL,4413.905,4470.0,32.5,32.9,32.7,14,44,24,0.06575342465753424,0.9874507829977628,ATM
2023-08-25,2023-09-18,CALL,4413.905,4475.0,30.4,30.8,30.6,499,116,24,0.06575342465753424,0.9863474860335195,ATM
2023-08-25,2023-09-18,PUT,4413.905,4475.0,80.9,81.5,81.2,1,28,24,0.06575342465753424,0.9863474860335195,ATM
2023-08-25,2023-09-18,CALL,4413.905,4480.0,28.4,28.8,28.6,1,44,24,0.06575342465753424,0.9852466517857142,ATM
2023-08-25,2023-09-18,PUT,4413.905,4480.0,83.9,84.5,84.2,2,17,24,0.06575342465753424,0.9852466517857142,ATM
2023-08-25,2023-09-18,CALL,4413.905,4485.0,26.5,26.9,26.7,15,43,24,0.06575342465753424,0.9841482720178372,ATM
2023-08-25,2023-09-18,PUT,4413.905,4485.0,86.5,88.6,87.55,2,9,24,0.06575342465753424,0.9841482720178372,ATM
2023-08-25,2023-09-18,CALL,4413.905,4490.0,24.7,25.1,24.9,4,187,24,0.06575342465753424,0.9830523385300668,ATM
2023-08-25,2023-09-18,PUT,4413.905,4490.0,89.6,91.4,90.5,2,27,24,0.06575342465753424,0.9830523385300668,ATM
2023-08-25,2023-09-18,CALL,4413.905,4495.0,23.0,23.4,23.2,3,87,24,0.06575342465753424,0.9819588431590656,ATM
2023-08-25,2023-09-18,CALL,4413.905,4500.0,21.3,21.7,21.5,104,122,24,0.06575342465753424,0.9808677777777777,ATM
2023-08-25,2023-09-18,PUT,4413.905,4500.0,96.3,98.2,97.25,7,127,24,0.06575342465753424,0.9808677777777777,ATM
2023-08-25,2023-09-18,PUT,4413.905,4505.0,99.7,101.7,100.7,2,11,24,0.06575342465753424,0.9797791342952274,ATM
2023-08-25,2023-09-18,CALL,4413.905,4510.0,18.3,18.7,18.5,7,35,24,0.06575342465753424,0.9786929046563192,ATM
2023-08-25,2023-09-18,CALL,4413.905,4515.0,17.0,17.4,17.2,11,45,24,0.06575342465753424,0.9776090808416389,ATM
2023-08-25,2023-09-18,CALL,4413.905,4520.0,15.7,16.1,15.9,106,13,24,0.06575342465753424,0.9765276548672566,ATM
2023-08-25,2023-09-18,CALL,4413.905,4525.0,14.4,14.8,14.600000000000001,107,163,24,0.06575342465753424,0.9754486187845304,ATM
2023-08-25,2023-09-18,PUT,4413.905,4525.0,114.1,116.3,115.19999999999999,1,48,24,0.06575342465753424,0.9754486187845304,ATM
2023-08-25,2023-09-18,CALL,4413.905,4530.0,13.3,13.6,13.45,41,19,24,0.06575342465753424,0.9743719646799116,ATM
2023-08-25,2023-09-18,CALL,4413.905,4540.0,11.2,11.6,11.399999999999999,5,48,24,0.06575342465753424,0.9722257709251101,ATM
2023-08-25,2023-09-18,CALL,4413.905,4550.0,9.4,9.7,9.55,30,205,24,0.06575342465753424,0.9700890109890109,ATM
2023-08-25,2023-09-18,PUT,4413.905,4550.0,134.1,136.2,135.14999999999998,6,147,24,0.06575342465753424,0.9700890109890109,ATM
2023-08-25,2023-09-18,CALL,4413.905,4555.0,8.6,8.9,8.75,3,12,24,0.06575342465753424,0.9690241492864983,OTM
2023-08-25,2023-09-18,CALL,4413.905,4560.0,7.8,8.2,8.0,30,5,24,0.06575342465753424,0.9679616228070175,OTM
2023-08-25,2023-09-18,CALL,4413.905,4575.0,5.9,6.3,6.1,25,48,24,0.06575342465753424,0.9647879781420764,OTM
2023-08-25,2023-09-18,CALL,4413.905,4580.0,5.4,5.7,5.550000000000001,1,69,24,0.06575342465753424,0.9637347161572052,OTM
2023-08-25,2023-09-18,CALL,4413.905,4590.0,4.5,4.7,4.6,1,10,24,0.06575342465753424,0.9616350762527233,OTM
2023-08-25,2023-09-18,CALL,4413.905,4600.0,3.7,3.9,3.8,9,135,24,0.06575342465753424,0.9595445652173913,OTM
2023-08-25,2023-09-18,CALL,4413.905,4650.0,1.45,1.55,1.5,309,106,24,0.06575342465753424,0.94922688172043,OTM
2023-08-25,2023-09-18,CALL,4413.905,4700.0,0.55,0.7,0.625,5,86,24,0.06575342465753424,0.9391287234042552,OTM
2023-08-25,2023-09-18,CALL,4413.905,4800.0,0.15,0.25,0.2,4,108,24,0.06575342465753424,0.9195635416666667,OTM
2023-08-25,2023-09-19,PUT,4413.905,4100.0,6.0,6.3,6.15,1,7,25,0.0684931506849315,1.076562195121951,ITM
2023-08-25,2023-09-19,PUT,4413.905,4150.0,8.2,8.4,8.3,5,243,25,0.0684931506849315,1.0635915662650601,ITM
2023-08-25,2023-09-19,PUT,4413.905,4170.0,9.3,9.6,9.45,2,10,25,0.0684931506849315,1.0584904076738608,ITM
2023-08-25,2023-09-19,PUT,4413.905,4175.0,9.6,9.9,9.75,1,10,25,0.0684931506849315,1.057222754491018,ITM
2023-08-25,2023-09-19,PUT,4413.905,4180.0,9.9,10.2,10.05,1,1,25,0.0684931506849315,1.0559581339712918,ITM
2023-08-25,2023-09-19,PUT,4413.905,4250.0,16.1,16.5,16.3,1,109,25,0.0684931506849315,1.0385658823529411,ITM
2023-08-25,2023-09-19,PUT,4413.905,4270.0,18.5,18.9,18.7,7,1,25,0.0684931506849315,1.0337014051522249,ITM
2023-08-25,2023-09-19,PUT,4413.905,4275.0,19.2,19.6,19.4,2,5,25,0.0684931506849315,1.0324923976608187,ITM
2023-08-25,2023-09-19,PUT,4413.905,4280.0,19.9,20.3,20.1,1,50,25,0.0684931506849315,1.0312862149532709,ITM
2023-08-25,2023-09-19,PUT,4413.905,4295.0,22.2,22.6,22.4,1,5,25,0.0684931506849315,1.027684516880093,ATM
2023-08-25,2023-09-19,CALL,4413.905,4300.0,145.4,149.6,147.5,2,11,25,0.0684931506849315,1.0264895348837209,ATM
2023-08-25,2023-09-19,PUT,4413.905,4300.0,23.0,23.4,23.2,7,302,25,0.0684931506849315,1.0264895348837209,ATM
2023-08-25,2023-09-19,CALL,4413.905,4305.0,141.3,145.4,143.35000000000002,6,9,25,0.0684931506849315,1.0252973286875726,ATM
2023-08-25,2023-09-19,PUT,4413.905,4350.0,33.1,33.5,33.3,1,116,25,0.0684931506849315,1.014690804597701,ATM
2023-08-25,2023-09-19,CALL,4413.905,4365.0,96.6,97.1,96.85,2,1,25,0.0684931506849315,1.0112038946162656,ATM
2023-08-25,2023-09-19,PUT,4413.905,4370.0,38.3,38.7,38.5,2,33,25,0.0684931506849315,1.0100469107551486,ATM
2023-08-25,2023-09-19,CALL,4413.905,4375.0,89.4,89.9,89.65,48,23,25,0.0684931506849315,1.0088925714285715,ATM
2023-08-25,2023-09-19,PUT,4413.905,4375.0,39.7,40.1,39.900000000000006,13,33,25,0.0684931506849315,1.0088925714285715,ATM
2023-08-25,2023-09-19,CALL,4413.905,4380.0,85.9,86.4,86.15,2,52,25,0.0684931506849315,1.0077408675799087,ATM
2023-08-25,2023-09-19,PUT,4413.905,4380.0,41.2,41.6,41.400000000000006,4,23,25,0.0684931506849315,1.0077408675799087,ATM
2023-08-25,2023-09-19,CALL,4413.905,4385.0,82.4,82.9,82.65,2,20,25,0.0684931506849315,1.0065917901938426,ATM
2023-08-25,2023-09-19,PUT,4413.905,4390.0,44.3,44.7,44.5,6,69,25,0.0684931506849315,1.0054453302961275,ATM
2023-08-25,2023-09-19,PUT,4413.905,4400.0,47.6,48.1,47.85,2,21,25,0.0684931506849315,1.0031602272727271,ATM
2023-08-25,2023-09-19,PUT,4413.905,4415.0,53.2,53.6,53.400000000000006,19,6,25,0.0684931506849315,0.9997519818799546,ATM
2023-08-25,2023-09-19,CALL,4413.905,4430.0,54.3,54.7,54.5,4,23,25,0.0684931506849315,0.9963668171557561,ATM
2023-08-25,2023-09-19,CALL,4413.905,4450.0,43.6,44.1,43.85,2,430,25,0.0684931506849315,0.9918887640449437,ATM
2023-08-25,2023-09-19,CALL,4413.905,4460.0,38.8,39.3,39.05,1,1,25,0.0684931506849315,0.989664798206278,ATM
2023-08-25,2023-09-19,CALL,4413.905,4475.0,32.2,32.6,32.400000000000006,7,14,25,0.0684931506849315,0.9863474860335195,ATM
2023-08-25,2023-09-19,CALL,4413.905,4490.0,26.4,26.8,26.6,22,1,25,0.0684931506849315,0.9830523385300668,ATM
2023-08-25,2023-09-19,CALL,4413.905,4500.0,22.9,23.3,23.1,44,67,25,0.0684931506849315,0.9808677777777777,ATM
2023-08-25,2023-09-19,PUT,4413.905,4500.0,96.1,100.1,98.1,7,2,25,0.0684931506849315,0.9808677777777777,ATM
2023-08-25,2023-09-19,CALL,4413.905,4520.0,17.0,17.4,17.2,9,1,25,0.0684931506849315,0.9765276548672566,ATM
2023-08-25,2023-09-19,CALL,4413.905,4530.0,14.5,14.9,14.7,2,15,25,0.0684931506849315,0.9743719646799116,ATM
2023-08-25,2023-09-19,CALL,4413.905,4540.0,12.3,12.7,12.5,5,6,25,0.0684931506849315,0.9722257709251101,ATM
2023-08-25,2023-09-19,CALL,4413.905,4550.0,10.4,10.7,10.55,17,11,25,0.0684931506849315,0.9700890109890109,ATM
2023-08-25,2023-09-19,CALL,4413.905,4600.0,4.2,4.5,4.35,1,227,25,0.0684931506849315,0.9595445652173913,OTM
2023-08-25,2023-09-19,CALL,4413.905,4700.0,0.65,0.8,0.7250000000000001,1,18,25,0.0684931506849315,0.9391287234042552,OTM
2023-08-25,2023-09-19,CALL,4413.905,4800.0,0.15,0.25,0.2,15,5,25,0.0684931506849315,0.9195635416666667,OTM
2023-08-25,2023-09-20,PUT,4413.905,4100.0,7.2,7.4,7.300000000000001,776,31,26,0.07123287671232877,1.076562195121951,ITM
2023-08-25,2023-09-20,PUT,4413.905,4150.0,9.6,9.9,9.75,1,289,26,0.07123287671232877,1.0635915662650601,ITM
2023-08-25,2023-09-20,PUT,4413.905,4180.0,11.6,11.9,11.75,1,35,26,0.07123287671232877,1.0559581339712918,ITM
2023-08-25,2023-09-20,PUT,4413.905,4200.0,13.2,13.6,13.399999999999999,4,230,26,0.07123287671232877,1.050929761904762,ITM
2023-08-25,2023-09-20,PUT,4413.905,4210.0,14.1,14.4,14.25,2,10,26,0.07123287671232877,1.0484334916864608,ITM
2023-08-25,2023-09-20,PUT,4413.905,4225.0,15.5,15.9,15.7,750,147,26,0.07123287671232877,1.0447112426035503,ITM
2023-08-25,2023-09-20,PUT,4413.905,4250.0,18.4,18.7,18.549999999999997,1,208,26,0.07123287671232877,1.0385658823529411,ITM
2023-08-25,2023-09-20,PUT,4413.905,4260.0,19.6,20.0,19.8,2,12,26,0.07123287671232877,1.0361279342723004,ITM
2023-08-25,2023-09-20,PUT,4413.905,4270.0,21.0,21.3,21.15,24,19,26,0.07123287671232877,1.0337014051522249,ITM
2023-08-25,2023-09-20,PUT,4413.905,4275.0,21.7,22.1,21.9,1,391,26,0.07123287671232877,1.0324923976608187,ITM
2023-08-25,2023-09-20,PUT,4413.905,4280.0,22.4,22.8,22.6,4,11,26,0.07123287671232877,1.0312862149532709,ITM
2023-08-25,2023-09-20,PUT,4413.905,4290.0,24.0,24.4,24.2,2,847,26,0.07123287671232877,1.0288822843822842,ATM
2023-08-25,2023-09-20,PUT,4413.905,4300.0,25.7,26.1,25.9,2,511,26,0.07123287671232877,1.0264895348837209,ATM
2023-08-25,2023-09-20,PUT,4413.905,4310.0,27.5,27.9,27.7,11,108,26,0.07123287671232877,1.0241078886310904,ATM
2023-08-25,2023-09-20,PUT,4413.905,4320.0,29.5,29.9,29.7,11,31,26,0.07123287671232877,1.0217372685185184,ATM
2023-08-25,2023-09-20,PUT,4413.905,4325.0,30.5,30.9,30.7,60,1010,26,0.07123287671232877,1.0205560693641618,ATM
2023-08-25,2023-09-20,CALL,4413.905,4350.0,111.4,111.8,111.6,4,20,26,0.07123287671232877,1.014690804597701,ATM
2023-08-25,2023-09-20,PUT,4413.905,4350.0,36.1,36.5,36.3,5,39,26,0.07123287671232877,1.014690804597701,ATM
2023-08-25,2023-09-20,PUT,4413.905,4355.0,37.4,37.8,37.599999999999994,1,7,26,0.07123287671232877,1.0135258323765786,ATM
2023-08-25,2023-09-20,PUT,4413.905,4365.0,40.0,40.5,40.25,1,67,26,0.07123287671232877,1.0112038946162656,ATM
2023-08-25,2023-09-20,CALL,4413.905,4370.0,96.7,97.2,96.95,2,10,26,0.07123287671232877,1.0100469107551486,ATM
2023-08-25,2023-09-20,PUT,4413.905,4370.0,41.4,41.8,41.599999999999994,3,13,26,0.07123287671232877,1.0100469107551486,ATM
2023-08-25,2023-09-20,CALL,4413.905,4375.0,93.2,93.7,93.45,4,28,26,0.07123287671232877,1.0088925714285715,ATM
2023-08-25,2023-09-20,PUT,4413.905,4375.0,42.9,43.3,43.099999999999994,12,14,26,0.07123287671232877,1.0088925714285715,ATM
2023-08-25,2023-09-20,CALL,4413.905,4380.0,89.7,90.2,89.95,25,46,26,0.07123287671232877,1.0077408675799087,ATM
2023-08-25,2023-09-20,PUT,4413.905,4380.0,44.3,44.8,44.55,48,54,26,0.07123287671232877,1.0077408675799087,ATM
2023-08-25,2023-09-20,CALL,4413.905,4385.0,86.3,86.7,86.5,3,39,26,0.07123287671232877,1.0065917901938426,ATM
2023-08-25,2023-09-20,PUT,4413.905,4385.0,45.9,46.3,46.099999999999994,38,2,26,0.07123287671232877,1.0065917901938426,ATM
2023-08-25,2023-09-20,PUT,4413.905,4390.0,47.5,47.9,47.7,19,81,26,0.07123287671232877,1.0054453302961275,ATM
2023-08-25,2023-09-20,CALL,4413.905,4395.0,79.5,80.0,79.75,18,2,26,0.07123287671232877,1.004301478953356,ATM
2023-08-25,2023-09-20,CALL,4413.905,4400.0,76.3,76.8,76.55,2,304,26,0.07123287671232877,1.0031602272727271,ATM
2023-08-25,2023-09-20,PUT,4413.905,4400.0,50.9,51.3,51.099999999999994,46,345,26,0.07123287671232877,1.0031602272727271,ATM
2023-08-25,2023-09-20,CALL,4413.905,4405.0,73.1,73.6,73.35,2,2,26,0.07123287671232877,1.0020215664018162,ATM
2023-08-25,2023-09-20,PUT,4413.905,4405.0,52.6,53.1,52.85,2,1,26,0.07123287671232877,1.0020215664018162,ATM
2023-08-25,2023-09-20,CALL,4413.905,4410.0,69.9,70.4,70.15,10,8,26,0.07123287671232877,1.0008854875283446,ATM
2023-08-25,2023-09-20,PUT,4413.905,4410.0,54.5,54.9,54.7,1,65,26,0.07123287671232877,1.0008854875283446,ATM
2023-08-25,2023-09-20,PUT,4413.905,4415.0,56.4,56.8,56.599999999999994,4,1,26,0.07123287671232877,0.9997519818799546,ATM
2023-08-25,2023-09-20,PUT,4413.905,4420.0,58.3,58.8,58.55,21,8,26,0.07123287671232877,0.9986210407239818,ATM
2023-08-25,2023-09-20,PUT,4413.905,4430.0,62.5,62.9,62.7,40,10,26,0.07123287671232877,0.9963668171557561,ATM
2023-08-25,2023-09-20,CALL,4413.905,4435.0,55.2,55.7,55.45,17,15,26,0.07123287671232877,0.9952435174746336,ATM
2023-08-25,2023-09-20,CALL,4413.905,4450.0,47.3,47.7,47.5,6,682,26,0.07123287671232877,0.9918887640449437,ATM
2023-08-25,2023-09-20,PUT,4413.905,4450.0,71.6,72.1,71.85,7,95,26,0.07123287671232877,0.9918887640449437,ATM
2023-08-25,2023-09-20,CALL,4413.905,4455.0,44.8,45.2,45.0,1,16,26,0.07123287671232877,0.9907755331088663,ATM
2023-08-25,2023-09-20,CALL,4413.905,4475.0,35.5,36.0,35.75,57,30,26,0.07123287671232877,0.9863474860335195,ATM
2023-08-25,2023-09-20,CALL,4413.905,4495.0,27.6,28.0,27.8,2,16,26,0.07123287671232877,0.9819588431590656,ATM
2023-08-25,2023-09-20,CALL,4413.905,4500.0,25.8,26.2,26.0,460,4806,26,0.07123287671232877,0.9808677777777777,ATM
2023-08-25,2023-09-20,CALL,4413.905,4525.0,18.0,18.6,18.3,5,147,26,0.07123287671232877,0.9754486187845304,ATM
2023-08-25,2023-09-20,CALL,4413.905,4550.0,12.3,12.7,12.5,2,3,26,0.07123287671232877,0.9700890109890109,ATM
2023-08-25,2023-09-20,CALL,4413.905,4600.0,5.3,5.5,5.4,1007,328,26,0.07123287671232877,0.9595445652173913,OTM
2023-08-25,2023-09-21,PUT,4413.905,4050.0,6.0,6.2,6.1,5,25,27,0.07397260273972603,1.089853086419753,ITM
2023-08-25,2023-09-21,PUT,4413.905,4100.0,7.8,8.0,7.9,2,58,27,0.07397260273972603,1.076562195121951,ITM
2023-08-25,2023-09-21,CALL,4413.905,4150.0,284.6,288.9,286.75,2,13,27,0.07397260273972603,1.0635915662650601,ITM
2023-08-25,2023-09-21,CALL,4413.905,4250.0,194.0,198.4,196.2,3,26,27,0.07397260273972603,1.0385658823529411,ITM
2023-08-25,2023-09-21,CALL,4413.905,4275.0,172.6,176.9,174.75,32,14,27,0.07397260273972603,1.0324923976608187,ITM
2023-08-25,2023-09-21,PUT,4413.905,4275.0,23.0,23.5,23.25,2,77,27,0.07397260273972603,1.0324923976608187,ITM
2023-08-25,2023-09-21,CALL,4413.905,4300.0,151.8,156.1,153.95,2,6,27,0.07397260273972603,1.0264895348837209,ATM
2023-08-25,2023-09-21,PUT,4413.905,4300.0,27.0,27.5,27.25,1,548,27,0.07397260273972603,1.0264895348837209,ATM
2023-08-25,2023-09-21,CALL,4413.905,4325.0,131.8,135.9,133.85000000000002,2,3,27,0.07397260273972603,1.0205560693641618,ATM
2023-08-25,2023-09-21,CALL,4413.905,4360.0,107.1,107.7,107.4,2,10,27,0.07397260273972603,1.0123635321100917,ATM
2023-08-25,2023-09-21,PUT,4413.905,4410.0,55.5,56.3,55.9,1,6,27,0.07397260273972603,1.0008854875283446,ATM
2023-08-25,2023-09-21,PUT,4413.905,4420.0,59.3,60.1,59.7,2,1,27,0.07397260273972603,0.9986210407239818,ATM
2023-08-25,2023-09-21,PUT,4413.905,4425.0,61.3,62.1,61.7,32,5,27,0.07397260273972603,0.9974926553672315,ATM
2023-08-25,2023-09-21,CALL,4413.905,4450.0,49.9,50.4,50.15,2,678,27,0.07397260273972603,0.9918887640449437,ATM
2023-08-25,2023-09-21,CALL,4413.905,4475.0,37.9,38.5,38.2,4,126,27,0.07397260273972603,0.9863474860335195,ATM
2023-08-25,2023-09-21,PUT,4413.905,4500.0,98.0,103.2,100.6,1,9,27,0.07397260273972603,0.9808677777777777,ATM
2023-08-25,2023-09-21,CALL,4413.905,4600.0,6.0,6.3,6.15,3,261,27,0.07397260273972603,0.9595445652173913,OTM
2023-08-25,2023-09-21,CALL,4413.905,4700.0,1.05,1.2,1.125,17,9,27,0.07397260273972603,0.9391287234042552,OTM
2023-08-25,2023-09-22,PUT,4413.905,4020.0,5.6,5.8,5.699999999999999,104,147,28,0.07671232876712329,1.0979863184079601,ITM
2023-08-25,2023-09-22,PUT,4413.905,4025.0,5.8,6.0,5.9,109,1006,28,0.07671232876712329,1.096622360248447,ITM
2023-08-25,2023-09-22,PUT,4413.905,4030.0,5.9,6.1,6.0,100,116,28,0.07671232876712329,1.0952617866004961,ITM
2023-08-25,2023-09-22,PUT,4413.905,4040.0,6.2,6.4,6.300000000000001,57,248,28,0.07671232876712329,1.0925507425742573,ITM
2023-08-25,2023-09-22,PUT,4413.905,4050.0,6.5,6.7,6.6,90,557,28,0.07671232876712329,1.089853086419753,ITM
2023-08-25,2023-09-22,PUT,4413.905,4060.0,6.9,7.1,7.0,200,118,28,0.07671232876712329,1.0871687192118227,ITM
2023-08-25,2023-09-22,PUT,4413.905,4070.0,7.3,7.5,7.4,184,59,28,0.07671232876712329,1.084497542997543,ITM
2023-08-25,2023-09-22,PUT,4413.905,4075.0,7.5,7.7,7.6,48,274,28,0.07671232876712329,1.0831668711656441,ITM
2023-08-25,2023-09-22,PUT,4413.905,4080.0,7.7,7.9,7.800000000000001,67,109,28,0.07671232876712329,1.0818394607843136,ITM
2023-08-25,2023-09-22,PUT,4413.905,4090.0,8.1,8.3,8.2,42,152,28,0.07671232876712329,1.0791943765281173,ITM
2023-08-25,2023-09-22,PUT,4413.905,4100.0,8.6,8.8,8.7,432,1320,28,0.07671232876712329,1.076562195121951,ITM
2023-08-25,2023-09-22,PUT,4413.905,4110.0,9.0,9.3,9.15,3,38,28,0.07671232876712329,1.073942822384428,ITM
2023-08-25,2023-09-22,PUT,4413.905,4120.0,9.6,9.8,9.7,31,580,28,0.07671232876712329,1.0713361650485436,ITM
2023-08-25,2023-09-22,PUT,4413.905,4125.0,9.8,10.1,9.95,36,189,28,0.07671232876712329,1.0700375757575757,ITM
2023-08-25,2023-09-22,PUT,4413.905,4130.0,10.1,10.4,10.25,42,121,28,0.07671232876712329,1.0687421307506053,ITM
2023-08-25,2023-09-22,PUT,4413.905,4140.0,10.7,11.0,10.85,20,229,28,0.07671232876712329,1.0661606280193237,ITM
2023-08-25,2023-09-22,CALL,4413.905,4150.0,287.0,289.2,288.1,1,3,28,0.07671232876712329,1.0635915662650601,ITM
2023-08-25,2023-09-22,PUT,4413.905,4150.0,11.4,11.7,11.55,111,562,28,0.07671232876712329,1.0635915662650601,ITM
2023-08-25,2023-09-22,PUT,4413.905,4155.0,11.7,12.0,11.85,29,46,28,0.07671232876712329,1.0623116726835138,ITM
2023-08-25,2023-09-22,PUT,4413.905,4160.0,12.1,12.4,12.25,4,144,28,0.07671232876712329,1.0610348557692306,ITM
2023-08-25,2023-09-22,PUT,4413.905,4165.0,12.4,12.7,12.55,1,76,28,0.07671232876712329,1.0597611044417767,ITM
2023-08-25,2023-09-22,PUT,4413.905,4170.0,12.8,13.1,12.95,17,83,28,0.07671232876712329,1.0584904076738608,ITM
2023-08-25,2023-09-22,PUT,4413.905,4175.0,13.2,13.5,13.35,32,626,28,0.07671232876712329,1.057222754491018,ITM
2023-08-25,2023-09-22,PUT,4413.905,4180.0,13.6,13.9,13.75,6,266,28,0.07671232876712329,1.0559581339712918,ITM
2023-08-25,2023-09-22,PUT,4413.905,4185.0,14.0,14.3,14.15,35,56,28,0.07671232876712329,1.0546965352449222,ITM
2023-08-25,2023-09-22,PUT,4413.905,4190.0,14.5,14.8,14.65,10,145,28,0.07671232876712329,1.0534379474940334,ITM
2023-08-25,2023-09-22,PUT,4413.905,4195.0,14.9,15.2,15.05,5,15,28,0.07671232876712329,1.0521823599523241,ITM
2023-08-25,2023-09-22,CALL,4413.905,4200.0,241.0,243.4,242.2,7,213,28,0.07671232876712329,1.050929761904762,ITM
2023-08-25,2023-09-22,PUT,4413.905,4200.0,15.4,15.7,15.55,672,1763,28,0.07671232876712329,1.050929761904762,ITM
2023-08-25,2023-09-22,PUT,4413.905,4210.0,16.3,16.7,16.5,12,180,28,0.07671232876712329,1.0484334916864608,ITM
2023-08-25,2023-09-22,PUT,4413.905,4215.0,16.8,17.2,17.0,108,296,28,0.07671232876712329,1.0471897983392644,ITM
2023-08-25,2023-09-22,CALL,4413.905,4220.0,224.0,225.4,224.7,50,13,28,0.07671232876712329,1.0459490521327013,ITM
2023-08-25,2023-09-22,PUT,4413.905,4220.0,17.4,17.7,17.549999999999997,9,191,28,0.07671232876712329,1.0459490521327013,ITM
2023-08-25,2023-09-22,PUT,4413.905,4225.0,17.9,18.2,18.049999999999997,141,382,28,0.07671232876712329,1.0447112426035503,ITM
2023-08-25,2023-09-22,PUT,4413.905,4230.0,18.5,18.8,18.65,36,504,28,0.07671232876712329,1.0434763593380614,ITM
2023-08-25,2023-09-22,PUT,4413.905,4235.0,19.1,19.4,19.25,123,74,28,0.07671232876712329,1.0422443919716646,ITM
2023-08-25,2023-09-22,CALL,4413.905,4240.0,205.8,207.9,206.85000000000002,2,1,28,0.07671232876712329,1.041015330188679,ITM
2023-08-25,2023-09-22,PUT,4413.905,4240.0,19.7,20.0,19.85,681,503,28,0.07671232876712329,1.041015330188679,ITM
2023-08-25,2023-09-22,PUT,4413.905,4245.0,20.3,20.6,20.450000000000003,101,80,28,0.07671232876712329,1.0397891637220258,ITM
2023-08-25,2023-09-22,CALL,4413.905,4250.0,197.5,199.1,198.3,10,392,28,0.07671232876712329,1.0385658823529411,ITM
2023-08-25,2023-09-22,PUT,4413.905,4250.0,20.9,21.2,21.049999999999997,250,857,28,0.07671232876712329,1.0385658823529411,ITM
2023-08-25,2023-09-22,PUT,4413.905,4255.0,21.5,21.9,21.7,131,53,28,0.07671232876712329,1.0373454759106933,ITM
2023-08-25,2023-09-22,PUT,4413.905,4260.0,22.2,22.6,22.4,260,337,28,0.07671232876712329,1.0361279342723004,ITM
2023-08-25,2023-09-22,PUT,4413.905,4265.0,22.9,23.3,23.1,212,135,28,0.07671232876712329,1.0349132473622509,ITM
2023-08-25,2023-09-22,PUT,4413.905,4270.0,23.6,24.0,23.8,70,1521,28,0.07671232876712329,1.0337014051522249,ITM
2023-08-25,2023-09-22,CALL,4413.905,4275.0,175.6,177.7,176.64999999999998,2,52,28,0.07671232876712329,1.0324923976608187,ITM
2023-08-25,2023-09-22,PUT,4413.905,4275.0,24.4,24.8,24.6,121,1236,28,0.07671232876712329,1.0324923976608187,ITM
2023-08-25,2023-09-22,CALL,4413.905,4280.0,171.7,173.6,172.64999999999998,2,36,28,0.07671232876712329,1.0312862149532709,ITM
2023-08-25,2023-09-22,PUT,4413.905,4280.0,25.2,25.6,25.4,40,171,28,0.07671232876712329,1.0312862149532709,ITM
2023-08-25,2023-09-22,CALL,4413.905,4285.0,167.7,169.3,168.5,3,20,28,0.07671232876712329,1.0300828471411902,ITM
2023-08-25,2023-09-22,PUT,4413.905,4285.0,26.0,26.3,26.15,33,194,28,0.07671232876712329,1.0300828471411902,ITM
2023-08-25,2023-09-22,PUT,4413.905,4290.0,26.8,27.2,27.0,86,250,28,0.07671232876712329,1.0288822843822842,ATM
2023-08-25,2023-09-22,PUT,4413.905,4295.0,27.6,28.2,27.9,15,375,28,0.07671232876712329,1.027684516880093,ATM
2023-08-25,2023-09-22,CALL,4413.905,4300.0,154.9,156.9,155.9,1,65,28,0.07671232876712329,1.0264895348837209,ATM
2023-08-25,2023-09-22,PUT,4413.905,4300.0,28.5,28.9,28.7,89,1437,28,0.07671232876712329,1.0264895348837209,ATM
2023-08-25,2023-09-22,PUT,4413.905,4305.0,29.4,29.9,29.65,36,125,28,0.07671232876712329,1.0252973286875726,ATM
2023-08-25,2023-09-22,PUT,4413.905,4310.0,30.4,30.7,30.549999999999997,110,493,28,0.07671232876712329,1.0241078886310904,ATM
2023-08-25,2023-09-22,PUT,4413.905,4315.0,31.3,31.8,31.55,23,152,28,0.07671232876712329,1.0229212050984935,ATM
2023-08-25,2023-09-22,PUT,4413.905,4320.0,32.3,32.8,32.55,156,252,28,0.07671232876712329,1.0217372685185184,ATM
2023-08-25,2023-09-22,CALL,4413.905,4325.0,135.1,137.1,136.1,1,45,28,0.07671232876712329,1.0205560693641618,ATM
2023-08-25,2023-09-22,PUT,4413.905,4325.0,33.4,33.8,33.599999999999994,638,903,28,0.07671232876712329,1.0205560693641618,ATM
2023-08-25,2023-09-22,CALL,4413.905,4330.0,131.7,133.0,132.35,4,21,28,0.07671232876712329,1.019377598152425,ATM
2023-08-25,2023-09-22,PUT,4413.905,4330.0,34.4,34.8,34.599999999999994,99,711,28,0.07671232876712329,1.019377598152425,ATM
2023-08-25,2023-09-22,PUT,4413.905,4335.0,35.5,36.0,35.75,63,154,28,0.07671232876712329,1.01820184544406,ATM
2023-08-25,2023-09-22,CALL,4413.905,4340.0,124.2,124.8,124.5,7,31,28,0.07671232876712329,1.017028801843318,ATM
2023-08-25,2023-09-22,PUT,4413.905,4340.0,36.6,37.2,36.900000000000006,8,238,28,0.07671232876712329,1.017028801843318,ATM
2023-08-25,2023-09-22,CALL,4413.905,4350.0,116.6,117.2,116.9,207,586,28,0.07671232876712329,1.014690804597701,ATM
2023-08-25,2023-09-22,PUT,4413.905,4350.0,39.0,39.4,39.2,181,1243,28,0.07671232876712329,1.014690804597701,ATM
2023-08-25,2023-09-22,PUT,4413.905,4355.0,40.3,40.8,40.55,1,193,28,0.07671232876712329,1.0135258323765786,ATM
2023-08-25,2023-09-22,CALL,4413.905,4360.0,109.0,110.2,109.6,99,91,28,0.07671232876712329,1.0123635321100917,ATM
2023-08-25,2023-09-22,PUT,4413.905,4360.0,41.6,42.0,41.8,134,213,28,0.07671232876712329,1.0123635321100917,ATM
2023-08-25,2023-09-22,CALL,4413.905,4365.0,105.6,106.2,105.9,5,34,28,0.07671232876712329,1.0112038946162656,ATM
2023-08-25,2023-09-22,PUT,4413.905,4365.0,42.9,43.4,43.15,12,229,28,0.07671232876712329,1.0112038946162656,ATM
2023-08-25,2023-09-22,CALL,4413.905,4370.0,101.8,102.9,102.35,40,42,28,0.07671232876712329,1.0100469107551486,ATM
2023-08-25,2023-09-22,PUT,4413.905,4370.0,44.2,44.8,44.5,158,245,28,0.07671232876712329,1.0100469107551486,ATM
2023-08-25,2023-09-22,CALL,4413.905,4375.0,98.4,99.0,98.7,81,175,28,0.07671232876712329,1.0088925714285715,ATM
2023-08-25,2023-09-22,PUT,4413.905,4375.0,45.7,46.1,45.900000000000006,129,393,28,0.07671232876712329,1.0088925714285715,ATM
2023-08-25,2023-09-22,CALL,4413.905,4380.0,94.3,95.9,95.1,8,182,28,0.07671232876712329,1.0077408675799087,ATM
2023-08-25,2023-09-22,PUT,4413.905,4380.0,47.1,47.7,47.400000000000006,254,331,28,0.07671232876712329,1.0077408675799087,ATM
2023-08-25,2023-09-22,CALL,4413.905,4385.0,91.4,92.0,91.7,2,74,28,0.07671232876712329,1.0065917901938426,ATM
2023-08-25,2023-09-22,PUT,4413.905,4385.0,48.6,49.2,48.900000000000006,1942,196,28,0.07671232876712329,1.0065917901938426,ATM
2023-08-25,2023-09-22,CALL,4413.905,4390.0,87.4,89.0,88.2,16,262,28,0.07671232876712329,1.0054453302961275,ATM
2023-08-25,2023-09-22,PUT,4413.905,4390.0,50.2,50.9,50.55,187,429,28,0.07671232876712329,1.0054453302961275,ATM
2023-08-25,2023-09-22,CALL,4413.905,4395.0,84.6,85.6,85.1,125,53,28,0.07671232876712329,1.004301478953356,ATM
2023-08-25,2023-09-22,PUT,4413.905,4395.0,51.8,52.5,52.15,36,165,28,0.07671232876712329,1.004301478953356,ATM
2023-08-25,2023-09-22,CALL,4413.905,4400.0,81.4,82.0,81.7,211,838,28,0.07671232876712329,1.0031602272727271,ATM
2023-08-25,2023-09-22,PUT,4413.905,4400.0,53.8,54.0,53.9,802,11560,28,0.07671232876712329,1.0031602272727271,ATM
2023-08-25,2023-09-22,CALL,4413.905,4405.0,78.2,78.6,78.4,109,142,28,0.07671232876712329,1.0020215664018162,ATM
2023-08-25,2023-09-22,PUT,4413.905,4405.0,55.2,56.0,55.6,22,148,28,0.07671232876712329,1.0020215664018162,ATM
2023-08-25,2023-09-22,CALL,4413.905,4410.0,75.0,75.4,75.2,62,181,28,0.07671232876712329,1.0008854875283446,ATM
2023-08-25,2023-09-22,PUT,4413.905,4410.0,57.0,57.6,57.3,158,206,28,0.07671232876712329,1.0008854875283446,ATM
2023-08-25,2023-09-22,CALL,4413.905,4415.0,71.7,72.4,72.05000000000001,80,187,28,0.07671232876712329,0.9997519818799546,ATM
2023-08-25,2023-09-22,PUT,4413.905,4415.0,58.9,59.5,59.2,111,10757,28,0.07671232876712329,0.9997519818799546,ATM
2023-08-25,2023-09-22,CALL,4413.905,4420.0,68.8,69.2,69.0,34,144,28,0.07671232876712329,0.9986210407239818,ATM
2023-08-25,2023-09-22,PUT,4413.905,4420.0,60.8,61.4,61.099999999999994,167,217,28,0.07671232876712329,0.9986210407239818,ATM
2023-08-25,2023-09-22,CALL,4413.905,4425.0,65.8,66.2,66.0,5,281,28,0.07671232876712329,0.9974926553672315,ATM
2023-08-25,2023-09-22,PUT,4413.905,4425.0,62.8,63.4,63.099999999999994,801,323,28,0.07671232876712329,0.9974926553672315,ATM
2023-08-25,2023-09-22,CALL,4413.905,4430.0,62.8,63.4,63.099999999999994,783,176,28,0.07671232876712329,0.9963668171557561,ATM
2023-08-25,2023-09-22,PUT,4413.905,4430.0,64.8,65.4,65.1,369,299,28,0.07671232876712329,0.9963668171557561,ATM
2023-08-25,2023-09-22,CALL,4413.905,4435.0,59.9,60.6,60.25,4,143,28,0.07671232876712329,0.9952435174746336,ATM
2023-08-25,2023-09-22,PUT,4413.905,4435.0,67.0,67.4,67.2,332,185,28,0.07671232876712329,0.9952435174746336,ATM
2023-08-25,2023-09-22,CALL,4413.905,4440.0,57.2,57.6,57.400000000000006,315,718,28,0.07671232876712329,0.9941227477477477,ATM
2023-08-25,2023-09-22,PUT,4413.905,4440.0,69.2,69.6,69.4,18,213,28,0.07671232876712329,0.9941227477477477,ATM
2023-08-25,2023-09-22,CALL,4413.905,4445.0,54.4,55.0,54.7,8,136,28,0.07671232876712329,0.9930044994375703,ATM
2023-08-25,2023-09-22,PUT,4413.905,4445.0,71.4,72.0,71.7,7,56,28,0.07671232876712329,0.9930044994375703,ATM
2023-08-25,2023-09-22,CALL,4413.905,4450.0,51.8,52.4,52.099999999999994,933,970,28,0.07671232876712329,0.9918887640449437,ATM
2023-08-25,2023-09-22,PUT,4413.905,4450.0,73.6,74.2,73.9,104,554,28,0.07671232876712329,0.9918887640449437,ATM
2023-08-25,2023-09-22,CALL,4413.905,4455.0,49.3,49.7,49.5,15,200,28,0.07671232876712329,0.9907755331088663,ATM
2023-08-25,2023-09-22,CALL,4413.905,4460.0,46.6,47.2,46.900000000000006,646,431,28,0.07671232876712329,0.989664798206278,ATM
2023-08-25,2023-09-22,PUT,4413.905,4460.0,78.6,79.0,78.8,560,125,28,0.07671232876712329,0.989664798206278,ATM
2023-08-25,2023-09-22,CALL,4413.905,4465.0,44.2,44.8,44.5,38,151,28,0.07671232876712329,0.9885565509518477,ATM
2023-08-25,2023-09-22,CALL,4413.905,4470.0,42.0,42.4,42.2,822,335,28,0.07671232876712329,0.9874507829977628,ATM
2023-08-25,2023-09-22,PUT,4413.905,4470.0,83.8,84.2,84.0,40,193,28,0.07671232876712329,0.9874507829977628,ATM
2023-08-25,2023-09-22,CALL,4413.905,4475.0,39.7,40.2,39.95,1373,950,28,0.07671232876712329,0.9863474860335195,ATM
2023-08-25,2023-09-22,PUT,4413.905,4475.0,86.5,86.9,86.7,6,226,28,0.07671232876712329,0.9863474860335195,ATM
2023-08-25,2023-09-22,CALL,4413.905,4480.0,37.4,38.0,37.7,226,319,28,0.07671232876712329,0.9852466517857142,ATM
2023-08-25,2023-09-22,PUT,4413.905,4480.0,89.2,89.7,89.45,135,215,28,0.07671232876712329,0.9852466517857142,ATM
2023-08-25,2023-09-22,CALL,4413.905,4485.0,35.2,35.8,35.5,4,243,28,0.07671232876712329,0.9841482720178372,ATM
2023-08-25,2023-09-22,CALL,4413.905,4490.0,33.2,33.8,33.5,27,826,28,0.07671232876712329,0.9830523385300668,ATM
2023-08-25,2023-09-22,PUT,4413.905,4490.0,95.0,95.5,95.25,32,293,28,0.07671232876712329,0.9830523385300668,ATM
2023-08-25,2023-09-22,CALL,4413.905,4495.0,31.3,31.8,31.55,12,183,28,0.07671232876712329,0.9819588431590656,ATM
2023-08-25,2023-09-22,CALL,4413.905,4500.0,29.4,29.8,29.6,1079,2014,28,0.07671232876712329,0.9808677777777777,ATM
2023-08-25,2023-09-22,PUT,4413.905,4500.0,100.6,102.1,101.35,12,443,28,0.07671232876712329,0.9808677777777777,ATM
2023-08-25,2023-09-22,CALL,4413.905,4505.0,27.6,28.0,27.8,22,263,28,0.07671232876712329,0.9797791342952274,ATM
2023-08-25,2023-09-22,CALL,4413.905,4510.0,25.8,26.4,26.1,72,393,28,0.07671232876712329,0.9786929046563192,ATM
2023-08-25,2023-09-22,PUT,4413.905,4510.0,107.1,108.6,107.85,22,218,28,0.07671232876712329,0.9786929046563192,ATM
2023-08-25,2023-09-22,CALL,4413.905,4515.0,24.3,24.6,24.450000000000003,108,350,28,0.07671232876712329,0.9776090808416389,ATM
2023-08-25,2023-09-22,CALL,4413.905,4520.0,22.7,23.1,22.9,187,595,28,0.07671232876712329,0.9765276548672566,ATM
2023-08-25,2023-09-22,CALL,4413.905,4525.0,21.2,21.5,21.35,155,662,28,0.07671232876712329,0.9754486187845304,ATM
2023-08-25,2023-09-22,CALL,4413.905,4530.0,19.8,20.2,20.0,49,292,28,0.07671232876712329,0.9743719646799116,ATM
2023-08-25,2023-09-22,PUT,4413.905,4530.0,120.8,122.5,121.65,5,95,28,0.07671232876712329,0.9743719646799116,ATM
2023-08-25,2023-09-22,CALL,4413.905,4535.0,18.4,18.8,18.6,120,1620,28,0.07671232876712329,0.9732976846747519,ATM
2023-08-25,2023-09-22,PUT,4413.905,4535.0,124.2,126.3,125.25,1,62,28,0.07671232876712329,0.9732976846747519,ATM
2023-08-25,2023-09-22,CALL,4413.905,4540.0,17.1,17.5,17.3,53,216,28,0.07671232876712329,0.9722257709251101,ATM
2023-08-25,2023-09-22,PUT,4413.905,4540.0,128.1,129.8,128.95,1,69,28,0.07671232876712329,0.9722257709251101,ATM
2023-08-25,2023-09-22,CALL,4413.905,4545.0,15.9,16.2,16.05,45,204,28,0.07671232876712329,0.9711562156215621,ATM
2023-08-25,2023-09-22,CALL,4413.905,4550.0,14.8,15.1,14.95,185,1640,28,0.07671232876712329,0.9700890109890109,ATM
2023-08-25,2023-09-22,PUT,4413.905,4550.0,135.7,138.0,136.85,4,367,28,0.07671232876712329,0.9700890109890109,ATM
2023-08-25,2023-09-22,CALL,4413.905,4555.0,13.7,14.0,13.85,8,457,28,0.07671232876712329,0.9690241492864983,OTM
2023-08-25,2023-09-22,CALL,4413.905,4560.0,12.7,13.0,12.85,36,199,28,0.07671232876712329,0.9679616228070175,OTM
2023-08-25,2023-09-22,CALL,4413.905,4565.0,11.7,12.0,11.85,93,275,28,0.07671232876712329,0.9669014238773275,OTM
2023-08-25,2023-09-22,CALL,4413.905,4570.0,10.8,11.2,11.0,97,393,28,0.07671232876712329,0.965843544857768,OTM
2023-08-25,2023-09-22,PUT,4413.905,4570.0,151.6,153.3,152.45,1,13,28,0.07671232876712329,0.965843544857768,OTM
2023-08-25,2023-09-22,CALL,4413.905,4575.0,10.0,10.3,10.15,191,335,28,0.07671232876712329,0.9647879781420764,OTM
2023-08-25,2023-09-22,CALL,4413.905,4580.0,9.2,9.5,9.35,95,461,28,0.07671232876712329,0.9637347161572052,OTM
2023-08-25,2023-09-22,CALL,4413.905,4585.0,8.5,8.8,8.65,58,110,28,0.07671232876712329,0.9626837513631407,OTM
2023-08-25,2023-09-22,CALL,4413.905,4590.0,7.8,8.1,7.949999999999999,79,266,28,0.07671232876712329,0.9616350762527233,OTM
2023-08-25,2023-09-22,CALL,4413.905,4600.0,6.6,6.9,6.75,446,528,28,0.07671232876712329,0.9595445652173913,OTM
2023-08-25,2023-09-22,CALL,4413.905,4610.0,5.6,5.8,5.699999999999999,47,214,28,0.07671232876712329,0.9574631236442516,OTM
2023-08-25,2023-09-22,CALL,4413.905,4620.0,4.7,4.9,4.800000000000001,19,338,28,0.07671232876712329,0.9553906926406925,OTM
2023-08-25,2023-09-22,CALL,4413.905,4625.0,4.3,4.5,4.4,60,201,28,0.07671232876712329,0.9543578378378378,OTM
2023-08-25,2023-09-22,CALL,4413.905,4630.0,4.0,4.2,4.1,18,344,28,0.07671232876712329,0.9533272138228941,OTM
2023-08-25,2023-09-22,CALL,4413.905,4640.0,3.3,3.5,3.4,11,372,28,0.07671232876712329,0.9512726293103447,OTM
2023-08-25,2023-09-22,CALL,4413.905,4650.0,2.8,2.95,2.875,1921,2160,28,0.07671232876712329,0.94922688172043,OTM
2023-08-25,2023-09-22,CALL,4413.905,4660.0,2.35,2.5,2.425,9,185,28,0.07671232876712329,0.9471899141630901,OTM
2023-08-25,2023-09-22,CALL,4413.905,4670.0,2.0,2.1,2.05,163,231,28,0.07671232876712329,0.945161670235546,OTM
2023-08-25,2023-09-22,CALL,4413.905,4675.0,1.8,1.95,1.875,102,219,28,0.07671232876712329,0.9441508021390373,OTM
2023-08-25,2023-09-22,CALL,4413.905,4680.0,1.65,1.8,1.725,738,292,28,0.07671232876712329,0.9431420940170939,OTM
2023-08-25,2023-09-22,CALL,4413.905,4690.0,1.4,1.5,1.45,3,87,28,0.07671232876712329,0.9411311300639659,OTM
2023-08-25,2023-09-22,CALL,4413.905,4700.0,1.2,1.3,1.25,567,693,28,0.07671232876712329,0.9391287234042552,OTM
2023-08-25,2023-09-22,CALL,4413.905,4710.0,1.0,1.1,1.05,33,123,28,0.07671232876712329,0.9371348195329087,OTM
2023-08-25,2023-09-22,CALL,4413.905,4720.0,0.85,0.95,0.8999999999999999,1,43,28,0.07671232876712329,0.9351493644067796,OTM
2023-08-25,2023-09-22,CALL,4413.905,4725.0,0.8,0.9,0.8500000000000001,8,99,28,0.07671232876712329,0.9341597883597883,OTM
2023-08-25,2023-09-22,CALL,4413.905,4730.0,0.75,0.85,0.8,21,7,28,0.07671232876712329,0.9331723044397462,OTM
2023-08-25,2023-09-22,CALL,4413.905,4740.0,0.65,0.75,0.7,7,39,28,0.07671232876712329,0.9312035864978903,OTM
2023-08-25,2023-09-22,CALL,4413.905,4750.0,0.55,0.65,0.6000000000000001,38,433,28,0.07671232876712329,0.9292431578947368,OTM
2023-08-25,2023-09-22,CALL,4413.905,4775.0,0.4,0.5,0.45,8,117,28,0.07671232876712329,0.9243780104712042,OTM
2023-08-25,2023-09-22,CALL,4413.905,4800.0,0.3,0.4,0.35,135,221,28,0.07671232876712329,0.9195635416666667,OTM
2023-08-25,2023-09-22,CALL,4413.905,4850.0,0.15,0.25,0.2,14,217,28,0.07671232876712329,0.9100835051546391,OTM
2023-08-25,2023-09-25,PUT,4413.905,4025.0,6.3,6.6,6.449999999999999,5,4,31,0.08493150684931507,1.096622360248447,ITM
2023-08-25,2023-09-25,PUT,4413.905,4050.0,7.2,7.4,7.300000000000001,11,7,31,0.08493150684931507,1.089853086419753,ITM
2023-08-25,2023-09-25,PUT,4413.905,4075.0,8.2,8.4,8.3,10,9,31,0.08493150684931507,1.0831668711656441,ITM
2023-08-25,2023-09-25,PUT,4413.905,4100.0,9.4,9.6,9.5,9,125,31,0.08493150684931507,1.076562195121951,ITM
2023-08-25,2023-09-25,PUT,4413.905,4110.0,9.9,10.2,10.05,3,1,31,0.08493150684931507,1.073942822384428,ITM
2023-08-25,2023-09-25,PUT,4413.905,4120.0,10.4,10.7,10.55,3,1,31,0.08493150684931507,1.0713361650485436,ITM
2023-08-25,2023-09-25,PUT,4413.905,4125.0,10.7,11.0,10.85,9,3,31,0.08493150684931507,1.0700375757575757,ITM
2023-08-25,2023-09-25,PUT,4413.905,4130.0,11.0,11.3,11.15,2,11,31,0.08493150684931507,1.0687421307506053,ITM
2023-08-25,2023-09-25,PUT,4413.905,4140.0,11.6,12.0,11.8,2,9,31,0.08493150684931507,1.0661606280193237,ITM
2023-08-25,2023-09-25,PUT,4413.905,4150.0,12.3,12.7,12.5,17,28,31,0.08493150684931507,1.0635915662650601,ITM
2023-08-25,2023-09-25,PUT,4413.905,4160.0,13.0,13.4,13.2,15,110,31,0.08493150684931507,1.0610348557692306,ITM
2023-08-25,2023-09-25,PUT,4413.905,4170.0,13.8,14.2,14.0,173,5,31,0.08493150684931507,1.0584904076738608,ITM
2023-08-25,2023-09-25,PUT,4413.905,4175.0,14.2,14.6,14.399999999999999,16,340,31,0.08493150684931507,1.057222754491018,ITM
2023-08-25,2023-09-25,PUT,4413.905,4180.0,14.6,15.1,14.85,75,177,31,0.08493150684931507,1.0559581339712918,ITM
2023-08-25,2023-09-25,PUT,4413.905,4190.0,15.5,15.9,15.7,1,1,31,0.08493150684931507,1.0534379474940334,ITM
2023-08-25,2023-09-25,PUT,4413.905,4200.0,16.5,16.9,16.7,4,43,31,0.08493150684931507,1.050929761904762,ITM
2023-08-25,2023-09-25,PUT,4413.905,4205.0,17.0,17.4,17.2,3,2,31,0.08493150684931507,1.049680142687277,ITM
2023-08-25,2023-09-25,PUT,4413.905,4210.0,17.5,17.9,17.7,3,9,31,0.08493150684931507,1.0484334916864608,ITM
2023-08-25,2023-09-25,PUT,4413.905,4220.0,18.6,19.0,18.8,5,2,31,0.08493150684931507,1.0459490521327013,ITM
2023-08-25,2023-09-25,PUT,4413.905,4225.0,19.1,19.6,19.35,4,13,31,0.08493150684931507,1.0447112426035503,ITM
2023-08-25,2023-09-25,PUT,4413.905,4230.0,19.7,20.1,19.9,85,4,31,0.08493150684931507,1.0434763593380614,ITM
2023-08-25,2023-09-25,PUT,4413.905,4235.0,20.3,20.7,20.5,1,1,31,0.08493150684931507,1.0422443919716646,ITM
2023-08-25,2023-09-25,PUT,4413.905,4240.0,20.9,21.3,21.1,1,15,31,0.08493150684931507,1.041015330188679,ITM
2023-08-25,2023-09-25,CALL,4413.905,4245.0,200.1,207.6,203.85,1,1,31,0.08493150684931507,1.0397891637220258,ITM
2023-08-25,2023-09-25,CALL,4413.905,4250.0,195.9,203.3,199.60000000000002,6,44,31,0.08493150684931507,1.0385658823529411,ITM
2023-08-25,2023-09-25,PUT,4413.905,4250.0,22.2,22.6,22.4,16,38,31,0.08493150684931507,1.0385658823529411,ITM
2023-08-25,2023-09-25,PUT,4413.905,4255.0,22.9,23.3,23.1,1,40,31,0.08493150684931507,1.0373454759106933,ITM
2023-08-25,2023-09-25,PUT,4413.905,4260.0,23.6,24.1,23.85,5,34,31,0.08493150684931507,1.0361279342723004,ITM
2023-08-25,2023-09-25,PUT,4413.905,4265.0,24.3,24.7,24.5,49,4,31,0.08493150684931507,1.0349132473622509,ITM
2023-08-25,2023-09-25,PUT,4413.905,4270.0,25.0,25.4,25.2,1,4,31,0.08493150684931507,1.0337014051522249,ITM
2023-08-25,2023-09-25,CALL,4413.905,4275.0,176.4,181.9,179.15,1,33,31,0.08493150684931507,1.0324923976608187,ITM
2023-08-25,2023-09-25,PUT,4413.905,4275.0,25.8,26.4,26.1,1,7,31,0.08493150684931507,1.0324923976608187,ITM
2023-08-25,2023-09-25,CALL,4413.905,4280.0,170.6,177.7,174.14999999999998,2,12,31,0.08493150684931507,1.0312862149532709,ITM
2023-08-25,2023-09-25,PUT,4413.905,4280.0,26.6,27.0,26.8,87,2,31,0.08493150684931507,1.0312862149532709,ITM
2023-08-25,2023-09-25,CALL,4413.905,4285.0,166.5,173.5,170.0,1,19,31,0.08493150684931507,1.0300828471411902,ITM
2023-08-25,2023-09-25,PUT,4413.905,4290.0,28.2,28.9,28.549999999999997,1,4,31,0.08493150684931507,1.0288822843822842,ATM
2023-08-25,2023-09-25,CALL,4413.905,4295.0,158.3,165.2,161.75,6,13,31,0.08493150684931507,1.027684516880093,ATM
2023-08-25,2023-09-25,CALL,4413.905,4300.0,154.2,161.1,157.64999999999998,11,12,31,0.08493150684931507,1.0264895348837209,ATM
2023-08-25,2023-09-25,PUT,4413.905,4300.0,30.0,30.6,30.3,291,60,31,0.08493150684931507,1.0264895348837209,ATM
2023-08-25,2023-09-25,PUT,4413.905,4315.0,32.8,33.3,33.05,1,1,31,0.08493150684931507,1.0229212050984935,ATM
2023-08-25,2023-09-25,PUT,4413.905,4320.0,33.8,34.3,34.05,1,13,31,0.08493150684931507,1.0217372685185184,ATM
2023-08-25,2023-09-25,CALL,4413.905,4325.0,135.8,140.8,138.3,3,29,31,0.08493150684931507,1.0205560693641618,ATM
2023-08-25,2023-09-25,PUT,4413.905,4325.0,34.9,35.5,35.2,4,33,31,0.08493150684931507,1.0205560693641618,ATM
2023-08-25,2023-09-25,CALL,4413.905,4330.0,132.5,136.3,134.4,4,78,31,0.08493150684931507,1.019377598152425,ATM
2023-08-25,2023-09-25,PUT,4413.905,4330.0,35.9,36.6,36.25,1,6,31,0.08493150684931507,1.019377598152425,ATM
2023-08-25,2023-09-25,CALL,4413.905,4335.0,126.8,133.2,130.0,5,3,31,0.08493150684931507,1.01820184544406,ATM
2023-08-25,2023-09-25,PUT,4413.905,4340.0,38.2,38.7,38.45,3,19,31,0.08493150684931507,1.017028801843318,ATM
2023-08-25,2023-09-25,PUT,4413.905,4345.0,39.4,39.9,39.65,2,2,31,0.08493150684931507,1.0158584579976984,ATM
2023-08-25,2023-09-25,CALL,4413.905,4350.0,117.5,121.1,119.3,5,64,31,0.08493150684931507,1.014690804597701,ATM
2023-08-25,2023-09-25,PUT,4413.905,4350.0,40.6,41.3,40.95,4,59,31,0.08493150684931507,1.014690804597701,ATM
2023-08-25,2023-09-25,PUT,4413.905,4360.0,43.1,43.8,43.45,12,30,31,0.08493150684931507,1.0123635321100917,ATM
2023-08-25,2023-09-25,CALL,4413.905,4365.0,107.8,108.3,108.05,4,17,31,0.08493150684931507,1.0112038946162656,ATM
2023-08-25,2023-09-25,PUT,4413.905,4365.0,44.5,45.0,44.75,27,1,31,0.08493150684931507,1.0112038946162656,ATM
2023-08-25,2023-09-25,CALL,4413.905,4370.0,101.1,106.9,104.0,1,26,31,0.08493150684931507,1.0100469107551486,ATM
2023-08-25,2023-09-25,PUT,4413.905,4370.0,45.8,46.4,46.099999999999994,2,36,31,0.08493150684931507,1.0100469107551486,ATM
2023-08-25,2023-09-25,CALL,4413.905,4375.0,97.6,103.3,100.44999999999999,2,35,31,0.08493150684931507,1.0088925714285715,ATM
2023-08-25,2023-09-25,PUT,4413.905,4375.0,47.2,47.9,47.55,3,29,31,0.08493150684931507,1.0088925714285715,ATM
2023-08-25,2023-09-25,CALL,4413.905,4380.0,94.1,99.7,96.9,1,37,31,0.08493150684931507,1.0077408675799087,ATM
2023-08-25,2023-09-25,PUT,4413.905,4380.0,48.7,49.4,49.05,10,43,31,0.08493150684931507,1.0077408675799087,ATM
2023-08-25,2023-09-25,PUT,4413.905,4385.0,50.2,50.8,50.5,10,82,31,0.08493150684931507,1.0065917901938426,ATM
2023-08-25,2023-09-25,CALL,4413.905,4390.0,87.3,92.8,90.05,29,31,31,0.08493150684931507,1.0054453302961275,ATM
2023-08-25,2023-09-25,PUT,4413.905,4390.0,51.8,52.5,52.15,8,63,31,0.08493150684931507,1.0054453302961275,ATM
2023-08-25,2023-09-25,PUT,4413.905,4395.0,53.4,54.0,53.7,12,38,31,0.08493150684931507,1.004301478953356,ATM
2023-08-25,2023-09-25,CALL,4413.905,4400.0,80.8,86.0,83.4,44,35,31,0.08493150684931507,1.0031602272727271,ATM
2023-08-25,2023-09-25,PUT,4413.905,4400.0,55.0,55.8,55.4,7,85,31,0.08493150684931507,1.0031602272727271,ATM
2023-08-25,2023-09-25,CALL,4413.905,4405.0,80.3,80.9,80.6,12,5,31,0.08493150684931507,1.0020215664018162,ATM
2023-08-25,2023-09-25,PUT,4413.905,4405.0,56.8,57.4,57.099999999999994,8,50,31,0.08493150684931507,1.0020215664018162,ATM
2023-08-25,2023-09-25,CALL,4413.905,4410.0,77.1,77.7,77.4,22,33,31,0.08493150684931507,1.0008854875283446,ATM
2023-08-25,2023-09-25,PUT,4413.905,4410.0,58.5,59.3,58.9,36,17,31,0.08493150684931507,1.0008854875283446,ATM
2023-08-25,2023-09-25,CALL,4413.905,4415.0,74.0,74.5,74.25,3,11,31,0.08493150684931507,0.9997519818799546,ATM
2023-08-25,2023-09-25,PUT,4413.905,4415.0,60.4,61.0,60.7,7,14,31,0.08493150684931507,0.9997519818799546,ATM
2023-08-25,2023-09-25,CALL,4413.905,4420.0,70.9,71.5,71.2,4,19,31,0.08493150684931507,0.9986210407239818,ATM
2023-08-25,2023-09-25,PUT,4413.905,4420.0,62.3,62.9,62.599999999999994,3,10,31,0.08493150684931507,0.9986210407239818,ATM
2023-08-25,2023-09-25,CALL,4413.905,4425.0,67.9,68.5,68.2,8,40,31,0.08493150684931507,0.9974926553672315,ATM
2023-08-25,2023-09-25,PUT,4413.905,4425.0,64.3,64.9,64.6,15,292,31,0.08493150684931507,0.9974926553672315,ATM
2023-08-25,2023-09-25,CALL,4413.905,4430.0,64.9,65.5,65.2,2,14,31,0.08493150684931507,0.9963668171557561,ATM
2023-08-25,2023-09-25,PUT,4413.905,4430.0,66.3,66.9,66.6,46,16,31,0.08493150684931507,0.9963668171557561,ATM
2023-08-25,2023-09-25,CALL,4413.905,4435.0,62.1,62.6,62.35,16,3,31,0.08493150684931507,0.9952435174746336,ATM
2023-08-25,2023-09-25,CALL,4413.905,4440.0,59.1,59.9,59.5,11,4,31,0.08493150684931507,0.9941227477477477,ATM
2023-08-25,2023-09-25,PUT,4413.905,4440.0,70.5,71.1,70.8,1,71,31,0.08493150684931507,0.9941227477477477,ATM
2023-08-25,2023-09-25,CALL,4413.905,4445.0,56.5,57.1,56.8,10,20,31,0.08493150684931507,0.9930044994375703,ATM
2023-08-25,2023-09-25,PUT,4413.905,4445.0,72.8,73.4,73.1,22,21,31,0.08493150684931507,0.9930044994375703,ATM
2023-08-25,2023-09-25,CALL,4413.905,4450.0,53.8,54.4,54.099999999999994,53,58,31,0.08493150684931507,0.9918887640449437,ATM
2023-08-25,2023-09-25,PUT,4413.905,4450.0,75.1,75.7,75.4,4,37,31,0.08493150684931507,0.9918887640449437,ATM
2023-08-25,2023-09-25,PUT,4413.905,4455.0,77.5,78.0,77.75,3,3,31,0.08493150684931507,0.9907755331088663,ATM
2023-08-25,2023-09-25,CALL,4413.905,4460.0,48.7,49.3,49.0,4,17,31,0.08493150684931507,0.989664798206278,ATM
2023-08-25,2023-09-25,CALL,4413.905,4465.0,46.2,46.7,46.45,1,36,31,0.08493150684931507,0.9885565509518477,ATM
2023-08-25,2023-09-25,CALL,4413.905,4470.0,43.8,44.3,44.05,4,27,31,0.08493150684931507,0.9874507829977628,ATM
2023-08-25,2023-09-25,CALL,4413.905,4475.0,41.5,42.0,41.75,88,34,31,0.08493150684931507,0.9863474860335195,ATM
2023-08-25,2023-09-25,PUT,4413.905,4475.0,87.7,88.2,87.95,10,17,31,0.08493150684931507,0.9863474860335195,ATM
2023-08-25,2023-09-25,CALL,4413.905,4480.0,39.3,39.8,39.55,15,50,31,0.08493150684931507,0.9852466517857142,ATM
2023-08-25,2023-09-25,PUT,4413.905,4480.0,90.4,91.0,90.7,1,5,31,0.08493150684931507,0.9852466517857142,ATM
2023-08-25,2023-09-25,CALL,4413.905,4490.0,34.9,35.5,35.2,1,29,31,0.08493150684931507,0.9830523385300668,ATM
2023-08-25,2023-09-25,CALL,4413.905,4500.0,31.1,31.7,31.4,100,271,31,0.08493150684931507,0.9808677777777777,ATM
2023-08-25,2023-09-25,CALL,4413.905,4510.0,27.4,27.9,27.65,49,13,31,0.08493150684931507,0.9786929046563192,ATM
2023-08-25,2023-09-25,CALL,4413.905,4520.0,24.1,24.6,24.35,1,1,31,0.08493150684931507,0.9765276548672566,ATM
2023-08-25,2023-09-25,CALL,4413.905,4525.0,22.6,23.1,22.85,26,1505,31,0.08493150684931507,0.9754486187845304,ATM
2023-08-25,2023-09-25,CALL,4413.905,4550.0,15.9,16.4,16.15,51,90,31,0.08493150684931507,0.9700890109890109,ATM
2023-08-25,2023-09-25,PUT,4413.905,4550.0,134.0,141.5,137.75,1,5,31,0.08493150684931507,0.9700890109890109,ATM
2023-08-25,2023-09-25,CALL,4413.905,4560.0,13.7,14.2,13.95,25,117,31,0.08493150684931507,0.9679616228070175,OTM
2023-08-25,2023-09-25,CALL,4413.905,4575.0,10.9,11.3,11.100000000000001,1,1,31,0.08493150684931507,0.9647879781420764,OTM
2023-08-25,2023-09-25,CALL,4413.905,4600.0,7.3,7.6,7.449999999999999,238,239,31,0.08493150684931507,0.9595445652173913,OTM
2023-08-25,2023-09-25,CALL,4413.905,4650.0,3.1,3.3,3.2,14,27,31,0.08493150684931507,0.94922688172043,OTM
2023-08-25,2023-09-25,CALL,4413.905,4700.0,1.35,1.5,1.425,18,26,31,0.08493150684931507,0.9391287234042552,OTM
2023-08-25,2023-09-29,PUT,4413.905,4015.0,8.2,8.4,8.3,48,113,35,0.0958904109589041,1.0993536737235368,ITM
2023-08-25,2023-09-29,PUT,4413.905,4020.0,8.4,8.6,8.5,5,113,35,0.0958904109589041,1.0979863184079601,ITM
2023-08-25,2023-09-29,PUT,4413.905,4025.0,8.6,8.8,8.7,47,3254,35,0.0958904109589041,1.096622360248447,ITM
2023-08-25,2023-09-29,PUT,4413.905,4030.0,8.8,9.0,8.9,49,311,35,0.0958904109589041,1.0952617866004961,ITM
2023-08-25,2023-09-29,PUT,4413.905,4040.0,9.2,9.4,9.3,10,203,35,0.0958904109589041,1.0925507425742573,ITM
2023-08-25,2023-09-29,PUT,4413.905,4045.0,9.4,9.7,9.55,24,157,35,0.0958904109589041,1.0912002472187885,ITM
2023-08-25,2023-09-29,PUT,4413.905,4050.0,9.7,9.9,9.8,142,3857,35,0.0958904109589041,1.089853086419753,ITM
2023-08-25,2023-09-29,PUT,4413.905,4055.0,9.9,10.1,10.0,24,114,35,0.0958904109589041,1.08850924784217,ITM
2023-08-25,2023-09-29,PUT,4413.905,4060.0,10.2,10.4,10.3,33,107,35,0.0958904109589041,1.0871687192118227,ITM
2023-08-25,2023-09-29,PUT,4413.905,4065.0,10.4,10.6,10.5,10,118,35,0.0958904109589041,1.0858314883148832,ITM
2023-08-25,2023-09-29,PUT,4413.905,4070.0,10.7,10.9,10.8,1,199,35,0.0958904109589041,1.084497542997543,ITM
2023-08-25,2023-09-29,PUT,4413.905,4075.0,10.9,11.2,11.05,101,1202,35,0.0958904109589041,1.0831668711656441,ITM
2023-08-25,2023-09-29,PUT,4413.905,4080.0,11.2,11.5,11.35,1,387,35,0.0958904109589041,1.0818394607843136,ITM
2023-08-25,2023-09-29,PUT,4413.905,4090.0,11.8,12.1,11.95,3,1583,35,0.0958904109589041,1.0791943765281173,ITM
2023-08-25,2023-09-29,PUT,4413.905,4095.0,12.1,12.4,12.25,5,75,35,0.0958904109589041,1.0778766788766787,ITM
2023-08-25,2023-09-29,PUT,4413.905,4100.0,12.4,12.7,12.55,4417,25690,35,0.0958904109589041,1.076562195121951,ITM
2023-08-25,2023-09-29,PUT,4413.905,4105.0,12.7,13.0,12.85,7,149,35,0.0958904109589041,1.0752509135200974,ITM
2023-08-25,2023-09-29,PUT,4413.905,4110.0,13.1,13.3,13.2,11,205,35,0.0958904109589041,1.073942822384428,ITM
2023-08-25,2023-09-29,PUT,4413.905,4115.0,13.4,13.7,13.55,45,142,35,0.0958904109589041,1.0726379100850547,ITM
2023-08-25,2023-09-29,PUT,4413.905,4120.0,13.8,14.0,13.9,165,307,35,0.0958904109589041,1.0713361650485436,ITM
2023-08-25,2023-09-29,PUT,4413.905,4125.0,14.1,14.4,14.25,9,10627,35,0.0958904109589041,1.0700375757575757,ITM
2023-08-25,2023-09-29,CALL,4413.905,4130.0,313.4,315.0,314.2,1,80,35,0.0958904109589041,1.0687421307506053,ITM
2023-08-25,2023-09-29,PUT,4413.905,4130.0,14.5,14.7,14.6,101,1691,35,0.0958904109589041,1.0687421307506053,ITM
2023-08-25,2023-09-29,PUT,4413.905,4135.0,14.9,15.1,15.0,2,132,35,0.0958904109589041,1.0674498186215235,ITM
2023-08-25,2023-09-29,PUT,4413.905,4140.0,15.3,15.5,15.4,130,8304,35,0.0958904109589041,1.0661606280193237,ITM
2023-08-25,2023-09-29,PUT,4413.905,4145.0,15.7,15.9,15.8,22,1106,35,0.0958904109589041,1.0648745476477683,ITM
2023-08-25,2023-09-29,PUT,4413.905,4150.0,16.1,16.3,16.200000000000003,306,11387,35,0.0958904109589041,1.0635915662650601,ITM
2023-08-25,2023-09-29,PUT,4413.905,4155.0,16.5,16.8,16.65,10,119,35,0.0958904109589041,1.0623116726835138,ITM
2023-08-25,2023-09-29,CALL,4413.905,4160.0,286.0,288.0,287.0,2,25,35,0.0958904109589041,1.0610348557692306,ITM
2023-08-25,2023-09-29,PUT,4413.905,4160.0,16.9,17.2,17.049999999999997,76,8446,35,0.0958904109589041,1.0610348557692306,ITM
2023-08-25,2023-09-29,PUT,4413.905,4165.0,17.3,17.6,17.450000000000003,2,155,35,0.0958904109589041,1.0597611044417767,ITM
2023-08-25,2023-09-29,PUT,4413.905,4170.0,17.8,18.1,17.950000000000003,2,281,35,0.0958904109589041,1.0584904076738608,ITM
2023-08-25,2023-09-29,PUT,4413.905,4175.0,18.3,18.6,18.450000000000003,67,4445,35,0.0958904109589041,1.057222754491018,ITM
2023-08-25,2023-09-29,PUT,4413.905,4180.0,18.8,19.1,18.950000000000003,36,1031,35,0.0958904109589041,1.0559581339712918,ITM
2023-08-25,2023-09-29,PUT,4413.905,4185.0,19.3,19.6,19.450000000000003,24,431,35,0.0958904109589041,1.0546965352449222,ITM
2023-08-25,2023-09-29,PUT,4413.905,4190.0,19.8,20.1,19.950000000000003,6,544,35,0.0958904109589041,1.0534379474940334,ITM
2023-08-25,2023-09-29,PUT,4413.905,4195.0,20.3,20.6,20.450000000000003,13,345,35,0.0958904109589041,1.0521823599523241,ITM
2023-08-25,2023-09-29,CALL,4413.905,4200.0,250.2,252.2,251.2,18,1877,35,0.0958904109589041,1.050929761904762,ITM
2023-08-25,2023-09-29,PUT,4413.905,4200.0,20.9,21.1,21.0,1820,26740,35,0.0958904109589041,1.050929761904762,ITM
2023-08-25,2023-09-29,PUT,4413.905,4205.0,21.4,21.7,21.549999999999997,24,197,35,0.0958904109589041,1.049680142687277,ITM
2023-08-25,2023-09-29,CALL,4413.905,4210.0,241.7,243.4,242.55,6,131,35,0.0958904109589041,1.0484334916864608,ITM
2023-08-25,2023-09-29,PUT,4413.905,4210.0,22.0,22.3,22.15,269,48835,35,0.0958904109589041,1.0484334916864608,ITM
2023-08-25,2023-09-29,PUT,4413.905,4215.0,22.6,22.9,22.75,43,9714,35,0.0958904109589041,1.0471897983392644,ITM
2023-08-25,2023-09-29,CALL,4413.905,4220.0,232.6,234.6,233.6,3,48,35,0.0958904109589041,1.0459490521327013,ITM
2023-08-25,2023-09-29,PUT,4413.905,4220.0,23.2,23.5,23.35,19,433,35,0.0958904109589041,1.0459490521327013,ITM
2023-08-25,2023-09-29,CALL,4413.905,4225.0,228.2,230.3,229.25,7,267,35,0.0958904109589041,1.0447112426035503,ITM
2023-08-25,2023-09-29,PUT,4413.905,4225.0,23.8,24.1,23.950000000000003,560,8927,35,0.0958904109589041,1.0447112426035503,ITM
2023-08-25,2023-09-29,PUT,4413.905,4230.0,24.4,24.7,24.549999999999997,45,576,35,0.0958904109589041,1.0434763593380614,ITM
2023-08-25,2023-09-29,PUT,4413.905,4235.0,25.0,25.3,25.15,21,1228,35,0.0958904109589041,1.0422443919716646,ITM
2023-08-25,2023-09-29,CALL,4413.905,4240.0,215.5,217.5,216.5,1,139,35,0.0958904109589041,1.041015330188679,ITM
2023-08-25,2023-09-29,PUT,4413.905,4240.0,25.7,26.0,25.85,14,522,35,0.0958904109589041,1.041015330188679,ITM
2023-08-25,2023-09-29,PUT,4413.905,4245.0,26.4,26.7,26.549999999999997,98,213,35,0.0958904109589041,1.0397891637220258,ITM
2023-08-25,2023-09-29,CALL,4413.905,4250.0,207.2,208.7,207.95,28,740,35,0.0958904109589041,1.0385658823529411,ITM
2023-08-25,2023-09-29,PUT,4413.905,4250.0,27.1,27.4,27.25,896,5063,35,0.0958904109589041,1.0385658823529411,ITM
2023-08-25,2023-09-29,PUT,4413.905,4255.0,27.8,28.1,27.950000000000003,33,344,35,0.0958904109589041,1.0373454759106933,ITM
2023-08-25,2023-09-29,PUT,4413.905,4260.0,28.6,28.9,28.75,37,479,35,0.0958904109589041,1.0361279342723004,ITM
2023-08-25,2023-09-29,PUT,4413.905,4265.0,29.3,29.7,29.5,19,111,35,0.0958904109589041,1.0349132473622509,ITM
2023-08-25,2023-09-29,PUT,4413.905,4270.0,30.1,30.4,30.25,29,1673,35,0.0958904109589041,1.0337014051522249,ITM
2023-08-25,2023-09-29,CALL,4413.905,4275.0,186.2,187.7,186.95,37,275,35,0.0958904109589041,1.0324923976608187,ITM
2023-08-25,2023-09-29,PUT,4413.905,4275.0,31.0,31.3,31.15,145,683,35,0.0958904109589041,1.0324923976608187,ITM
2023-08-25,2023-09-29,PUT,4413.905,4280.0,31.8,32.1,31.950000000000003,54,242,35,0.0958904109589041,1.0312862149532709,ITM
2023-08-25,2023-09-29,CALL,4413.905,4285.0,177.6,179.6,178.6,1,64,35,0.0958904109589041,1.0300828471411902,ITM
2023-08-25,2023-09-29,PUT,4413.905,4285.0,32.6,32.9,32.75,59,252,35,0.0958904109589041,1.0300828471411902,ITM
2023-08-25,2023-09-29,PUT,4413.905,4290.0,33.5,33.8,33.65,169,306,35,0.0958904109589041,1.0288822843822842,ATM
2023-08-25,2023-09-29,CALL,4413.905,4295.0,169.6,171.4,170.5,4,64,35,0.0958904109589041,1.027684516880093,ATM
2023-08-25,2023-09-29,PUT,4413.905,4295.0,34.4,34.7,34.55,10,216,35,0.0958904109589041,1.027684516880093,ATM
2023-08-25,2023-09-29,CALL,4413.905,4300.0,165.9,167.2,166.55,96,8751,35,0.0958904109589041,1.0264895348837209,ATM
2023-08-25,2023-09-29,PUT,4413.905,4300.0,35.4,35.7,35.55,626,7134,35,0.0958904109589041,1.0264895348837209,ATM
2023-08-25,2023-09-29,CALL,4413.905,4305.0,161.5,163.2,162.35,3,259,35,0.0958904109589041,1.0252973286875726,ATM
2023-08-25,2023-09-29,PUT,4413.905,4305.0,36.3,36.6,36.45,12,775,35,0.0958904109589041,1.0252973286875726,ATM
2023-08-25,2023-09-29,CALL,4413.905,4310.0,157.6,159.1,158.35,11,141,35,0.0958904109589041,1.0241078886310904,ATM
2023-08-25,2023-09-29,PUT,4413.905,4310.0,37.3,37.6,37.45,82,393,35,0.0958904109589041,1.0241078886310904,ATM
2023-08-25,2023-09-29,CALL,4413.905,4315.0,153.5,155.4,154.45,5,34,35,0.0958904109589041,1.0229212050984935,ATM
2023-08-25,2023-09-29,PUT,4413.905,4315.0,38.3,38.6,38.45,18,258,35,0.0958904109589041,1.0229212050984935,ATM
2023-08-25,2023-09-29,CALL,4413.905,4320.0,149.8,151.2,150.5,11,79,35,0.0958904109589041,1.0217372685185184,ATM
2023-08-25,2023-09-29,PUT,4413.905,4320.0,39.3,39.7,39.5,13,615,35,0.0958904109589041,1.0217372685185184,ATM
2023-08-25,2023-09-29,CALL,4413.905,4325.0,145.9,147.3,146.60000000000002,7,418,35,0.0958904109589041,1.0205560693641618,ATM
2023-08-25,2023-09-29,PUT,4413.905,4325.0,40.4,40.7,40.55,34,2290,35,0.0958904109589041,1.0205560693641618,ATM
2023-08-25,2023-09-29,CALL,4413.905,4330.0,142.5,142.9,142.7,17,155,35,0.0958904109589041,1.019377598152425,ATM
2023-08-25,2023-09-29,PUT,4413.905,4330.0,41.5,41.8,41.65,18,341,35,0.0958904109589041,1.019377598152425,ATM
2023-08-25,2023-09-29,CALL,4413.905,4335.0,138.7,139.1,138.89999999999998,1,65,35,0.0958904109589041,1.01820184544406,ATM
2023-08-25,2023-09-29,PUT,4413.905,4335.0,42.6,43.0,42.8,12,70,35,0.0958904109589041,1.01820184544406,ATM
2023-08-25,2023-09-29,CALL,4413.905,4340.0,134.9,135.3,135.10000000000002,32,63,35,0.0958904109589041,1.017028801843318,ATM
2023-08-25,2023-09-29,PUT,4413.905,4340.0,43.8,44.1,43.95,230,209,35,0.0958904109589041,1.017028801843318,ATM
2023-08-25,2023-09-29,PUT,4413.905,4345.0,45.0,45.3,45.15,130,168,35,0.0958904109589041,1.0158584579976984,ATM
2023-08-25,2023-09-29,CALL,4413.905,4350.0,127.3,127.8,127.55,79,2081,35,0.0958904109589041,1.014690804597701,ATM
2023-08-25,2023-09-29,PUT,4413.905,4350.0,46.2,46.5,46.35,708,6149,35,0.0958904109589041,1.014690804597701,ATM
2023-08-25,2023-09-29,CALL,4413.905,4355.0,123.6,124.0,123.8,24,121,35,0.0958904109589041,1.0135258323765786,ATM
2023-08-25,2023-09-29,PUT,4413.905,4355.0,47.4,47.8,47.599999999999994,119,733,35,0.0958904109589041,1.0135258323765786,ATM
2023-08-25,2023-09-29,CALL,4413.905,4360.0,120.0,120.4,120.2,12,108,35,0.0958904109589041,1.0123635321100917,ATM
2023-08-25,2023-09-29,PUT,4413.905,4360.0,48.7,49.1,48.900000000000006,192,329,35,0.0958904109589041,1.0123635321100917,ATM
2023-08-25,2023-09-29,PUT,4413.905,4365.0,50.1,50.4,50.25,118,238,35,0.0958904109589041,1.0112038946162656,ATM
2023-08-25,2023-09-29,CALL,4413.905,4370.0,112.7,113.1,112.9,3,114,35,0.0958904109589041,1.0100469107551486,ATM
2023-08-25,2023-09-29,PUT,4413.905,4370.0,51.5,51.8,51.65,36,1471,35,0.0958904109589041,1.0100469107551486,ATM
2023-08-25,2023-09-29,CALL,4413.905,4375.0,109.2,109.6,109.4,1,647,35,0.0958904109589041,1.0088925714285715,ATM
2023-08-25,2023-09-29,PUT,4413.905,4375.0,52.9,53.2,53.05,495,2477,35,0.0958904109589041,1.0088925714285715,ATM
2023-08-25,2023-09-29,CALL,4413.905,4380.0,105.6,106.1,105.85,30,403,35,0.0958904109589041,1.0077408675799087,ATM
2023-08-25,2023-09-29,PUT,4413.905,4380.0,54.3,54.7,54.5,294,544,35,0.0958904109589041,1.0077408675799087,ATM
2023-08-25,2023-09-29,CALL,4413.905,4385.0,102.2,102.6,102.4,8,126,35,0.0958904109589041,1.0065917901938426,ATM
2023-08-25,2023-09-29,PUT,4413.905,4385.0,55.8,56.2,56.0,28,370,35,0.0958904109589041,1.0065917901938426,ATM
2023-08-25,2023-09-29,CALL,4413.905,4390.0,98.8,99.1,98.94999999999999,29,465,35,0.0958904109589041,1.0054453302961275,ATM
2023-08-25,2023-09-29,PUT,4413.905,4390.0,57.4,57.7,57.55,733,1582,35,0.0958904109589041,1.0054453302961275,ATM
2023-08-25,2023-09-29,CALL,4413.905,4395.0,95.4,95.8,95.6,22,79,35,0.0958904109589041,1.004301478953356,ATM
2023-08-25,2023-09-29,PUT,4413.905,4395.0,59.0,59.3,59.15,124,296,35,0.0958904109589041,1.004301478953356,ATM
2023-08-25,2023-09-29,CALL,4413.905,4400.0,92.1,92.4,92.25,410,5516,35,0.0958904109589041,1.0031602272727271,ATM
2023-08-25,2023-09-29,PUT,4413.905,4400.0,60.6,61.0,60.8,567,10044,35,0.0958904109589041,1.0031602272727271,ATM
2023-08-25,2023-09-29,CALL,4413.905,4405.0,88.8,89.2,89.0,242,123,35,0.0958904109589041,1.0020215664018162,ATM
2023-08-25,2023-09-29,PUT,4413.905,4405.0,62.3,62.7,62.5,24,143,35,0.0958904109589041,1.0020215664018162,ATM
2023-08-25,2023-09-29,CALL,4413.905,4410.0,85.5,85.9,85.7,97,567,35,0.0958904109589041,1.0008854875283446,ATM
2023-08-25,2023-09-29,PUT,4413.905,4410.0,64.0,64.4,64.2,65,306,35,0.0958904109589041,1.0008854875283446,ATM
2023-08-25,2023-09-29,CALL,4413.905,4415.0,82.4,82.7,82.55000000000001,45,154,35,0.0958904109589041,0.9997519818799546,ATM
2023-08-25,2023-09-29,PUT,4413.905,4415.0,65.8,66.2,66.0,30,90,35,0.0958904109589041,0.9997519818799546,ATM
2023-08-25,2023-09-29,CALL,4413.905,4420.0,79.2,79.6,79.4,157,364,35,0.0958904109589041,0.9986210407239818,ATM
2023-08-25,2023-09-29,PUT,4413.905,4420.0,67.7,68.1,67.9,74,979,35,0.0958904109589041,0.9986210407239818,ATM
2023-08-25,2023-09-29,CALL,4413.905,4425.0,76.2,76.6,76.4,2102,1061,35,0.0958904109589041,0.9974926553672315,ATM
2023-08-25,2023-09-29,PUT,4413.905,4425.0,69.6,70.0,69.8,68,1836,35,0.0958904109589041,0.9974926553672315,ATM
2023-08-25,2023-09-29,CALL,4413.905,4430.0,73.2,73.5,73.35,14,704,35,0.0958904109589041,0.9963668171557561,ATM
2023-08-25,2023-09-29,PUT,4413.905,4430.0,71.5,71.9,71.7,255,491,35,0.0958904109589041,0.9963668171557561,ATM
2023-08-25,2023-09-29,CALL,4413.905,4435.0,70.2,70.6,70.4,46,106,35,0.0958904109589041,0.9952435174746336,ATM
2023-08-25,2023-09-29,PUT,4413.905,4435.0,73.6,74.0,73.8,41,181,35,0.0958904109589041,0.9952435174746336,ATM
2023-08-25,2023-09-29,CALL,4413.905,4440.0,67.3,67.7,67.5,149,468,35,0.0958904109589041,0.9941227477477477,ATM
2023-08-25,2023-09-29,PUT,4413.905,4440.0,75.7,76.0,75.85,65,612,35,0.0958904109589041,0.9941227477477477,ATM
2023-08-25,2023-09-29,CALL,4413.905,4445.0,64.5,64.9,64.7,161,119,35,0.0958904109589041,0.9930044994375703,ATM
2023-08-25,2023-09-29,PUT,4413.905,4445.0,77.8,78.2,78.0,52,90,35,0.0958904109589041,0.9930044994375703,ATM
2023-08-25,2023-09-29,CALL,4413.905,4450.0,61.7,62.1,61.900000000000006,2182,9102,35,0.0958904109589041,0.9918887640449437,ATM
2023-08-25,2023-09-29,PUT,4413.905,4450.0,80.0,80.4,80.2,400,9066,35,0.0958904109589041,0.9918887640449437,ATM
2023-08-25,2023-09-29,CALL,4413.905,4455.0,59.0,59.4,59.2,182,159,35,0.0958904109589041,0.9907755331088663,ATM
2023-08-25,2023-09-29,PUT,4413.905,4455.0,82.3,82.7,82.5,27,1064,35,0.0958904109589041,0.9907755331088663,ATM
2023-08-25,2023-09-29,CALL,4413.905,4460.0,56.4,56.8,56.599999999999994,139,281,35,0.0958904109589041,0.989664798206278,ATM
2023-08-25,2023-09-29,PUT,4413.905,4460.0,84.6,85.0,84.8,28,179,35,0.0958904109589041,0.989664798206278,ATM
2023-08-25,2023-09-29,CALL,4413.905,4465.0,53.8,54.2,54.0,138,85,35,0.0958904109589041,0.9885565509518477,ATM
2023-08-25,2023-09-29,PUT,4413.905,4465.0,87.0,87.4,87.2,37,128,35,0.0958904109589041,0.9885565509518477,ATM
2023-08-25,2023-09-29,CALL,4413.905,4470.0,51.3,51.7,51.5,221,680,35,0.0958904109589041,0.9874507829977628,ATM
2023-08-25,2023-09-29,PUT,4413.905,4470.0,89.5,89.9,89.7,16,222,35,0.0958904109589041,0.9874507829977628,ATM
2023-08-25,2023-09-29,CALL,4413.905,4475.0,48.9,49.2,49.05,188,1037,35,0.0958904109589041,0.9863474860335195,ATM
2023-08-25,2023-09-29,PUT,4413.905,4475.0,92.0,92.4,92.2,36,576,35,0.0958904109589041,0.9863474860335195,ATM
2023-08-25,2023-09-29,CALL,4413.905,4480.0,46.5,46.9,46.7,71,1418,35,0.0958904109589041,0.9852466517857142,ATM
2023-08-25,2023-09-29,PUT,4413.905,4480.0,94.5,95.1,94.8,88,291,35,0.0958904109589041,0.9852466517857142,ATM
2023-08-25,2023-09-29,CALL,4413.905,4485.0,44.2,44.6,44.400000000000006,54,290,35,0.0958904109589041,0.9841482720178372,ATM
2023-08-25,2023-09-29,PUT,4413.905,4485.0,97.2,97.8,97.5,24,118,35,0.0958904109589041,0.9841482720178372,ATM
2023-08-25,2023-09-29,CALL,4413.905,4490.0,42.0,42.3,42.15,55,294,35,0.0958904109589041,0.9830523385300668,ATM
2023-08-25,2023-09-29,PUT,4413.905,4490.0,100.0,100.4,100.2,25,172,35,0.0958904109589041,0.9830523385300668,ATM
2023-08-25,2023-09-29,CALL,4413.905,4495.0,39.8,40.2,40.0,23,488,35,0.0958904109589041,0.9819588431590656,ATM
2023-08-25,2023-09-29,PUT,4413.905,4495.0,102.9,103.3,103.1,4,170,35,0.0958904109589041,0.9819588431590656,ATM
2023-08-25,2023-09-29,CALL,4413.905,4500.0,37.7,38.1,37.900000000000006,2349,8592,35,0.0958904109589041,0.9808677777777777,ATM
2023-08-25,2023-09-29,PUT,4413.905,4500.0,105.6,106.2,105.9,88,5292,35,0.0958904109589041,0.9808677777777777,ATM
2023-08-25,2023-09-29,CALL,4413.905,4505.0,35.7,36.1,35.900000000000006,121,216,35,0.0958904109589041,0.9797791342952274,ATM
2023-08-25,2023-09-29,CALL,4413.905,4510.0,33.8,34.1,33.95,224,558,35,0.0958904109589041,0.9786929046563192,ATM
2023-08-25,2023-09-29,PUT,4413.905,4510.0,111.3,112.9,112.1,4,245,35,0.0958904109589041,0.9786929046563192,ATM
2023-08-25,2023-09-29,CALL,4413.905,4515.0,31.9,32.3,32.099999999999994,142,336,35,0.0958904109589041,0.9776090808416389,ATM
2023-08-25,2023-09-29,CALL,4413.905,4520.0,30.1,30.5,30.3,96,249,35,0.0958904109589041,0.9765276548672566,ATM
2023-08-25,2023-09-29,PUT,4413.905,4520.0,117.6,119.1,118.35,4,217,35,0.0958904109589041,0.9765276548672566,ATM
2023-08-25,2023-09-29,CALL,4413.905,4525.0,28.4,28.8,28.6,666,3034,35,0.0958904109589041,0.9754486187845304,ATM
2023-08-25,2023-09-29,PUT,4413.905,4525.0,120.8,122.3,121.55,13,1066,35,0.0958904109589041,0.9754486187845304,ATM
2023-08-25,2023-09-29,CALL,4413.905,4530.0,26.8,27.1,26.950000000000003,81,481,35,0.0958904109589041,0.9743719646799116,ATM
2023-08-25,2023-09-29,CALL,4413.905,4535.0,25.2,25.5,25.35,21,247,35,0.0958904109589041,0.9732976846747519,ATM
2023-08-25,2023-09-29,CALL,4413.905,4540.0,23.7,24.1,23.9,46,1089,35,0.0958904109589041,0.9722257709251101,ATM
2023-08-25,2023-09-29,PUT,4413.905,4540.0,130.8,133.0,131.9,2,313,35,0.0958904109589041,0.9722257709251101,ATM
2023-08-25,2023-09-29,CALL,4413.905,4545.0,22.1,22.6,22.35,8,116,35,0.0958904109589041,0.9711562156215621,ATM
2023-08-25,2023-09-29,CALL,4413.905,4550.0,20.9,21.2,21.049999999999997,366,8374,35,0.0958904109589041,0.9700890109890109,ATM
2023-08-25,2023-09-29,PUT,4413.905,4550.0,138.1,139.5,138.8,4,4553,35,0.0958904109589041,0.9700890109890109,ATM
2023-08-25,2023-09-29,CALL,4413.905,4555.0,19.4,19.9,19.65,27,134,35,0.0958904109589041,0.9690241492864983,OTM
2023-08-25,2023-09-29,CALL,4413.905,4560.0,18.3,18.6,18.450000000000003,25,179,35,0.0958904109589041,0.9679616228070175,OTM
2023-08-25,2023-09-29,PUT,4413.905,4560.0,145.4,147.6,146.5,6,90,35,0.0958904109589041,0.9679616228070175,OTM
2023-08-25,2023-09-29,CALL,4413.905,4565.0,17.1,17.4,17.25,17,168,35,0.0958904109589041,0.9669014238773275,OTM
2023-08-25,2023-09-29,CALL,4413.905,4570.0,16.0,16.3,16.15,67,1205,35,0.0958904109589041,0.965843544857768,OTM
2023-08-25,2023-09-29,PUT,4413.905,4570.0,152.9,155.1,154.0,1,70,35,0.0958904109589041,0.965843544857768,OTM
2023-08-25,2023-09-29,CALL,4413.905,4575.0,14.9,15.2,15.05,315,2681,35,0.0958904109589041,0.9647879781420764,OTM
2023-08-25,2023-09-29,CALL,4413.905,4580.0,13.9,14.2,14.05,8,533,35,0.0958904109589041,0.9637347161572052,OTM
2023-08-25,2023-09-29,CALL,4413.905,4585.0,13.0,13.3,13.15,20,133,35,0.0958904109589041,0.9626837513631407,OTM
2023-08-25,2023-09-29,CALL,4413.905,4590.0,12.1,12.4,12.25,411,498,35,0.0958904109589041,0.9616350762527233,OTM
2023-08-25,2023-09-29,CALL,4413.905,4595.0,11.2,11.5,11.35,148,981,35,0.0958904109589041,0.960588683351469,OTM
2023-08-25,2023-09-29,CALL,4413.905,4600.0,10.4,10.7,10.55,554,10634,35,0.0958904109589041,0.9595445652173913,OTM
2023-08-25,2023-09-29,PUT,4413.905,4600.0,177.3,178.7,178.0,34,3778,35,0.0958904109589041,0.9595445652173913,OTM
2023-08-25,2023-09-29,CALL,4413.905,4605.0,9.7,10.0,9.85,22,194,35,0.0958904109589041,0.9585027144408251,OTM
2023-08-25,2023-09-29,CALL,4413.905,4610.0,9.0,9.3,9.15,23,416,35,0.0958904109589041,0.9574631236442516,OTM
2023-08-25,2023-09-29,PUT,4413.905,4610.0,185.7,187.2,186.45,30,64,35,0.0958904109589041,0.9574631236442516,OTM
2023-08-25,2023-09-29,CALL,4413.905,4615.0,8.3,8.6,8.45,15,543,35,0.0958904109589041,0.9564257854821234,OTM
2023-08-25,2023-09-29,CALL,4413.905,4620.0,7.7,8.0,7.85,91,392,35,0.0958904109589041,0.9553906926406925,OTM
2023-08-25,2023-09-29,CALL,4413.905,4625.0,7.2,7.4,7.300000000000001,149,2890,35,0.0958904109589041,0.9543578378378378,OTM
2023-08-25,2023-09-29,CALL,4413.905,4630.0,6.6,6.9,6.75,16,256,35,0.0958904109589041,0.9533272138228941,OTM
2023-08-25,2023-09-29,CALL,4413.905,4635.0,6.1,6.4,6.25,7,530,35,0.0958904109589041,0.9522988133764833,OTM
2023-08-25,2023-09-29,CALL,4413.905,4640.0,5.7,5.9,5.800000000000001,53,475,35,0.0958904109589041,0.9512726293103447,OTM
2023-08-25,2023-09-29,CALL,4413.905,4645.0,5.2,5.5,5.35,2,144,35,0.0958904109589041,0.950248654467169,OTM
2023-08-25,2023-09-29,CALL,4413.905,4650.0,4.8,5.1,4.949999999999999,263,13762,35,0.0958904109589041,0.94922688172043,OTM
2023-08-25,2023-09-29,CALL,4413.905,4655.0,4.5,4.7,4.6,4,2907,35,0.0958904109589041,0.9482073039742213,OTM
2023-08-25,2023-09-29,CALL,4413.905,4660.0,4.1,4.4,4.25,78,835,35,0.0958904109589041,0.9471899141630901,OTM
2023-08-25,2023-09-29,CALL,4413.905,4665.0,3.8,4.0,3.9,97,40465,35,0.0958904109589041,0.9461747052518756,OTM
2023-08-25,2023-09-29,CALL,4413.905,4670.0,3.5,3.7,3.6,320,9633,35,0.0958904109589041,0.945161670235546,OTM
2023-08-25,2023-09-29,CALL,4413.905,4675.0,3.3,3.5,3.4,144,8904,35,0.0958904109589041,0.9441508021390373,OTM
2023-08-25,2023-09-29,CALL,4413.905,4680.0,3.0,3.2,3.1,30,282,35,0.0958904109589041,0.9431420940170939,OTM
2023-08-25,2023-09-29,CALL,4413.905,4685.0,2.8,2.95,2.875,5,175,35,0.0958904109589041,0.9421355389541088,OTM
2023-08-25,2023-09-29,CALL,4413.905,4690.0,2.6,2.75,2.675,46,398,35,0.0958904109589041,0.9411311300639659,OTM
2023-08-25,2023-09-29,CALL,4413.905,4695.0,2.4,2.55,2.4749999999999996,2,104,35,0.0958904109589041,0.9401288604898828,OTM
2023-08-25,2023-09-29,CALL,4413.905,4700.0,2.25,2.4,2.325,131,6109,35,0.0958904109589041,0.9391287234042552,OTM
2023-08-25,2023-09-29,PUT,4413.905,4700.0,268.4,270.5,269.45,6,53,35,0.0958904109589041,0.9391287234042552,OTM
2023-08-25,2023-09-29,CALL,4413.905,4710.0,1.9,2.05,1.9749999999999999,34,688,35,0.0958904109589041,0.9371348195329087,OTM
2023-08-25,2023-09-29,CALL,4413.905,4715.0,1.8,1.9,1.85,4,232,35,0.0958904109589041,0.9361410392364793,OTM
2023-08-25,2023-09-29,CALL,4413.905,4720.0,1.65,1.8,1.725,87,1379,35,0.0958904109589041,0.9351493644067796,OTM
2023-08-25,2023-09-29,CALL,4413.905,4725.0,1.55,1.65,1.6,929,3024,35,0.0958904109589041,0.9341597883597883,OTM
2023-08-25,2023-09-29,CALL,4413.905,4730.0,1.45,1.55,1.5,3,103,35,0.0958904109589041,0.9331723044397462,OTM
2023-08-25,2023-09-29,CALL,4413.905,4735.0,1.35,1.45,1.4,4,452,35,0.0958904109589041,0.9321869060190073,OTM
2023-08-25,2023-09-29,CALL,4413.905,4740.0,1.25,1.35,1.3,35,261,35,0.0958904109589041,0.9312035864978903,OTM
2023-08-25,2023-09-29,CALL,4413.905,4745.0,1.15,1.3,1.225,7,103,35,0.0958904109589041,0.930222339304531,OTM
2023-08-25,2023-09-29,CALL,4413.905,4750.0,1.1,1.2,1.15,112,6208,35,0.0958904109589041,0.9292431578947368,OTM
2023-08-25,2023-09-29,CALL,4413.905,4775.0,0.75,0.9,0.825,22,1258,35,0.0958904109589041,0.9243780104712042,OTM
2023-08-25,2023-09-29,CALL,4413.905,4785.0,0.7,0.8,0.75,2,331,35,0.0958904109589041,0.9224461859979101,OTM
2023-08-25,2023-09-29,CALL,4413.905,4790.0,0.65,0.75,0.7,100,222,35,0.0958904109589041,0.9214832985386221,OTM
2023-08-25,2023-09-29,CALL,4413.905,4795.0,0.6,0.7,0.6499999999999999,2,122,35,0.0958904109589041,0.9205224191866527,OTM
2023-08-25,2023-09-29,CALL,4413.905,4800.0,0.55,0.7,0.625,65,4416,35,0.0958904109589041,0.9195635416666667,OTM
2023-08-25,2023-09-29,CALL,4413.905,4825.0,0.4,0.55,0.47500000000000003,1,233,35,0.0958904109589041,0.9147989637305699,OTM
2023-08-25,2023-09-29,CALL,4413.905,4835.0,0.35,0.5,0.425,1,128,35,0.0958904109589041,0.9129069286452947,OTM
2023-08-25,2023-09-29,CALL,4413.905,4850.0,0.3,0.45,0.375,8,1198,35,0.0958904109589041,0.9100835051546391,OTM
2023-08-25,2023-09-29,CALL,4413.905,4900.0,0.2,0.3,0.25,5,2861,35,0.0958904109589041,0.9007969387755101,OTM
2023-08-25,2023-10-02,PUT,4413.905,4050.0,10.3,10.6,10.45,1,68,38,0.10410958904109589,1.089853086419753,ITM
2023-08-25,2023-10-02,PUT,4413.905,4100.0,13.1,13.5,13.3,21,14,38,0.10410958904109589,1.076562195121951,ITM
2023-08-25,2023-10-02,PUT,4413.905,4150.0,16.8,17.3,17.05,22,22,38,0.10410958904109589,1.0635915662650601,ITM
2023-08-25,2023-10-02,PUT,4413.905,4200.0,21.8,22.2,22.0,4,23,38,0.10410958904109589,1.050929761904762,ITM
2023-08-25,2023-10-02,PUT,4413.905,4250.0,28.2,28.7,28.45,3,2,38,0.10410958904109589,1.0385658823529411,ITM
2023-08-25,2023-10-02,PUT,4413.905,4275.0,32.1,32.5,32.3,2,11,38,0.10410958904109589,1.0324923976608187,ITM
2023-08-25,2023-10-02,PUT,4413.905,4300.0,36.5,37.1,36.8,14,21,38,0.10410958904109589,1.0264895348837209,ATM
2023-08-25,2023-10-02,PUT,4413.905,4350.0,47.4,47.9,47.65,16,63,38,0.10410958904109589,1.014690804597701,ATM
2023-08-25,2023-10-02,PUT,4413.905,4360.0,50.0,50.5,50.25,4,6,38,0.10410958904109589,1.0123635321100917,ATM
2023-08-25,2023-10-02,PUT,4413.905,4375.0,54.1,54.6,54.35,1,2,38,0.10410958904109589,1.0088925714285715,ATM
2023-08-25,2023-10-02,PUT,4413.905,4390.0,58.6,59.2,58.900000000000006,4,2,38,0.10410958904109589,1.0054453302961275,ATM
2023-08-25,2023-10-02,PUT,4413.905,4400.0,61.9,62.4,62.15,13,21,38,0.10410958904109589,1.0031602272727271,ATM
2023-08-25,2023-10-02,PUT,4413.905,4450.0,81.2,81.8,81.5,6,2,38,0.10410958904109589,0.9918887640449437,ATM
2023-08-25,2023-10-02,CALL,4413.905,4475.0,50.6,51.2,50.900000000000006,70,69,38,0.10410958904109589,0.9863474860335195,ATM
2023-08-25,2023-10-02,CALL,4413.905,4480.0,48.2,48.9,48.55,6,1,38,0.10410958904109589,0.9852466517857142,ATM
2023-08-25,2023-10-02,CALL,4413.905,4500.0,39.4,40.0,39.7,1352,601,38,0.10410958904109589,0.9808677777777777,ATM
2023-08-25,2023-10-02,PUT,4413.905,4500.0,106.7,107.3,107.0,6,2,38,0.10410958904109589,0.9808677777777777,ATM
2023-08-25,2023-10-02,CALL,4413.905,4550.0,22.2,22.6,22.4,2,1,38,0.10410958904109589,0.9700890109890109,ATM
2023-08-25,2023-10-02,PUT,4413.905,4550.0,136.6,141.9,139.25,2,1,38,0.10410958904109589,0.9700890109890109,ATM
2023-08-25,2023-10-02,CALL,4413.905,4600.0,11.3,11.7,11.5,8,2,38,0.10410958904109589,0.9595445652173913,OTM
2023-08-25,2023-10-02,CALL,4413.905,4700.0,2.45,2.65,2.55,17,23,38,0.10410958904109589,0.9391287234042552,OTM
2023-08-25,2023-10-02,CALL,4413.905,4800.0,0.6,0.75,0.675,6,5,38,0.10410958904109589,0.9195635416666667,OTM
2023-08-25,2023-10-06,PUT,4413.905,4025.0,11.3,11.6,11.45,7,148,42,0.11506849315068493,1.096622360248447,ITM
2023-08-25,2023-10-06,PUT,4413.905,4030.0,11.6,11.8,11.7,9,41,42,0.11506849315068493,1.0952617866004961,ITM
2023-08-25,2023-10-06,PUT,4413.905,4040.0,12.1,12.4,12.25,7,33,42,0.11506849315068493,1.0925507425742573,ITM
2023-08-25,2023-10-06,CALL,4413.905,4050.0,393.7,398.1,395.9,2,9,42,0.11506849315068493,1.089853086419753,ITM
2023-08-25,2023-10-06,PUT,4413.905,4050.0,12.7,13.0,12.85,39,1960,42,0.11506849315068493,1.089853086419753,ITM
2023-08-25,2023-10-06,PUT,4413.905,4070.0,13.8,14.2,14.0,1,18,42,0.11506849315068493,1.084497542997543,ITM
2023-08-25,2023-10-06,PUT,4413.905,4075.0,14.1,14.5,14.3,3,109,42,0.11506849315068493,1.0831668711656441,ITM
2023-08-25,2023-10-06,PUT,4413.905,4080.0,14.5,14.8,14.65,19,16,42,0.11506849315068493,1.0818394607843136,ITM
2023-08-25,2023-10-06,PUT,4413.905,4090.0,15.1,15.5,15.3,11,11,42,0.11506849315068493,1.0791943765281173,ITM
2023-08-25,2023-10-06,PUT,4413.905,4100.0,15.9,16.2,16.05,183,226,42,0.11506849315068493,1.076562195121951,ITM
2023-08-25,2023-10-06,PUT,4413.905,4110.0,16.6,17.0,16.8,6,32,42,0.11506849315068493,1.073942822384428,ITM
2023-08-25,2023-10-06,PUT,4413.905,4120.0,17.4,17.8,17.6,5,78,42,0.11506849315068493,1.0713361650485436,ITM
2023-08-25,2023-10-06,PUT,4413.905,4125.0,17.8,18.2,18.0,8,41,42,0.11506849315068493,1.0700375757575757,ITM
2023-08-25,2023-10-06,PUT,4413.905,4130.0,18.2,18.6,18.4,17,65,42,0.11506849315068493,1.0687421307506053,ITM
2023-08-25,2023-10-06,PUT,4413.905,4140.0,19.1,19.5,19.3,5,82,42,0.11506849315068493,1.0661606280193237,ITM
2023-08-25,2023-10-06,PUT,4413.905,4150.0,20.0,20.4,20.2,271,171,42,0.11506849315068493,1.0635915662650601,ITM
2023-08-25,2023-10-06,PUT,4413.905,4160.0,21.0,21.4,21.2,85,145,42,0.11506849315068493,1.0610348557692306,ITM
2023-08-25,2023-10-06,PUT,4413.905,4170.0,22.0,22.4,22.2,41,68,42,0.11506849315068493,1.0584904076738608,ITM
2023-08-25,2023-10-06,PUT,4413.905,4175.0,22.5,22.9,22.7,11,81,42,0.11506849315068493,1.057222754491018,ITM
2023-08-25,2023-10-06,PUT,4413.905,4180.0,23.0,23.5,23.25,16,64,42,0.11506849315068493,1.0559581339712918,ITM
2023-08-25,2023-10-06,PUT,4413.905,4190.0,24.2,24.6,24.4,19,102,42,0.11506849315068493,1.0534379474940334,ITM
2023-08-25,2023-10-06,PUT,4413.905,4200.0,25.3,25.8,25.55,269,973,42,0.11506849315068493,1.050929761904762,ITM
2023-08-25,2023-10-06,PUT,4413.905,4210.0,26.6,27.0,26.8,25,132,42,0.11506849315068493,1.0484334916864608,ITM
2023-08-25,2023-10-06,PUT,4413.905,4220.0,27.9,28.3,28.1,81,124,42,0.11506849315068493,1.0459490521327013,ITM
2023-08-25,2023-10-06,PUT,4413.905,4225.0,28.6,28.9,28.75,75,104,42,0.11506849315068493,1.0447112426035503,ITM
2023-08-25,2023-10-06,PUT,4413.905,4230.0,29.2,29.6,29.4,32,363,42,0.11506849315068493,1.0434763593380614,ITM
2023-08-25,2023-10-06,PUT,4413.905,4240.0,30.7,31.1,30.9,20,101,42,0.11506849315068493,1.041015330188679,ITM
2023-08-25,2023-10-06,PUT,4413.905,4250.0,32.2,32.6,32.400000000000006,149,1804,42,0.11506849315068493,1.0385658823529411,ITM
2023-08-25,2023-10-06,PUT,4413.905,4260.0,33.8,34.2,34.0,176,185,42,0.11506849315068493,1.0361279342723004,ITM
2023-08-25,2023-10-06,PUT,4413.905,4270.0,35.4,35.8,35.599999999999994,25,1502,42,0.11506849315068493,1.0337014051522249,ITM
2023-08-25,2023-10-06,CALL,4413.905,4275.0,193.8,198.0,195.9,81,7,42,0.11506849315068493,1.0324923976608187,ITM
2023-08-25,2023-10-06,PUT,4413.905,4275.0,36.3,36.7,36.5,151,86,42,0.11506849315068493,1.0324923976608187,ITM
2023-08-25,2023-10-06,PUT,4413.905,4280.0,37.1,37.6,37.35,5,132,42,0.11506849315068493,1.0312862149532709,ITM
2023-08-25,2023-10-06,CALL,4413.905,4290.0,181.6,185.8,183.7,3,23,42,0.11506849315068493,1.0288822843822842,ATM
2023-08-25,2023-10-06,PUT,4413.905,4290.0,39.0,39.4,39.2,10,49,42,0.11506849315068493,1.0288822843822842,ATM
2023-08-25,2023-10-06,CALL,4413.905,4300.0,173.9,177.7,175.8,11,133,42,0.11506849315068493,1.0264895348837209,ATM
2023-08-25,2023-10-06,PUT,4413.905,4300.0,40.9,41.3,41.099999999999994,137,540,42,0.11506849315068493,1.0264895348837209,ATM
2023-08-25,2023-10-06,PUT,4413.905,4310.0,42.9,43.4,43.15,7,207,42,0.11506849315068493,1.0241078886310904,ATM
2023-08-25,2023-10-06,PUT,4413.905,4320.0,45.0,45.5,45.25,5,68,42,0.11506849315068493,1.0217372685185184,ATM
2023-08-25,2023-10-06,CALL,4413.905,4325.0,155.9,156.5,156.2,10,4,42,0.11506849315068493,1.0205560693641618,ATM
2023-08-25,2023-10-06,PUT,4413.905,4325.0,46.2,46.6,46.400000000000006,76,193,42,0.11506849315068493,1.0205560693641618,ATM
2023-08-25,2023-10-06,CALL,4413.905,4330.0,152.1,152.7,152.39999999999998,5,2,42,0.11506849315068493,1.019377598152425,ATM
2023-08-25,2023-10-06,PUT,4413.905,4330.0,47.3,47.8,47.55,10,52,42,0.11506849315068493,1.019377598152425,ATM
2023-08-25,2023-10-06,CALL,4413.905,4340.0,144.5,145.1,144.8,10,18,42,0.11506849315068493,1.017028801843318,ATM
2023-08-25,2023-10-06,PUT,4413.905,4340.0,49.6,50.1,49.85,6,79,42,0.11506849315068493,1.017028801843318,ATM
2023-08-25,2023-10-06,CALL,4413.905,4350.0,137.1,137.6,137.35,6,127,42,0.11506849315068493,1.014690804597701,ATM
2023-08-25,2023-10-06,PUT,4413.905,4350.0,52.2,52.6,52.400000000000006,50,417,42,0.11506849315068493,1.014690804597701,ATM
2023-08-25,2023-10-06,CALL,4413.905,4360.0,129.7,130.3,130.0,41,6,42,0.11506849315068493,1.0123635321100917,ATM
2023-08-25,2023-10-06,PUT,4413.905,4360.0,54.8,55.2,55.0,200,205,42,0.11506849315068493,1.0123635321100917,ATM
2023-08-25,2023-10-06,CALL,4413.905,4370.0,122.5,123.1,122.8,18,5,42,0.11506849315068493,1.0100469107551486,ATM
2023-08-25,2023-10-06,PUT,4413.905,4370.0,57.5,58.0,57.75,83,116,42,0.11506849315068493,1.0100469107551486,ATM
2023-08-25,2023-10-06,CALL,4413.905,4375.0,119.0,119.6,119.3,4,22,42,0.11506849315068493,1.0088925714285715,ATM
2023-08-25,2023-10-06,PUT,4413.905,4375.0,58.9,59.4,59.15,23,65,42,0.11506849315068493,1.0088925714285715,ATM
2023-08-25,2023-10-06,CALL,4413.905,4380.0,115.5,116.1,115.8,15,173,42,0.11506849315068493,1.0077408675799087,ATM
2023-08-25,2023-10-06,PUT,4413.905,4380.0,60.4,60.9,60.65,53,50,42,0.11506849315068493,1.0077408675799087,ATM
2023-08-25,2023-10-06,CALL,4413.905,4390.0,108.6,109.2,108.9,7,138,42,0.11506849315068493,1.0054453302961275,ATM
2023-08-25,2023-10-06,PUT,4413.905,4390.0,63.4,63.9,63.65,10,41,42,0.11506849315068493,1.0054453302961275,ATM
2023-08-25,2023-10-06,CALL,4413.905,4400.0,101.9,102.5,102.2,453,409,42,0.11506849315068493,1.0031602272727271,ATM
2023-08-25,2023-10-06,PUT,4413.905,4400.0,66.6,67.1,66.85,262,434,42,0.11506849315068493,1.0031602272727271,ATM
2023-08-25,2023-10-06,CALL,4413.905,4410.0,95.4,95.9,95.65,25,34,42,0.11506849315068493,1.0008854875283446,ATM
2023-08-25,2023-10-06,PUT,4413.905,4410.0,70.0,70.5,70.25,15,99,42,0.11506849315068493,1.0008854875283446,ATM
2023-08-25,2023-10-06,CALL,4413.905,4420.0,89.0,89.6,89.3,11,65,42,0.11506849315068493,0.9986210407239818,ATM
2023-08-25,2023-10-06,PUT,4413.905,4420.0,73.6,74.1,73.85,2,152,42,0.11506849315068493,0.9986210407239818,ATM
2023-08-25,2023-10-06,CALL,4413.905,4425.0,85.9,86.5,86.2,7,11,42,0.11506849315068493,0.9974926553672315,ATM
2023-08-25,2023-10-06,PUT,4413.905,4425.0,75.5,76.0,75.75,36,51,42,0.11506849315068493,0.9974926553672315,ATM
2023-08-25,2023-10-06,CALL,4413.905,4430.0,82.9,83.4,83.15,8,50,42,0.11506849315068493,0.9963668171557561,ATM
2023-08-25,2023-10-06,PUT,4413.905,4430.0,77.4,77.9,77.65,213,154,42,0.11506849315068493,0.9963668171557561,ATM
2023-08-25,2023-10-06,CALL,4413.905,4440.0,76.9,77.5,77.2,13,33,42,0.11506849315068493,0.9941227477477477,ATM
2023-08-25,2023-10-06,PUT,4413.905,4440.0,81.4,81.9,81.65,2,39,42,0.11506849315068493,0.9941227477477477,ATM
2023-08-25,2023-10-06,CALL,4413.905,4450.0,71.2,71.7,71.45,28,110,42,0.11506849315068493,0.9918887640449437,ATM
2023-08-25,2023-10-06,PUT,4413.905,4450.0,85.6,86.1,85.85,231,184,42,0.11506849315068493,0.9918887640449437,ATM
2023-08-25,2023-10-06,CALL,4413.905,4460.0,65.7,66.3,66.0,16,149,42,0.11506849315068493,0.989664798206278,ATM
2023-08-25,2023-10-06,PUT,4413.905,4460.0,90.0,90.6,90.3,23,63,42,0.11506849315068493,0.989664798206278,ATM
2023-08-25,2023-10-06,CALL,4413.905,4470.0,60.4,61.0,60.7,9,90,42,0.11506849315068493,0.9874507829977628,ATM
2023-08-25,2023-10-06,PUT,4413.905,4470.0,94.7,95.2,94.95,1,26,42,0.11506849315068493,0.9874507829977628,ATM
2023-08-25,2023-10-06,CALL,4413.905,4475.0,57.9,58.4,58.15,20,50,42,0.11506849315068493,0.9863474860335195,ATM
2023-08-25,2023-10-06,PUT,4413.905,4475.0,97.1,97.6,97.35,7,52,42,0.11506849315068493,0.9863474860335195,ATM
2023-08-25,2023-10-06,CALL,4413.905,4480.0,55.4,56.0,55.7,4,108,42,0.11506849315068493,0.9852466517857142,ATM
2023-08-25,2023-10-06,PUT,4413.905,4480.0,99.6,100.1,99.85,13,69,42,0.11506849315068493,0.9852466517857142,ATM
2023-08-25,2023-10-06,CALL,4413.905,4490.0,50.7,51.2,50.95,10,182,42,0.11506849315068493,0.9830523385300668,ATM
2023-08-25,2023-10-06,PUT,4413.905,4490.0,104.7,105.3,105.0,1,37,42,0.11506849315068493,0.9830523385300668,ATM
2023-08-25,2023-10-06,CALL,4413.905,4500.0,46.2,46.7,46.45,75,222,42,0.11506849315068493,0.9808677777777777,ATM
2023-08-25,2023-10-06,PUT,4413.905,4500.0,110.2,110.7,110.45,6,111,42,0.11506849315068493,0.9808677777777777,ATM
2023-08-25,2023-10-06,CALL,4413.905,4510.0,41.9,42.4,42.15,37,130,42,0.11506849315068493,0.9786929046563192,ATM
2023-08-25,2023-10-06,CALL,4413.905,4520.0,37.9,38.4,38.15,10,150,42,0.11506849315068493,0.9765276548672566,ATM
2023-08-25,2023-10-06,CALL,4413.905,4525.0,36.0,36.5,36.25,34,72,42,0.11506849315068493,0.9754486187845304,ATM
2023-08-25,2023-10-06,CALL,4413.905,4530.0,34.2,34.7,34.45,20,142,42,0.11506849315068493,0.9743719646799116,ATM
2023-08-25,2023-10-06,CALL,4413.905,4540.0,30.7,31.2,30.95,544,353,42,0.11506849315068493,0.9722257709251101,ATM
2023-08-25,2023-10-06,CALL,4413.905,4550.0,27.5,28.0,27.75,63,248,42,0.11506849315068493,0.9700890109890109,ATM
2023-08-25,2023-10-06,CALL,4413.905,4560.0,24.6,25.0,24.8,11,75,42,0.11506849315068493,0.9679616228070175,OTM
2023-08-25,2023-10-06,CALL,4413.905,4570.0,21.9,22.3,22.1,30,134,42,0.11506849315068493,0.965843544857768,OTM
2023-08-25,2023-10-06,CALL,4413.905,4575.0,20.6,21.1,20.85,33,122,42,0.11506849315068493,0.9647879781420764,OTM
2023-08-25,2023-10-06,CALL,4413.905,4580.0,19.4,19.8,19.6,20,87,42,0.11506849315068493,0.9637347161572052,OTM
2023-08-25,2023-10-06,CALL,4413.905,4590.0,17.1,17.6,17.35,14,182,42,0.11506849315068493,0.9616350762527233,OTM
2023-08-25,2023-10-06,CALL,4413.905,4600.0,15.1,15.5,15.3,251,1777,42,0.11506849315068493,0.9595445652173913,OTM
2023-08-25,2023-10-06,CALL,4413.905,4610.0,13.3,13.7,13.5,19,50,42,0.11506849315068493,0.9574631236442516,OTM
2023-08-25,2023-10-06,CALL,4413.905,4620.0,11.6,12.0,11.8,75,248,42,0.11506849315068493,0.9553906926406925,OTM
2023-08-25,2023-10-06,CALL,4413.905,4625.0,10.9,11.3,11.100000000000001,50,244,42,0.11506849315068493,0.9543578378378378,OTM
2023-08-25,2023-10-06,CALL,4413.905,4630.0,10.2,10.6,10.399999999999999,47,144,42,0.11506849315068493,0.9533272138228941,OTM
2023-08-25,2023-10-06,CALL,4413.905,4640.0,8.9,9.3,9.100000000000001,77,172,42,0.11506849315068493,0.9512726293103447,OTM
2023-08-25,2023-10-06,CALL,4413.905,4650.0,7.8,8.0,7.9,117,1463,42,0.11506849315068493,0.94922688172043,OTM
2023-08-25,2023-10-06,CALL,4413.905,4675.0,5.5,5.7,5.6,27,169,42,0.11506849315068493,0.9441508021390373,OTM
2023-08-25,2023-10-06,CALL,4413.905,4700.0,3.8,4.0,3.9,144,442,42,0.11506849315068493,0.9391287234042552,OTM
2023-08-25,2023-10-06,CALL,4413.905,4725.0,2.7,2.85,2.7750000000000004,25,24,42,0.11506849315068493,0.9341597883597883,OTM
2023-08-25,2023-10-06,CALL,4413.905,4750.0,1.9,2.05,1.9749999999999999,13,137,42,0.11506849315068493,0.9292431578947368,OTM
2023-08-25,2023-10-06,CALL,4413.905,4775.0,1.35,1.5,1.425,29,3,42,0.11506849315068493,0.9243780104712042,OTM
2023-08-25,2023-10-06,CALL,4413.905,4800.0,1.0,1.15,1.075,13,325,42,0.11506849315068493,0.9195635416666667,OTM
2023-08-25,2023-10-06,CALL,4413.905,4825.0,0.75,0.9,0.825,10,32,42,0.11506849315068493,0.9147989637305699,OTM
2023-08-25,2023-10-06,CALL,4413.905,4850.0,0.55,0.7,0.625,15,178,42,0.11506849315068493,0.9100835051546391,OTM
2023-08-25,2023-10-13,PUT,4413.905,4050.0,15.8,16.1,15.950000000000001,69,77,49,0.13424657534246576,1.089853086419753,ITM
2023-08-25,2023-10-13,PUT,4413.905,4075.0,17.5,17.9,17.7,9,97,49,0.13424657534246576,1.0831668711656441,ITM
2023-08-25,2023-10-13,PUT,4413.905,4100.0,19.4,19.8,19.6,21,17,49,0.13424657534246576,1.076562195121951,ITM
2023-08-25,2023-10-13,PUT,4413.905,4150.0,24.1,24.5,24.3,6,14,49,0.13424657534246576,1.0635915662650601,ITM
2023-08-25,2023-10-13,PUT,4413.905,4200.0,29.9,30.3,30.1,4,63,49,0.13424657534246576,1.050929761904762,ITM
2023-08-25,2023-10-13,PUT,4413.905,4225.0,33.4,33.7,33.55,23,19,49,0.13424657534246576,1.0447112426035503,ITM
2023-08-25,2023-10-13,PUT,4413.905,4230.0,34.1,34.5,34.3,9,26,49,0.13424657534246576,1.0434763593380614,ITM
2023-08-25,2023-10-13,PUT,4413.905,4240.0,35.7,36.0,35.85,28,8,49,0.13424657534246576,1.041015330188679,ITM
2023-08-25,2023-10-13,PUT,4413.905,4250.0,37.3,37.6,37.45,20,22,49,0.13424657534246576,1.0385658823529411,ITM
2023-08-25,2023-10-13,PUT,4413.905,4260.0,38.9,39.3,39.099999999999994,3,121,49,0.13424657534246576,1.0361279342723004,ITM
2023-08-25,2023-10-13,PUT,4413.905,4270.0,40.7,41.1,40.900000000000006,4,17,49,0.13424657534246576,1.0337014051522249,ITM
2023-08-25,2023-10-13,PUT,4413.905,4275.0,41.6,42.0,41.8,12,91,49,0.13424657534246576,1.0324923976608187,ITM
2023-08-25,2023-10-13,PUT,4413.905,4280.0,42.5,42.9,42.7,7,6,49,0.13424657534246576,1.0312862149532709,ITM
2023-08-25,2023-10-13,PUT,4413.905,4290.0,44.4,44.9,44.65,17,31,49,0.13424657534246576,1.0288822843822842,ATM
2023-08-25,2023-10-13,PUT,4413.905,4300.0,46.4,46.9,46.65,15,49,49,0.13424657534246576,1.0264895348837209,ATM
2023-08-25,2023-10-13,PUT,4413.905,4310.0,48.5,49.0,48.75,7,38,49,0.13424657534246576,1.0241078886310904,ATM
2023-08-25,2023-10-13,PUT,4413.905,4320.0,50.7,51.2,50.95,14,65,49,0.13424657534246576,1.0217372685185184,ATM
2023-08-25,2023-10-13,CALL,4413.905,4325.0,165.1,165.7,165.39999999999998,4,1,49,0.13424657534246576,1.0205560693641618,ATM
2023-08-25,2023-10-13,PUT,4413.905,4325.0,51.9,52.4,52.15,51,22,49,0.13424657534246576,1.0205560693641618,ATM
2023-08-25,2023-10-13,PUT,4413.905,4330.0,53.0,53.5,53.25,18,21,49,0.13424657534246576,1.019377598152425,ATM
2023-08-25,2023-10-13,PUT,4413.905,4340.0,55.4,55.9,55.65,15,62,49,0.13424657534246576,1.017028801843318,ATM
2023-08-25,2023-10-13,PUT,4413.905,4350.0,58.0,58.5,58.25,9,35,49,0.13424657534246576,1.014690804597701,ATM
2023-08-25,2023-10-13,PUT,4413.905,4360.0,60.6,61.1,60.85,7,79,49,0.13424657534246576,1.0123635321100917,ATM
2023-08-25,2023-10-13,PUT,4413.905,4370.0,63.4,63.9,63.65,13,55,49,0.13424657534246576,1.0100469107551486,ATM
2023-08-25,2023-10-13,PUT,4413.905,4375.0,64.8,65.3,65.05,18,35,49,0.13424657534246576,1.0088925714285715,ATM
2023-08-25,2023-10-13,CALL,4413.905,4380.0,124.9,125.6,125.25,22,1,49,0.13424657534246576,1.0077408675799087,ATM
2023-08-25,2023-10-13,PUT,4413.905,4380.0,66.3,66.8,66.55,33,24,49,0.13424657534246576,1.0077408675799087,ATM
2023-08-25,2023-10-13,CALL,4413.905,4390.0,118.1,118.7,118.4,12,7,49,0.13424657534246576,1.0054453302961275,ATM
2023-08-25,2023-10-13,PUT,4413.905,4390.0,69.3,69.9,69.6,13,1024,49,0.13424657534246576,1.0054453302961275,ATM
2023-08-25,2023-10-13,CALL,4413.905,4400.0,111.3,112.0,111.65,4,1,49,0.13424657534246576,1.0031602272727271,ATM
2023-08-25,2023-10-13,PUT,4413.905,4400.0,72.5,73.1,72.8,9,181,49,0.13424657534246576,1.0031602272727271,ATM
2023-08-25,2023-10-13,CALL,4413.905,4410.0,104.8,105.4,105.1,3,3,49,0.13424657534246576,1.0008854875283446,ATM
2023-08-25,2023-10-13,PUT,4413.905,4410.0,75.9,76.4,76.15,5,16,49,0.13424657534246576,1.0008854875283446,ATM
2023-08-25,2023-10-13,CALL,4413.905,4420.0,98.4,99.0,98.7,9,3,49,0.13424657534246576,0.9986210407239818,ATM
2023-08-25,2023-10-13,PUT,4413.905,4420.0,79.4,80.0,79.7,6,27,49,0.13424657534246576,0.9986210407239818,ATM
2023-08-25,2023-10-13,CALL,4413.905,4425.0,95.3,95.9,95.6,11,5,49,0.13424657534246576,0.9974926553672315,ATM
2023-08-25,2023-10-13,PUT,4413.905,4425.0,81.3,81.8,81.55,11,13,49,0.13424657534246576,0.9974926553672315,ATM
2023-08-25,2023-10-13,CALL,4413.905,4430.0,92.2,92.8,92.5,19,5,49,0.13424657534246576,0.9963668171557561,ATM
2023-08-25,2023-10-13,PUT,4413.905,4430.0,83.2,83.7,83.45,7,48,49,0.13424657534246576,0.9963668171557561,ATM
2023-08-25,2023-10-13,CALL,4413.905,4440.0,86.2,86.8,86.5,15,4,49,0.13424657534246576,0.9941227477477477,ATM
2023-08-25,2023-10-13,PUT,4413.905,4440.0,87.1,87.6,87.35,5,65,49,0.13424657534246576,0.9941227477477477,ATM
2023-08-25,2023-10-13,CALL,4413.905,4450.0,80.3,81.0,80.65,13,8,49,0.13424657534246576,0.9918887640449437,ATM
2023-08-25,2023-10-13,PUT,4413.905,4450.0,91.2,91.7,91.45,4,25,49,0.13424657534246576,0.9918887640449437,ATM
2023-08-25,2023-10-13,CALL,4413.905,4460.0,74.7,75.3,75.0,17,1,49,0.13424657534246576,0.989664798206278,ATM
2023-08-25,2023-10-13,PUT,4413.905,4460.0,95.4,96.0,95.7,2,19,49,0.13424657534246576,0.989664798206278,ATM
2023-08-25,2023-10-13,CALL,4413.905,4470.0,69.3,69.9,69.6,8,6,49,0.13424657534246576,0.9874507829977628,ATM
2023-08-25,2023-10-13,PUT,4413.905,4470.0,99.9,100.5,100.2,3,13,49,0.13424657534246576,0.9874507829977628,ATM
2023-08-25,2023-10-13,CALL,4413.905,4475.0,66.7,67.3,67.0,15,22,49,0.13424657534246576,0.9863474860335195,ATM
2023-08-25,2023-10-13,CALL,4413.905,4480.0,64.1,64.7,64.4,4,7,49,0.13424657534246576,0.9852466517857142,ATM
2023-08-25,2023-10-13,PUT,4413.905,4480.0,104.6,105.2,104.9,1,7,49,0.13424657534246576,0.9852466517857142,ATM
2023-08-25,2023-10-13,CALL,4413.905,4490.0,59.1,59.7,59.400000000000006,5,20,49,0.13424657534246576,0.9830523385300668,ATM
2023-08-25,2023-10-13,CALL,4413.905,4500.0,54.4,55.0,54.7,29,16,49,0.13424657534246576,0.9808677777777777,ATM
2023-08-25,2023-10-13,CALL,4413.905,4525.0,43.6,44.2,43.900000000000006,40,6,49,0.13424657534246576,0.9754486187845304,ATM
2023-08-25,2023-10-13,CALL,4413.905,4550.0,34.4,34.9,34.65,9,25,49,0.13424657534246576,0.9700890109890109,ATM
2023-08-25,2023-10-13,CALL,4413.905,4575.0,26.6,27.1,26.85,12,9,49,0.13424657534246576,0.9647879781420764,OTM
2023-08-25,2023-10-13,CALL,4413.905,4600.0,20.2,20.6,20.4,25,53,49,0.13424657534246576,0.9595445652173913,OTM
2023-08-25,2023-10-13,CALL,4413.905,4650.0,11.2,11.5,11.35,40,12,49,0.13424657534246576,0.94922688172043,OTM
2023-08-25,2023-10-13,CALL,4413.905,4700.0,5.9,6.1,6.0,16,12,49,0.13424657534246576,0.9391287234042552,OTM
2023-08-25,2023-10-13,CALL,4413.905,4750.0,3.1,3.3,3.2,22,78,49,0.13424657534246576,0.9292431578947368,OTM
2023-08-25,2023-10-13,CALL,4413.905,4800.0,1.65,1.75,1.7,100,102,49,0.13424657534246576,0.9195635416666667,OTM
2023-08-25,2023-10-13,CALL,4413.905,4900.0,0.55,0.7,0.625,9,63,49,0.13424657534246576,0.9007969387755101,OTM
2023-08-25,2023-10-20,PUT,4413.905,4020.0,17.0,17.3,17.15,1,267,56,0.15342465753424658,1.0979863184079601,ITM
2023-08-25,2023-10-20,PUT,4413.905,4025.0,17.3,17.6,17.450000000000003,20,303,56,0.15342465753424658,1.096622360248447,ITM
2023-08-25,2023-10-20,PUT,4413.905,4035.0,17.9,18.3,18.1,4,5,56,0.15342465753424658,1.09390458488228,ITM
2023-08-25,2023-10-20,CALL,4413.905,4050.0,407.6,412.5,410.05,2,55,56,0.15342465753424658,1.089853086419753,ITM
2023-08-25,2023-10-20,PUT,4413.905,4050.0,19.0,19.3,19.15,33,984,56,0.15342465753424658,1.089853086419753,ITM
2023-08-25,2023-10-20,PUT,4413.905,4065.0,20.1,20.4,20.25,3,18,56,0.15342465753424658,1.0858314883148832,ITM
2023-08-25,2023-10-20,PUT,4413.905,4075.0,20.9,21.2,21.049999999999997,9,315,56,0.15342465753424658,1.0831668711656441,ITM
2023-08-25,2023-10-20,PUT,4413.905,4080.0,21.3,21.6,21.450000000000003,11,259,56,0.15342465753424658,1.0818394607843136,ITM
2023-08-25,2023-10-20,PUT,4413.905,4085.0,21.7,22.0,21.85,6,8,56,0.15342465753424658,1.0805152998776009,ITM
2023-08-25,2023-10-20,PUT,4413.905,4095.0,22.6,22.9,22.75,65,6,56,0.15342465753424658,1.0778766788766787,ITM
2023-08-25,2023-10-20,CALL,4413.905,4100.0,362.1,366.6,364.35,5,74,56,0.15342465753424658,1.076562195121951,ITM
2023-08-25,2023-10-20,PUT,4413.905,4100.0,23.0,23.3,23.15,161,1607,56,0.15342465753424658,1.076562195121951,ITM
2023-08-25,2023-10-20,PUT,4413.905,4105.0,23.4,23.8,23.6,3,15,56,0.15342465753424658,1.0752509135200974,ITM
2023-08-25,2023-10-20,PUT,4413.905,4115.0,24.4,24.7,24.549999999999997,1,33,56,0.15342465753424658,1.0726379100850547,ITM
2023-08-25,2023-10-20,PUT,4413.905,4120.0,24.9,25.2,25.049999999999997,4,124,56,0.15342465753424658,1.0713361650485436,ITM
2023-08-25,2023-10-20,PUT,4413.905,4125.0,25.4,25.7,25.549999999999997,33,1111,56,0.15342465753424658,1.0700375757575757,ITM
2023-08-25,2023-10-20,CALL,4413.905,4130.0,336.3,339.9,338.1,32,27,56,0.15342465753424658,1.0687421307506053,ITM
2023-08-25,2023-10-20,PUT,4413.905,4130.0,25.9,26.2,26.049999999999997,2,233,56,0.15342465753424658,1.0687421307506053,ITM
2023-08-25,2023-10-20,PUT,4413.905,4135.0,26.4,26.7,26.549999999999997,3,39,56,0.15342465753424658,1.0674498186215235,ITM
2023-08-25,2023-10-20,PUT,4413.905,4140.0,26.9,27.2,27.049999999999997,26,280,56,0.15342465753424658,1.0661606280193237,ITM
2023-08-25,2023-10-20,PUT,4413.905,4145.0,27.4,27.8,27.6,2,94,56,0.15342465753424658,1.0648745476477683,ITM
2023-08-25,2023-10-20,CALL,4413.905,4150.0,317.6,321.9,319.75,2,104,56,0.15342465753424658,1.0635915662650601,ITM
2023-08-25,2023-10-20,PUT,4413.905,4150.0,28.0,28.3,28.15,22,758,56,0.15342465753424658,1.0635915662650601,ITM
2023-08-25,2023-10-20,PUT,4413.905,4155.0,28.5,28.9,28.7,9,22,56,0.15342465753424658,1.0623116726835138,ITM
2023-08-25,2023-10-20,PUT,4413.905,4160.0,29.1,29.5,29.3,3,241,56,0.15342465753424658,1.0610348557692306,ITM
2023-08-25,2023-10-20,PUT,4413.905,4165.0,29.7,30.1,29.9,11,12,56,0.15342465753424658,1.0597611044417767,ITM
2023-08-25,2023-10-20,PUT,4413.905,4170.0,30.3,30.7,30.5,25,332,56,0.15342465753424658,1.0584904076738608,ITM
2023-08-25,2023-10-20,PUT,4413.905,4175.0,30.9,31.3,31.1,13,599,56,0.15342465753424658,1.057222754491018,ITM
2023-08-25,2023-10-20,PUT,4413.905,4180.0,31.5,31.9,31.7,11,182,56,0.15342465753424658,1.0559581339712918,ITM
2023-08-25,2023-10-20,PUT,4413.905,4190.0,32.8,33.2,33.0,20,203,56,0.15342465753424658,1.0534379474940334,ITM
2023-08-25,2023-10-20,PUT,4413.905,4195.0,33.5,34.1,33.8,54,64,56,0.15342465753424658,1.0521823599523241,ITM
2023-08-25,2023-10-20,PUT,4413.905,4200.0,34.2,34.5,34.35,236,2129,56,0.15342465753424658,1.050929761904762,ITM
2023-08-25,2023-10-20,PUT,4413.905,4205.0,34.8,35.4,35.099999999999994,20,135,56,0.15342465753424658,1.049680142687277,ITM
2023-08-25,2023-10-20,PUT,4413.905,4215.0,36.3,36.7,36.5,20,77,56,0.15342465753424658,1.0471897983392644,ITM
2023-08-25,2023-10-20,PUT,4413.905,4220.0,37.1,37.4,37.25,4,91,56,0.15342465753424658,1.0459490521327013,ITM
2023-08-25,2023-10-20,PUT,4413.905,4225.0,37.8,38.3,38.05,40,388,56,0.15342465753424658,1.0447112426035503,ITM
2023-08-25,2023-10-20,CALL,4413.905,4230.0,248.9,253.2,251.05,2,20,56,0.15342465753424658,1.0434763593380614,ITM
2023-08-25,2023-10-20,PUT,4413.905,4230.0,38.6,39.0,38.8,163,409,56,0.15342465753424658,1.0434763593380614,ITM
2023-08-25,2023-10-20,PUT,4413.905,4235.0,39.4,39.8,39.599999999999994,3,114,56,0.15342465753424658,1.0422443919716646,ITM
2023-08-25,2023-10-20,PUT,4413.905,4240.0,40.2,40.6,40.400000000000006,1,327,56,0.15342465753424658,1.041015330188679,ITM
2023-08-25,2023-10-20,PUT,4413.905,4245.0,41.0,41.5,41.25,18,104,56,0.15342465753424658,1.0397891637220258,ITM
2023-08-25,2023-10-20,CALL,4413.905,4250.0,233.2,236.6,234.89999999999998,8,555,56,0.15342465753424658,1.0385658823529411,ITM
2023-08-25,2023-10-20,PUT,4413.905,4250.0,41.9,42.2,42.05,227,701,56,0.15342465753424658,1.0385658823529411,ITM
2023-08-25,2023-10-20,PUT,4413.905,4255.0,42.8,43.1,42.95,7,49,56,0.15342465753424658,1.0373454759106933,ITM
2023-08-25,2023-10-20,PUT,4413.905,4260.0,43.6,43.9,43.75,12,406,56,0.15342465753424658,1.0361279342723004,ITM
2023-08-25,2023-10-20,PUT,4413.905,4265.0,44.5,44.9,44.7,20,113,56,0.15342465753424658,1.0349132473622509,ITM
2023-08-25,2023-10-20,CALL,4413.905,4270.0,216.1,219.5,217.8,2,541,56,0.15342465753424658,1.0337014051522249,ITM
2023-08-25,2023-10-20,PUT,4413.905,4270.0,45.3,45.9,45.599999999999994,17,356,56,0.15342465753424658,1.0337014051522249,ITM
2023-08-25,2023-10-20,PUT,4413.905,4275.0,46.3,46.8,46.55,30,2233,56,0.15342465753424658,1.0324923976608187,ITM
2023-08-25,2023-10-20,CALL,4413.905,4280.0,208.4,212.2,210.3,2,108,56,0.15342465753424658,1.0312862149532709,ITM
2023-08-25,2023-10-20,PUT,4413.905,4280.0,47.2,47.8,47.5,13,182,56,0.15342465753424658,1.0312862149532709,ITM
2023-08-25,2023-10-20,PUT,4413.905,4285.0,48.3,48.7,48.5,14,24,56,0.15342465753424658,1.0300828471411902,ITM
2023-08-25,2023-10-20,PUT,4413.905,4290.0,49.3,49.8,49.55,30,435,56,0.15342465753424658,1.0288822843822842,ATM
2023-08-25,2023-10-20,CALL,4413.905,4295.0,196.6,200.3,198.45,3,4,56,0.15342465753424658,1.027684516880093,ATM
2023-08-25,2023-10-20,PUT,4413.905,4295.0,50.3,50.7,50.5,15,64,56,0.15342465753424658,1.027684516880093,ATM
2023-08-25,2023-10-20,CALL,4413.905,4300.0,192.8,196.0,194.4,2,157,56,0.15342465753424658,1.0264895348837209,ATM
2023-08-25,2023-10-20,PUT,4413.905,4300.0,51.4,51.7,51.55,239,2229,56,0.15342465753424658,1.0264895348837209,ATM
2023-08-25,2023-10-20,CALL,4413.905,4305.0,188.8,192.4,190.60000000000002,4,9,56,0.15342465753424658,1.0252973286875726,ATM
2023-08-25,2023-10-20,PUT,4413.905,4305.0,52.4,52.8,52.599999999999994,3,132,56,0.15342465753424658,1.0252973286875726,ATM
2023-08-25,2023-10-20,PUT,4413.905,4310.0,53.4,54.0,53.7,13,202,56,0.15342465753424658,1.0241078886310904,ATM
2023-08-25,2023-10-20,PUT,4413.905,4315.0,54.6,55.0,54.8,15,53,56,0.15342465753424658,1.0229212050984935,ATM
2023-08-25,2023-10-20,PUT,4413.905,4320.0,55.7,56.1,55.900000000000006,32,453,56,0.15342465753424658,1.0217372685185184,ATM
2023-08-25,2023-10-20,CALL,4413.905,4325.0,174.3,174.8,174.55,3,98,56,0.15342465753424658,1.0205560693641618,ATM
2023-08-25,2023-10-20,PUT,4413.905,4325.0,56.9,57.3,57.099999999999994,43,2192,56,0.15342465753424658,1.0205560693641618,ATM
2023-08-25,2023-10-20,PUT,4413.905,4330.0,58.1,58.5,58.3,2,228,56,0.15342465753424658,1.019377598152425,ATM
2023-08-25,2023-10-20,PUT,4413.905,4340.0,60.5,60.9,60.7,1,510,56,0.15342465753424658,1.017028801843318,ATM
2023-08-25,2023-10-20,CALL,4413.905,4345.0,159.2,161.1,160.14999999999998,5,10,56,0.15342465753424658,1.0158584579976984,ATM
2023-08-25,2023-10-20,PUT,4413.905,4345.0,61.8,62.3,62.05,108,99,56,0.15342465753424658,1.0158584579976984,ATM
2023-08-25,2023-10-20,CALL,4413.905,4350.0,155.7,156.1,155.89999999999998,46,334,56,0.15342465753424658,1.014690804597701,ATM
2023-08-25,2023-10-20,PUT,4413.905,4350.0,63.1,63.5,63.3,63,545,56,0.15342465753424658,1.014690804597701,ATM
2023-08-25,2023-10-20,PUT,4413.905,4355.0,64.3,64.8,64.55,4,79,56,0.15342465753424658,1.0135258323765786,ATM
2023-08-25,2023-10-20,CALL,4413.905,4360.0,148.4,148.9,148.65,7,173,56,0.15342465753424658,1.0123635321100917,ATM
2023-08-25,2023-10-20,PUT,4413.905,4360.0,65.7,66.1,65.9,35,293,56,0.15342465753424658,1.0123635321100917,ATM
2023-08-25,2023-10-20,CALL,4413.905,4365.0,144.8,147.4,146.10000000000002,1,22,56,0.15342465753424658,1.0112038946162656,ATM
2023-08-25,2023-10-20,PUT,4413.905,4365.0,67.0,67.5,67.25,15,80,56,0.15342465753424658,1.0112038946162656,ATM
2023-08-25,2023-10-20,CALL,4413.905,4370.0,141.2,141.7,141.45,10,92,56,0.15342465753424658,1.0100469107551486,ATM
2023-08-25,2023-10-20,PUT,4413.905,4370.0,68.5,68.9,68.7,10,297,56,0.15342465753424658,1.0100469107551486,ATM
2023-08-25,2023-10-20,CALL,4413.905,4375.0,137.7,138.2,137.95,19,137,56,0.15342465753424658,1.0088925714285715,ATM
2023-08-25,2023-10-20,PUT,4413.905,4375.0,69.9,70.3,70.1,15,596,56,0.15342465753424658,1.0088925714285715,ATM
2023-08-25,2023-10-20,CALL,4413.905,4380.0,134.2,134.7,134.45,10,315,56,0.15342465753424658,1.0077408675799087,ATM
2023-08-25,2023-10-20,PUT,4413.905,4380.0,71.3,71.8,71.55,19,236,56,0.15342465753424658,1.0077408675799087,ATM
2023-08-25,2023-10-20,CALL,4413.905,4385.0,130.8,131.3,131.05,18,49,56,0.15342465753424658,1.0065917901938426,ATM
2023-08-25,2023-10-20,PUT,4413.905,4385.0,72.8,73.3,73.05,29,118,56,0.15342465753424658,1.0065917901938426,ATM
2023-08-25,2023-10-20,PUT,4413.905,4390.0,74.4,74.8,74.6,21,167,56,0.15342465753424658,1.0054453302961275,ATM
2023-08-25,2023-10-20,CALL,4413.905,4395.0,123.9,126.3,125.1,11,93,56,0.15342465753424658,1.004301478953356,ATM
2023-08-25,2023-10-20,PUT,4413.905,4395.0,76.0,76.4,76.2,15,108,56,0.15342465753424658,1.004301478953356,ATM
2023-08-25,2023-10-20,CALL,4413.905,4400.0,120.7,121.1,120.9,184,711,56,0.15342465753424658,1.0031602272727271,ATM
2023-08-25,2023-10-20,PUT,4413.905,4400.0,77.6,78.0,77.8,169,2000,56,0.15342465753424658,1.0031602272727271,ATM
2023-08-25,2023-10-20,CALL,4413.905,4405.0,117.3,117.8,117.55,20,154,56,0.15342465753424658,1.0020215664018162,ATM
2023-08-25,2023-10-20,PUT,4413.905,4405.0,79.0,79.9,79.45,25,95,56,0.15342465753424658,1.0020215664018162,ATM
2023-08-25,2023-10-20,CALL,4413.905,4410.0,114.0,115.0,114.5,17,92,56,0.15342465753424658,1.0008854875283446,ATM
2023-08-25,2023-10-20,PUT,4413.905,4410.0,80.7,81.5,81.1,26,143,56,0.15342465753424658,1.0008854875283446,ATM
2023-08-25,2023-10-20,CALL,4413.905,4415.0,110.8,111.7,111.25,18,12,56,0.15342465753424658,0.9997519818799546,ATM
2023-08-25,2023-10-20,PUT,4413.905,4415.0,82.6,83.1,82.85,24,208,56,0.15342465753424658,0.9997519818799546,ATM
2023-08-25,2023-10-20,CALL,4413.905,4420.0,107.6,108.1,107.85,15,137,56,0.15342465753424658,0.9986210407239818,ATM
2023-08-25,2023-10-20,PUT,4413.905,4420.0,84.4,84.8,84.6,9,600,56,0.15342465753424658,0.9986210407239818,ATM
2023-08-25,2023-10-20,CALL,4413.905,4425.0,104.4,104.9,104.65,39,514,56,0.15342465753424658,0.9974926553672315,ATM
2023-08-25,2023-10-20,PUT,4413.905,4425.0,86.2,86.6,86.4,16,699,56,0.15342465753424658,0.9974926553672315,ATM
2023-08-25,2023-10-20,CALL,4413.905,4430.0,101.3,101.8,101.55,23,342,56,0.15342465753424658,0.9963668171557561,ATM
2023-08-25,2023-10-20,PUT,4413.905,4430.0,87.8,88.7,88.25,77,581,56,0.15342465753424658,0.9963668171557561,ATM
2023-08-25,2023-10-20,CALL,4413.905,4435.0,98.0,98.9,98.45,21,84,56,0.15342465753424658,0.9952435174746336,ATM
2023-08-25,2023-10-20,PUT,4413.905,4435.0,89.7,90.5,90.1,24,302,56,0.15342465753424658,0.9952435174746336,ATM
2023-08-25,2023-10-20,CALL,4413.905,4440.0,95.0,95.9,95.45,13,146,56,0.15342465753424658,0.9941227477477477,ATM
2023-08-25,2023-10-20,PUT,4413.905,4440.0,91.6,92.5,92.05,16,604,56,0.15342465753424658,0.9941227477477477,ATM
2023-08-25,2023-10-20,CALL,4413.905,4445.0,92.2,92.7,92.45,14,98,56,0.15342465753424658,0.9930044994375703,ATM
2023-08-25,2023-10-20,PUT,4413.905,4445.0,93.8,94.3,94.05,10,416,56,0.15342465753424658,0.9930044994375703,ATM
2023-08-25,2023-10-20,CALL,4413.905,4450.0,89.3,89.9,89.6,2,479,56,0.15342465753424658,0.9918887640449437,ATM
2023-08-25,2023-10-20,PUT,4413.905,4450.0,95.8,96.3,96.05,13,515,56,0.15342465753424658,0.9918887640449437,ATM
2023-08-25,2023-10-20,CALL,4413.905,4455.0,86.4,86.9,86.65,2,131,56,0.15342465753424658,0.9907755331088663,ATM
2023-08-25,2023-10-20,PUT,4413.905,4455.0,97.9,98.3,98.1,13,208,56,0.15342465753424658,0.9907755331088663,ATM
2023-08-25,2023-10-20,CALL,4413.905,4460.0,83.6,84.0,83.8,4,198,56,0.15342465753424658,0.989664798206278,ATM
2023-08-25,2023-10-20,CALL,4413.905,4465.0,80.8,81.2,81.0,15,76,56,0.15342465753424658,0.9885565509518477,ATM
2023-08-25,2023-10-20,PUT,4413.905,4465.0,102.2,102.6,102.4,23,184,56,0.15342465753424658,0.9885565509518477,ATM
2023-08-25,2023-10-20,CALL,4413.905,4470.0,78.0,78.5,78.25,14,169,56,0.15342465753424658,0.9874507829977628,ATM
2023-08-25,2023-10-20,PUT,4413.905,4470.0,104.2,105.1,104.65,8,361,56,0.15342465753424658,0.9874507829977628,ATM
2023-08-25,2023-10-20,CALL,4413.905,4475.0,75.3,75.8,75.55,2,251,56,0.15342465753424658,0.9863474860335195,ATM
2023-08-25,2023-10-20,PUT,4413.905,4475.0,106.6,107.1,106.85,5,1199,56,0.15342465753424658,0.9863474860335195,ATM
2023-08-25,2023-10-20,CALL,4413.905,4480.0,72.7,73.1,72.9,35,242,56,0.15342465753424658,0.9852466517857142,ATM
2023-08-25,2023-10-20,PUT,4413.905,4480.0,108.9,109.4,109.15,3,272,56,0.15342465753424658,0.9852466517857142,ATM
2023-08-25,2023-10-20,CALL,4413.905,4485.0,70.1,70.6,70.35,15,97,56,0.15342465753424658,0.9841482720178372,ATM
2023-08-25,2023-10-20,CALL,4413.905,4490.0,67.6,68.0,67.8,7,234,56,0.15342465753424658,0.9830523385300668,ATM
2023-08-25,2023-10-20,PUT,4413.905,4490.0,111.8,115.0,113.4,11,201,56,0.15342465753424658,0.9830523385300668,ATM
2023-08-25,2023-10-20,CALL,4413.905,4495.0,65.1,65.5,65.3,14,73,56,0.15342465753424658,0.9819588431590656,ATM
2023-08-25,2023-10-20,PUT,4413.905,4495.0,114.3,117.5,115.9,7,164,56,0.15342465753424658,0.9819588431590656,ATM
2023-08-25,2023-10-20,CALL,4413.905,4500.0,62.7,63.1,62.900000000000006,104,1177,56,0.15342465753424658,0.9808677777777777,ATM
2023-08-25,2023-10-20,PUT,4413.905,4500.0,118.7,119.2,118.95,21,1176,56,0.15342465753424658,0.9808677777777777,ATM
2023-08-25,2023-10-20,CALL,4413.905,4505.0,60.2,60.7,60.45,26,140,56,0.15342465753424658,0.9797791342952274,ATM
2023-08-25,2023-10-20,PUT,4413.905,4505.0,119.8,122.6,121.19999999999999,16,332,56,0.15342465753424658,0.9797791342952274,ATM
2023-08-25,2023-10-20,CALL,4413.905,4510.0,57.9,58.4,58.15,10,384,56,0.15342465753424658,0.9786929046563192,ATM
2023-08-25,2023-10-20,PUT,4413.905,4510.0,121.9,125.3,123.6,3,610,56,0.15342465753424658,0.9786929046563192,ATM
2023-08-25,2023-10-20,CALL,4413.905,4515.0,55.6,56.1,55.85,17,166,56,0.15342465753424658,0.9776090808416389,ATM
2023-08-25,2023-10-20,PUT,4413.905,4515.0,126.6,127.1,126.85,6,160,56,0.15342465753424658,0.9776090808416389,ATM
2023-08-25,2023-10-20,CALL,4413.905,4520.0,53.4,53.9,53.65,34,366,56,0.15342465753424658,0.9765276548672566,ATM
2023-08-25,2023-10-20,PUT,4413.905,4520.0,129.4,129.8,129.60000000000002,2,315,56,0.15342465753424658,0.9765276548672566,ATM
2023-08-25,2023-10-20,CALL,4413.905,4525.0,51.3,51.7,51.5,10,377,56,0.15342465753424658,0.9754486187845304,ATM
2023-08-25,2023-10-20,PUT,4413.905,4525.0,132.1,132.6,132.35,35,487,56,0.15342465753424658,0.9754486187845304,ATM
2023-08-25,2023-10-20,CALL,4413.905,4530.0,49.0,49.8,49.4,8,639,56,0.15342465753424658,0.9743719646799116,ATM
2023-08-25,2023-10-20,PUT,4413.905,4530.0,135.0,135.5,135.25,33,101,56,0.15342465753424658,0.9743719646799116,ATM
2023-08-25,2023-10-20,CALL,4413.905,4535.0,47.0,47.7,47.35,13,171,56,0.15342465753424658,0.9732976846747519,ATM
2023-08-25,2023-10-20,PUT,4413.905,4535.0,137.9,138.4,138.15,6,190,56,0.15342465753424658,0.9732976846747519,ATM
2023-08-25,2023-10-20,CALL,4413.905,4540.0,45.0,45.7,45.35,10,316,56,0.15342465753424658,0.9722257709251101,ATM
2023-08-25,2023-10-20,PUT,4413.905,4540.0,138.7,142.3,140.5,2,232,56,0.15342465753424658,0.9722257709251101,ATM
2023-08-25,2023-10-20,PUT,4413.905,4545.0,141.6,145.7,143.64999999999998,4,206,56,0.15342465753424658,0.9711562156215621,ATM
2023-08-25,2023-10-20,CALL,4413.905,4550.0,41.4,41.8,41.599999999999994,39,379,56,0.15342465753424658,0.9700890109890109,ATM
2023-08-25,2023-10-20,PUT,4413.905,4550.0,145.5,148.8,147.15,5,528,56,0.15342465753424658,0.9700890109890109,ATM
2023-08-25,2023-10-20,CALL,4413.905,4555.0,39.5,40.0,39.75,1,146,56,0.15342465753424658,0.9690241492864983,OTM
2023-08-25,2023-10-20,CALL,4413.905,4560.0,37.8,38.2,38.0,21,330,56,0.15342465753424658,0.9679616228070175,OTM
2023-08-25,2023-10-20,PUT,4413.905,4560.0,151.6,155.2,153.39999999999998,2,662,56,0.15342465753424658,0.9679616228070175,OTM
2023-08-25,2023-10-20,CALL,4413.905,4565.0,36.1,36.5,36.3,6,213,56,0.15342465753424658,0.9669014238773275,OTM
2023-08-25,2023-10-20,CALL,4413.905,4570.0,34.5,34.9,34.7,57,393,56,0.15342465753424658,0.965843544857768,OTM
2023-08-25,2023-10-20,PUT,4413.905,4570.0,157.6,161.8,159.7,7,227,56,0.15342465753424658,0.965843544857768,OTM
2023-08-25,2023-10-20,CALL,4413.905,4575.0,32.9,33.3,33.099999999999994,34,315,56,0.15342465753424658,0.9647879781420764,OTM
2023-08-25,2023-10-20,CALL,4413.905,4580.0,31.3,31.8,31.55,25,513,56,0.15342465753424658,0.9637347161572052,OTM
2023-08-25,2023-10-20,CALL,4413.905,4585.0,29.9,30.2,30.049999999999997,4,215,56,0.15342465753424658,0.9626837513631407,OTM
2023-08-25,2023-10-20,CALL,4413.905,4590.0,28.4,28.8,28.6,18,522,56,0.15342465753424658,0.9616350762527233,OTM
2023-08-25,2023-10-20,CALL,4413.905,4595.0,27.1,27.4,27.25,21,212,56,0.15342465753424658,0.960588683351469,OTM
2023-08-25,2023-10-20,PUT,4413.905,4595.0,174.9,179.2,177.05,3,219,56,0.15342465753424658,0.960588683351469,OTM
2023-08-25,2023-10-20,CALL,4413.905,4600.0,25.7,26.1,25.9,158,749,56,0.15342465753424658,0.9595445652173913,OTM
2023-08-25,2023-10-20,CALL,4413.905,4605.0,24.5,24.8,24.65,5,262,56,0.15342465753424658,0.9585027144408251,OTM
2023-08-25,2023-10-20,CALL,4413.905,4610.0,23.2,23.6,23.4,19,398,56,0.15342465753424658,0.9574631236442516,OTM
2023-08-25,2023-10-20,CALL,4413.905,4615.0,22.1,22.4,22.25,30,396,56,0.15342465753424658,0.9564257854821234,OTM
2023-08-25,2023-10-20,CALL,4413.905,4620.0,20.9,21.3,21.1,6,546,56,0.15342465753424658,0.9553906926406925,OTM
2023-08-25,2023-10-20,CALL,4413.905,4625.0,19.8,20.2,20.0,13,327,56,0.15342465753424658,0.9543578378378378,OTM
2023-08-25,2023-10-20,CALL,4413.905,4630.0,18.8,19.2,19.0,2,547,56,0.15342465753424658,0.9533272138228941,OTM
2023-08-25,2023-10-20,CALL,4413.905,4635.0,17.8,18.2,18.0,4,252,56,0.15342465753424658,0.9522988133764833,OTM
2023-08-25,2023-10-20,CALL,4413.905,4640.0,16.9,17.2,17.049999999999997,7,604,56,0.15342465753424658,0.9512726293103447,OTM
2023-08-25,2023-10-20,CALL,4413.905,4645.0,16.0,16.3,16.15,2,107,56,0.15342465753424658,0.950248654467169,OTM
2023-08-25,2023-10-20,CALL,4413.905,4650.0,15.1,15.5,15.3,122,1245,56,0.15342465753424658,0.94922688172043,OTM
2023-08-25,2023-10-20,CALL,4413.905,4655.0,14.3,14.6,14.45,4,241,56,0.15342465753424658,0.9482073039742213,OTM
2023-08-25,2023-10-20,CALL,4413.905,4660.0,13.5,13.9,13.7,5,109,56,0.15342465753424658,0.9471899141630901,OTM
2023-08-25,2023-10-20,CALL,4413.905,4665.0,12.8,13.1,12.95,2,157,56,0.15342465753424658,0.9461747052518756,OTM
2023-08-25,2023-10-20,CALL,4413.905,4670.0,12.1,12.4,12.25,3,725,56,0.15342465753424658,0.945161670235546,OTM
2023-08-25,2023-10-20,CALL,4413.905,4675.0,11.4,11.7,11.55,1,490,56,0.15342465753424658,0.9441508021390373,OTM
2023-08-25,2023-10-20,CALL,4413.905,4680.0,10.7,11.1,10.899999999999999,1,524,56,0.15342465753424658,0.9431420940170939,OTM
2023-08-25,2023-10-20,CALL,4413.905,4685.0,10.1,10.4,10.25,6,149,56,0.15342465753424658,0.9421355389541088,OTM
2023-08-25,2023-10-20,CALL,4413.905,4690.0,9.6,9.9,9.75,3,523,56,0.15342465753424658,0.9411311300639659,OTM
2023-08-25,2023-10-20,CALL,4413.905,4695.0,9.0,9.3,9.15,15,379,56,0.15342465753424658,0.9401288604898828,OTM
2023-08-25,2023-10-20,CALL,4413.905,4700.0,8.5,8.8,8.65,82,1296,56,0.15342465753424658,0.9391287234042552,OTM
2023-08-25,2023-10-20,CALL,4413.905,4705.0,8.0,8.3,8.15,8,309,56,0.15342465753424658,0.9381307120085015,OTM
2023-08-25,2023-10-20,CALL,4413.905,4715.0,7.1,7.4,7.25,1,248,56,0.15342465753424658,0.9361410392364793,OTM
2023-08-25,2023-10-20,CALL,4413.905,4720.0,6.7,6.9,6.800000000000001,27,694,56,0.15342465753424658,0.9351493644067796,OTM
2023-08-25,2023-10-20,CALL,4413.905,4725.0,6.3,6.6,6.449999999999999,1,505,56,0.15342465753424658,0.9341597883597883,OTM
2023-08-25,2023-10-20,CALL,4413.905,4730.0,6.0,6.2,6.1,10,795,56,0.15342465753424658,0.9331723044397462,OTM
2023-08-25,2023-10-20,CALL,4413.905,4740.0,5.3,5.5,5.4,16,370,56,0.15342465753424658,0.9312035864978903,OTM
2023-08-25,2023-10-20,CALL,4413.905,4745.0,5.0,5.2,5.1,3,86,56,0.15342465753424658,0.930222339304531,OTM
2023-08-25,2023-10-20,CALL,4413.905,4750.0,4.7,4.9,4.800000000000001,38,918,56,0.15342465753424658,0.9292431578947368,OTM
2023-08-25,2023-10-20,CALL,4413.905,4755.0,4.4,4.6,4.5,11,186,56,0.15342465753424658,0.9282660357518401,OTM
2023-08-25,2023-10-20,CALL,4413.905,4760.0,4.2,4.4,4.300000000000001,2,373,56,0.15342465753424658,0.9272909663865546,OTM
2023-08-25,2023-10-20,CALL,4413.905,4770.0,3.7,3.9,3.8,2,730,56,0.15342465753424658,0.9253469601677148,OTM
2023-08-25,2023-10-20,CALL,4413.905,4775.0,3.5,3.7,3.6,15,381,56,0.15342465753424658,0.9243780104712042,OTM
2023-08-25,2023-10-20,CALL,4413.905,4780.0,3.3,3.5,3.4,4,229,56,0.15342465753424658,0.9234110878661087,OTM
2023-08-25,2023-10-20,CALL,4413.905,4790.0,2.95,3.1,3.0250000000000004,2,228,56,0.15342465753424658,0.9214832985386221,OTM
2023-08-25,2023-10-20,PUT,4413.905,4790.0,343.3,351.9,347.6,2,20,56,0.15342465753424658,0.9214832985386221,OTM
2023-08-25,2023-10-20,CALL,4413.905,4800.0,2.65,2.75,2.7,10,1082,56,0.15342465753424658,0.9195635416666667,OTM
2023-08-25,2023-10-20,PUT,4413.905,4800.0,352.9,361.5,357.2,3,41,56,0.15342465753424658,0.9195635416666667,OTM
2023-08-25,2023-10-20,CALL,4413.905,4820.0,2.1,2.2,2.1500000000000004,1,78,56,0.15342465753424658,0.9157479253112033,OTM
2023-08-25,2023-10-20,CALL,4413.905,4825.0,2.0,2.1,2.05,11,1333,56,0.15342465753424658,0.9147989637305699,OTM
2023-08-25,2023-10-20,CALL,4413.905,4850.0,1.5,1.6,1.55,10,1594,56,0.15342465753424658,0.9100835051546391,OTM
2023-08-25,2023-10-20,CALL,4413.905,4870.0,1.25,1.35,1.3,10,132,56,0.15342465753424658,0.9063459958932237,OTM
2023-08-25,2023-10-20,CALL,4413.905,4875.0,1.15,1.3,1.225,20,946,56,0.15342465753424658,0.9054164102564102,OTM
2023-08-25,2023-10-20,CALL,4413.905,4900.0,0.9,1.05,0.9750000000000001,3,848,56,0.15342465753424658,0.9007969387755101,OTM
2023-08-25,2023-10-31,PUT,4413.905,4025.0,21.9,22.3,22.1,1,385,67,0.18356164383561643,1.096622360248447,ITM
2023-08-25,2023-10-31,PUT,4413.905,4035.0,22.6,23.0,22.8,1,20,67,0.18356164383561643,1.09390458488228,ITM
2023-08-25,2023-10-31,PUT,4413.905,4040.0,23.0,23.4,23.2,10,274,67,0.18356164383561643,1.0925507425742573,ITM
2023-08-25,2023-10-31,PUT,4413.905,4050.0,23.8,24.2,24.0,2,1787,67,0.18356164383561643,1.089853086419753,ITM
2023-08-25,2023-10-31,PUT,4413.905,4075.0,25.9,26.3,26.1,6,111,67,0.18356164383561643,1.0831668711656441,ITM
2023-08-25,2023-10-31,PUT,4413.905,4080.0,26.4,26.8,26.6,5,116,67,0.18356164383561643,1.0818394607843136,ITM
2023-08-25,2023-10-31,PUT,4413.905,4095.0,27.8,28.2,28.0,1,5,67,0.18356164383561643,1.0778766788766787,ITM
2023-08-25,2023-10-31,CALL,4413.905,4100.0,372.8,375.5,374.15,1,64,67,0.18356164383561643,1.076562195121951,ITM
2023-08-25,2023-10-31,PUT,4413.905,4100.0,28.3,28.7,28.5,119,4957,67,0.18356164383561643,1.076562195121951,ITM
2023-08-25,2023-10-31,PUT,4413.905,4130.0,31.4,31.8,31.6,1,97,67,0.18356164383561643,1.0687421307506053,ITM
2023-08-25,2023-10-31,PUT,4413.905,4140.0,32.5,33.0,32.75,41,47,67,0.18356164383561643,1.0661606280193237,ITM
2023-08-25,2023-10-31,PUT,4413.905,4150.0,33.7,34.2,33.95,47,2743,67,0.18356164383561643,1.0635915662650601,ITM
2023-08-25,2023-10-31,PUT,4413.905,4160.0,34.9,35.4,35.15,3,52,67,0.18356164383561643,1.0610348557692306,ITM
2023-08-25,2023-10-31,PUT,4413.905,4170.0,36.2,36.6,36.400000000000006,10,43,67,0.18356164383561643,1.0584904076738608,ITM
2023-08-25,2023-10-31,PUT,4413.905,4175.0,36.8,37.5,37.15,16,159,67,0.18356164383561643,1.057222754491018,ITM
2023-08-25,2023-10-31,PUT,4413.905,4185.0,38.2,38.9,38.55,7,103,67,0.18356164383561643,1.0546965352449222,ITM
2023-08-25,2023-10-31,PUT,4413.905,4190.0,38.9,39.3,39.099999999999994,36,116,67,0.18356164383561643,1.0534379474940334,ITM
2023-08-25,2023-10-31,PUT,4413.905,4195.0,39.6,40.1,39.85,1,98,67,0.18356164383561643,1.0521823599523241,ITM
2023-08-25,2023-10-31,PUT,4413.905,4200.0,40.4,40.8,40.599999999999994,685,2146,67,0.18356164383561643,1.050929761904762,ITM
2023-08-25,2023-10-31,PUT,4413.905,4205.0,41.1,41.5,41.3,7,49,67,0.18356164383561643,1.049680142687277,ITM
2023-08-25,2023-10-31,PUT,4413.905,4225.0,44.1,44.7,44.400000000000006,45,438,67,0.18356164383561643,1.0447112426035503,ITM
2023-08-25,2023-10-31,PUT,4413.905,4230.0,45.0,45.4,45.2,31,137,67,0.18356164383561643,1.0434763593380614,ITM
2023-08-25,2023-10-31,PUT,4413.905,4235.0,45.7,46.5,46.1,15,5,67,0.18356164383561643,1.0422443919716646,ITM
2023-08-25,2023-10-31,PUT,4413.905,4240.0,46.6,47.1,46.85,36,119,67,0.18356164383561643,1.041015330188679,ITM
2023-08-25,2023-10-31,PUT,4413.905,4245.0,47.4,48.2,47.8,60,39,67,0.18356164383561643,1.0397891637220258,ITM
2023-08-25,2023-10-31,PUT,4413.905,4250.0,48.4,48.9,48.65,53,2858,67,0.18356164383561643,1.0385658823529411,ITM
2023-08-25,2023-10-31,PUT,4413.905,4260.0,50.2,50.7,50.45,22,79,67,0.18356164383561643,1.0361279342723004,ITM
2023-08-25,2023-10-31,PUT,4413.905,4270.0,52.1,52.6,52.35,24,10336,67,0.18356164383561643,1.0337014051522249,ITM
2023-08-25,2023-10-31,PUT,4413.905,4275.0,53.0,53.5,53.25,107,603,67,0.18356164383561643,1.0324923976608187,ITM
2023-08-25,2023-10-31,PUT,4413.905,4280.0,54.0,54.5,54.25,87,10063,67,0.18356164383561643,1.0312862149532709,ITM
2023-08-25,2023-10-31,PUT,4413.905,4285.0,55.0,55.6,55.3,44,70,67,0.18356164383561643,1.0300828471411902,ITM
2023-08-25,2023-10-31,PUT,4413.905,4290.0,56.1,56.6,56.35,15,10565,67,0.18356164383561643,1.0288822843822842,ATM
2023-08-25,2023-10-31,PUT,4413.905,4300.0,58.2,58.7,58.45,30,13941,67,0.18356164383561643,1.0264895348837209,ATM
2023-08-25,2023-10-31,PUT,4413.905,4305.0,59.3,59.8,59.55,22,78,67,0.18356164383561643,1.0252973286875726,ATM
2023-08-25,2023-10-31,PUT,4413.905,4310.0,60.4,60.9,60.65,3,788,67,0.18356164383561643,1.0241078886310904,ATM
2023-08-25,2023-10-31,PUT,4413.905,4315.0,61.5,62.0,61.75,32,27,67,0.18356164383561643,1.0229212050984935,ATM
2023-08-25,2023-10-31,PUT,4413.905,4320.0,62.7,63.2,62.95,2,215,67,0.18356164383561643,1.0217372685185184,ATM
2023-08-25,2023-10-31,PUT,4413.905,4325.0,63.7,64.6,64.15,15,1354,67,0.18356164383561643,1.0205560693641618,ATM
2023-08-25,2023-10-31,CALL,4413.905,4330.0,182.3,184.1,183.2,1,24,67,0.18356164383561643,1.019377598152425,ATM
2023-08-25,2023-10-31,PUT,4413.905,4330.0,65.0,65.6,65.3,1,356,67,0.18356164383561643,1.019377598152425,ATM
2023-08-25,2023-10-31,CALL,4413.905,4340.0,175.0,176.6,175.8,3,66,67,0.18356164383561643,1.017028801843318,ATM
2023-08-25,2023-10-31,PUT,4413.905,4340.0,67.5,68.0,67.75,131,10546,67,0.18356164383561643,1.017028801843318,ATM
2023-08-25,2023-10-31,CALL,4413.905,4345.0,171.9,172.6,172.25,56,3,67,0.18356164383561643,1.0158584579976984,ATM
2023-08-25,2023-10-31,PUT,4413.905,4345.0,68.8,69.3,69.05,5,47,67,0.18356164383561643,1.0158584579976984,ATM
2023-08-25,2023-10-31,CALL,4413.905,4350.0,168.2,169.3,168.75,1,85,67,0.18356164383561643,1.014690804597701,ATM
2023-08-25,2023-10-31,PUT,4413.905,4350.0,70.0,70.7,70.35,22,1064,67,0.18356164383561643,1.014690804597701,ATM
2023-08-25,2023-10-31,PUT,4413.905,4360.0,72.6,73.5,73.05,32,181,67,0.18356164383561643,1.0123635321100917,ATM
2023-08-25,2023-10-31,PUT,4413.905,4365.0,74.1,74.7,74.4,40,29,67,0.18356164383561643,1.0112038946162656,ATM
2023-08-25,2023-10-31,CALL,4413.905,4375.0,150.4,151.0,150.7,7,222,67,0.18356164383561643,1.0088925714285715,ATM
2023-08-25,2023-10-31,PUT,4413.905,4375.0,77.0,77.5,77.25,37,221,67,0.18356164383561643,1.0088925714285715,ATM
2023-08-25,2023-10-31,PUT,4413.905,4380.0,78.4,79.0,78.7,2,38,67,0.18356164383561643,1.0077408675799087,ATM
2023-08-25,2023-10-31,PUT,4413.905,4385.0,79.8,80.7,80.25,29,8,67,0.18356164383561643,1.0065917901938426,ATM
2023-08-25,2023-10-31,CALL,4413.905,4400.0,133.3,133.9,133.60000000000002,125,1195,67,0.18356164383561643,1.0031602272727271,ATM
2023-08-25,2023-10-31,PUT,4413.905,4400.0,84.6,85.2,84.9,324,706,67,0.18356164383561643,1.0031602272727271,ATM
2023-08-25,2023-10-31,PUT,4413.905,4405.0,86.1,87.0,86.55,16,113,67,0.18356164383561643,1.0020215664018162,ATM
2023-08-25,2023-10-31,CALL,4413.905,4410.0,126.6,127.6,127.1,125,126,67,0.18356164383561643,1.0008854875283446,ATM
2023-08-25,2023-10-31,PUT,4413.905,4410.0,87.9,88.5,88.2,26,110,67,0.18356164383561643,1.0008854875283446,ATM
2023-08-25,2023-10-31,CALL,4413.905,4415.0,122.9,124.4,123.65,24,5,67,0.18356164383561643,0.9997519818799546,ATM
2023-08-25,2023-10-31,PUT,4413.905,4415.0,89.6,90.1,89.85,2,51,67,0.18356164383561643,0.9997519818799546,ATM
2023-08-25,2023-10-31,PUT,4413.905,4420.0,91.2,92.1,91.65,64,272,67,0.18356164383561643,0.9986210407239818,ATM
2023-08-25,2023-10-31,CALL,4413.905,4425.0,117.0,117.6,117.3,4,221,67,0.18356164383561643,0.9974926553672315,ATM
2023-08-25,2023-10-31,PUT,4413.905,4425.0,93.1,93.6,93.35,15,311,67,0.18356164383561643,0.9974926553672315,ATM
2023-08-25,2023-10-31,CALL,4413.905,4440.0,107.4,108.4,107.9,7,108,67,0.18356164383561643,0.9941227477477477,ATM
2023-08-25,2023-10-31,PUT,4413.905,4440.0,98.5,99.4,98.95,9,102,67,0.18356164383561643,0.9941227477477477,ATM
2023-08-25,2023-10-31,CALL,4413.905,4445.0,104.4,105.3,104.85,4,30,67,0.18356164383561643,0.9930044994375703,ATM
2023-08-25,2023-10-31,PUT,4413.905,4445.0,100.4,101.3,100.85,2,23,67,0.18356164383561643,0.9930044994375703,ATM
2023-08-25,2023-10-31,CALL,4413.905,4450.0,101.7,102.3,102.0,11,966,67,0.18356164383561643,0.9918887640449437,ATM
2023-08-25,2023-10-31,PUT,4413.905,4450.0,102.5,103.0,102.75,19,3627,67,0.18356164383561643,0.9918887640449437,ATM
2023-08-25,2023-10-31,PUT,4413.905,4455.0,104.3,105.3,104.8,4,41,67,0.18356164383561643,0.9907755331088663,ATM
2023-08-25,2023-10-31,PUT,4413.905,4460.0,106.4,107.3,106.85,3,93,67,0.18356164383561643,0.989664798206278,ATM
2023-08-25,2023-10-31,CALL,4413.905,4475.0,87.3,87.9,87.6,25,119,67,0.18356164383561643,0.9863474860335195,ATM
2023-08-25,2023-10-31,PUT,4413.905,4475.0,112.9,113.5,113.2,1,893,67,0.18356164383561643,0.9863474860335195,ATM
2023-08-25,2023-10-31,CALL,4413.905,4485.0,81.6,82.6,82.1,1,34,67,0.18356164383561643,0.9841482720178372,ATM
2023-08-25,2023-10-31,PUT,4413.905,4485.0,117.0,118.3,117.65,2,15,67,0.18356164383561643,0.9841482720178372,ATM
2023-08-25,2023-10-31,PUT,4413.905,4490.0,119.3,120.6,119.94999999999999,2,61,67,0.18356164383561643,0.9830523385300668,ATM
2023-08-25,2023-10-31,CALL,4413.905,4500.0,74.0,74.7,74.35,206,1006,67,0.18356164383561643,0.9808677777777777,ATM
2023-08-25,2023-10-31,PUT,4413.905,4500.0,124.4,125.0,124.7,4,1309,67,0.18356164383561643,0.9808677777777777,ATM
2023-08-25,2023-10-31,CALL,4413.905,4515.0,66.8,67.3,67.05,2,100,67,0.18356164383561643,0.9776090808416389,ATM
2023-08-25,2023-10-31,PUT,4413.905,4515.0,131.4,133.1,132.25,7,44,67,0.18356164383561643,0.9776090808416389,ATM
2023-08-25,2023-10-31,PUT,4413.905,4520.0,134.0,135.2,134.6,354,68,67,0.18356164383561643,0.9765276548672566,ATM
2023-08-25,2023-10-31,CALL,4413.905,4525.0,62.1,62.7,62.400000000000006,7,154,67,0.18356164383561643,0.9754486187845304,ATM
2023-08-25,2023-10-31,PUT,4413.905,4525.0,136.7,138.4,137.55,351,1486,67,0.18356164383561643,0.9754486187845304,ATM
2023-08-25,2023-10-31,CALL,4413.905,4530.0,59.9,60.4,60.15,5,253,67,0.18356164383561643,0.9743719646799116,ATM
2023-08-25,2023-10-31,PUT,4413.905,4530.0,139.4,141.3,140.35000000000002,8,91,67,0.18356164383561643,0.9743719646799116,ATM
2023-08-25,2023-10-31,CALL,4413.905,4540.0,55.5,56.1,55.8,2,55,67,0.18356164383561643,0.9722257709251101,ATM
2023-08-25,2023-10-31,PUT,4413.905,4545.0,147.8,149.5,148.65,10,11,67,0.18356164383561643,0.9711562156215621,ATM
2023-08-25,2023-10-31,CALL,4413.905,4550.0,51.4,51.9,51.65,18,323,67,0.18356164383561643,0.9700890109890109,ATM
2023-08-25,2023-10-31,CALL,4413.905,4560.0,47.5,48.0,47.75,3,106,67,0.18356164383561643,0.9679616228070175,OTM
2023-08-25,2023-10-31,PUT,4413.905,4560.0,156.6,158.8,157.7,2,53,67,0.18356164383561643,0.9679616228070175,OTM
2023-08-25,2023-10-31,CALL,4413.905,4570.0,43.7,44.3,44.0,1,216,67,0.18356164383561643,0.965843544857768,OTM
2023-08-25,2023-10-31,PUT,4413.905,4570.0,162.6,164.6,163.6,2,19,67,0.18356164383561643,0.965843544857768,OTM
2023-08-25,2023-10-31,CALL,4413.905,4575.0,42.0,42.5,42.25,2,237,67,0.18356164383561643,0.9647879781420764,OTM
2023-08-25,2023-10-31,PUT,4413.905,4580.0,169.0,171.0,170.0,2,35,67,0.18356164383561643,0.9637347161572052,OTM
2023-08-25,2023-10-31,CALL,4413.905,4600.0,33.9,34.4,34.15,75,490,67,0.18356164383561643,0.9595445652173913,OTM
2023-08-25,2023-10-31,PUT,4413.905,4600.0,182.7,184.1,183.39999999999998,13,136,67,0.18356164383561643,0.9595445652173913,OTM
2023-08-25,2023-10-31,CALL,4413.905,4610.0,31.0,31.4,31.2,17,86,67,0.18356164383561643,0.9574631236442516,OTM
2023-08-25,2023-10-31,CALL,4413.905,4615.0,29.6,30.1,29.85,15,15,67,0.18356164383561643,0.9564257854821234,OTM
2023-08-25,2023-10-31,CALL,4413.905,4620.0,28.3,28.7,28.5,1,47,67,0.18356164383561643,0.9553906926406925,OTM
2023-08-25,2023-10-31,CALL,4413.905,4625.0,27.0,27.4,27.2,37,244,67,0.18356164383561643,0.9543578378378378,OTM
2023-08-25,2023-10-31,CALL,4413.905,4630.0,25.8,26.2,26.0,2,92,67,0.18356164383561643,0.9533272138228941,OTM
2023-08-25,2023-10-31,CALL,4413.905,4635.0,24.5,25.0,24.75,6,63,67,0.18356164383561643,0.9522988133764833,OTM
2023-08-25,2023-10-31,CALL,4413.905,4640.0,23.4,23.9,23.65,9,273,67,0.18356164383561643,0.9512726293103447,OTM
2023-08-25,2023-10-31,CALL,4413.905,4650.0,21.2,21.7,21.45,16,615,67,0.18356164383561643,0.94922688172043,OTM
2023-08-25,2023-10-31,CALL,4413.905,4655.0,20.2,20.7,20.45,1,64,67,0.18356164383561643,0.9482073039742213,OTM
2023-08-25,2023-10-31,CALL,4413.905,4670.0,17.4,17.9,17.65,70,77,67,0.18356164383561643,0.945161670235546,OTM
2023-08-25,2023-10-31,CALL,4413.905,4675.0,16.5,17.0,16.75,1529,156,67,0.18356164383561643,0.9441508021390373,OTM
2023-08-25,2023-10-31,CALL,4413.905,4700.0,12.7,13.1,12.899999999999999,958,1268,67,0.18356164383561643,0.9391287234042552,OTM
2023-08-25,2023-10-31,CALL,4413.905,4705.0,12.1,12.5,12.3,2,17,67,0.18356164383561643,0.9381307120085015,OTM
2023-08-25,2023-10-31,CALL,4413.905,4720.0,10.3,10.7,10.5,100,263,67,0.18356164383561643,0.9351493644067796,OTM
2023-08-25,2023-10-31,CALL,4413.905,4735.0,8.8,9.0,8.9,1,109,67,0.18356164383561643,0.9321869060190073,OTM
2023-08-25,2023-10-31,CALL,4413.905,4750.0,7.4,7.7,7.550000000000001,10,1779,67,0.18356164383561643,0.9292431578947368,OTM
2023-08-25,2023-10-31,CALL,4413.905,4755.0,7.0,7.3,7.15,10,13,67,0.18356164383561643,0.9282660357518401,OTM
2023-08-25,2023-10-31,CALL,4413.905,4760.0,6.7,6.9,6.800000000000001,1,18,67,0.18356164383561643,0.9272909663865546,OTM
2023-08-25,2023-10-31,CALL,4413.905,4765.0,6.3,6.6,6.449999999999999,1,33,67,0.18356164383561643,0.926317943336831,OTM
2023-08-25,2023-10-31,CALL,4413.905,4775.0,5.6,5.9,5.75,14,1361,67,0.18356164383561643,0.9243780104712042,OTM
2023-08-25,2023-10-31,CALL,4413.905,4790.0,4.8,5.0,4.9,1,41,67,0.18356164383561643,0.9214832985386221,OTM
2023-08-25,2023-10-31,CALL,4413.905,4800.0,4.3,4.5,4.4,95,2297,67,0.18356164383561643,0.9195635416666667,OTM
2023-08-25,2023-10-31,CALL,4413.905,4805.0,4.1,4.3,4.199999999999999,30,22,67,0.18356164383561643,0.9186066597294484,OTM
2023-08-25,2023-10-31,CALL,4413.905,4810.0,3.8,4.1,3.9499999999999997,15,1482,67,0.18356164383561643,0.9176517671517671,OTM
2023-08-25,2023-10-31,CALL,4413.905,4815.0,3.6,3.8,3.7,30,48,67,0.18356164383561643,0.9166988577362408,OTM
2023-08-25,2023-10-31,CALL,4413.905,4825.0,3.3,3.5,3.4,6,10431,67,0.18356164383561643,0.9147989637305699,OTM
2023-08-25,2023-10-31,CALL,4413.905,4830.0,3.1,3.3,3.2,10,9,67,0.18356164383561643,0.913851966873706,OTM
2023-08-25,2023-10-31,PUT,4413.905,4900.0,444.7,452.5,448.6,1,17,67,0.18356164383561643,0.9007969387755101,OTM
2023-08-25,2023-11-17,PUT,4413.905,4015.0,29.8,30.2,30.0,25,9,84,0.23013698630136986,1.0993536737235368,ITM
2023-08-25,2023-11-17,PUT,4413.905,4050.0,33.0,33.3,33.15,63,97,84,0.23013698630136986,1.089853086419753,ITM
2023-08-25,2023-11-17,PUT,4413.905,4075.0,35.4,35.8,35.599999999999994,3,69,84,0.23013698630136986,1.0831668711656441,ITM
2023-08-25,2023-11-17,PUT,4413.905,4085.0,36.5,36.9,36.7,1,5,84,0.23013698630136986,1.0805152998776009,ITM
2023-08-25,2023-11-17,PUT,4413.905,4110.0,39.3,39.7,39.5,10,57,84,0.23013698630136986,1.073942822384428,ITM
2023-08-25,2023-11-17,PUT,4413.905,4115.0,39.9,40.3,40.099999999999994,1,6,84,0.23013698630136986,1.0726379100850547,ITM
2023-08-25,2023-11-17,PUT,4413.905,4130.0,41.7,42.5,42.1,2,48,84,0.23013698630136986,1.0687421307506053,ITM
2023-08-25,2023-11-17,PUT,4413.905,4135.0,42.4,42.7,42.55,3,12,84,0.23013698630136986,1.0674498186215235,ITM
2023-08-25,2023-11-17,PUT,4413.905,4140.0,43.0,43.5,43.25,3,229,84,0.23013698630136986,1.0661606280193237,ITM
2023-08-25,2023-11-17,CALL,4413.905,4150.0,346.4,351.1,348.75,2,4,84,0.23013698630136986,1.0635915662650601,ITM
2023-08-25,2023-11-17,PUT,4413.905,4150.0,44.3,44.6,44.45,35,788,84,0.23013698630136986,1.0635915662650601,ITM
2023-08-25,2023-11-17,PUT,4413.905,4160.0,45.7,46.0,45.85,13,176,84,0.23013698630136986,1.0610348557692306,ITM
2023-08-25,2023-11-17,PUT,4413.905,4165.0,46.4,46.7,46.55,12,10,84,0.23013698630136986,1.0597611044417767,ITM
2023-08-25,2023-11-17,PUT,4413.905,4170.0,47.1,47.4,47.25,6,196,84,0.23013698630136986,1.0584904076738608,ITM
2023-08-25,2023-11-17,PUT,4413.905,4175.0,47.8,48.1,47.95,39,191,84,0.23013698630136986,1.057222754491018,ITM
2023-08-25,2023-11-17,PUT,4413.905,4180.0,48.5,48.9,48.7,26,86,84,0.23013698630136986,1.0559581339712918,ITM
2023-08-25,2023-11-17,PUT,4413.905,4185.0,49.3,49.6,49.45,1,7,84,0.23013698630136986,1.0546965352449222,ITM
2023-08-25,2023-11-17,PUT,4413.905,4190.0,50.0,50.4,50.2,13,123,84,0.23013698630136986,1.0534379474940334,ITM
2023-08-25,2023-11-17,PUT,4413.905,4200.0,51.6,52.0,51.8,42,1535,84,0.23013698630136986,1.050929761904762,ITM
2023-08-25,2023-11-17,PUT,4413.905,4210.0,53.2,53.6,53.400000000000006,17,291,84,0.23013698630136986,1.0484334916864608,ITM
2023-08-25,2023-11-17,PUT,4413.905,4220.0,54.9,55.2,55.05,25,294,84,0.23013698630136986,1.0459490521327013,ITM
2023-08-25,2023-11-17,PUT,4413.905,4225.0,55.7,56.1,55.900000000000006,7,357,84,0.23013698630136986,1.0447112426035503,ITM
2023-08-25,2023-11-17,PUT,4413.905,4240.0,58.4,58.8,58.599999999999994,6,167,84,0.23013698630136986,1.041015330188679,ITM
2023-08-25,2023-11-17,PUT,4413.905,4245.0,59.3,60.2,59.75,4,172,84,0.23013698630136986,1.0397891637220258,ITM
2023-08-25,2023-11-17,PUT,4413.905,4250.0,60.2,60.6,60.400000000000006,5,289,84,0.23013698630136986,1.0385658823529411,ITM
2023-08-25,2023-11-17,PUT,4413.905,4255.0,61.2,62.1,61.650000000000006,3,155,84,0.23013698630136986,1.0373454759106933,ITM
2023-08-25,2023-11-17,PUT,4413.905,4260.0,62.1,62.5,62.3,2,224,84,0.23013698630136986,1.0361279342723004,ITM
2023-08-25,2023-11-17,PUT,4413.905,4270.0,64.1,64.5,64.3,30,212,84,0.23013698630136986,1.0337014051522249,ITM
2023-08-25,2023-11-17,PUT,4413.905,4275.0,65.1,65.6,65.35,62,379,84,0.23013698630136986,1.0324923976608187,ITM
2023-08-25,2023-11-17,PUT,4413.905,4280.0,66.1,66.6,66.35,7,504,84,0.23013698630136986,1.0312862149532709,ITM
2023-08-25,2023-11-17,PUT,4413.905,4285.0,67.2,68.1,67.65,13,164,84,0.23013698630136986,1.0300828471411902,ITM
2023-08-25,2023-11-17,PUT,4413.905,4290.0,68.2,68.7,68.45,1,200,84,0.23013698630136986,1.0288822843822842,ATM
2023-08-25,2023-11-17,PUT,4413.905,4295.0,69.4,69.8,69.6,583,230,84,0.23013698630136986,1.027684516880093,ATM
2023-08-25,2023-11-17,CALL,4413.905,4300.0,225.9,226.5,226.2,3,71,84,0.23013698630136986,1.0264895348837209,ATM
2023-08-25,2023-11-17,PUT,4413.905,4300.0,70.5,70.9,70.7,317,806,84,0.23013698630136986,1.0264895348837209,ATM
2023-08-25,2023-11-17,PUT,4413.905,4305.0,71.6,72.1,71.85,590,196,84,0.23013698630136986,1.0252973286875726,ATM
2023-08-25,2023-11-17,PUT,4413.905,4310.0,72.7,73.2,72.95,396,246,84,0.23013698630136986,1.0241078886310904,ATM
2023-08-25,2023-11-17,PUT,4413.905,4320.0,75.0,75.7,75.35,6,640,84,0.23013698630136986,1.0217372685185184,ATM
2023-08-25,2023-11-17,PUT,4413.905,4325.0,76.2,76.8,76.5,11,504,84,0.23013698630136986,1.0205560693641618,ATM
2023-08-25,2023-11-17,PUT,4413.905,4330.0,77.5,78.0,77.75,5,252,84,0.23013698630136986,1.019377598152425,ATM
2023-08-25,2023-11-17,PUT,4413.905,4335.0,78.7,79.7,79.2,10,217,84,0.23013698630136986,1.01820184544406,ATM
2023-08-25,2023-11-17,PUT,4413.905,4340.0,80.0,80.5,80.25,25,315,84,0.23013698630136986,1.017028801843318,ATM
2023-08-25,2023-11-17,PUT,4413.905,4345.0,81.3,81.8,81.55,12,251,84,0.23013698630136986,1.0158584579976984,ATM
2023-08-25,2023-11-17,CALL,4413.905,4350.0,188.9,189.4,189.15,7,120,84,0.23013698630136986,1.014690804597701,ATM
2023-08-25,2023-11-17,PUT,4413.905,4350.0,82.6,83.3,82.94999999999999,28,639,84,0.23013698630136986,1.014690804597701,ATM
2023-08-25,2023-11-17,CALL,4413.905,4360.0,181.6,184.5,183.05,211,210,84,0.23013698630136986,1.0123635321100917,ATM
2023-08-25,2023-11-17,PUT,4413.905,4360.0,85.3,85.9,85.6,221,261,84,0.23013698630136986,1.0123635321100917,ATM
2023-08-25,2023-11-17,PUT,4413.905,4365.0,86.7,87.7,87.2,6,225,84,0.23013698630136986,1.0112038946162656,ATM
2023-08-25,2023-11-17,CALL,4413.905,4370.0,174.5,175.1,174.8,1,352,84,0.23013698630136986,1.0100469107551486,ATM
2023-08-25,2023-11-17,PUT,4413.905,4370.0,88.1,88.7,88.4,2,309,84,0.23013698630136986,1.0100469107551486,ATM
2023-08-25,2023-11-17,CALL,4413.905,4375.0,171.0,171.6,171.3,7,199,84,0.23013698630136986,1.0088925714285715,ATM
2023-08-25,2023-11-17,PUT,4413.905,4375.0,89.5,90.1,89.8,27,314,84,0.23013698630136986,1.0088925714285715,ATM
2023-08-25,2023-11-17,CALL,4413.905,4380.0,167.6,168.2,167.89999999999998,3,251,84,0.23013698630136986,1.0077408675799087,ATM
2023-08-25,2023-11-17,PUT,4413.905,4380.0,91.0,91.6,91.3,111,227,84,0.23013698630136986,1.0077408675799087,ATM
2023-08-25,2023-11-17,CALL,4413.905,4385.0,164.1,164.7,164.39999999999998,9,9,84,0.23013698630136986,1.0065917901938426,ATM
2023-08-25,2023-11-17,PUT,4413.905,4385.0,92.5,93.1,92.8,1,204,84,0.23013698630136986,1.0065917901938426,ATM
2023-08-25,2023-11-17,CALL,4413.905,4390.0,160.7,161.3,161.0,5,220,84,0.23013698630136986,1.0054453302961275,ATM
2023-08-25,2023-11-17,PUT,4413.905,4390.0,94.0,94.6,94.3,4,329,84,0.23013698630136986,1.0054453302961275,ATM
2023-08-25,2023-11-17,CALL,4413.905,4400.0,154.0,154.6,154.3,10,327,84,0.23013698630136986,1.0031602272727271,ATM
2023-08-25,2023-11-17,PUT,4413.905,4400.0,97.1,97.7,97.4,70,408,84,0.23013698630136986,1.0031602272727271,ATM
2023-08-25,2023-11-17,PUT,4413.905,4410.0,100.4,101.0,100.7,9,320,84,0.23013698630136986,1.0008854875283446,ATM
2023-08-25,2023-11-17,CALL,4413.905,4415.0,144.0,144.7,144.35,2,180,84,0.23013698630136986,0.9997519818799546,ATM
2023-08-25,2023-11-17,PUT,4413.905,4415.0,102.0,102.6,102.3,12,207,84,0.23013698630136986,0.9997519818799546,ATM
2023-08-25,2023-11-17,CALL,4413.905,4420.0,140.9,141.4,141.15,6,54,84,0.23013698630136986,0.9986210407239818,ATM
2023-08-25,2023-11-17,PUT,4413.905,4420.0,103.7,104.3,104.0,4,255,84,0.23013698630136986,0.9986210407239818,ATM
2023-08-25,2023-11-17,CALL,4413.905,4425.0,137.7,138.2,137.95,2,141,84,0.23013698630136986,0.9974926553672315,ATM
2023-08-25,2023-11-17,CALL,4413.905,4430.0,134.5,135.0,134.75,203,279,84,0.23013698630136986,0.9963668171557561,ATM
2023-08-25,2023-11-17,PUT,4413.905,4430.0,107.2,107.8,107.5,13,275,84,0.23013698630136986,0.9963668171557561,ATM
2023-08-25,2023-11-17,CALL,4413.905,4435.0,131.3,131.9,131.60000000000002,2,235,84,0.23013698630136986,0.9952435174746336,ATM
2023-08-25,2023-11-17,PUT,4413.905,4435.0,109.0,110.1,109.55,1,218,84,0.23013698630136986,0.9952435174746336,ATM
2023-08-25,2023-11-17,CALL,4413.905,4440.0,128.2,128.8,128.5,3,361,84,0.23013698630136986,0.9941227477477477,ATM
2023-08-25,2023-11-17,PUT,4413.905,4440.0,110.8,111.6,111.19999999999999,2,375,84,0.23013698630136986,0.9941227477477477,ATM
2023-08-25,2023-11-17,CALL,4413.905,4445.0,125.1,125.7,125.4,1,201,84,0.23013698630136986,0.9930044994375703,ATM
2023-08-25,2023-11-17,PUT,4413.905,4445.0,112.7,113.3,113.0,6,200,84,0.23013698630136986,0.9930044994375703,ATM
2023-08-25,2023-11-17,CALL,4413.905,4450.0,122.2,122.6,122.4,14,247,84,0.23013698630136986,0.9918887640449437,ATM
2023-08-25,2023-11-17,PUT,4413.905,4450.0,114.6,115.2,114.9,74,320,84,0.23013698630136986,0.9918887640449437,ATM
2023-08-25,2023-11-17,CALL,4413.905,4455.0,118.8,119.9,119.35,8,200,84,0.23013698630136986,0.9907755331088663,ATM
2023-08-25,2023-11-17,PUT,4413.905,4455.0,116.4,117.6,117.0,200,201,84,0.23013698630136986,0.9907755331088663,ATM
2023-08-25,2023-11-17,CALL,4413.905,4460.0,116.0,116.7,116.35,3,215,84,0.23013698630136986,0.989664798206278,ATM
2023-08-25,2023-11-17,PUT,4413.905,4460.0,118.4,119.2,118.80000000000001,204,218,84,0.23013698630136986,0.989664798206278,ATM
2023-08-25,2023-11-17,CALL,4413.905,4465.0,112.8,114.0,113.4,3,216,84,0.23013698630136986,0.9885565509518477,ATM
2023-08-25,2023-11-17,PUT,4413.905,4465.0,120.4,121.5,120.95,213,209,84,0.23013698630136986,0.9885565509518477,ATM
2023-08-25,2023-11-17,CALL,4413.905,4470.0,109.9,111.0,110.45,2,343,84,0.23013698630136986,0.9874507829977628,ATM
2023-08-25,2023-11-17,PUT,4413.905,4470.0,122.4,123.3,122.85,204,310,84,0.23013698630136986,0.9874507829977628,ATM
2023-08-25,2023-11-17,PUT,4413.905,4475.0,124.6,125.2,124.9,204,345,84,0.23013698630136986,0.9863474860335195,ATM
2023-08-25,2023-11-17,CALL,4413.905,4480.0,104.5,105.1,104.8,7,229,84,0.23013698630136986,0.9852466517857142,ATM
2023-08-25,2023-11-17,PUT,4413.905,4480.0,126.7,127.3,127.0,227,328,84,0.23013698630136986,0.9852466517857142,ATM
2023-08-25,2023-11-17,CALL,4413.905,4485.0,101.4,102.5,101.95,42,220,84,0.23013698630136986,0.9841482720178372,ATM
2023-08-25,2023-11-17,PUT,4413.905,4485.0,128.7,129.9,129.3,38,31,84,0.23013698630136986,0.9841482720178372,ATM
2023-08-25,2023-11-17,PUT,4413.905,4490.0,130.9,131.8,131.35000000000002,28,238,84,0.23013698630136986,0.9830523385300668,ATM
2023-08-25,2023-11-17,CALL,4413.905,4495.0,96.0,97.0,96.5,7,210,84,0.23013698630136986,0.9819588431590656,ATM
2023-08-25,2023-11-17,PUT,4413.905,4495.0,133.2,133.8,133.5,51,31,84,0.23013698630136986,0.9819588431590656,ATM
2023-08-25,2023-11-17,CALL,4413.905,4500.0,93.7,94.2,93.95,76,509,84,0.23013698630136986,0.9808677777777777,ATM
2023-08-25,2023-11-17,PUT,4413.905,4500.0,135.4,136.4,135.9,64,840,84,0.23013698630136986,0.9808677777777777,ATM
2023-08-25,2023-11-17,CALL,4413.905,4505.0,90.9,91.5,91.2,8,202,84,0.23013698630136986,0.9797791342952274,ATM
2023-08-25,2023-11-17,PUT,4413.905,4505.0,137.3,139.0,138.15,19,4,84,0.23013698630136986,0.9797791342952274,ATM
2023-08-25,2023-11-17,CALL,4413.905,4510.0,88.4,89.1,88.75,6,311,84,0.23013698630136986,0.9786929046563192,ATM
2023-08-25,2023-11-17,PUT,4413.905,4510.0,140.1,140.7,140.39999999999998,7,314,84,0.23013698630136986,0.9786929046563192,ATM
2023-08-25,2023-11-17,PUT,4413.905,4515.0,142.5,143.1,142.8,9,7,84,0.23013698630136986,0.9776090808416389,ATM
2023-08-25,2023-11-17,CALL,4413.905,4520.0,83.3,83.9,83.6,1,281,84,0.23013698630136986,0.9765276548672566,ATM
2023-08-25,2023-11-17,PUT,4413.905,4520.0,143.1,146.4,144.75,3,187,84,0.23013698630136986,0.9765276548672566,ATM
2023-08-25,2023-11-17,CALL,4413.905,4525.0,80.8,81.4,81.1,13,266,84,0.23013698630136986,0.9754486187845304,ATM
2023-08-25,2023-11-17,PUT,4413.905,4525.0,147.4,148.0,147.7,25,313,84,0.23013698630136986,0.9754486187845304,ATM
2023-08-25,2023-11-17,CALL,4413.905,4530.0,78.4,79.0,78.7,9,230,84,0.23013698630136986,0.9743719646799116,ATM
2023-08-25,2023-11-17,CALL,4413.905,4535.0,76.0,76.6,76.3,3,248,84,0.23013698630136986,0.9732976846747519,ATM
2023-08-25,2023-11-17,PUT,4413.905,4535.0,150.5,156.4,153.45,1,7,84,0.23013698630136986,0.9732976846747519,ATM
2023-08-25,2023-11-17,CALL,4413.905,4540.0,73.7,74.4,74.05000000000001,1,304,84,0.23013698630136986,0.9722257709251101,ATM
2023-08-25,2023-11-17,CALL,4413.905,4550.0,69.1,69.7,69.4,95,572,84,0.23013698630136986,0.9700890109890109,ATM
2023-08-25,2023-11-17,CALL,4413.905,4560.0,64.8,65.3,65.05,8,421,84,0.23013698630136986,0.9679616228070175,OTM
2023-08-25,2023-11-17,PUT,4413.905,4560.0,163.8,167.4,165.60000000000002,1,137,84,0.23013698630136986,0.9679616228070175,OTM
2023-08-25,2023-11-17,CALL,4413.905,4570.0,60.6,61.1,60.85,30,293,84,0.23013698630136986,0.965843544857768,OTM
2023-08-25,2023-11-17,CALL,4413.905,4575.0,58.5,59.1,58.8,31,239,84,0.23013698630136986,0.9647879781420764,OTM
2023-08-25,2023-11-17,CALL,4413.905,4580.0,56.6,57.1,56.85,2,307,84,0.23013698630136986,0.9637347161572052,OTM
2023-08-25,2023-11-17,CALL,4413.905,4600.0,49.1,49.7,49.400000000000006,223,327,84,0.23013698630136986,0.9595445652173913,OTM
2023-08-25,2023-11-17,CALL,4413.905,4610.0,45.6,46.3,45.95,205,553,84,0.23013698630136986,0.9574631236442516,OTM
2023-08-25,2023-11-17,CALL,4413.905,4620.0,42.4,42.9,42.65,201,655,84,0.23013698630136986,0.9553906926406925,OTM
2023-08-25,2023-11-17,CALL,4413.905,4625.0,40.8,41.3,41.05,203,292,84,0.23013698630136986,0.9543578378378378,OTM
2023-08-25,2023-11-17,CALL,4413.905,4630.0,39.3,40.0,39.65,200,212,84,0.23013698630136986,0.9533272138228941,OTM
2023-08-25,2023-11-17,CALL,4413.905,4640.0,36.4,37.0,36.7,200,371,84,0.23013698630136986,0.9512726293103447,OTM
2023-08-25,2023-11-17,CALL,4413.905,4650.0,33.7,34.1,33.900000000000006,179,546,84,0.23013698630136986,0.94922688172043,OTM
2023-08-25,2023-11-17,CALL,4413.905,4660.0,31.0,31.5,31.25,191,674,84,0.23013698630136986,0.9471899141630901,OTM
2023-08-25,2023-11-17,CALL,4413.905,4675.0,27.4,27.9,27.65,183,355,84,0.23013698630136986,0.9441508021390373,OTM
2023-08-25,2023-11-17,CALL,4413.905,4690.0,24.2,24.6,24.4,28,211,84,0.23013698630136986,0.9411311300639659,OTM
2023-08-25,2023-11-17,CALL,4413.905,4700.0,22.3,22.7,22.5,257,371,84,0.23013698630136986,0.9391287234042552,OTM
2023-08-25,2023-11-17,CALL,4413.905,4730.0,17.0,17.5,17.25,2,160,84,0.23013698630136986,0.9331723044397462,OTM
2023-08-25,2023-11-17,CALL,4413.905,4750.0,14.2,14.6,14.399999999999999,4,331,84,0.23013698630136986,0.9292431578947368,OTM
2023-08-25,2023-11-17,CALL,4413.905,4775.0,11.3,11.7,11.5,2,150,84,0.23013698630136986,0.9243780104712042,OTM
2023-08-25,2023-11-17,CALL,4413.905,4800.0,8.9,9.3,9.100000000000001,188,339,84,0.23013698630136986,0.9195635416666667,OTM
2023-08-25,2023-11-17,CALL,4413.905,4900.0,3.5,3.7,3.6,271,109,84,0.23013698630136986,0.9007969387755101,OTM
2023-08-25,2023-11-30,PUT,4413.905,4020.0,35.5,35.9,35.7,2,17,97,0.26575342465753427,1.0979863184079601,ITM
2023-08-25,2023-11-30,PUT,4413.905,4025.0,35.9,36.4,36.15,5,84,97,0.26575342465753427,1.096622360248447,ITM
2023-08-25,2023-11-30,PUT,4413.905,4070.0,40.5,41.0,40.75,2,36,97,0.26575342465753427,1.084497542997543,ITM
2023-08-25,2023-11-30,PUT,4413.905,4090.0,42.7,43.2,42.95,10,9,97,0.26575342465753427,1.0791943765281173,ITM
2023-08-25,2023-11-30,PUT,4413.905,4100.0,43.9,44.3,44.099999999999994,14,481,97,0.26575342465753427,1.076562195121951,ITM
2023-08-25,2023-11-30,CALL,4413.905,4105.0,395.4,401.9,398.65,2,9,97,0.26575342465753427,1.0752509135200974,ITM
2023-08-25,2023-11-30,PUT,4413.905,4120.0,46.4,47.2,46.8,11,46,97,0.26575342465753427,1.0713361650485436,ITM
2023-08-25,2023-11-30,PUT,4413.905,4125.0,47.0,47.5,47.25,10,45,97,0.26575342465753427,1.0700375757575757,ITM
2023-08-25,2023-11-30,PUT,4413.905,4140.0,49.0,49.5,49.25,1,37,97,0.26575342465753427,1.0661606280193237,ITM
2023-08-25,2023-11-30,PUT,4413.905,4150.0,50.3,50.8,50.55,8,224,97,0.26575342465753427,1.0635915662650601,ITM
2023-08-25,2023-11-30,PUT,4413.905,4200.0,57.9,58.4,58.15,10,864,97,0.26575342465753427,1.050929761904762,ITM
2023-08-25,2023-11-30,PUT,4413.905,4240.0,64.8,65.8,65.3,6,50,97,0.26575342465753427,1.041015330188679,ITM
2023-08-25,2023-11-30,CALL,4413.905,4245.0,278.6,285.0,281.8,2,2,97,0.26575342465753427,1.0397891637220258,ITM
2023-08-25,2023-11-30,PUT,4413.905,4250.0,66.7,67.3,67.0,33,667,97,0.26575342465753427,1.0385658823529411,ITM
2023-08-25,2023-11-30,CALL,4413.905,4255.0,270.8,277.1,273.95000000000005,2,1,97,0.26575342465753427,1.0373454759106933,ITM
2023-08-25,2023-11-30,PUT,4413.905,4255.0,67.7,68.3,68.0,6,9,97,0.26575342465753427,1.0373454759106933,ITM
2023-08-25,2023-11-30,PUT,4413.905,4270.0,70.7,71.3,71.0,5,61,97,0.26575342465753427,1.0337014051522249,ITM
2023-08-25,2023-11-30,PUT,4413.905,4275.0,71.7,72.7,72.2,2,358,97,0.26575342465753427,1.0324923976608187,ITM
2023-08-25,2023-11-30,PUT,4413.905,4290.0,74.9,75.6,75.25,2,14,97,0.26575342465753427,1.0288822843822842,ATM
2023-08-25,2023-11-30,CALL,4413.905,4300.0,238.9,239.7,239.3,2,15,97,0.26575342465753427,1.0264895348837209,ATM
2023-08-25,2023-11-30,PUT,4413.905,4300.0,77.1,77.8,77.44999999999999,1079,1092,97,0.26575342465753427,1.0264895348837209,ATM
2023-08-25,2023-11-30,PUT,4413.905,4320.0,81.7,82.4,82.05000000000001,1,8,97,0.26575342465753427,1.0217372685185184,ATM
2023-08-25,2023-11-30,CALL,4413.905,4335.0,212.7,213.6,213.14999999999998,6,1,97,0.26575342465753427,1.01820184544406,ATM
2023-08-25,2023-11-30,PUT,4413.905,4360.0,91.9,93.1,92.5,1,151,97,0.26575342465753427,1.0123635321100917,ATM
2023-08-25,2023-11-30,CALL,4413.905,4375.0,184.1,186.0,185.05,41,71,97,0.26575342465753427,1.0088925714285715,ATM
2023-08-25,2023-11-30,PUT,4413.905,4375.0,96.2,96.9,96.55000000000001,40,234,97,0.26575342465753427,1.0088925714285715,ATM
2023-08-25,2023-11-30,CALL,4413.905,4380.0,180.6,181.5,181.05,3,47,97,0.26575342465753427,1.0077408675799087,ATM
2023-08-25,2023-11-30,PUT,4413.905,4380.0,97.6,98.8,98.19999999999999,2,74,97,0.26575342465753427,1.0077408675799087,ATM
2023-08-25,2023-11-30,PUT,4413.905,4390.0,100.6,101.4,101.0,6,255,97,0.26575342465753427,1.0054453302961275,ATM
2023-08-25,2023-11-30,CALL,4413.905,4400.0,167.0,167.8,167.4,1,104,97,0.26575342465753427,1.0031602272727271,ATM
2023-08-25,2023-11-30,PUT,4413.905,4400.0,103.7,104.4,104.05000000000001,2,1374,97,0.26575342465753427,1.0031602272727271,ATM
2023-08-25,2023-11-30,CALL,4413.905,4420.0,153.1,155.5,154.3,3,27,97,0.26575342465753427,0.9986210407239818,ATM
2023-08-25,2023-11-30,PUT,4413.905,4420.0,110.1,111.4,110.75,2,51,97,0.26575342465753427,0.9986210407239818,ATM
2023-08-25,2023-11-30,CALL,4413.905,4425.0,150.5,151.3,150.9,3,81,97,0.26575342465753427,0.9974926553672315,ATM
2023-08-25,2023-11-30,CALL,4413.905,4440.0,141.0,141.8,141.4,1,23,97,0.26575342465753427,0.9941227477477477,ATM
2023-08-25,2023-11-30,CALL,4413.905,4450.0,134.8,135.6,135.2,43,351,97,0.26575342465753427,0.9918887640449437,ATM
2023-08-25,2023-11-30,CALL,4413.905,4460.0,128.7,129.5,129.1,1,80,97,0.26575342465753427,0.989664798206278,ATM
2023-08-25,2023-11-30,CALL,4413.905,4470.0,122.7,123.5,123.1,7,30,97,0.26575342465753427,0.9874507829977628,ATM
2023-08-25,2023-11-30,PUT,4413.905,4475.0,130.4,131.2,130.8,10,236,97,0.26575342465753427,0.9863474860335195,ATM
2023-08-25,2023-11-30,PUT,4413.905,4480.0,132.4,133.2,132.8,10,31,97,0.26575342465753427,0.9852466517857142,ATM
2023-08-25,2023-11-30,CALL,4413.905,4485.0,114.0,114.9,114.45,1,3,97,0.26575342465753427,0.9841482720178372,ATM
2023-08-25,2023-11-30,PUT,4413.905,4490.0,136.6,137.4,137.0,1,40,97,0.26575342465753427,0.9830523385300668,ATM
2023-08-25,2023-11-30,CALL,4413.905,4495.0,108.4,109.2,108.80000000000001,3,2,97,0.26575342465753427,0.9819588431590656,ATM
2023-08-25,2023-11-30,CALL,4413.905,4500.0,105.7,106.5,106.1,3,351,97,0.26575342465753427,0.9808677777777777,ATM
2023-08-25,2023-11-30,PUT,4413.905,4500.0,140.9,141.6,141.25,44,496,97,0.26575342465753427,0.9808677777777777,ATM
2023-08-25,2023-11-30,CALL,4413.905,4510.0,100.3,101.1,100.69999999999999,1,29,97,0.26575342465753427,0.9786929046563192,ATM
2023-08-25,2023-11-30,CALL,4413.905,4515.0,97.7,98.5,98.1,3,15,97,0.26575342465753427,0.9776090808416389,ATM
2023-08-25,2023-11-30,CALL,4413.905,4520.0,95.0,95.8,95.4,3,11,97,0.26575342465753427,0.9765276548672566,ATM
2023-08-25,2023-11-30,CALL,4413.905,4525.0,92.5,93.3,92.9,8,71,97,0.26575342465753427,0.9754486187845304,ATM
2023-08-25,2023-11-30,CALL,4413.905,4530.0,89.9,91.0,90.45,3,100,97,0.26575342465753427,0.9743719646799116,ATM
2023-08-25,2023-11-30,PUT,4413.905,4530.0,153.7,156.2,154.95,3,49,97,0.26575342465753427,0.9743719646799116,ATM
2023-08-25,2023-11-30,CALL,4413.905,4550.0,80.3,81.0,80.65,41,1437,97,0.26575342465753427,0.9700890109890109,ATM
2023-08-25,2023-11-30,PUT,4413.905,4550.0,164.7,165.6,165.14999999999998,5,333,97,0.26575342465753427,0.9700890109890109,ATM
2023-08-25,2023-11-30,CALL,4413.905,4560.0,75.6,76.7,76.15,5,68,97,0.26575342465753427,0.9679616228070175,OTM
2023-08-25,2023-11-30,CALL,4413.905,4565.0,73.4,74.2,73.80000000000001,3,13,97,0.26575342465753427,0.9669014238773275,OTM
2023-08-25,2023-11-30,PUT,4413.905,4575.0,176.3,179.7,178.0,5,100,97,0.26575342465753427,0.9647879781420764,OTM
2023-08-25,2023-11-30,CALL,4413.905,4585.0,64.9,65.6,65.25,10,20,97,0.26575342465753427,0.9626837513631407,OTM
2023-08-25,2023-11-30,CALL,4413.905,4595.0,60.9,61.6,61.25,29,2,97,0.26575342465753427,0.960588683351469,OTM
2023-08-25,2023-11-30,CALL,4413.905,4600.0,58.9,59.6,59.25,9,577,97,0.26575342465753427,0.9595445652173913,OTM
2023-08-25,2023-11-30,PUT,4413.905,4600.0,190.5,194.3,192.4,4,398,97,0.26575342465753427,0.9595445652173913,OTM
2023-08-25,2023-11-30,CALL,4413.905,4620.0,51.6,52.3,51.95,1,19,97,0.26575342465753427,0.9553906926406925,OTM
2023-08-25,2023-11-30,CALL,4413.905,4625.0,49.8,50.6,50.2,2,53,97,0.26575342465753427,0.9543578378378378,OTM
2023-08-25,2023-11-30,CALL,4413.905,4650.0,41.8,42.5,42.15,5,396,97,0.26575342465753427,0.94922688172043,OTM
2023-08-25,2023-11-30,CALL,4413.905,4660.0,38.9,39.6,39.25,2,81,97,0.26575342465753427,0.9471899141630901,OTM
2023-08-25,2023-11-30,CALL,4413.905,4675.0,34.8,35.5,35.15,1,44,97,0.26575342465753427,0.9441508021390373,OTM
2023-08-25,2023-11-30,CALL,4413.905,4690.0,31.1,31.7,31.4,1,21,97,0.26575342465753427,0.9411311300639659,OTM
2023-08-25,2023-11-30,CALL,4413.905,4700.0,28.8,29.4,29.1,29,613,97,0.26575342465753427,0.9391287234042552,OTM
2023-08-25,2023-11-30,CALL,4413.905,4710.0,26.6,27.2,26.9,27,33,97,0.26575342465753427,0.9371348195329087,OTM
2023-08-25,2023-11-30,CALL,4413.905,4720.0,24.6,25.1,24.85,26,10,97,0.26575342465753427,0.9351493644067796,OTM
2023-08-25,2023-11-30,CALL,4413.905,4735.0,21.8,22.3,22.05,1,6,97,0.26575342465753427,0.9321869060190073,OTM
2023-08-25,2023-11-30,CALL,4413.905,4740.0,20.9,21.5,21.2,1,35,97,0.26575342465753427,0.9312035864978903,OTM
2023-08-25,2023-11-30,CALL,4413.905,4745.0,20.0,20.6,20.3,1,20,97,0.26575342465753427,0.930222339304531,OTM
2023-08-25,2023-11-30,CALL,4413.905,4750.0,19.2,19.7,19.45,1101,136,97,0.26575342465753427,0.9292431578947368,OTM
2023-08-25,2023-11-30,CALL,4413.905,4775.0,15.5,16.1,15.8,4,44,97,0.26575342465753427,0.9243780104712042,OTM
2023-08-25,2023-11-30,CALL,4413.905,4800.0,12.5,12.9,12.7,109,1026,97,0.26575342465753427,0.9195635416666667,OTM
2023-08-25,2023-11-30,CALL,4413.905,4825.0,10.0,10.5,10.25,6,91,97,0.26575342465753427,0.9147989637305699,OTM
2023-08-25,2023-11-30,CALL,4413.905,4875.0,6.4,6.8,6.6,5,465,97,0.26575342465753427,0.9054164102564102,OTM
2023-08-25,2023-12-15,CALL,4413.905,4025.0,481.2,486.4,483.79999999999995,2,31,112,0.30684931506849317,1.096622360248447,ITM
2023-08-25,2023-12-15,PUT,4413.905,4040.0,45.0,45.4,45.2,29,80,112,0.30684931506849317,1.0925507425742573,ITM
2023-08-25,2023-12-15,PUT,4413.905,4050.0,46.1,46.5,46.3,4,283,112,0.30684931506849317,1.089853086419753,ITM
2023-08-25,2023-12-15,PUT,4413.905,4070.0,48.4,48.8,48.599999999999994,5,431,112,0.30684931506849317,1.084497542997543,ITM
2023-08-25,2023-12-15,PUT,4413.905,4075.0,49.0,49.4,49.2,30,671,112,0.30684931506849317,1.0831668711656441,ITM
2023-08-25,2023-12-15,PUT,4413.905,4090.0,50.8,51.2,51.0,1,85,112,0.30684931506849317,1.0791943765281173,ITM
2023-08-25,2023-12-15,PUT,4413.905,4100.0,52.1,52.5,52.3,47,237,112,0.30684931506849317,1.076562195121951,ITM
2023-08-25,2023-12-15,PUT,4413.905,4110.0,53.3,53.8,53.55,20,83,112,0.30684931506849317,1.073942822384428,ITM
2023-08-25,2023-12-15,PUT,4413.905,4120.0,54.7,55.1,54.900000000000006,26,84,112,0.30684931506849317,1.0713361650485436,ITM
2023-08-25,2023-12-15,PUT,4413.905,4125.0,55.4,55.8,55.599999999999994,23,4489,112,0.30684931506849317,1.0700375757575757,ITM
2023-08-25,2023-12-15,PUT,4413.905,4130.0,56.1,56.5,56.3,1,50,112,0.30684931506849317,1.0687421307506053,ITM
2023-08-25,2023-12-15,PUT,4413.905,4140.0,57.5,57.9,57.7,18,81,112,0.30684931506849317,1.0661606280193237,ITM
2023-08-25,2023-12-15,PUT,4413.905,4150.0,59.0,59.4,59.2,3,417,112,0.30684931506849317,1.0635915662650601,ITM
2023-08-25,2023-12-15,PUT,4413.905,4180.0,63.6,64.0,63.8,17,36,112,0.30684931506849317,1.0559581339712918,ITM
2023-08-25,2023-12-15,PUT,4413.905,4190.0,65.2,65.7,65.45,8,102,112,0.30684931506849317,1.0534379474940334,ITM
2023-08-25,2023-12-15,CALL,4413.905,4200.0,332.9,337.7,335.29999999999995,3,12,112,0.30684931506849317,1.050929761904762,ITM
2023-08-25,2023-12-15,PUT,4413.905,4200.0,66.9,67.4,67.15,12,447,112,0.30684931506849317,1.050929761904762,ITM
2023-08-25,2023-12-15,PUT,4413.905,4210.0,68.7,69.1,68.9,7,76,112,0.30684931506849317,1.0484334916864608,ITM
2023-08-25,2023-12-15,PUT,4413.905,4230.0,72.3,72.7,72.5,3,45,112,0.30684931506849317,1.0434763593380614,ITM
2023-08-25,2023-12-15,PUT,4413.905,4240.0,74.2,74.6,74.4,3,335,112,0.30684931506849317,1.041015330188679,ITM
2023-08-25,2023-12-15,CALL,4413.905,4250.0,293.4,297.7,295.54999999999995,3,8,112,0.30684931506849317,1.0385658823529411,ITM
2023-08-25,2023-12-15,PUT,4413.905,4250.0,76.2,76.6,76.4,23,764,112,0.30684931506849317,1.0385658823529411,ITM
2023-08-25,2023-12-15,CALL,4413.905,4260.0,285.6,289.8,287.70000000000005,1,3,112,0.30684931506849317,1.0361279342723004,ITM
2023-08-25,2023-12-15,PUT,4413.905,4260.0,78.1,78.6,78.35,17,212,112,0.30684931506849317,1.0361279342723004,ITM
2023-08-25,2023-12-15,PUT,4413.905,4270.0,80.2,80.7,80.45,180,176,112,0.30684931506849317,1.0337014051522249,ITM
2023-08-25,2023-12-15,CALL,4413.905,4275.0,275.0,275.6,275.3,7,55,112,0.30684931506849317,1.0324923976608187,ITM
2023-08-25,2023-12-15,PUT,4413.905,4275.0,81.3,81.7,81.5,201,515,112,0.30684931506849317,1.0324923976608187,ITM
2023-08-25,2023-12-15,PUT,4413.905,4280.0,82.3,82.8,82.55,4,351,112,0.30684931506849317,1.0312862149532709,ITM
2023-08-25,2023-12-15,CALL,4413.905,4290.0,263.5,264.1,263.8,1,9,112,0.30684931506849317,1.0288822843822842,ATM
2023-08-25,2023-12-15,PUT,4413.905,4290.0,84.5,85.0,84.75,190,161,112,0.30684931506849317,1.0288822843822842,ATM
2023-08-25,2023-12-15,CALL,4413.905,4300.0,255.9,256.5,256.2,1,73,112,0.30684931506849317,1.0264895348837209,ATM
2023-08-25,2023-12-15,PUT,4413.905,4300.0,86.8,87.2,87.0,215,302,112,0.30684931506849317,1.0264895348837209,ATM
2023-08-25,2023-12-15,PUT,4413.905,4310.0,89.1,89.6,89.35,200,37,112,0.30684931506849317,1.0241078886310904,ATM
2023-08-25,2023-12-15,PUT,4413.905,4320.0,91.5,92.0,91.75,212,113,112,0.30684931506849317,1.0217372685185184,ATM
2023-08-25,2023-12-15,PUT,4413.905,4325.0,92.7,93.2,92.95,5,62,112,0.30684931506849317,1.0205560693641618,ATM
2023-08-25,2023-12-15,CALL,4413.905,4330.0,233.6,234.2,233.89999999999998,1,20,112,0.30684931506849317,1.019377598152425,ATM
2023-08-25,2023-12-15,PUT,4413.905,4330.0,93.9,94.4,94.15,8,78,112,0.30684931506849317,1.019377598152425,ATM
2023-08-25,2023-12-15,CALL,4413.905,4340.0,226.3,226.9,226.60000000000002,5,26,112,0.30684931506849317,1.017028801843318,ATM
2023-08-25,2023-12-15,PUT,4413.905,4340.0,96.5,96.9,96.7,3,47,112,0.30684931506849317,1.017028801843318,ATM
2023-08-25,2023-12-15,CALL,4413.905,4350.0,219.2,219.7,219.45,24,27,112,0.30684931506849317,1.014690804597701,ATM
2023-08-25,2023-12-15,PUT,4413.905,4350.0,99.2,99.6,99.4,235,332,112,0.30684931506849317,1.014690804597701,ATM
2023-08-25,2023-12-15,PUT,4413.905,4360.0,101.8,102.3,102.05,5,64,112,0.30684931506849317,1.0123635321100917,ATM
2023-08-25,2023-12-15,CALL,4413.905,4370.0,204.9,205.5,205.2,4,35,112,0.30684931506849317,1.0100469107551486,ATM
2023-08-25,2023-12-15,PUT,4413.905,4370.0,104.5,105.0,104.75,1,87,112,0.30684931506849317,1.0100469107551486,ATM
2023-08-25,2023-12-15,PUT,4413.905,4375.0,105.9,106.4,106.15,59,216,112,0.30684931506849317,1.0088925714285715,ATM
2023-08-25,2023-12-15,CALL,4413.905,4380.0,198.0,198.5,198.25,3,24,112,0.30684931506849317,1.0077408675799087,ATM
2023-08-25,2023-12-15,PUT,4413.905,4380.0,107.4,107.9,107.65,1,68,112,0.30684931506849317,1.0077408675799087,ATM
2023-08-25,2023-12-15,CALL,4413.905,4390.0,191.1,191.6,191.35,6,19,112,0.30684931506849317,1.0054453302961275,ATM
2023-08-25,2023-12-15,PUT,4413.905,4390.0,110.3,110.8,110.55,13,81,112,0.30684931506849317,1.0054453302961275,ATM
2023-08-25,2023-12-15,CALL,4413.905,4400.0,184.4,184.8,184.60000000000002,10,48,112,0.30684931506849317,1.0031602272727271,ATM
2023-08-25,2023-12-15,PUT,4413.905,4400.0,113.4,113.9,113.65,13,498,112,0.30684931506849317,1.0031602272727271,ATM
2023-08-25,2023-12-15,CALL,4413.905,4410.0,177.6,178.1,177.85,6,48,112,0.30684931506849317,1.0008854875283446,ATM
2023-08-25,2023-12-15,PUT,4413.905,4410.0,116.5,117.0,116.75,12,142,112,0.30684931506849317,1.0008854875283446,ATM
2023-08-25,2023-12-15,CALL,4413.905,4420.0,171.0,171.6,171.3,5,16,112,0.30684931506849317,0.9986210407239818,ATM
2023-08-25,2023-12-15,PUT,4413.905,4420.0,119.7,120.2,119.95,7,58,112,0.30684931506849317,0.9986210407239818,ATM
2023-08-25,2023-12-15,CALL,4413.905,4425.0,167.7,168.3,168.0,3,34,112,0.30684931506849317,0.9974926553672315,ATM
2023-08-25,2023-12-15,PUT,4413.905,4425.0,121.4,121.9,121.65,208,311,112,0.30684931506849317,0.9974926553672315,ATM
2023-08-25,2023-12-15,CALL,4413.905,4430.0,164.5,165.1,164.8,8,12,112,0.30684931506849317,0.9963668171557561,ATM
2023-08-25,2023-12-15,PUT,4413.905,4430.0,123.1,123.6,123.35,206,36,112,0.30684931506849317,0.9963668171557561,ATM
2023-08-25,2023-12-15,CALL,4413.905,4440.0,158.1,158.7,158.39999999999998,7,49,112,0.30684931506849317,0.9941227477477477,ATM
2023-08-25,2023-12-15,PUT,4413.905,4440.0,126.5,127.0,126.75,200,88,112,0.30684931506849317,0.9941227477477477,ATM
2023-08-25,2023-12-15,CALL,4413.905,4450.0,151.8,152.4,152.10000000000002,206,326,112,0.30684931506849317,0.9918887640449437,ATM
2023-08-25,2023-12-15,PUT,4413.905,4450.0,130.0,130.6,130.3,143,567,112,0.30684931506849317,0.9918887640449437,ATM
2023-08-25,2023-12-15,CALL,4413.905,4460.0,145.7,146.2,145.95,121,33,112,0.30684931506849317,0.989664798206278,ATM
2023-08-25,2023-12-15,PUT,4413.905,4460.0,133.7,134.2,133.95,10,128,112,0.30684931506849317,0.989664798206278,ATM
2023-08-25,2023-12-15,CALL,4413.905,4470.0,139.6,140.1,139.85,10,10,112,0.30684931506849317,0.9874507829977628,ATM
2023-08-25,2023-12-15,PUT,4413.905,4470.0,137.5,138.0,137.75,7,67,112,0.30684931506849317,0.9874507829977628,ATM
2023-08-25,2023-12-15,CALL,4413.905,4475.0,136.6,137.2,136.89999999999998,15,19,112,0.30684931506849317,0.9863474860335195,ATM
2023-08-25,2023-12-15,CALL,4413.905,4480.0,133.7,134.2,133.95,6,26,112,0.30684931506849317,0.9852466517857142,ATM
2023-08-25,2023-12-15,PUT,4413.905,4480.0,141.4,141.9,141.65,25,98,112,0.30684931506849317,0.9852466517857142,ATM
2023-08-25,2023-12-15,CALL,4413.905,4490.0,127.9,128.4,128.15,10,59,112,0.30684931506849317,0.9830523385300668,ATM
2023-08-25,2023-12-15,CALL,4413.905,4500.0,122.2,122.7,122.45,4,155,112,0.30684931506849317,0.9808677777777777,ATM
2023-08-25,2023-12-15,PUT,4413.905,4500.0,149.5,150.1,149.8,51,254,112,0.30684931506849317,0.9808677777777777,ATM
2023-08-25,2023-12-15,CALL,4413.905,4510.0,116.6,117.1,116.85,16,49,112,0.30684931506849317,0.9786929046563192,ATM
2023-08-25,2023-12-15,PUT,4413.905,4510.0,153.8,154.3,154.05,4,117,112,0.30684931506849317,0.9786929046563192,ATM
2023-08-25,2023-12-15,CALL,4413.905,4520.0,111.2,111.7,111.45,21,55,112,0.30684931506849317,0.9765276548672566,ATM
2023-08-25,2023-12-15,PUT,4413.905,4520.0,158.2,158.7,158.45,3,107,112,0.30684931506849317,0.9765276548672566,ATM
2023-08-25,2023-12-15,CALL,4413.905,4525.0,108.5,109.0,108.75,22,34,112,0.30684931506849317,0.9754486187845304,ATM
2023-08-25,2023-12-15,PUT,4413.905,4525.0,160.4,161.0,160.7,20,4304,112,0.30684931506849317,0.9754486187845304,ATM
2023-08-25,2023-12-15,CALL,4413.905,4530.0,105.9,106.4,106.15,14,25,112,0.30684931506849317,0.9743719646799116,ATM
2023-08-25,2023-12-15,PUT,4413.905,4530.0,162.7,163.3,163.0,5,34,112,0.30684931506849317,0.9743719646799116,ATM
2023-08-25,2023-12-15,CALL,4413.905,4540.0,100.7,101.3,101.0,11,70,112,0.30684931506849317,0.9722257709251101,ATM
2023-08-25,2023-12-15,PUT,4413.905,4540.0,167.4,168.0,167.7,7,80,112,0.30684931506849317,0.9722257709251101,ATM
2023-08-25,2023-12-15,CALL,4413.905,4550.0,95.7,96.3,96.0,43,99,112,0.30684931506849317,0.9700890109890109,ATM
2023-08-25,2023-12-15,PUT,4413.905,4550.0,172.2,172.8,172.5,6,198,112,0.30684931506849317,0.9700890109890109,ATM
2023-08-25,2023-12-15,CALL,4413.905,4560.0,90.9,91.4,91.15,15,64,112,0.30684931506849317,0.9679616228070175,OTM
2023-08-25,2023-12-15,PUT,4413.905,4560.0,177.2,177.7,177.45,6,51,112,0.30684931506849317,0.9679616228070175,OTM
2023-08-25,2023-12-15,CALL,4413.905,4570.0,86.2,86.7,86.45,5,100,112,0.30684931506849317,0.965843544857768,OTM
2023-08-25,2023-12-15,PUT,4413.905,4570.0,182.3,182.9,182.60000000000002,9,133,112,0.30684931506849317,0.965843544857768,OTM
2023-08-25,2023-12-15,CALL,4413.905,4575.0,83.9,84.4,84.15,12,186,112,0.30684931506849317,0.9647879781420764,OTM
2023-08-25,2023-12-15,PUT,4413.905,4575.0,184.9,185.5,185.2,5,342,112,0.30684931506849317,0.9647879781420764,OTM
2023-08-25,2023-12-15,CALL,4413.905,4580.0,81.6,82.1,81.85,208,100,112,0.30684931506849317,0.9637347161572052,OTM
2023-08-25,2023-12-15,CALL,4413.905,4590.0,77.2,77.7,77.45,202,136,112,0.30684931506849317,0.9616350762527233,OTM
2023-08-25,2023-12-15,PUT,4413.905,4590.0,193.0,193.6,193.3,5,81,112,0.30684931506849317,0.9616350762527233,OTM
2023-08-25,2023-12-15,CALL,4413.905,4600.0,73.0,73.5,73.25,217,156,112,0.30684931506849317,0.9595445652173913,OTM
2023-08-25,2023-12-15,PUT,4413.905,4600.0,198.6,199.1,198.85,4,144,112,0.30684931506849317,0.9595445652173913,OTM
2023-08-25,2023-12-15,CALL,4413.905,4610.0,68.9,69.4,69.15,205,56,112,0.30684931506849317,0.9574631236442516,OTM
2023-08-25,2023-12-15,PUT,4413.905,4610.0,204.3,204.9,204.60000000000002,4,101,112,0.30684931506849317,0.9574631236442516,OTM
2023-08-25,2023-12-15,CALL,4413.905,4620.0,64.9,65.4,65.15,237,91,112,0.30684931506849317,0.9553906926406925,OTM
2023-08-25,2023-12-15,CALL,4413.905,4625.0,63.0,63.5,63.25,171,120,112,0.30684931506849317,0.9543578378378378,OTM
2023-08-25,2023-12-15,CALL,4413.905,4630.0,61.1,61.6,61.35,196,62,112,0.30684931506849317,0.9533272138228941,OTM
2023-08-25,2023-12-15,CALL,4413.905,4640.0,57.5,58.0,57.75,6,301,112,0.30684931506849317,0.9512726293103447,OTM
2023-08-25,2023-12-15,CALL,4413.905,4650.0,54.1,54.5,54.3,196,557,112,0.30684931506849317,0.94922688172043,OTM
2023-08-25,2023-12-15,CALL,4413.905,4660.0,50.8,51.2,51.0,201,113,112,0.30684931506849317,0.9471899141630901,OTM
2023-08-25,2023-12-15,CALL,4413.905,4670.0,47.6,48.0,47.8,10,200,112,0.30684931506849317,0.945161670235546,OTM
2023-08-25,2023-12-15,CALL,4413.905,4675.0,46.1,46.5,46.3,4,154,112,0.30684931506849317,0.9441508021390373,OTM
2023-08-25,2023-12-15,CALL,4413.905,4680.0,44.6,45.0,44.8,7,64,112,0.30684931506849317,0.9431420940170939,OTM
2023-08-25,2023-12-15,CALL,4413.905,4700.0,39.1,39.5,39.3,9,92,112,0.30684931506849317,0.9391287234042552,OTM
2023-08-25,2023-12-15,CALL,4413.905,4730.0,31.7,32.1,31.9,4,151,112,0.30684931506849317,0.9331723044397462,OTM
2023-08-25,2023-12-15,CALL,4413.905,4740.0,29.5,29.9,29.7,30,239,112,0.30684931506849317,0.9312035864978903,OTM
2023-08-25,2023-12-15,CALL,4413.905,4750.0,27.4,27.9,27.65,9,65,112,0.30684931506849317,0.9292431578947368,OTM
2023-08-25,2023-12-15,CALL,4413.905,4760.0,25.5,25.9,25.7,1,119,112,0.30684931506849317,0.9272909663865546,OTM
2023-08-25,2023-12-15,CALL,4413.905,4790.0,20.4,20.8,20.6,1,41,112,0.30684931506849317,0.9214832985386221,OTM
2023-08-25,2023-12-15,CALL,4413.905,4800.0,18.9,19.2,19.049999999999997,43,597,112,0.30684931506849317,0.9195635416666667,OTM
2023-08-25,2023-12-15,CALL,4413.905,4825.0,15.5,15.9,15.7,3,194,112,0.30684931506849317,0.9147989637305699,OTM
